{"type": "FeatureCollection", "name": "candidate_proposals_173-buyeo-labels", "crs": {"type": "name", "properties": {"name": "urn:ogc:def:crs:EPSG::5132"}}, "features": [{"type": "Feature", "properties": {"proposal_id": "visible-line-1", "tile_id": "173-buyeo-labels", "sheet_id": "173-buyeo", "split": "development", "proposal_kind": "visible_linework_review_only", "backend": "grayscale_ridge_v1_skeleton_v1", "pixel_length": 32.385, "point_count": 3, "confidence": 0.7199, "review_status": "unreviewed"}, "geometry": {"type": "LineString", "coordinates": [[126.83537261010892, 36.2732424199268], [126.83579810460198, 36.272665111964095], [126.83598721326555, 36.27220326559393]]}}, {"type": "Feature", "properties": {"proposal_id": "visible-line-2", "tile_id": "173-buyeo-labels", "sheet_id": "173-buyeo", "split": "development", "proposal_kind": "visible_linework_review_only", "backend": "grayscale_ridge_v1_skeleton_v1", "pixel_length": 50.799, "point_count": 4, "confidence": 0.6989, "review_status": "unreviewed"}, "geometry": {"type": "LineString", "coordinates": [[126.83537261010892, 36.27281906075415], [126.83570355027018, 36.272241752791444], [126.83570355027018, 36.27181839361879], [126.83537261010892, 36.27108713686602]]}}, {"type": "Feature", "properties": {"proposal_id": "visible-line-3", "tile_id": "173-buyeo-labels", "sheet_id": "173-buyeo", "split": "development", "proposal_kind": "visible_linework_review_only", "backend": "grayscale_ridge_v1_skeleton_v1", "pixel_length": 19.728, "point_count": 2, "confidence": 0.722, "review_status": "unreviewed"}, "geometry": {"type": "LineString", "coordinates": [[126.83537261010892, 36.2707407520884], [126.83579810460198, 36.27135654724862]]}}, {"type": "Feature", "properties": {"proposal_id": "visible-line-4", "tile_id": "173-buyeo-labels", "sheet_id": "173-buyeo", "split": "development", "proposal_kind": "visible_linework_review_only", "backend": "grayscale_ridge_v1_skeleton_v1", "pixel_length": 29.243, "point_count": 4, "confidence": 0.6899, "review_status": "unreviewed"}, "geometry": {"type": "LineString", "coordinates": [[126.83541988727482, 36.28074742344201], [126.83541988727482, 36.280285577071844], [126.8355144416066, 36.28009314108427], [126.8355617187725, 36.27966978191162]]}}, {"type": "Feature", "properties": {"proposal_id": "visible-line-5", "tile_id": "173-buyeo-labels", "sheet_id": "173-buyeo", "split": "development", "proposal_kind": "visible_linework_review_only", "backend": "grayscale_ridge_v1_skeleton_v1", "pixel_length": 41.657, "point_count": 7, "confidence": 0.6653, "review_status": "unreviewed"}, "geometry": {"type": "LineString", "coordinates": [[126.83541988727482, 36.27805331961604], [126.83546716444071, 36.27809180681355], [126.83546716444071, 36.27828424280112], [126.8355617187725, 36.27847667878869], [126.8355617187725, 36.2787845763688], [126.8356089959384, 36.278823063566314], [126.8356089959384, 36.27959280751659]]}}, {"type": "Feature", "properties": {"proposal_id": "visible-line-6", "tile_id": "173-buyeo-labels", "sheet_id": "173-buyeo", "split": "development", "proposal_kind": "visible_linework_review_only", "backend": "grayscale_ridge_v1_skeleton_v1", "pixel_length": 60.255, "point_count": 4, "confidence": 0.742, "review_status": "unreviewed"}, "geometry": {"type": "LineString", "coordinates": [[126.83541988727482, 36.27374275349448], [126.83603449043144, 36.2732424199268], [126.8365072620904, 36.27247267597652], [126.83707458808112, 36.27204931680387]]}}, {"type": "Feature", "properties": {"proposal_id": "visible-line-7", "tile_id": "173-buyeo-labels", "sheet_id": "173-buyeo", "split": "development", "proposal_kind": "visible_linework_review_only", "backend": "grayscale_ridge_v1_skeleton_v1", "pixel_length": 30.657, "point_count": 2, "confidence": 0.6352, "review_status": "unreviewed"}, "geometry": {"type": "LineString", "coordinates": [[126.8355617187725, 36.281170782614666], [126.83575082743609, 36.28005465388676]]}}, {"type": "Feature", "properties": {"proposal_id": "visible-line-8", "tile_id": "173-buyeo-labels", "sheet_id": "173-buyeo", "split": "development", "proposal_kind": "visible_linework_review_only", "backend": "grayscale_ridge_v1_skeleton_v1", "pixel_length": 20.0, "point_count": 2, "confidence": 0.6904, "review_status": "unreviewed"}, "geometry": {"type": "LineString", "coordinates": [[126.83565627310429, 36.284519168798376], [126.83565627310429, 36.2837494248481]]}}, {"type": "Feature", "properties": {"proposal_id": "visible-line-9", "tile_id": "173-buyeo-labels", "sheet_id": "173-buyeo", "split": "development", "proposal_kind": "visible_linework_review_only", "backend": "grayscale_ridge_v1_skeleton_v1", "pixel_length": 20.485, "point_count": 4, "confidence": 0.6879, "review_status": "unreviewed"}, "geometry": {"type": "LineString", "coordinates": [[126.83565627310429, 36.284519168798376], [126.83570355027018, 36.28455765599588], [126.83570355027018, 36.284750091983454], [126.83593993609966, 36.28521193835362]]}}, {"type": "Feature", "properties": {"proposal_id": "visible-line-10", "tile_id": "173-buyeo-labels", "sheet_id": "173-buyeo", "split": "development", "proposal_kind": "visible_linework_review_only", "backend": "grayscale_ridge_v1_skeleton_v1", "pixel_length": 18.071, "point_count": 4, "confidence": 0.7405, "review_status": "unreviewed"}, "geometry": {"type": "LineString", "coordinates": [[126.83565627310429, 36.26412095411601], [126.83603449043144, 36.26404397972098], [126.83622359909502, 36.26392851812844], [126.8364127077586, 36.26392851812844]]}}, {"type": "Feature", "properties": {"proposal_id": "visible-line-11", "tile_id": "173-buyeo-labels", "sheet_id": "173-buyeo", "split": "development", "proposal_kind": "visible_linework_review_only", "backend": "grayscale_ridge_v1_skeleton_v1", "pixel_length": 33.657, "point_count": 5, "confidence": 0.6882, "review_status": "unreviewed"}, "geometry": {"type": "LineString", "coordinates": [[126.83570355027018, 36.27813029401106], [126.83575082743609, 36.27816878120858], [126.83584538176787, 36.2787845763688], [126.83589265893376, 36.278823063566314], [126.83589265893376, 36.27936188433151]]}}, {"type": "Feature", "properties": {"proposal_id": "visible-line-12", "tile_id": "173-buyeo-labels", "sheet_id": "173-buyeo", "split": "development", "proposal_kind": "visible_linework_review_only", "backend": "grayscale_ridge_v1_skeleton_v1", "pixel_length": 23.899, "point_count": 4, "confidence": 0.7207, "review_status": "unreviewed"}, "geometry": {"type": "LineString", "coordinates": [[126.83612904476324, 36.28575075911882], [126.8364127077586, 36.28563529752628], [126.83679092508575, 36.28563529752628], [126.83712186524701, 36.285789246316334]]}}, {"type": "Feature", "properties": {"proposal_id": "visible-line-13", "tile_id": "173-buyeo-labels", "sheet_id": "173-buyeo", "split": "development", "proposal_kind": "visible_linework_review_only", "backend": "grayscale_ridge_v1_skeleton_v1", "pixel_length": 62.284, "point_count": 11, "confidence": 0.7276, "review_status": "unreviewed"}, "geometry": {"type": "LineString", "coordinates": [[126.83617632192913, 36.2912544283633], [126.83631815342682, 36.291177453968274], [126.83716914241292, 36.29121594116579], [126.83721641957881, 36.2912544283633], [126.83740552824239, 36.29121594116579], [126.83773646840365, 36.2909850179807], [126.83783102273543, 36.29075409479562], [126.838020131399, 36.29052317161054], [126.838020131399, 36.290407710017995], [126.83816196289669, 36.290253761227945], [126.83816196289669, 36.290176786832916]]}}, {"type": "Feature", "properties": {"proposal_id": "visible-line-14", "tile_id": "173-buyeo-labels", "sheet_id": "173-buyeo", "split": "development", "proposal_kind": "visible_linework_review_only", "backend": "grayscale_ridge_v1_skeleton_v1", "pixel_length": 19.657, "point_count": 3, "confidence": 0.7416, "review_status": "unreviewed"}, "geometry": {"type": "LineString", "coordinates": [[126.83622359909502, 36.289907376450316], [126.83664909358808, 36.28994586364783], [126.83707458808112, 36.28983040205529]]}}, {"type": "Feature", "properties": {"proposal_id": "visible-line-15", "tile_id": "173-buyeo-labels", "sheet_id": "173-buyeo", "split": "development", "proposal_kind": "visible_linework_review_only", "backend": "grayscale_ridge_v1_skeleton_v1", "pixel_length": 27.142, "point_count": 9, "confidence": 0.6747, "review_status": "unreviewed"}, "geometry": {"type": "LineString", "coordinates": [[126.83631815342682, 36.28151716739229], [126.8364127077586, 36.28144019299726], [126.8364599849245, 36.28147868019477], [126.83664909358808, 36.28147868019477], [126.83679092508575, 36.2815556545898], [126.83683820225166, 36.28170960337986], [126.83698003374933, 36.2818250649724], [126.83698003374933, 36.28194052656494], [126.83712186524701, 36.28197901376245]]}}, {"type": "Feature", "properties": {"proposal_id": "visible-line-16", "tile_id": "173-buyeo-labels", "sheet_id": "173-buyeo", "split": "development", "proposal_kind": "visible_linework_review_only", "backend": "grayscale_ridge_v1_skeleton_v1", "pixel_length": 44.87, "point_count": 38, "confidence": 0.6994, "review_status": "unreviewed"}, "geometry": {"type": "LineString", "coordinates": [[126.83674364791986, 36.26373608214087], [126.83674364791986, 36.26369759494336], [126.83679092508575, 36.263659107745845], [126.83679092508575, 36.26362062054833], [126.83679092508575, 36.263582133350816], [126.83683820225166, 36.2635436461533], [126.83688547941755, 36.26350515895579], [126.83693275658344, 36.26346667175827], [126.83698003374933, 36.26342818456076], [126.83702731091523, 36.26342818456076], [126.83707458808112, 36.26342818456076], [126.83712186524701, 36.26342818456076], [126.83716914241292, 36.26342818456076], [126.83721641957881, 36.26342818456076], [126.8372636967447, 36.26346667175827], [126.83731097391059, 36.26350515895579], [126.8373582510765, 36.2635436461533], [126.83740552824239, 36.263582133350816], [126.83740552824239, 36.26362062054833], [126.83740552824239, 36.263659107745845], [126.83740552824239, 36.26369759494336], [126.83740552824239, 36.26373608214087], [126.83740552824239, 36.26377456933839], [126.8373582510765, 36.2638130565359], [126.83731097391059, 36.26385154373341], [126.8372636967447, 36.263890030930924], [126.83721641957881, 36.26392851812844], [126.83716914241292, 36.26392851812844], [126.83712186524701, 36.26396700532595], [126.83707458808112, 36.26396700532595], [126.83702731091523, 36.26396700532595], [126.83698003374933, 36.26392851812844], [126.83693275658344, 36.263890030930924], [126.83688547941755, 36.263890030930924], [126.83683820225166, 36.26385154373341], [126.83683820225166, 36.2638130565359], [126.83679092508575, 36.26377456933839], [126.83674364791986, 36.26373608214087]]}}, {"type": "Feature", "properties": {"proposal_id": "visible-line-17", "tile_id": "173-buyeo-labels", "sheet_id": "173-buyeo", "split": "development", "proposal_kind": "visible_linework_review_only", "backend": "grayscale_ridge_v1_skeleton_v1", "pixel_length": 20.657, "point_count": 5, "confidence": 0.7051, "review_status": "unreviewed"}, "geometry": {"type": "LineString", "coordinates": [[126.83679092508575, 36.269316725780385], [126.83688547941755, 36.26947067457044], [126.83688547941755, 36.26993252094061], [126.83693275658344, 36.26997100813812], [126.83688547941755, 36.27004798253315]]}}, {"type": "Feature", "properties": {"proposal_id": "visible-line-18", "tile_id": "173-buyeo-labels", "sheet_id": "173-buyeo", "split": "development", "proposal_kind": "visible_linework_review_only", "backend": "grayscale_ridge_v1_skeleton_v1", "pixel_length": 22.485, "point_count": 4, "confidence": 0.6855, "review_status": "unreviewed"}, "geometry": {"type": "LineString", "coordinates": [[126.83688547941755, 36.27174141922376], [126.83721641957881, 36.2718568808163], [126.83754735974007, 36.2718568808163], [126.83783102273543, 36.27174141922376]]}}, {"type": "Feature", "properties": {"proposal_id": "visible-line-19", "tile_id": "173-buyeo-labels", "sheet_id": "173-buyeo", "split": "development", "proposal_kind": "visible_linework_review_only", "backend": "grayscale_ridge_v1_skeleton_v1", "pixel_length": 23.485, "point_count": 6, "confidence": 0.7004, "review_status": "unreviewed"}, "geometry": {"type": "LineString", "coordinates": [[126.83688547941755, 36.26766177628729], [126.83702731091523, 36.26758480189226], [126.83721641957881, 36.26758480189226], [126.8372636967447, 36.26754631469475], [126.83764191407185, 36.26754631469475], [126.83787829990133, 36.26766177628729]]}}, {"type": "Feature", "properties": {"proposal_id": "visible-line-20", "tile_id": "173-buyeo-labels", "sheet_id": "173-buyeo", "split": "development", "proposal_kind": "visible_linework_review_only", "backend": "grayscale_ridge_v1_skeleton_v1", "pixel_length": 22.071, "point_count": 4, "confidence": 0.6904, "review_status": "unreviewed"}, "geometry": {"type": "LineString", "coordinates": [[126.83759463690596, 36.29795120073072], [126.83792557706722, 36.29802817512575], [126.83820924006258, 36.29802817512575], [126.83854018022384, 36.29791271353321]]}}, {"type": "Feature", "properties": {"proposal_id": "visible-line-21", "tile_id": "173-buyeo-labels", "sheet_id": "173-buyeo", "split": "development", "proposal_kind": "visible_linework_review_only", "backend": "grayscale_ridge_v1_skeleton_v1", "pixel_length": 20.071, "point_count": 4, "confidence": 0.7176, "review_status": "unreviewed"}, "geometry": {"type": "LineString", "coordinates": [[126.83759463690596, 36.294025506584305], [126.83778374556954, 36.293948532189276], [126.8381146857308, 36.293948532189276], [126.83844562589206, 36.29406399378182]]}}, {"type": "Feature", "properties": {"proposal_id": "visible-line-22", "tile_id": "173-buyeo-labels", "sheet_id": "173-buyeo", "split": "development", "proposal_kind": "visible_linework_review_only", "backend": "grayscale_ridge_v1_skeleton_v1", "pixel_length": 19.414, "point_count": 3, "confidence": 0.7786, "review_status": "unreviewed"}, "geometry": {"type": "LineString", "coordinates": [[126.83773646840365, 36.26927823858287], [126.83778374556954, 36.269316725780385], [126.83778374556954, 36.270009495335636]]}}, {"type": "Feature", "properties": {"proposal_id": "visible-line-23", "tile_id": "173-buyeo-labels", "sheet_id": "173-buyeo", "split": "development", "proposal_kind": "visible_linework_review_only", "backend": "grayscale_ridge_v1_skeleton_v1", "pixel_length": 190.593, "point_count": 13, "confidence": 0.7143, "review_status": "unreviewed"}, "geometry": {"type": "LineString", "coordinates": [[126.83787829990133, 36.289560991672694], [126.83839834872617, 36.29021527403043], [126.83877656605333, 36.290600146005566], [126.83882384321922, 36.29071560759811], [126.83953300070763, 36.29148535154839], [126.84014760386425, 36.29183173632601], [126.84128225584573, 36.29217812110364], [126.8415186416752, 36.292293582696175], [126.84184958183646, 36.292562993078775], [126.84279512515434, 36.29356366021414], [126.8431733424815, 36.29410248097933], [126.84340972831097, 36.29433340416441], [126.84350428264275, 36.294525840151984]]}}, {"type": "Feature", "properties": {"proposal_id": "visible-line-24", "tile_id": "173-buyeo-labels", "sheet_id": "173-buyeo", "split": "development", "proposal_kind": "visible_linework_review_only", "backend": "grayscale_ridge_v1_skeleton_v1", "pixel_length": 23.071, "point_count": 9, "confidence": 0.6918, "review_status": "unreviewed"}, "geometry": {"type": "LineString", "coordinates": [[126.83792557706722, 36.296411712830164], [126.83792557706722, 36.29625776404011], [126.83797285423312, 36.29621927684259], [126.83797285423312, 36.29598835365751], [126.83792557706722, 36.29594986646], [126.83797285423312, 36.295911379262485], [126.83797285423312, 36.29571894327491], [126.83792557706722, 36.295641968879885], [126.83797285423312, 36.29560348168237]]}}, {"type": "Feature", "properties": {"proposal_id": "visible-line-25", "tile_id": "173-buyeo-labels", "sheet_id": "173-buyeo", "split": "development", "proposal_kind": "visible_linework_review_only", "backend": "grayscale_ridge_v1_skeleton_v1", "pixel_length": 160.794, "point_count": 13, "confidence": 0.7374, "review_status": "unreviewed"}, "geometry": {"type": "LineString", "coordinates": [[126.83797285423312, 36.28925309409258], [126.83816196289669, 36.289560991672694], [126.83835107156027, 36.289714940462744], [126.83839834872617, 36.28983040205529], [126.83958027787352, 36.291177453968274], [126.84000577236658, 36.2915238387459], [126.84118770151393, 36.29194719791855], [126.84128225584573, 36.29194719791855], [126.84175502750468, 36.29217812110364], [126.84246418499309, 36.292832403461375], [126.84251146215898, 36.29294786505391], [126.84274784798845, 36.29314030104148], [126.84288967948613, 36.293332737029054]]}}, {"type": "Feature", "properties": {"proposal_id": "visible-line-26", "tile_id": "173-buyeo-labels", "sheet_id": "173-buyeo", "split": "development", "proposal_kind": "visible_linework_review_only", "backend": "grayscale_ridge_v1_skeleton_v1", "pixel_length": 42.042, "point_count": 36, "confidence": 0.7401, "review_status": "unreviewed"}, "geometry": {"type": "LineString", "coordinates": [[126.83844562589206, 36.2934481986216], [126.83844562589206, 36.29340971142408], [126.83844562589206, 36.29337122422657], [126.83849290305795, 36.293332737029054], [126.83849290305795, 36.29329424983154], [126.83854018022384, 36.293255762634026], [126.83858745738975, 36.29321727543651], [126.83863473455564, 36.29321727543651], [126.83868201172153, 36.29321727543651], [126.83872928888742, 36.293178788239], [126.83877656605333, 36.293178788239], [126.83882384321922, 36.293178788239], [126.83887112038511, 36.29321727543651], [126.838918397551, 36.29321727543651], [126.8389656747169, 36.293255762634026], [126.8390129518828, 36.29329424983154], [126.83906022904868, 36.293332737029054], [126.83906022904868, 36.29337122422657], [126.83906022904868, 36.29340971142408], [126.83906022904868, 36.2934481986216], [126.83906022904868, 36.29348668581911], [126.83906022904868, 36.293525173016626], [126.8390129518828, 36.29356366021414], [126.8389656747169, 36.29360214741165], [126.838918397551, 36.29364063460916], [126.83887112038511, 36.293679121806676], [126.83882384321922, 36.293679121806676], [126.83877656605333, 36.293679121806676], [126.83872928888742, 36.293679121806676], [126.83868201172153, 36.293679121806676], [126.83863473455564, 36.29364063460916], [126.83858745738975, 36.29360214741165], [126.83854018022384, 36.29356366021414], [126.83849290305795, 36.293525173016626], [126.83849290305795, 36.29348668581911], [126.83844562589206, 36.2934481986216]]}}, {"type": "Feature", "properties": {"proposal_id": "visible-line-27", "tile_id": "173-buyeo-labels", "sheet_id": "173-buyeo", "split": "development", "proposal_kind": "visible_linework_review_only", "backend": "grayscale_ridge_v1_skeleton_v1", "pixel_length": 109.64, "point_count": 18, "confidence": 0.7511, "review_status": "unreviewed"}, "geometry": {"type": "LineString", "coordinates": [[126.83849290305795, 36.26800816106491], [126.83858745738975, 36.26800816106491], [126.83887112038511, 36.26823908425], [126.83934389204406, 36.26835454584254], [126.839816663703, 36.268623956225134], [126.84005304953247, 36.26866244342265], [126.84033671252783, 36.26877790501519], [126.84043126685962, 36.268893366607735], [126.84043126685962, 36.26920126418784], [126.84052582119142, 36.269316725780385], [126.84052582119142, 36.26950916176796], [126.8406203755232, 36.2696246233605], [126.84080948418678, 36.26977857215055], [126.84095131568446, 36.269817059348064], [126.84137681017751, 36.27016344412569], [126.8415186416752, 36.27020193132321], [126.84175502750468, 36.27039436731077], [126.84180230467057, 36.27054831610083]]}}, {"type": "Feature", "properties": {"proposal_id": "visible-line-28", "tile_id": "173-buyeo-labels", "sheet_id": "173-buyeo", "split": "development", "proposal_kind": "visible_linework_review_only", "backend": "grayscale_ridge_v1_skeleton_v1", "pixel_length": 33.213, "point_count": 5, "confidence": 0.6952, "review_status": "unreviewed"}, "geometry": {"type": "LineString", "coordinates": [[126.83858745738975, 36.26920126418784], [126.83924933771226, 36.26947067457044], [126.83934389204406, 36.26954764896547], [126.83943844637584, 36.26954764896547], [126.8398639408689, 36.26977857215055]]}}, {"type": "Feature", "properties": {"proposal_id": "visible-line-29", "tile_id": "173-buyeo-labels", "sheet_id": "173-buyeo", "split": "development", "proposal_kind": "visible_linework_review_only", "backend": "grayscale_ridge_v1_skeleton_v1", "pixel_length": 76.598, "point_count": 9, "confidence": 0.7747, "review_status": "unreviewed"}, "geometry": {"type": "LineString", "coordinates": [[126.83863473455564, 36.28983040205529], [126.83868201172153, 36.28979191485777], [126.838918397551, 36.28979191485777], [126.83934389204406, 36.28994586364783], [126.83967483220532, 36.2898688892528], [126.83995849520068, 36.2898688892528], [126.84043126685962, 36.29006132524037], [126.84080948418678, 36.29009981243789], [126.84161319600699, 36.29075409479562]]}}, {"type": "Feature", "properties": {"proposal_id": "visible-line-30", "tile_id": "173-buyeo-labels", "sheet_id": "173-buyeo", "split": "development", "proposal_kind": "visible_linework_review_only", "backend": "grayscale_ridge_v1_skeleton_v1", "pixel_length": 25.728, "point_count": 4, "confidence": 0.7676, "review_status": "unreviewed"}, "geometry": {"type": "LineString", "coordinates": [[126.83887112038511, 36.28232539854008], [126.83910750621459, 36.282094475354995], [126.83910750621459, 36.28174809057737], [126.838918397551, 36.28147868019477]]}}, {"type": "Feature", "properties": {"proposal_id": "visible-line-31", "tile_id": "173-buyeo-labels", "sheet_id": "173-buyeo", "split": "development", "proposal_kind": "visible_linework_review_only", "backend": "grayscale_ridge_v1_skeleton_v1", "pixel_length": 54.971, "point_count": 5, "confidence": 0.7376, "review_status": "unreviewed"}, "geometry": {"type": "LineString", "coordinates": [[126.83887112038511, 36.271472008841165], [126.83939116920995, 36.271202598458565], [126.84080948418678, 36.27124108565608], [126.84114042434804, 36.27108713686602], [126.84123497867984, 36.27108713686602]]}}, {"type": "Feature", "properties": {"proposal_id": "visible-line-32", "tile_id": "173-buyeo-labels", "sheet_id": "173-buyeo", "split": "development", "proposal_kind": "visible_linework_review_only", "backend": "grayscale_ridge_v1_skeleton_v1", "pixel_length": 36.314, "point_count": 9, "confidence": 0.6815, "review_status": "unreviewed"}, "geometry": {"type": "LineString", "coordinates": [[126.83906022904868, 36.27966978191162], [126.83943844637584, 36.27959280751659], [126.83967483220532, 36.27959280751659], [126.83972210937121, 36.27955432031908], [126.83995849520068, 36.27955432031908], [126.84005304953247, 36.27947734592405], [126.84005304953247, 36.27924642273897], [126.84014760386425, 36.27916944834394], [126.84033671252783, 36.27913096114643]]}}, {"type": "Feature", "properties": {"proposal_id": "visible-line-33", "tile_id": "173-buyeo-labels", "sheet_id": "173-buyeo", "split": "development", "proposal_kind": "visible_linework_review_only", "backend": "grayscale_ridge_v1_skeleton_v1", "pixel_length": 35.314, "point_count": 6, "confidence": 0.6437, "review_status": "unreviewed"}, "geometry": {"type": "LineString", "coordinates": [[126.839816663703, 36.27982373070168], [126.83995849520068, 36.27974675630665], [126.84019488103016, 36.27974675630665], [126.84033671252783, 36.27993919229422], [126.84033671252783, 36.28036255146687], [126.84019488103016, 36.28067044904698]]}}, {"type": "Feature", "properties": {"proposal_id": "visible-line-34", "tile_id": "173-buyeo-labels", "sheet_id": "173-buyeo", "split": "development", "proposal_kind": "visible_linework_review_only", "backend": "grayscale_ridge_v1_skeleton_v1", "pixel_length": 31.042, "point_count": 3, "confidence": 0.7282, "review_status": "unreviewed"}, "geometry": {"type": "LineString", "coordinates": [[126.83995849520068, 36.26985554654558], [126.84019488103016, 36.26993252094061], [126.84109314718215, 36.270509828903315]]}}, {"type": "Feature", "properties": {"proposal_id": "visible-line-35", "tile_id": "173-buyeo-labels", "sheet_id": "173-buyeo", "split": "development", "proposal_kind": "visible_linework_review_only", "backend": "grayscale_ridge_v1_skeleton_v1", "pixel_length": 52.598, "point_count": 4, "confidence": 0.7095, "review_status": "unreviewed"}, "geometry": {"type": "LineString", "coordinates": [[126.84005304953247, 36.295564994484856], [126.84104587001626, 36.29606532805254], [126.84166047317288, 36.29652717442271], [126.84199141333414, 36.29664263601525]]}}, {"type": "Feature", "properties": {"proposal_id": "visible-line-36", "tile_id": "173-buyeo-labels", "sheet_id": "173-buyeo", "split": "development", "proposal_kind": "visible_linework_review_only", "backend": "grayscale_ridge_v1_skeleton_v1", "pixel_length": 19.899, "point_count": 5, "confidence": 0.6026, "review_status": "unreviewed"}, "geometry": {"type": "LineString", "coordinates": [[126.84033671252783, 36.28925309409258], [126.8406203755232, 36.28913763250004], [126.84085676135267, 36.28909914530252], [126.84104587001626, 36.289214606895065], [126.84104587001626, 36.289291581290094]]}}, {"type": "Feature", "properties": {"proposal_id": "visible-line-37", "tile_id": "173-buyeo-labels", "sheet_id": "173-buyeo", "split": "development", "proposal_kind": "visible_linework_review_only", "backend": "grayscale_ridge_v1_skeleton_v1", "pixel_length": 27.899, "point_count": 4, "confidence": 0.7819, "review_status": "unreviewed"}, "geometry": {"type": "LineString", "coordinates": [[126.84038398969373, 36.28436522000832], [126.84114042434804, 36.28436522000832], [126.84137681017751, 36.28417278402075], [126.84156591884108, 36.28409580962572]]}}, {"type": "Feature", "properties": {"proposal_id": "visible-line-38", "tile_id": "173-buyeo-labels", "sheet_id": "173-buyeo", "split": "development", "proposal_kind": "visible_linework_review_only", "backend": "grayscale_ridge_v1_skeleton_v1", "pixel_length": 19.243, "point_count": 5, "confidence": 0.7077, "review_status": "unreviewed"}, "geometry": {"type": "LineString", "coordinates": [[126.84047854402552, 36.26119592710496], [126.84057309835731, 36.26123441430247], [126.84099859285035, 36.26123441430247], [126.84104587001626, 36.26127290149998], [126.84099859285035, 36.261503824685065]]}}, {"type": "Feature", "properties": {"proposal_id": "visible-line-39", "tile_id": "173-buyeo-labels", "sheet_id": "173-buyeo", "split": "development", "proposal_kind": "visible_linework_review_only", "backend": "grayscale_ridge_v1_skeleton_v1", "pixel_length": 46.899, "point_count": 6, "confidence": 0.7095, "review_status": "unreviewed"}, "geometry": {"type": "LineString", "coordinates": [[126.84137681017751, 36.270702264890886], [126.84156591884108, 36.27085621368094], [126.84184958183646, 36.27093318807597], [126.8431733424815, 36.27093318807597], [126.8432206196474, 36.27097167527348], [126.84345700547686, 36.27097167527348]]}}, {"type": "Feature", "properties": {"proposal_id": "visible-line-40", "tile_id": "173-buyeo-labels", "sheet_id": "173-buyeo", "split": "development", "proposal_kind": "visible_linework_review_only", "backend": "grayscale_ridge_v1_skeleton_v1", "pixel_length": 22.971, "point_count": 5, "confidence": 0.7086, "review_status": "unreviewed"}, "geometry": {"type": "LineString", "coordinates": [[126.84142408734341, 36.28702083663678], [126.84161319600699, 36.28717478542683], [126.84175502750468, 36.28721327262434], [126.84199141333414, 36.28713629822931], [126.8422750763295, 36.28694386224175]]}}, {"type": "Feature", "properties": {"proposal_id": "visible-line-41", "tile_id": "173-buyeo-labels", "sheet_id": "173-buyeo", "split": "development", "proposal_kind": "visible_linework_review_only", "backend": "grayscale_ridge_v1_skeleton_v1", "pixel_length": 156.024, "point_count": 14, "confidence": 0.7396, "review_status": "unreviewed"}, "geometry": {"type": "LineString", "coordinates": [[126.84166047317288, 36.29079258199314], [126.84208596766592, 36.29113896677076], [126.84255873932487, 36.29129291556082], [126.8431260653156, 36.29167778753595], [126.84350428264275, 36.29183173632601], [126.84383522280402, 36.291870223523524], [126.84426071729708, 36.29202417231358], [126.8448753204537, 36.29202417231358], [126.84525353778085, 36.29217812110364], [126.84539536927853, 36.29233206989369], [126.84596269526926, 36.29244753148623], [126.84714462441663, 36.292909377856404], [126.84757011890967, 36.29294786505391], [126.84780650473915, 36.29310181384397]]}}, {"type": "Feature", "properties": {"proposal_id": "visible-line-42", "tile_id": "173-buyeo-labels", "sheet_id": "173-buyeo", "split": "development", "proposal_kind": "visible_linework_review_only", "backend": "grayscale_ridge_v1_skeleton_v1", "pixel_length": 107.527, "point_count": 13, "confidence": 0.7205, "review_status": "unreviewed"}, "geometry": {"type": "LineString", "coordinates": [[126.84184958183646, 36.27058680329834], [126.84213324483183, 36.27066377769337], [126.84241690782719, 36.27066377769337], [126.84260601649076, 36.27058680329834], [126.84307878814971, 36.27054831610083], [126.84340972831097, 36.27062529049586], [126.84364611414044, 36.2707407520884], [126.84435527162886, 36.270779239285915], [126.8448753204537, 36.27097167527348], [126.84511170628318, 36.27097167527348], [126.84534809211264, 36.27085621368094], [126.84615180393284, 36.27085621368094], [126.8464827440941, 36.270702264890886]]}}, {"type": "Feature", "properties": {"proposal_id": "visible-line-43", "tile_id": "173-buyeo-labels", "sheet_id": "173-buyeo", "split": "development", "proposal_kind": "visible_linework_review_only", "backend": "grayscale_ridge_v1_skeleton_v1", "pixel_length": 26.142, "point_count": 3, "confidence": 0.7221, "review_status": "unreviewed"}, "geometry": {"type": "LineString", "coordinates": [[126.8423223534954, 36.279515833121565], [126.84279512515434, 36.27974675630665], [126.84336245114508, 36.27990070509671]]}}, {"type": "Feature", "properties": {"proposal_id": "visible-line-44", "tile_id": "173-buyeo-labels", "sheet_id": "173-buyeo", "split": "development", "proposal_kind": "visible_linework_review_only", "backend": "grayscale_ridge_v1_skeleton_v1", "pixel_length": 37.728, "point_count": 7, "confidence": 0.6862, "review_status": "unreviewed"}, "geometry": {"type": "LineString", "coordinates": [[126.8423696306613, 36.29675809760779], [126.84251146215898, 36.296835072002814], [126.84265329365667, 36.296835072002814], [126.84303151098382, 36.29695053359536], [126.84355155980866, 36.29695053359536], [126.84359883697455, 36.29698902079287], [126.8439770543017, 36.29695053359536]]}}, {"type": "Feature", "properties": {"proposal_id": "visible-line-45", "tile_id": "173-buyeo-labels", "sheet_id": "173-buyeo", "split": "development", "proposal_kind": "visible_linework_review_only", "backend": "grayscale_ridge_v1_skeleton_v1", "pixel_length": 90.569, "point_count": 14, "confidence": 0.6765, "review_status": "unreviewed"}, "geometry": {"type": "LineString", "coordinates": [[126.84265329365667, 36.282864219305274], [126.84274784798845, 36.282864219305274], [126.8431733424815, 36.28309514249036], [126.84345700547686, 36.28336455287295], [126.84345700547686, 36.283633963255554], [126.84336245114508, 36.28378791204561], [126.84336245114508, 36.28394186083566], [126.84345700547686, 36.28401883523069], [126.84383522280402, 36.28413429682323], [126.84430799446297, 36.28448068160086], [126.84459165745834, 36.28455765599588], [126.84478076612191, 36.284673117588426], [126.84496987478549, 36.28482706637848], [126.84511170628318, 36.28509647676108]]}}, {"type": "Feature", "properties": {"proposal_id": "visible-line-46", "tile_id": "173-buyeo-labels", "sheet_id": "173-buyeo", "split": "development", "proposal_kind": "visible_linework_review_only", "backend": "grayscale_ridge_v1_skeleton_v1", "pixel_length": 23.142, "point_count": 4, "confidence": 0.6837, "review_status": "unreviewed"}, "geometry": {"type": "LineString", "coordinates": [[126.84303151098382, 36.29348668581911], [126.84340972831097, 36.29398701938679], [126.84355155980866, 36.29406399378182], [126.84369339130633, 36.29406399378182]]}}, {"type": "Feature", "properties": {"proposal_id": "visible-line-47", "tile_id": "173-buyeo-labels", "sheet_id": "173-buyeo", "split": "development", "proposal_kind": "visible_linework_review_only", "backend": "grayscale_ridge_v1_skeleton_v1", "pixel_length": 89.083, "point_count": 7, "confidence": 0.7312, "review_status": "unreviewed"}, "geometry": {"type": "LineString", "coordinates": [[126.84359883697455, 36.29467978894204], [126.84454438029243, 36.29614230244757], [126.84501715195138, 36.29675809760779], [126.84496987478549, 36.29691204639784], [126.84430799446297, 36.29695053359536], [126.84426071729708, 36.29698902079287], [126.84416616296528, 36.29695053359536]]}}, {"type": "Feature", "properties": {"proposal_id": "visible-line-48", "tile_id": "173-buyeo-labels", "sheet_id": "173-buyeo", "split": "development", "proposal_kind": "visible_linework_review_only", "backend": "grayscale_ridge_v1_skeleton_v1", "pixel_length": 28.314, "point_count": 4, "confidence": 0.6347, "review_status": "unreviewed"}, "geometry": {"type": "LineString", "coordinates": [[126.84364611414044, 36.28752117020446], [126.84388249996992, 36.28779058058705], [126.8440243314676, 36.28805999096965], [126.8440243314676, 36.2884833501423]]}}, {"type": "Feature", "properties": {"proposal_id": "visible-line-49", "tile_id": "173-buyeo-labels", "sheet_id": "173-buyeo", "split": "development", "proposal_kind": "visible_linework_review_only", "backend": "grayscale_ridge_v1_skeleton_v1", "pixel_length": 67.569, "point_count": 4, "confidence": 0.7341, "review_status": "unreviewed"}, "geometry": {"type": "LineString", "coordinates": [[126.84364611414044, 36.261927183857715], [126.84378794563813, 36.26204264545026], [126.8448753204537, 36.26258146621545], [126.84605724960106, 36.26346667175827]]}}, {"type": "Feature", "properties": {"proposal_id": "visible-line-50", "tile_id": "173-buyeo-labels", "sheet_id": "173-buyeo", "split": "development", "proposal_kind": "visible_linework_review_only", "backend": "grayscale_ridge_v1_skeleton_v1", "pixel_length": 28.385, "point_count": 2, "confidence": 0.6572, "review_status": "unreviewed"}, "geometry": {"type": "LineString", "coordinates": [[126.84378794563813, 36.294525840151984], [126.84440254879476, 36.295411045694806]]}}, {"type": "Feature", "properties": {"proposal_id": "visible-line-51", "tile_id": "173-buyeo-labels", "sheet_id": "173-buyeo", "split": "development", "proposal_kind": "visible_linework_review_only", "backend": "grayscale_ridge_v1_skeleton_v1", "pixel_length": 51.142, "point_count": 6, "confidence": 0.6717, "review_status": "unreviewed"}, "geometry": {"type": "LineString", "coordinates": [[126.8439770543017, 36.27108713686602], [126.84492259761959, 36.271279572853594], [126.84539536927853, 36.271279572853594], [126.84544264644443, 36.27131806005111], [126.84582086377159, 36.271279572853594], [126.84619908109875, 36.27116411126105]]}}, {"type": "Feature", "properties": {"proposal_id": "visible-line-52", "tile_id": "173-buyeo-labels", "sheet_id": "173-buyeo", "split": "development", "proposal_kind": "visible_linework_review_only", "backend": "grayscale_ridge_v1_skeleton_v1", "pixel_length": 103.61, "point_count": 9, "confidence": 0.7444, "review_status": "unreviewed"}, "geometry": {"type": "LineString", "coordinates": [[126.8439770543017, 36.26185020946269], [126.84411888579939, 36.26196567105523], [126.84435527162886, 36.26204264545026], [126.84520626061496, 36.26250449182043], [126.84605724960106, 36.263158774178166], [126.84653002126001, 36.263659107745845], [126.84686096142126, 36.26392851812844], [126.84719190158252, 36.26412095411601], [126.84752284174378, 36.26423641570855]]}}, {"type": "Feature", "properties": {"proposal_id": "visible-line-53", "tile_id": "173-buyeo-labels", "sheet_id": "173-buyeo", "split": "development", "proposal_kind": "visible_linework_review_only", "backend": "grayscale_ridge_v1_skeleton_v1", "pixel_length": 52.941, "point_count": 5, "confidence": 0.6856, "review_status": "unreviewed"}, "geometry": {"type": "LineString", "coordinates": [[126.84444982596065, 36.295488020089834], [126.8448753204537, 36.29618078964508], [126.84520626061496, 36.29656566162022], [126.84530081494675, 36.2967965848053], [126.84558447794211, 36.29714296958293]]}}, {"type": "Feature", "properties": {"proposal_id": "visible-line-54", "tile_id": "173-buyeo-labels", "sheet_id": "173-buyeo", "split": "development", "proposal_kind": "visible_linework_review_only", "backend": "grayscale_ridge_v1_skeleton_v1", "pixel_length": 78.669, "point_count": 14, "confidence": 0.7145, "review_status": "unreviewed"}, "geometry": {"type": "LineString", "coordinates": [[126.84496987478549, 36.29714296958293], [126.84501715195138, 36.297104482385414], [126.84520626061496, 36.297104482385414], [126.84544264644443, 36.2973354055705], [126.84544264644443, 36.29741237996553], [126.8456790322739, 36.29768179034812], [126.8457263094398, 36.29783573913818], [126.84582086377159, 36.29791271353321], [126.84605724960106, 36.29833607270586], [126.84605724960106, 36.29841304710089], [126.84615180393284, 36.298490021495915], [126.84638818976232, 36.29887489347105], [126.84638818976232, 36.29895186786608], [126.84671912992359, 36.299413714236245]]}}, {"type": "Feature", "properties": {"proposal_id": "visible-line-55", "tile_id": "173-buyeo-labels", "sheet_id": "173-buyeo", "split": "development", "proposal_kind": "visible_linework_review_only", "backend": "grayscale_ridge_v1_skeleton_v1", "pixel_length": 22.485, "point_count": 4, "confidence": 0.6467, "review_status": "unreviewed"}, "geometry": {"type": "LineString", "coordinates": [[126.84553720077622, 36.280016166689244], [126.84596269526926, 36.27986221789919], [126.84619908109875, 36.27986221789919], [126.8464827440941, 36.279785243504165]]}}, {"type": "Feature", "properties": {"proposal_id": "visible-line-56", "tile_id": "173-buyeo-labels", "sheet_id": "173-buyeo", "split": "development", "proposal_kind": "visible_linework_review_only", "backend": "grayscale_ridge_v1_skeleton_v1", "pixel_length": 23.314, "point_count": 4, "confidence": 0.6661, "review_status": "unreviewed"}, "geometry": {"type": "LineString", "coordinates": [[126.845631755108, 36.287675118994514], [126.845631755108, 36.287328734216885], [126.84591541810337, 36.287097811031806], [126.84615180393284, 36.28702083663678]]}}, {"type": "Feature", "properties": {"proposal_id": "visible-line-57", "tile_id": "173-buyeo-labels", "sheet_id": "173-buyeo", "split": "development", "proposal_kind": "visible_linework_review_only", "backend": "grayscale_ridge_v1_skeleton_v1", "pixel_length": 23.657, "point_count": 5, "confidence": 0.7306, "review_status": "unreviewed"}, "geometry": {"type": "LineString", "coordinates": [[126.84596269526926, 36.26050315754971], [126.84624635826464, 36.26050315754971], [126.84629363543053, 36.26054164474722], [126.84634091259642, 36.261003491117386], [126.84624635826464, 36.26111895270993]]}}, {"type": "Feature", "properties": {"proposal_id": "visible-line-58", "tile_id": "173-buyeo-labels", "sheet_id": "173-buyeo", "split": "development", "proposal_kind": "visible_linework_review_only", "backend": "grayscale_ridge_v1_skeleton_v1", "pixel_length": 19.899, "point_count": 4, "confidence": 0.7007, "review_status": "unreviewed"}, "geometry": {"type": "LineString", "coordinates": [[126.84610452676695, 36.28628957988401], [126.84634091259642, 36.28652050306909], [126.84634091259642, 36.28686688784672], [126.84624635826464, 36.28694386224175]]}}, {"type": "Feature", "properties": {"proposal_id": "visible-line-59", "tile_id": "173-buyeo-labels", "sheet_id": "173-buyeo", "split": "development", "proposal_kind": "visible_linework_review_only", "backend": "grayscale_ridge_v1_skeleton_v1", "pixel_length": 22.799, "point_count": 3, "confidence": 0.7318, "review_status": "unreviewed"}, "geometry": {"type": "LineString", "coordinates": [[126.84610452676695, 36.263582133350816], [126.84667185275768, 36.264082466918495], [126.84686096142126, 36.264159441313524]]}}, {"type": "Feature", "properties": {"proposal_id": "visible-line-60", "tile_id": "173-buyeo-labels", "sheet_id": "173-buyeo", "split": "development", "proposal_kind": "visible_linework_review_only", "backend": "grayscale_ridge_v1_skeleton_v1", "pixel_length": 44.87, "point_count": 3, "confidence": 0.6948, "review_status": "unreviewed"}, "geometry": {"type": "LineString", "coordinates": [[126.84629363543053, 36.298220611113315], [126.84686096142126, 36.29922127824868], [126.84719190158252, 36.29964463742133]]}}, {"type": "Feature", "properties": {"proposal_id": "visible-line-61", "tile_id": "173-buyeo-labels", "sheet_id": "173-buyeo", "split": "development", "proposal_kind": "visible_linework_review_only", "backend": "grayscale_ridge_v1_skeleton_v1", "pixel_length": 29.657, "point_count": 5, "confidence": 0.6568, "review_status": "unreviewed"}, "geometry": {"type": "LineString", "coordinates": [[126.84662457559179, 36.27104864966851], [126.84709734725074, 36.27101016247099], [126.84714462441663, 36.27097167527348], [126.84761739607558, 36.27097167527348], [126.84794833623684, 36.27089470087846]]}}, {"type": "Feature", "properties": {"proposal_id": "visible-line-62", "tile_id": "173-buyeo-labels", "sheet_id": "173-buyeo", "split": "development", "proposal_kind": "visible_linework_review_only", "backend": "grayscale_ridge_v1_skeleton_v1", "pixel_length": 97.698, "point_count": 12, "confidence": 0.7501, "review_status": "unreviewed"}, "geometry": {"type": "LineString", "coordinates": [[126.84709734725074, 36.27062529049586], [126.8473810102461, 36.27058680329834], [126.84757011890967, 36.270509828903315], [126.84775922757326, 36.27035588011326], [126.84804289056862, 36.270278905718236], [126.84846838506168, 36.27031739291574], [126.84851566222757, 36.27035588011326], [126.8490829882183, 36.27035588011326], [126.84941392837956, 36.27024041852072], [126.85021764019976, 36.270278905718236], [126.8507376890246, 36.270086469730664], [126.85130501501534, 36.27012495692818]]}}, {"type": "Feature", "properties": {"proposal_id": "visible-line-63", "tile_id": "173-buyeo-labels", "sheet_id": "173-buyeo", "split": "development", "proposal_kind": "visible_linework_review_only", "backend": "grayscale_ridge_v1_skeleton_v1", "pixel_length": 37.314, "point_count": 8, "confidence": 0.6945, "review_status": "unreviewed"}, "geometry": {"type": "LineString", "coordinates": [[126.84723917874842, 36.27278057355664], [126.8473337330802, 36.27281906075415], [126.84780650473915, 36.27281906075415], [126.84799561340273, 36.272896035149174], [126.84799561340273, 36.27312695833426], [126.8481847220663, 36.2732424199268], [126.8481847220663, 36.273434855914374], [126.84804289056862, 36.2735118303094]]}}, {"type": "Feature", "properties": {"proposal_id": "visible-line-64", "tile_id": "173-buyeo-labels", "sheet_id": "173-buyeo", "split": "development", "proposal_kind": "visible_linework_review_only", "backend": "grayscale_ridge_v1_skeleton_v1", "pixel_length": 21.243, "point_count": 7, "confidence": 0.6902, "review_status": "unreviewed"}, "geometry": {"type": "LineString", "coordinates": [[126.84747556457789, 36.26489069806629], [126.84747556457789, 36.26469826207872], [126.84752284174378, 36.2646597748812], [126.84771195040736, 36.2646597748812], [126.84775922757326, 36.26469826207872], [126.84785378190504, 36.2646597748812], [126.84785378190504, 36.26439036449861]]}}, {"type": "Feature", "properties": {"proposal_id": "visible-line-65", "tile_id": "173-buyeo-labels", "sheet_id": "173-buyeo", "split": "development", "proposal_kind": "visible_linework_review_only", "backend": "grayscale_ridge_v1_skeleton_v1", "pixel_length": 24.728, "point_count": 3, "confidence": 0.7333, "review_status": "unreviewed"}, "geometry": {"type": "LineString", "coordinates": [[126.84804289056862, 36.27089470087846], [126.84865749372526, 36.27062529049586], [126.84903571105241, 36.27054831610083]]}}, {"type": "Feature", "properties": {"proposal_id": "visible-line-66", "tile_id": "173-buyeo-labels", "sheet_id": "173-buyeo", "split": "development", "proposal_kind": "visible_linework_review_only", "backend": "grayscale_ridge_v1_skeleton_v1", "pixel_length": 29.243, "point_count": 5, "confidence": 0.7113, "review_status": "unreviewed"}, "geometry": {"type": "LineString", "coordinates": [[126.8482319992322, 36.29687355920033], [126.84827927639809, 36.29691204639784], [126.84827927639809, 36.29756632875558], [126.84846838506168, 36.29764330315061], [126.84846838506168, 36.29787422633569]]}}, {"type": "Feature", "properties": {"proposal_id": "visible-line-67", "tile_id": "173-buyeo-labels", "sheet_id": "173-buyeo", "split": "development", "proposal_kind": "visible_linework_review_only", "backend": "grayscale_ridge_v1_skeleton_v1", "pixel_length": 34.213, "point_count": 3, "confidence": 0.6887, "review_status": "unreviewed"}, "geometry": {"type": "LineString", "coordinates": [[126.84827927639809, 36.26427490290607], [126.84856293939346, 36.26377456933839], [126.8489884338865, 36.26319726137568]]}}, {"type": "Feature", "properties": {"proposal_id": "visible-line-68", "tile_id": "173-buyeo-labels", "sheet_id": "173-buyeo", "split": "development", "proposal_kind": "visible_linework_review_only", "backend": "grayscale_ridge_v1_skeleton_v1", "pixel_length": 88.77, "point_count": 11, "confidence": 0.7367, "review_status": "unreviewed"}, "geometry": {"type": "LineString", "coordinates": [[126.848326553564, 36.29329424983154], [126.84870477089115, 36.29340971142408], [126.8489884338865, 36.29360214741165], [126.84965031420903, 36.29356366021414], [126.85007580870209, 36.293756096201705], [126.85045402602924, 36.293756096201705], [126.8508322433564, 36.29356366021414], [126.85102135201997, 36.29340971142408], [126.85106862918586, 36.29329424983154], [126.85106862918586, 36.292909377856404], [126.85116318351766, 36.29260148027629]]}}, {"type": "Feature", "properties": {"proposal_id": "visible-line-69", "tile_id": "173-buyeo-labels", "sheet_id": "173-buyeo", "split": "development", "proposal_kind": "visible_linework_review_only", "backend": "grayscale_ridge_v1_skeleton_v1", "pixel_length": 25.485, "point_count": 4, "confidence": 0.7332, "review_status": "unreviewed"}, "geometry": {"type": "LineString", "coordinates": [[126.8489884338865, 36.29544953289232], [126.84927209688188, 36.29533407129978], [126.8498394228726, 36.29533407129978], [126.85007580870209, 36.29544953289232]]}}, {"type": "Feature", "properties": {"proposal_id": "visible-line-70", "tile_id": "173-buyeo-labels", "sheet_id": "173-buyeo", "split": "development", "proposal_kind": "visible_linework_review_only", "backend": "grayscale_ridge_v1_skeleton_v1", "pixel_length": 22.243, "point_count": 5, "confidence": 0.6592, "review_status": "unreviewed"}, "geometry": {"type": "LineString", "coordinates": [[126.8491775425501, 36.28590470790887], [126.8491775425501, 36.28563529752628], [126.84922481971599, 36.28559681032876], [126.8491775425501, 36.2851349639586], [126.84922481971599, 36.28509647676108]]}}, {"type": "Feature", "properties": {"proposal_id": "visible-line-71", "tile_id": "173-buyeo-labels", "sheet_id": "173-buyeo", "split": "development", "proposal_kind": "visible_linework_review_only", "backend": "grayscale_ridge_v1_skeleton_v1", "pixel_length": 19.657, "point_count": 4, "confidence": 0.581, "review_status": "unreviewed"}, "geometry": {"type": "LineString", "coordinates": [[126.84950848271134, 36.27528224139504], [126.84965031420903, 36.27539770298758], [126.84969759137492, 36.27555165177763], [126.84969759137492, 36.27597501095029]]}}, {"type": "Feature", "properties": {"proposal_id": "visible-line-72", "tile_id": "173-buyeo-labels", "sheet_id": "173-buyeo", "split": "development", "proposal_kind": "visible_linework_review_only", "backend": "grayscale_ridge_v1_skeleton_v1", "pixel_length": 21.314, "point_count": 4, "confidence": 0.6638, "review_status": "unreviewed"}, "geometry": {"type": "LineString", "coordinates": [[126.84960303704314, 36.2790539867514], [126.84974486854082, 36.2787845763688], [126.84998125437029, 36.278592140381235], [126.85026491736566, 36.278592140381235]]}}, {"type": "Feature", "properties": {"proposal_id": "visible-line-73", "tile_id": "173-buyeo-labels", "sheet_id": "173-buyeo", "split": "development", "proposal_kind": "visible_linework_review_only", "backend": "grayscale_ridge_v1_skeleton_v1", "pixel_length": 18.657, "point_count": 3, "confidence": 0.6462, "review_status": "unreviewed"}, "geometry": {"type": "LineString", "coordinates": [[126.84969759137492, 36.27639837012294], [126.85002853153618, 36.276436857320455], [126.85050130319513, 36.27632139572791]]}}, {"type": "Feature", "properties": {"proposal_id": "visible-line-74", "tile_id": "173-buyeo-labels", "sheet_id": "173-buyeo", "split": "development", "proposal_kind": "visible_linework_review_only", "backend": "grayscale_ridge_v1_skeleton_v1", "pixel_length": 86.627, "point_count": 12, "confidence": 0.679, "review_status": "unreviewed"}, "geometry": {"type": "LineString", "coordinates": [[126.85012308586798, 36.26516010844888], [126.85031219453155, 36.26516010844888], [126.8507849661905, 36.26531405723894], [126.85097407485408, 36.26531405723894], [126.85121046068355, 36.26539103163397], [126.85225055833322, 36.26550649322651], [126.85248694416269, 36.26558346762154], [126.85272332999217, 36.26558346762154], [126.85277060715806, 36.26562195481905], [126.8532906559829, 36.26566044201657], [126.85347976464648, 36.265737416411596], [126.85390525913952, 36.26577590360911]]}}, {"type": "Feature", "properties": {"proposal_id": "visible-line-75", "tile_id": "173-buyeo-labels", "sheet_id": "173-buyeo", "split": "development", "proposal_kind": "visible_linework_review_only", "backend": "grayscale_ridge_v1_skeleton_v1", "pixel_length": 21.243, "point_count": 3, "confidence": 0.7048, "review_status": "unreviewed"}, "geometry": {"type": "LineString", "coordinates": [[126.85021764019976, 36.27054831610083], [126.8507849661905, 36.27066377769337], [126.85116318351766, 36.27066377769337]]}}, {"type": "Feature", "properties": {"proposal_id": "visible-line-76", "tile_id": "173-buyeo-labels", "sheet_id": "173-buyeo", "split": "development", "proposal_kind": "visible_linework_review_only", "backend": "grayscale_ridge_v1_skeleton_v1", "pixel_length": 74.799, "point_count": 9, "confidence": 0.6988, "review_status": "unreviewed"}, "geometry": {"type": "LineString", "coordinates": [[126.85026491736566, 36.26496767246132], [126.85045402602924, 36.26496767246132], [126.8507849661905, 36.26508313405386], [126.85144684651301, 36.26516010844888], [126.8516832323425, 36.26523708284391], [126.85225055833322, 36.265275570041425], [126.85229783549912, 36.26531405723894], [126.85300699298753, 36.26539103163397], [126.85352704181237, 36.26550649322651]]}}, {"type": "Feature", "properties": {"proposal_id": "visible-line-77", "tile_id": "173-buyeo-labels", "sheet_id": "173-buyeo", "split": "development", "proposal_kind": "visible_linework_review_only", "backend": "grayscale_ridge_v1_skeleton_v1", "pixel_length": 19.243, "point_count": 5, "confidence": 0.6574, "review_status": "unreviewed"}, "geometry": {"type": "LineString", "coordinates": [[126.85092679768817, 36.285519835933734], [126.85092679768817, 36.28525042555113], [126.85102135201997, 36.2851349639586], [126.85125773784944, 36.2851349639586], [126.85130501501534, 36.28525042555113]]}}, {"type": "Feature", "properties": {"proposal_id": "visible-line-78", "tile_id": "173-buyeo-labels", "sheet_id": "173-buyeo", "split": "development", "proposal_kind": "visible_linework_review_only", "backend": "grayscale_ridge_v1_skeleton_v1", "pixel_length": 20.071, "point_count": 3, "confidence": 0.6491, "review_status": "unreviewed"}, "geometry": {"type": "LineString", "coordinates": [[126.85116318351766, 36.26200415825274], [126.85149412367892, 36.262119619845286], [126.85201417250376, 36.26204264545026]]}}, {"type": "Feature", "properties": {"proposal_id": "visible-line-79", "tile_id": "173-buyeo-labels", "sheet_id": "173-buyeo", "split": "development", "proposal_kind": "visible_linework_review_only", "backend": "grayscale_ridge_v1_skeleton_v1", "pixel_length": 183.238, "point_count": 17, "confidence": 0.7402, "review_status": "unreviewed"}, "geometry": {"type": "LineString", "coordinates": [[126.85121046068355, 36.29252450588126], [126.85121046068355, 36.29198568511607], [126.85154140084481, 36.29167778753595], [126.85177778667428, 36.29129291556082], [126.85177778667428, 36.2909850179807], [126.85163595517659, 36.290677120400595], [126.85163595517659, 36.29033073562297], [126.85191961817196, 36.28994586364783], [126.85206144966965, 36.28944553008015], [126.852345112665, 36.28913763250004], [126.85248694416269, 36.28867578612987], [126.85305427015342, 36.28817545256219], [126.85319610165111, 36.28794452937711], [126.85371615047595, 36.287598144599485], [126.85390525913952, 36.287328734216885], [126.85442530796436, 36.28705932383429], [126.85466169379384, 36.28686688784672]]}}, {"type": "Feature", "properties": {"proposal_id": "visible-line-80", "tile_id": "173-buyeo-labels", "sheet_id": "173-buyeo", "split": "development", "proposal_kind": "visible_linework_review_only", "backend": "grayscale_ridge_v1_skeleton_v1", "pixel_length": 19.899, "point_count": 4, "confidence": 0.5906, "review_status": "unreviewed"}, "geometry": {"type": "LineString", "coordinates": [[126.85135229218123, 36.276013498147805], [126.85163595517659, 36.27612895974034], [126.85182506384018, 36.2762829085304], [126.85215600400143, 36.2762829085304]]}}, {"type": "Feature", "properties": {"proposal_id": "visible-line-81", "tile_id": "173-buyeo-labels", "sheet_id": "173-buyeo", "split": "development", "proposal_kind": "visible_linework_review_only", "backend": "grayscale_ridge_v1_skeleton_v1", "pixel_length": 27.799, "point_count": 3, "confidence": 0.6842, "review_status": "unreviewed"}, "geometry": {"type": "LineString", "coordinates": [[126.85149412367892, 36.27993919229422], [126.85210872683554, 36.279708269109136], [126.8525342213286, 36.27940037152902]]}}, {"type": "Feature", "properties": {"proposal_id": "visible-line-82", "tile_id": "173-buyeo-labels", "sheet_id": "173-buyeo", "split": "development", "proposal_kind": "visible_linework_review_only", "backend": "grayscale_ridge_v1_skeleton_v1", "pixel_length": 21.243, "point_count": 3, "confidence": 0.6375, "review_status": "unreviewed"}, "geometry": {"type": "LineString", "coordinates": [[126.85163595517659, 36.29491071212712], [126.85173050950839, 36.29464130174453], [126.85177778667428, 36.29414096817685]]}}, {"type": "Feature", "properties": {"proposal_id": "visible-line-83", "tile_id": "173-buyeo-labels", "sheet_id": "173-buyeo", "split": "development", "proposal_kind": "visible_linework_review_only", "backend": "grayscale_ridge_v1_skeleton_v1", "pixel_length": 28.243, "point_count": 2, "confidence": 0.6366, "review_status": "unreviewed"}, "geometry": {"type": "LineString", "coordinates": [[126.85177778667428, 36.294025506584305], [126.85182506384018, 36.292986352251425]]}}, {"type": "Feature", "properties": {"proposal_id": "visible-line-84", "tile_id": "173-buyeo-labels", "sheet_id": "173-buyeo", "split": "development", "proposal_kind": "visible_linework_review_only", "backend": "grayscale_ridge_v1_skeleton_v1", "pixel_length": 20.899, "point_count": 3, "confidence": 0.7141, "review_status": "unreviewed"}, "geometry": {"type": "LineString", "coordinates": [[126.85182506384018, 36.292639967473804], [126.85191961817196, 36.29252450588126], [126.85215600400143, 36.29194719791855]]}}, {"type": "Feature", "properties": {"proposal_id": "visible-line-85", "tile_id": "173-buyeo-labels", "sheet_id": "173-buyeo", "split": "development", "proposal_kind": "visible_linework_review_only", "backend": "grayscale_ridge_v1_skeleton_v1", "pixel_length": 31.243, "point_count": 3, "confidence": 0.7064, "review_status": "unreviewed"}, "geometry": {"type": "LineString", "coordinates": [[126.85182506384018, 36.2707407520884], [126.85267605282627, 36.2707407520884], [126.85324337881701, 36.27062529049586]]}}, {"type": "Feature", "properties": {"proposal_id": "visible-line-86", "tile_id": "173-buyeo-labels", "sheet_id": "173-buyeo", "split": "development", "proposal_kind": "visible_linework_review_only", "backend": "grayscale_ridge_v1_skeleton_v1", "pixel_length": 18.314, "point_count": 4, "confidence": 0.724, "review_status": "unreviewed"}, "geometry": {"type": "LineString", "coordinates": [[126.85196689533785, 36.27828424280112], [126.85229783549912, 36.27805331961604], [126.8525342213286, 36.27805331961604], [126.85267605282627, 36.27813029401106]]}}, {"type": "Feature", "properties": {"proposal_id": "visible-line-87", "tile_id": "173-buyeo-labels", "sheet_id": "173-buyeo", "split": "development", "proposal_kind": "visible_linework_review_only", "backend": "grayscale_ridge_v1_skeleton_v1", "pixel_length": 68.841, "point_count": 10, "confidence": 0.7604, "review_status": "unreviewed"}, "geometry": {"type": "LineString", "coordinates": [[126.85196689533785, 36.27020193132321], [126.85215600400143, 36.27016344412569], [126.85258149849449, 36.269740084953035], [126.85277060715806, 36.26966311055801], [126.85314882448522, 36.26966311055801], [126.8533379331488, 36.269586136162985], [126.85385798197363, 36.26912428979281], [126.85399981347132, 36.26912428979281], [126.8541889221349, 36.269047315397785], [126.85442530796436, 36.26885487941022]]}}, {"type": "Feature", "properties": {"proposal_id": "visible-line-88", "tile_id": "173-buyeo-labels", "sheet_id": "173-buyeo", "split": "development", "proposal_kind": "visible_linework_review_only", "backend": "grayscale_ridge_v1_skeleton_v1", "pixel_length": 20.728, "point_count": 3, "confidence": 0.6856, "review_status": "unreviewed"}, "geometry": {"type": "LineString", "coordinates": [[126.85225055833322, 36.28109380821964], [126.8524396669968, 36.280708936244494], [126.85272332999217, 36.280478013059415]]}}, {"type": "Feature", "properties": {"proposal_id": "visible-line-89", "tile_id": "173-buyeo-labels", "sheet_id": "173-buyeo", "split": "development", "proposal_kind": "visible_linework_review_only", "backend": "grayscale_ridge_v1_skeleton_v1", "pixel_length": 18.657, "point_count": 2, "confidence": 0.6898, "review_status": "unreviewed"}, "geometry": {"type": "LineString", "coordinates": [[126.852345112665, 36.2915238387459], [126.8525342213286, 36.29086955638817]]}}, {"type": "Feature", "properties": {"proposal_id": "visible-line-90", "tile_id": "173-buyeo-labels", "sheet_id": "173-buyeo", "split": "development", "proposal_kind": "visible_linework_review_only", "backend": "grayscale_ridge_v1_skeleton_v1", "pixel_length": 22.385, "point_count": 2, "confidence": 0.6617, "review_status": "unreviewed"}, "geometry": {"type": "LineString", "coordinates": [[126.85305427015342, 36.290253761227945], [126.85366887331006, 36.28959947887021]]}}, {"type": "Feature", "properties": {"proposal_id": "visible-line-91", "tile_id": "173-buyeo-labels", "sheet_id": "173-buyeo", "split": "development", "proposal_kind": "visible_linework_review_only", "backend": "grayscale_ridge_v1_skeleton_v1", "pixel_length": 19.314, "point_count": 3, "confidence": 0.7061, "review_status": "unreviewed"}, "geometry": {"type": "LineString", "coordinates": [[126.8533379331488, 36.27058680329834], [126.85371615047595, 36.27039436731077], [126.8540943678031, 36.270278905718236]]}}, {"type": "Feature", "properties": {"proposal_id": "visible-line-92", "tile_id": "173-buyeo-labels", "sheet_id": "173-buyeo", "split": "development", "proposal_kind": "visible_linework_review_only", "backend": "grayscale_ridge_v1_skeleton_v1", "pixel_length": 27.071, "point_count": 2, "confidence": 0.6314, "review_status": "unreviewed"}, "geometry": {"type": "LineString", "coordinates": [[126.85371615047595, 36.265544980424025], [126.85489807962331, 36.265737416411596]]}}, {"type": "Feature", "properties": {"proposal_id": "visible-line-93", "tile_id": "173-buyeo-labels", "sheet_id": "173-buyeo", "split": "development", "proposal_kind": "visible_linework_review_only", "backend": "grayscale_ridge_v1_skeleton_v1", "pixel_length": 23.556, "point_count": 2, "confidence": 0.6588, "review_status": "unreviewed"}, "geometry": {"type": "LineString", "coordinates": [[126.85376342764184, 36.28940704288264], [126.85428347646668, 36.28867578612987]]}}, {"type": "Feature", "properties": {"proposal_id": "visible-line-94", "tile_id": "173-buyeo-labels", "sheet_id": "173-buyeo", "split": "development", "proposal_kind": "visible_linework_review_only", "backend": "grayscale_ridge_v1_skeleton_v1", "pixel_length": 101.497, "point_count": 11, "confidence": 0.7438, "review_status": "unreviewed"}, "geometry": {"type": "LineString", "coordinates": [[126.85437803079847, 36.26866244342265], [126.85442530796436, 36.268623956225134], [126.85437803079847, 36.26839303304005], [126.85466169379384, 36.26816210985497], [126.85513446545278, 36.26816210985497], [126.85527629695046, 36.268200597052484], [126.85565451427762, 36.268123622657455], [126.85650550326372, 36.267700263484805], [126.85730921508393, 36.26758480189226], [126.85787654107466, 36.26723841711463], [126.85811292690413, 36.267161442719605]]}}, {"type": "Feature", "properties": {"proposal_id": "visible-line-95", "tile_id": "173-buyeo-labels", "sheet_id": "173-buyeo", "split": "development", "proposal_kind": "visible_linework_review_only", "backend": "grayscale_ridge_v1_skeleton_v1", "pixel_length": 59.941, "point_count": 5, "confidence": 0.7165, "review_status": "unreviewed"}, "geometry": {"type": "LineString", "coordinates": [[126.85442530796436, 36.28840637574727], [126.85466169379384, 36.28798301657462], [126.8549453567892, 36.28713629822931], [126.85532357411635, 36.28678991345169], [126.85570179144351, 36.28659747746412]]}}, {"type": "Feature", "properties": {"proposal_id": "visible-line-96", "tile_id": "173-buyeo-labels", "sheet_id": "173-buyeo", "split": "development", "proposal_kind": "visible_linework_review_only", "backend": "grayscale_ridge_v1_skeleton_v1", "pixel_length": 21.314, "point_count": 6, "confidence": 0.7298, "review_status": "unreviewed"}, "geometry": {"type": "LineString", "coordinates": [[126.85447258513027, 36.27697567808565], [126.85447258513027, 36.27689870369062], [126.85480352529152, 36.276706267703055], [126.8549453567892, 36.276706267703055], [126.85508718828689, 36.27682172929559], [126.85508718828689, 36.276937190888134]]}}, {"type": "Feature", "properties": {"proposal_id": "visible-line-97", "tile_id": "173-buyeo-labels", "sheet_id": "173-buyeo", "split": "development", "proposal_kind": "visible_linework_review_only", "backend": "grayscale_ridge_v1_skeleton_v1", "pixel_length": 20.142, "point_count": 3, "confidence": 0.705, "review_status": "unreviewed"}, "geometry": {"type": "LineString", "coordinates": [[126.85447258513027, 36.27004798253315], [126.85470897095973, 36.26997100813812], [126.85522901978457, 36.26966311055801]]}}, {"type": "Feature", "properties": {"proposal_id": "visible-line-98", "tile_id": "173-buyeo-labels", "sheet_id": "173-buyeo", "split": "development", "proposal_kind": "visible_linework_review_only", "backend": "grayscale_ridge_v1_skeleton_v1", "pixel_length": 23.314, "point_count": 5, "confidence": 0.6116, "review_status": "unreviewed"}, "geometry": {"type": "LineString", "coordinates": [[126.85485080245742, 36.29371760900419], [126.855039911121, 36.29340971142408], [126.85513446545278, 36.293178788239], [126.85513446545278, 36.29302483944894], [126.85522901978457, 36.29294786505391]]}}, {"type": "Feature", "properties": {"proposal_id": "visible-line-99", "tile_id": "173-buyeo-labels", "sheet_id": "173-buyeo", "split": "development", "proposal_kind": "visible_linework_review_only", "backend": "grayscale_ridge_v1_skeleton_v1", "pixel_length": 19.899, "point_count": 4, "confidence": 0.5911, "review_status": "unreviewed"}, "geometry": {"type": "LineString", "coordinates": [[126.85485080245742, 36.265968339596675], [126.855039911121, 36.26600682679419], [126.85527629695046, 36.266237749979275], [126.85560723711173, 36.26619926278176]]}}, {"type": "Feature", "properties": {"proposal_id": "visible-line-100", "tile_id": "173-buyeo-labels", "sheet_id": "173-buyeo", "split": "development", "proposal_kind": "visible_linework_review_only", "backend": "grayscale_ridge_v1_skeleton_v1", "pixel_length": 29.485, "point_count": 5, "confidence": 0.6287, "review_status": "unreviewed"}, "geometry": {"type": "LineString", "coordinates": [[126.85541812844815, 36.29602684085503], [126.85560723711173, 36.29552650728734], [126.85560723711173, 36.295141635312206], [126.85551268277993, 36.29506466091718], [126.85551268277993, 36.29498768652215]]}}, {"type": "Feature", "properties": {"proposal_id": "visible-line-101", "tile_id": "173-buyeo-labels", "sheet_id": "173-buyeo", "split": "development", "proposal_kind": "visible_linework_review_only", "backend": "grayscale_ridge_v1_skeleton_v1", "pixel_length": 22.385, "point_count": 2, "confidence": 0.6329, "review_status": "unreviewed"}, "geometry": {"type": "LineString", "coordinates": [[126.85541812844815, 36.26950916176796], [126.85603273160477, 36.26885487941022]]}}, {"type": "Feature", "properties": {"proposal_id": "visible-line-102", "tile_id": "173-buyeo-labels", "sheet_id": "173-buyeo", "split": "development", "proposal_kind": "visible_linework_review_only", "backend": "grayscale_ridge_v1_skeleton_v1", "pixel_length": 44.598, "point_count": 4, "confidence": 0.7227, "review_status": "unreviewed"}, "geometry": {"type": "LineString", "coordinates": [[126.8557963457753, 36.28632806708153], [126.85598545443888, 36.28617411829147], [126.85631639460014, 36.28602016950141], [126.85730921508393, 36.28521193835362]]}}, {"type": "Feature", "properties": {"proposal_id": "visible-line-103", "tile_id": "173-buyeo-labels", "sheet_id": "173-buyeo", "split": "development", "proposal_kind": "visible_linework_review_only", "backend": "grayscale_ridge_v1_skeleton_v1", "pixel_length": 116.296, "point_count": 9, "confidence": 0.7183, "review_status": "unreviewed"}, "geometry": {"type": "LineString", "coordinates": [[126.85593817727299, 36.28559681032876], [126.85617456310246, 36.28548134873622], [126.85645822609783, 36.284750091983454], [126.8566946119273, 36.28455765599588], [126.85674188909319, 36.28359547605804], [126.85773470957697, 36.282787244910246], [126.85792381824055, 36.28271027051522], [126.85844386706539, 36.28232539854008], [126.85868025289486, 36.28224842414505]]}}, {"type": "Feature", "properties": {"proposal_id": "visible-line-104", "tile_id": "173-buyeo-labels", "sheet_id": "173-buyeo", "split": "development", "proposal_kind": "visible_linework_review_only", "backend": "grayscale_ridge_v1_skeleton_v1", "pixel_length": 22.071, "point_count": 4, "confidence": 0.7061, "review_status": "unreviewed"}, "geometry": {"type": "LineString", "coordinates": [[126.85598545443888, 36.26265844061048], [126.85617456310246, 36.26258146621545], [126.85660005759551, 36.26258146621545], [126.85693099775676, 36.262696927807994]]}}, {"type": "Feature", "properties": {"proposal_id": "visible-line-105", "tile_id": "173-buyeo-labels", "sheet_id": "173-buyeo", "split": "development", "proposal_kind": "visible_linework_review_only", "backend": "grayscale_ridge_v1_skeleton_v1", "pixel_length": 21.556, "point_count": 4, "confidence": 0.5965, "review_status": "unreviewed"}, "geometry": {"type": "LineString", "coordinates": [[126.85626911743425, 36.295488020089834], [126.85650550326372, 36.29529558410226], [126.85674188909319, 36.29525709690475], [126.85707282925445, 36.29506466091718]]}}, {"type": "Feature", "properties": {"proposal_id": "visible-line-106", "tile_id": "173-buyeo-labels", "sheet_id": "173-buyeo", "split": "development", "proposal_kind": "visible_linework_review_only", "backend": "grayscale_ridge_v1_skeleton_v1", "pixel_length": 35.971, "point_count": 7, "confidence": 0.6928, "review_status": "unreviewed"}, "geometry": {"type": "LineString", "coordinates": [[126.85641094893192, 36.26858546902762], [126.85655278042961, 36.26847000743508], [126.85683644342498, 36.26835454584254], [126.85707282925445, 36.26831605864503], [126.85721466075213, 36.26823908425], [126.8574510465816, 36.26823908425], [126.85787654107466, 36.268123622657455]]}}, {"type": "Feature", "properties": {"proposal_id": "visible-line-107", "tile_id": "173-buyeo-labels", "sheet_id": "173-buyeo", "split": "development", "proposal_kind": "visible_linework_review_only", "backend": "grayscale_ridge_v1_skeleton_v1", "pixel_length": 25.485, "point_count": 8, "confidence": 0.6694, "review_status": "unreviewed"}, "geometry": {"type": "LineString", "coordinates": [[126.85683644342498, 36.29340971142408], [126.85693099775676, 36.29337122422657], [126.85712010642034, 36.29337122422657], [126.85716738358624, 36.29340971142408], [126.85716738358624, 36.293525173016626], [126.85693099775676, 36.29364063460916], [126.85697827492267, 36.29379458339922], [126.85716738358624, 36.29379458339922]]}}, {"type": "Feature", "properties": {"proposal_id": "visible-line-108", "tile_id": "173-buyeo-labels", "sheet_id": "173-buyeo", "split": "development", "proposal_kind": "visible_linework_review_only", "backend": "grayscale_ridge_v1_skeleton_v1", "pixel_length": 20.971, "point_count": 4, "confidence": 0.686, "review_status": "unreviewed"}, "geometry": {"type": "LineString", "coordinates": [[126.85768743241108, 36.28590470790887], [126.85787654107466, 36.28605865669893], [126.85825475840181, 36.28575075911882], [126.8583965898995, 36.285712271921305]]}}, {"type": "Feature", "properties": {"proposal_id": "visible-line-109", "tile_id": "173-buyeo-labels", "sheet_id": "173-buyeo", "split": "development", "proposal_kind": "visible_linework_review_only", "backend": "grayscale_ridge_v1_skeleton_v1", "pixel_length": 24.899, "point_count": 3, "confidence": 0.7182, "review_status": "unreviewed"}, "geometry": {"type": "LineString", "coordinates": [[126.85778198674286, 36.26619926278176], [126.8583493127336, 36.266314724374304], [126.85882208439254, 36.266468673164354]]}}, {"type": "Feature", "properties": {"proposal_id": "visible-line-110", "tile_id": "173-buyeo-labels", "sheet_id": "173-buyeo", "split": "development", "proposal_kind": "visible_linework_review_only", "backend": "grayscale_ridge_v1_skeleton_v1", "pixel_length": 18.314, "point_count": 4, "confidence": 0.6206, "review_status": "unreviewed"}, "geometry": {"type": "LineString", "coordinates": [[126.85853842139718, 36.289484017277665], [126.85877480722665, 36.289560991672694], [126.85901119305612, 36.2898688892528], [126.85910574738791, 36.289907376450316]]}}, {"type": "Feature", "properties": {"proposal_id": "visible-line-111", "tile_id": "173-buyeo-labels", "sheet_id": "173-buyeo", "split": "development", "proposal_kind": "visible_linework_review_only", "backend": "grayscale_ridge_v1_skeleton_v1", "pixel_length": 30.627, "point_count": 3, "confidence": 0.6824, "review_status": "unreviewed"}, "geometry": {"type": "LineString", "coordinates": [[126.85882208439254, 36.28367245045307], [126.85905847022201, 36.28344152726798], [126.85957851904685, 36.28274875771273]]}}, {"type": "Feature", "properties": {"proposal_id": "visible-line-112", "tile_id": "173-buyeo-labels", "sheet_id": "173-buyeo", "split": "development", "proposal_kind": "visible_linework_review_only", "backend": "grayscale_ridge_v1_skeleton_v1", "pixel_length": 55.314, "point_count": 9, "confidence": 0.6798, "review_status": "unreviewed"}, "geometry": {"type": "LineString", "coordinates": [[126.85886936155843, 36.267931186669884], [126.85910574738791, 36.267854212274855], [126.85986218204222, 36.267854212274855], [126.85990945920811, 36.26789269947237], [126.8601458450376, 36.26789269947237], [126.86047678519884, 36.2679696738674], [126.86094955685779, 36.2679696738674], [126.86099683402368, 36.26800816106491], [126.86132777418494, 36.267931186669884]]}}, {"type": "Feature", "properties": {"proposal_id": "visible-line-113", "tile_id": "173-buyeo-labels", "sheet_id": "173-buyeo", "split": "development", "proposal_kind": "visible_linework_review_only", "backend": "grayscale_ridge_v1_skeleton_v1", "pixel_length": 19.728, "point_count": 6, "confidence": 0.7382, "review_status": "unreviewed"}, "geometry": {"type": "LineString", "coordinates": [[126.85910574738791, 36.26650716036187], [126.8592475788856, 36.266661109151926], [126.85938941038327, 36.26669959634944], [126.85953124188096, 36.26681505794198], [126.85962579621275, 36.2668535451395], [126.85981490487633, 36.26681505794198]]}}, {"type": "Feature", "properties": {"proposal_id": "visible-line-114", "tile_id": "173-buyeo-labels", "sheet_id": "173-buyeo", "split": "development", "proposal_kind": "visible_linework_review_only", "backend": "grayscale_ridge_v1_skeleton_v1", "pixel_length": 24.556, "point_count": 5, "confidence": 0.7359, "review_status": "unreviewed"}, "geometry": {"type": "LineString", "coordinates": [[126.8591530245538, 36.282094475354995], [126.85948396471507, 36.28190203936743], [126.85957851904685, 36.28190203936743], [126.85976762771043, 36.28174809057737], [126.86009856787169, 36.281671116182345]]}}, {"type": "Feature", "properties": {"proposal_id": "visible-line-115", "tile_id": "173-buyeo-labels", "sheet_id": "173-buyeo", "split": "development", "proposal_kind": "visible_linework_review_only", "backend": "grayscale_ridge_v1_skeleton_v1", "pixel_length": 21.971, "point_count": 4, "confidence": 0.7412, "review_status": "unreviewed"}, "geometry": {"type": "LineString", "coordinates": [[126.8592003017197, 36.2721262911989], [126.85943668754918, 36.27228023998895], [126.85962579621275, 36.27254965037155], [126.85938941038327, 36.27270359916161]]}}, {"type": "Feature", "properties": {"proposal_id": "visible-line-116", "tile_id": "173-buyeo-labels", "sheet_id": "173-buyeo", "split": "development", "proposal_kind": "visible_linework_review_only", "backend": "grayscale_ridge_v1_skeleton_v1", "pixel_length": 22.071, "point_count": 4, "confidence": 0.6719, "review_status": "unreviewed"}, "geometry": {"type": "LineString", "coordinates": [[126.85957851904685, 36.280901372232066], [126.85972035054453, 36.28074742344201], [126.85972035054453, 36.28024708987433], [126.85962579621275, 36.28013162828179]]}}, {"type": "Feature", "properties": {"proposal_id": "visible-line-117", "tile_id": "173-buyeo-labels", "sheet_id": "173-buyeo", "split": "development", "proposal_kind": "visible_linework_review_only", "backend": "grayscale_ridge_v1_skeleton_v1", "pixel_length": 352.392, "point_count": 46, "confidence": 0.7162, "review_status": "unreviewed"}, "geometry": {"type": "LineString", "coordinates": [[126.85957851904685, 36.26662262195441], [126.85972035054453, 36.26654564755938], [126.86024039936937, 36.26650716036187], [126.86085500252601, 36.266045313991704], [126.8616587143462, 36.26600682679419], [126.861753268678, 36.265968339596675], [126.86198965450747, 36.26569892921408], [126.86198965450747, 36.26542951883148], [126.86203693167336, 36.26539103163397], [126.86198965450747, 36.265275570041425], [126.86203693167336, 36.26523708284391], [126.86203693167336, 36.26508313405386], [126.86217876317104, 36.264852210868774], [126.86241514900051, 36.26473674927623], [126.86269881199588, 36.264505826091145], [126.86284064349357, 36.26423641570855], [126.86293519782535, 36.264159441313524], [126.86326613798661, 36.26404397972098], [126.86411712697272, 36.264082466918495], [126.86444806713398, 36.264159441313524], [126.86468445296344, 36.26396700532595], [126.86496811595882, 36.263312722968216], [126.86534633328597, 36.26308179978314], [126.86572455061312, 36.26308179978314], [126.8660082136085, 36.263158774178166], [126.86648098526743, 36.263158774178166], [126.86662281676512, 36.26308179978314], [126.86700103409227, 36.26308179978314], [126.86704831125817, 36.26312028698065], [126.86728469708764, 36.26300482538811], [126.86737925141944, 36.26300482538811], [126.86752108291711, 36.262889363795566], [126.8676156372489, 36.262696927807994], [126.8676629144148, 36.26231205583286], [126.86780474591248, 36.26208113264777], [126.86808840890785, 36.26188869666021], [126.86875028923036, 36.26188869666021], [126.86893939789394, 36.26185020946269], [126.86941216955289, 36.261503824685065], [126.86960127821646, 36.261426850290036], [126.87035771287077, 36.26138836309252], [126.87045226720257, 36.26134987589501], [126.87064137586614, 36.26119592710496], [126.87073593019794, 36.2610419783149], [126.87073593019794, 36.260734080734785], [126.87049954436846, 36.26034920875965]]}}, {"type": "Feature", "properties": {"proposal_id": "visible-line-118", "tile_id": "173-buyeo-labels", "sheet_id": "173-buyeo", "split": "development", "proposal_kind": "visible_linework_review_only", "backend": "grayscale_ridge_v1_skeleton_v1", "pixel_length": 41.456, "point_count": 3, "confidence": 0.7539, "review_status": "unreviewed"}, "geometry": {"type": "LineString", "coordinates": [[126.85972035054453, 36.267161442719605], [126.86019312220348, 36.267430853102205], [126.86132777418494, 36.267854212274855]]}}, {"type": "Feature", "properties": {"proposal_id": "visible-line-119", "tile_id": "173-buyeo-labels", "sheet_id": "173-buyeo", "split": "development", "proposal_kind": "visible_linework_review_only", "backend": "grayscale_ridge_v1_skeleton_v1", "pixel_length": 38.698, "point_count": 3, "confidence": 0.7156, "review_status": "unreviewed"}, "geometry": {"type": "LineString", "coordinates": [[126.85981490487633, 36.28251783452765], [126.86071317102832, 36.282094475354995], [126.86123321985316, 36.28170960337986]]}}, {"type": "Feature", "properties": {"proposal_id": "visible-line-120", "tile_id": "173-buyeo-labels", "sheet_id": "173-buyeo", "split": "development", "proposal_kind": "visible_linework_review_only", "backend": "grayscale_ridge_v1_skeleton_v1", "pixel_length": 158.368, "point_count": 14, "confidence": 0.7451, "review_status": "unreviewed"}, "geometry": {"type": "LineString", "coordinates": [[126.85990945920811, 36.267007493929555], [126.86061861669653, 36.267353878707176], [126.86208420883926, 36.26789269947237], [126.86265153483, 36.26800816106491], [126.86302975215715, 36.26816210985497], [126.86359707814788, 36.26827757144751], [126.86397529547503, 36.26843152023756], [126.86411712697272, 36.26843152023756], [126.8642589584704, 36.26850849463259], [126.86553544194955, 36.26885487941022], [126.86567727344723, 36.26885487941022], [126.8659136592767, 36.26897034100276], [126.86605549077439, 36.26897034100276], [126.86633915376976, 36.2690858025953]]}}, {"type": "Feature", "properties": {"proposal_id": "visible-line-121", "tile_id": "173-buyeo-labels", "sheet_id": "173-buyeo", "split": "development", "proposal_kind": "visible_linework_review_only", "backend": "grayscale_ridge_v1_skeleton_v1", "pixel_length": 44.87, "point_count": 4, "confidence": 0.7584, "review_status": "unreviewed"}, "geometry": {"type": "LineString", "coordinates": [[126.86019312220348, 36.28163262898483], [126.86052406236475, 36.281594141787316], [126.86104411118959, 36.281170782614666], [126.86194237734158, 36.280901372232066]]}}, {"type": "Feature", "properties": {"proposal_id": "visible-line-122", "tile_id": "173-buyeo-labels", "sheet_id": "173-buyeo", "split": "development", "proposal_kind": "visible_linework_review_only", "backend": "grayscale_ridge_v1_skeleton_v1", "pixel_length": 36.899, "point_count": 8, "confidence": 0.718, "review_status": "unreviewed"}, "geometry": {"type": "LineString", "coordinates": [[126.86061861669653, 36.268546981830106], [126.86066589386243, 36.26850849463259], [126.86071317102832, 36.268546981830106], [126.86109138835548, 36.268546981830106], [126.86142232851674, 36.268623956225134], [126.86146960568263, 36.26900882820028], [126.86137505135085, 36.26912428979281], [126.86118594268726, 36.26912428979281]]}}, {"type": "Feature", "properties": {"proposal_id": "visible-line-123", "tile_id": "173-buyeo-labels", "sheet_id": "173-buyeo", "split": "development", "proposal_kind": "visible_linework_review_only", "backend": "grayscale_ridge_v1_skeleton_v1", "pixel_length": 105.669, "point_count": 4, "confidence": 0.7506, "review_status": "unreviewed"}, "geometry": {"type": "LineString", "coordinates": [[126.86137505135085, 36.26827757144751], [126.86156416001442, 36.26808513545994], [126.86189510017569, 36.26804664826243], [126.86567727344723, 36.26912428979281]]}}, {"type": "Feature", "properties": {"proposal_id": "visible-line-124", "tile_id": "173-buyeo-labels", "sheet_id": "173-buyeo", "split": "development", "proposal_kind": "visible_linework_review_only", "backend": "grayscale_ridge_v1_skeleton_v1", "pixel_length": 28.071, "point_count": 8, "confidence": 0.6774, "review_status": "unreviewed"}, "geometry": {"type": "LineString", "coordinates": [[126.861753268678, 36.28755965740197], [126.86194237734158, 36.28755965740197], [126.86198965450747, 36.28752117020446], [126.86246242616642, 36.28755965740197], [126.86250970333231, 36.287598144599485], [126.86250970333231, 36.28779058058705], [126.86246242616642, 36.287829067784564], [126.86227331750284, 36.28779058058705]]}}, {"type": "Feature", "properties": {"proposal_id": "visible-line-125", "tile_id": "173-buyeo-labels", "sheet_id": "173-buyeo", "split": "development", "proposal_kind": "visible_linework_review_only", "backend": "grayscale_ridge_v1_skeleton_v1", "pixel_length": 25.071, "point_count": 6, "confidence": 0.7173, "review_status": "unreviewed"}, "geometry": {"type": "LineString", "coordinates": [[126.86236787183462, 36.29544953289232], [126.86284064349357, 36.29544953289232], [126.86288792065946, 36.295488020089834], [126.86307702932304, 36.29544953289232], [126.86317158365483, 36.29552650728734], [126.86321886082072, 36.29575743047243]]}}, {"type": "Feature", "properties": {"proposal_id": "visible-line-126", "tile_id": "173-buyeo-labels", "sheet_id": "173-buyeo", "split": "development", "proposal_kind": "visible_linework_review_only", "backend": "grayscale_ridge_v1_skeleton_v1", "pixel_length": 25.899, "point_count": 3, "confidence": 0.6873, "review_status": "unreviewed"}, "geometry": {"type": "LineString", "coordinates": [[126.86250970333231, 36.28128624420721], [126.86279336632768, 36.281401705799745], [126.86359707814788, 36.2815556545898]]}}, {"type": "Feature", "properties": {"proposal_id": "visible-line-127", "tile_id": "173-buyeo-labels", "sheet_id": "173-buyeo", "split": "development", "proposal_kind": "visible_linework_review_only", "backend": "grayscale_ridge_v1_skeleton_v1", "pixel_length": 24.799, "point_count": 4, "confidence": 0.7839, "review_status": "unreviewed"}, "geometry": {"type": "LineString", "coordinates": [[126.86250970333231, 36.28074742344201], [126.86265153483, 36.280708936244494], [126.86298247499126, 36.2804395258619], [126.86326613798661, 36.28009314108427]]}}, {"type": "Feature", "properties": {"proposal_id": "visible-line-128", "tile_id": "173-buyeo-labels", "sheet_id": "173-buyeo", "split": "development", "proposal_kind": "visible_linework_review_only", "backend": "grayscale_ridge_v1_skeleton_v1", "pixel_length": 262.451, "point_count": 26, "confidence": 0.7289, "review_status": "unreviewed"}, "geometry": {"type": "LineString", "coordinates": [[126.86331341515252, 36.280016166689244], [126.8634079694843, 36.27990070509671], [126.86402257264093, 36.27963129471411], [126.86487356162702, 36.27897701235637], [126.86492083879293, 36.27855365318372], [126.86477900729524, 36.27836121719615], [126.86477900729524, 36.27816878120858], [126.8651099474565, 36.277899370825985], [126.86544088761777, 36.277899370825985], [126.8659136592767, 36.27809180681355], [126.86638643093565, 36.27813029401106], [126.86681192542869, 36.277899370825985], [126.86775746874659, 36.27778390923344], [126.8684193490691, 36.27747601165333], [126.86908122939163, 36.27747601165333], [126.8693176152211, 36.277552986048356], [126.86979038688004, 36.27759147324587], [126.87007404987541, 36.27770693483841], [126.8702158813731, 36.277822396430956], [126.87035771287077, 36.27816878120858], [126.87054682153435, 36.27843819159118], [126.87087776169561, 36.278669114776264], [126.87116142469098, 36.2787845763688], [126.87158691918403, 36.278823063566314], [126.8719651365112, 36.27870760197377], [126.87239063100424, 36.27870760197377]]}}, {"type": "Feature", "properties": {"proposal_id": "visible-line-129", "tile_id": "173-buyeo-labels", "sheet_id": "173-buyeo", "split": "development", "proposal_kind": "visible_linework_review_only", "backend": "grayscale_ridge_v1_skeleton_v1", "pixel_length": 45.598, "point_count": 3, "confidence": 0.6929, "review_status": "unreviewed"}, "geometry": {"type": "LineString", "coordinates": [[126.86364435531377, 36.29964463742133], [126.86397529547503, 36.299259765446195], [126.86496811595882, 36.29833607270586]]}}, {"type": "Feature", "properties": {"proposal_id": "visible-line-130", "tile_id": "173-buyeo-labels", "sheet_id": "173-buyeo", "split": "development", "proposal_kind": "visible_linework_review_only", "backend": "grayscale_ridge_v1_skeleton_v1", "pixel_length": 26.828, "point_count": 6, "confidence": 0.6988, "review_status": "unreviewed"}, "geometry": {"type": "LineString", "coordinates": [[126.8641644041386, 36.285519835933734], [126.86444806713398, 36.285519835933734], [126.86449534429987, 36.28548134873622], [126.86449534429987, 36.284942527971026], [126.86444806713398, 36.28490404077351], [126.8642589584704, 36.28490404077351]]}}, {"type": "Feature", "properties": {"proposal_id": "visible-line-131", "tile_id": "173-buyeo-labels", "sheet_id": "173-buyeo", "split": "development", "proposal_kind": "visible_linework_review_only", "backend": "grayscale_ridge_v1_skeleton_v1", "pixel_length": 24.971, "point_count": 5, "confidence": 0.7257, "review_status": "unreviewed"}, "geometry": {"type": "LineString", "coordinates": [[126.86501539312471, 36.29964463742133], [126.86520450178828, 36.299606150223816], [126.86544088761777, 36.29945220143376], [126.86581910494492, 36.29929825264371], [126.8659609364426, 36.299182791051166]]}}, {"type": "Feature", "properties": {"proposal_id": "visible-line-132", "tile_id": "173-buyeo-labels", "sheet_id": "173-buyeo", "split": "development", "proposal_kind": "visible_linework_review_only", "backend": "grayscale_ridge_v1_skeleton_v1", "pixel_length": 27.657, "point_count": 6, "confidence": 0.6794, "review_status": "unreviewed"}, "geometry": {"type": "LineString", "coordinates": [[126.86525177895419, 36.28525042555113], [126.86525177895419, 36.285019502366055], [126.86529905612008, 36.28498101516854], [126.86577182777901, 36.28498101516854], [126.86586638211081, 36.2851349639586], [126.86581910494492, 36.28532739994616]]}}, {"type": "Feature", "properties": {"proposal_id": "visible-line-133", "tile_id": "173-buyeo-labels", "sheet_id": "173-buyeo", "split": "development", "proposal_kind": "visible_linework_review_only", "backend": "grayscale_ridge_v1_skeleton_v1", "pixel_length": 34.971, "point_count": 4, "confidence": 0.6929, "review_status": "unreviewed"}, "geometry": {"type": "LineString", "coordinates": [[126.86534633328597, 36.28078591063952], [126.86577182777901, 36.28063196184947], [126.86586638211081, 36.280554987454444], [126.8667646482628, 36.28032406426936]]}}, {"type": "Feature", "properties": {"proposal_id": "visible-line-134", "tile_id": "173-buyeo-labels", "sheet_id": "173-buyeo", "split": "development", "proposal_kind": "visible_linework_review_only", "backend": "grayscale_ridge_v1_skeleton_v1", "pixel_length": 19.657, "point_count": 6, "confidence": 0.6834, "review_status": "unreviewed"}, "geometry": {"type": "LineString", "coordinates": [[126.8659136592767, 36.271472008841165], [126.8659136592767, 36.271202598458565], [126.8659609364426, 36.27116411126105], [126.8659136592767, 36.27104864966851], [126.8659609364426, 36.27085621368094], [126.8659136592767, 36.270779239285915]]}}, {"type": "Feature", "properties": {"proposal_id": "visible-line-135", "tile_id": "173-buyeo-labels", "sheet_id": "173-buyeo", "split": "development", "proposal_kind": "visible_linework_review_only", "backend": "grayscale_ridge_v1_skeleton_v1", "pixel_length": 34.113, "point_count": 2, "confidence": 0.6716, "review_status": "unreviewed"}, "geometry": {"type": "LineString", "coordinates": [[126.86605549077439, 36.29725843117547], [126.86709558842406, 36.29629625123762]]}}, {"type": "Feature", "properties": {"proposal_id": "visible-line-136", "tile_id": "173-buyeo-labels", "sheet_id": "173-buyeo", "split": "development", "proposal_kind": "visible_linework_review_only", "backend": "grayscale_ridge_v1_skeleton_v1", "pixel_length": 53.184, "point_count": 5, "confidence": 0.7483, "review_status": "unreviewed"}, "geometry": {"type": "LineString", "coordinates": [[126.86610276794028, 36.29910581665614], [126.86652826243333, 36.298913380668566], [126.8676156372489, 36.2981821239158], [126.86794657741017, 36.298066662323265], [126.86808840890785, 36.298066662323265]]}}, {"type": "Feature", "properties": {"proposal_id": "visible-line-137", "tile_id": "173-buyeo-labels", "sheet_id": "173-buyeo", "split": "development", "proposal_kind": "visible_linework_review_only", "backend": "grayscale_ridge_v1_skeleton_v1", "pixel_length": 20.485, "point_count": 6, "confidence": 0.6867, "review_status": "unreviewed"}, "geometry": {"type": "LineString", "coordinates": [[126.86624459943796, 36.2707407520884], [126.86633915376976, 36.2707407520884], [126.86643370810154, 36.27081772648343], [126.86638643093565, 36.271202598458565], [126.86633915376976, 36.27124108565608], [126.86643370810154, 36.27135654724862]]}}, {"type": "Feature", "properties": {"proposal_id": "visible-line-138", "tile_id": "173-buyeo-labels", "sheet_id": "173-buyeo", "split": "development", "proposal_kind": "visible_linework_review_only", "backend": "grayscale_ridge_v1_skeleton_v1", "pixel_length": 19.971, "point_count": 2, "confidence": 0.7311, "review_status": "unreviewed"}, "geometry": {"type": "LineString", "coordinates": [[126.86629187660385, 36.29741237996553], [126.8668592025946, 36.296835072002814]]}}, {"type": "Feature", "properties": {"proposal_id": "visible-line-139", "tile_id": "173-buyeo-labels", "sheet_id": "173-buyeo", "split": "development", "proposal_kind": "visible_linework_review_only", "backend": "grayscale_ridge_v1_skeleton_v1", "pixel_length": 33.627, "point_count": 7, "confidence": 0.7178, "review_status": "unreviewed"}, "geometry": {"type": "LineString", "coordinates": [[126.86690647976049, 36.29837455990337], [126.86733197425353, 36.298066662323265], [126.86771019158068, 36.29787422633569], [126.86794657741017, 36.29787422633569], [126.86799385457606, 36.29783573913818], [126.86813568607374, 36.29787422633569], [126.86818296323963, 36.29783573913818]]}}, {"type": "Feature", "properties": {"proposal_id": "visible-line-140", "tile_id": "173-buyeo-labels", "sheet_id": "173-buyeo", "split": "development", "proposal_kind": "visible_linework_review_only", "backend": "grayscale_ridge_v1_skeleton_v1", "pixel_length": 139.409, "point_count": 11, "confidence": 0.6866, "review_status": "unreviewed"}, "geometry": {"type": "LineString", "coordinates": [[126.86704831125817, 36.29664263601525], [126.86737925141944, 36.29637322563265], [126.86775746874659, 36.29594986646], [126.86832479473732, 36.29544953289232], [126.868466626235, 36.29525709690475], [126.86960127821646, 36.29421794257187], [126.86997949554362, 36.29379458339922], [126.8701686042072, 36.29340971142408], [126.8701686042072, 36.29314030104148], [126.8702158813731, 36.29310181384397], [126.87002677270952, 36.29240904428872]]}}, {"type": "Feature", "properties": {"proposal_id": "visible-line-141", "tile_id": "173-buyeo-labels", "sheet_id": "173-buyeo", "split": "development", "proposal_kind": "visible_linework_review_only", "backend": "grayscale_ridge_v1_skeleton_v1", "pixel_length": 99.024, "point_count": 4, "confidence": 0.6776, "review_status": "unreviewed"}, "geometry": {"type": "LineString", "coordinates": [[126.86719014275585, 36.29618078964508], [126.86960127821646, 36.29387155779425], [126.86983766404593, 36.29356366021414], [126.86993221837773, 36.29329424983154]]}}, {"type": "Feature", "properties": {"proposal_id": "visible-line-142", "tile_id": "173-buyeo-labels", "sheet_id": "173-buyeo", "split": "development", "proposal_kind": "visible_linework_review_only", "backend": "grayscale_ridge_v1_skeleton_v1", "pixel_length": 21.657, "point_count": 4, "confidence": 0.7191, "review_status": "unreviewed"}, "geometry": {"type": "LineString", "coordinates": [[126.86719014275585, 36.2693552129779], [126.86752108291711, 36.26943218737293], [126.86789930024426, 36.26943218737293], [126.86813568607374, 36.26950916176796]]}}, {"type": "Feature", "properties": {"proposal_id": "visible-line-143", "tile_id": "173-buyeo-labels", "sheet_id": "173-buyeo", "split": "development", "proposal_kind": "visible_linework_review_only", "backend": "grayscale_ridge_v1_skeleton_v1", "pixel_length": 21.971, "point_count": 2, "confidence": 0.7521, "review_status": "unreviewed"}, "geometry": {"type": "LineString", "coordinates": [[126.86723741992175, 36.2995676630263], [126.86804113174195, 36.29910581665614]]}}, {"type": "Feature", "properties": {"proposal_id": "visible-line-144", "tile_id": "173-buyeo-labels", "sheet_id": "173-buyeo", "split": "development", "proposal_kind": "visible_linework_review_only", "backend": "grayscale_ridge_v1_skeleton_v1", "pixel_length": 46.042, "point_count": 8, "confidence": 0.668, "review_status": "unreviewed"}, "geometry": {"type": "LineString", "coordinates": [[126.86771019158068, 36.26970159775552], [126.86785202307837, 36.26966311055801], [126.86818296323963, 36.269740084953035], [126.8684193490691, 36.26985554654558], [126.86884484356216, 36.26997100813812], [126.86922306088931, 36.27016344412569], [126.86945944671878, 36.27020193132321], [126.86955400105057, 36.270278905718236]]}}, {"type": "Feature", "properties": {"proposal_id": "visible-line-145", "tile_id": "173-buyeo-labels", "sheet_id": "173-buyeo", "split": "development", "proposal_kind": "visible_linework_review_only", "backend": "grayscale_ridge_v1_skeleton_v1", "pixel_length": 39.627, "point_count": 6, "confidence": 0.7332, "review_status": "unreviewed"}, "geometry": {"type": "LineString", "coordinates": [[126.86813568607374, 36.28232539854008], [126.86823024040552, 36.28240237293511], [126.86879756639627, 36.282594808922674], [126.86893939789394, 36.28247934733014], [126.86903395222573, 36.28213296255251], [126.86870301206447, 36.28197901376245]]}}, {"type": "Feature", "properties": {"proposal_id": "visible-line-146", "tile_id": "173-buyeo-labels", "sheet_id": "173-buyeo", "split": "development", "proposal_kind": "visible_linework_review_only", "backend": "grayscale_ridge_v1_skeleton_v1", "pixel_length": 20.728, "point_count": 3, "confidence": 0.7416, "review_status": "unreviewed"}, "geometry": {"type": "LineString", "coordinates": [[126.86818296323963, 36.298990355063594], [126.868466626235, 36.298720944681], [126.86860845773269, 36.29833607270586]]}}, {"type": "Feature", "properties": {"proposal_id": "visible-line-147", "tile_id": "173-buyeo-labels", "sheet_id": "173-buyeo", "split": "development", "proposal_kind": "visible_linework_review_only", "backend": "grayscale_ridge_v1_skeleton_v1", "pixel_length": 75.184, "point_count": 4, "confidence": 0.7231, "review_status": "unreviewed"}, "geometry": {"type": "LineString", "coordinates": [[126.86827751757143, 36.269586136162985], [126.86884484356216, 36.269740084953035], [126.87059409870025, 36.270432854508286], [126.87130325618867, 36.27062529049586]]}}, {"type": "Feature", "properties": {"proposal_id": "visible-line-148", "tile_id": "173-buyeo-labels", "sheet_id": "173-buyeo", "split": "development", "proposal_kind": "visible_linework_review_only", "backend": "grayscale_ridge_v1_skeleton_v1", "pixel_length": 24.385, "point_count": 3, "confidence": 0.6457, "review_status": "unreviewed"}, "geometry": {"type": "LineString", "coordinates": [[126.8685139034009, 36.27966978191162], [126.86903395222573, 36.279323397134], [126.86941216955289, 36.27916944834394]]}}, {"type": "Feature", "properties": {"proposal_id": "visible-line-149", "tile_id": "173-buyeo-labels", "sheet_id": "173-buyeo", "split": "development", "proposal_kind": "visible_linework_review_only", "backend": "grayscale_ridge_v1_skeleton_v1", "pixel_length": 56.426, "point_count": 5, "confidence": 0.6926, "review_status": "unreviewed"}, "geometry": {"type": "LineString", "coordinates": [[126.86889212072805, 36.297720277545636], [126.8693176152211, 36.297027507990386], [126.86960127821646, 36.29671961041028], [126.87002677270952, 36.29637322563265], [126.87045226720257, 36.29614230244757]]}}, {"type": "Feature", "properties": {"proposal_id": "visible-line-150", "tile_id": "173-buyeo-labels", "sheet_id": "173-buyeo", "split": "development", "proposal_kind": "visible_linework_review_only", "backend": "grayscale_ridge_v1_skeleton_v1", "pixel_length": 25.728, "point_count": 3, "confidence": 0.6682, "review_status": "unreviewed"}, "geometry": {"type": "LineString", "coordinates": [[126.86912850655752, 36.29795120073072], [126.86941216955289, 36.29791271353321], [126.8701686042072, 36.29760481595309]]}}, {"type": "Feature", "properties": {"proposal_id": "visible-line-151", "tile_id": "173-buyeo-labels", "sheet_id": "173-buyeo", "split": "development", "proposal_kind": "visible_linework_review_only", "backend": "grayscale_ridge_v1_skeleton_v1", "pixel_length": 42.355, "point_count": 4, "confidence": 0.685, "review_status": "unreviewed"}, "geometry": {"type": "LineString", "coordinates": [[126.8692703380552, 36.29664263601525], [126.86997949554362, 36.29606532805254], [126.87049954436846, 36.29575743047243], [126.87078320736383, 36.2956804560774]]}}, {"type": "Feature", "properties": {"proposal_id": "visible-line-152", "tile_id": "173-buyeo-labels", "sheet_id": "173-buyeo", "split": "development", "proposal_kind": "visible_linework_review_only", "backend": "grayscale_ridge_v1_skeleton_v1", "pixel_length": 26.243, "point_count": 3, "confidence": 0.6554, "review_status": "unreviewed"}, "geometry": {"type": "LineString", "coordinates": [[126.86969583254826, 36.29063863320308], [126.86974310971415, 36.290677120400595], [126.86983766404593, 36.29160081314093]]}}, {"type": "Feature", "properties": {"proposal_id": "visible-line-153", "tile_id": "173-buyeo-labels", "sheet_id": "173-buyeo", "split": "development", "proposal_kind": "visible_linework_review_only", "backend": "grayscale_ridge_v1_skeleton_v1", "pixel_length": 18.314, "point_count": 3, "confidence": 0.6814, "review_status": "unreviewed"}, "geometry": {"type": "LineString", "coordinates": [[126.86974310971415, 36.27031739291574], [126.87035771287077, 36.27054831610083], [126.87045226720257, 36.27062529049586]]}}, {"type": "Feature", "properties": {"proposal_id": "visible-line-154", "tile_id": "173-buyeo-labels", "sheet_id": "173-buyeo", "split": "development", "proposal_kind": "visible_linework_review_only", "backend": "grayscale_ridge_v1_skeleton_v1", "pixel_length": 35.213, "point_count": 4, "confidence": 0.7587, "review_status": "unreviewed"}, "geometry": {"type": "LineString", "coordinates": [[126.86993221837773, 36.29791271353321], [126.87002677270952, 36.29791271353321], [126.87087776169561, 36.29748935436055], [126.87130325618867, 36.2973354055705]]}}, {"type": "Feature", "properties": {"proposal_id": "visible-line-155", "tile_id": "173-buyeo-labels", "sheet_id": "173-buyeo", "split": "development", "proposal_kind": "visible_linework_review_only", "backend": "grayscale_ridge_v1_skeleton_v1", "pixel_length": 44.87, "point_count": 38, "confidence": 0.725, "review_status": "unreviewed"}, "geometry": {"type": "LineString", "coordinates": [[126.86993221837773, 36.286635964661635], [126.86993221837773, 36.28659747746412], [126.86993221837773, 36.286558990266606], [126.86993221837773, 36.28652050306909], [126.86997949554362, 36.28648201587158], [126.87002677270952, 36.28644352867407], [126.87007404987541, 36.286405041476556], [126.8701213270413, 36.28636655427904], [126.8701686042072, 36.28632806708153], [126.8702158813731, 36.28632806708153], [126.87026315853899, 36.28632806708153], [126.87031043570488, 36.28632806708153], [126.87035771287077, 36.28632806708153], [126.87040499003668, 36.28636655427904], [126.87045226720257, 36.28636655427904], [126.87049954436846, 36.286405041476556], [126.87054682153435, 36.28644352867407], [126.87054682153435, 36.28648201587158], [126.87059409870025, 36.28652050306909], [126.87059409870025, 36.286558990266606], [126.87059409870025, 36.28659747746412], [126.87059409870025, 36.286635964661635], [126.87054682153435, 36.28667445185915], [126.87054682153435, 36.28671293905666], [126.87049954436846, 36.28675142625418], [126.87045226720257, 36.28678991345169], [126.87040499003668, 36.286828400649206], [126.87035771287077, 36.286828400649206], [126.87031043570488, 36.28686688784672], [126.87026315853899, 36.28686688784672], [126.8702158813731, 36.28686688784672], [126.8701686042072, 36.286828400649206], [126.8701213270413, 36.286828400649206], [126.87007404987541, 36.28678991345169], [126.87002677270952, 36.28675142625418], [126.86997949554362, 36.28671293905666], [126.86997949554362, 36.28667445185915], [126.86993221837773, 36.286635964661635]]}}, {"type": "Feature", "properties": {"proposal_id": "visible-line-156", "tile_id": "173-buyeo-labels", "sheet_id": "173-buyeo", "split": "development", "proposal_kind": "visible_linework_review_only", "backend": "grayscale_ridge_v1_skeleton_v1", "pixel_length": 35.071, "point_count": 4, "confidence": 0.7072, "review_status": "unreviewed"}, "geometry": {"type": "LineString", "coordinates": [[126.86997949554362, 36.279015499553886], [126.87054682153435, 36.27897701235637], [126.87087776169561, 36.279092473948914], [126.87153964201813, 36.27913096114643]]}}, {"type": "Feature", "properties": {"proposal_id": "visible-line-157", "tile_id": "173-buyeo-labels", "sheet_id": "173-buyeo", "split": "development", "proposal_kind": "visible_linework_review_only", "backend": "grayscale_ridge_v1_skeleton_v1", "pixel_length": 43.284, "point_count": 2, "confidence": 0.6546, "review_status": "unreviewed"}, "geometry": {"type": "LineString", "coordinates": [[126.87026315853899, 36.29756632875558], [126.87191785934529, 36.2967965848053]]}}, {"type": "Feature", "properties": {"proposal_id": "visible-line-158", "tile_id": "173-buyeo-labels", "sheet_id": "173-buyeo", "split": "development", "proposal_kind": "visible_linework_review_only", "backend": "grayscale_ridge_v1_skeleton_v1", "pixel_length": 35.698, "point_count": 2, "confidence": 0.699, "review_status": "unreviewed"}, "geometry": {"type": "LineString", "coordinates": [[126.87026315853899, 36.288098478167164], [126.87125597902276, 36.28705932383429]]}}, {"type": "Feature", "properties": {"proposal_id": "visible-line-159", "tile_id": "173-buyeo-labels", "sheet_id": "173-buyeo", "split": "development", "proposal_kind": "visible_linework_review_only", "backend": "grayscale_ridge_v1_skeleton_v1", "pixel_length": 45.77, "point_count": 4, "confidence": 0.7547, "review_status": "unreviewed"}, "geometry": {"type": "LineString", "coordinates": [[126.87040499003668, 36.28832940135225], [126.87078320736383, 36.287829067784564], [126.87135053335456, 36.287328734216885], [126.87163419634993, 36.28698234943926]]}}, {"type": "Feature", "properties": {"proposal_id": "visible-line-160", "tile_id": "173-buyeo-labels", "sheet_id": "173-buyeo", "split": "development", "proposal_kind": "visible_linework_review_only", "backend": "grayscale_ridge_v1_skeleton_v1", "pixel_length": 30.314, "point_count": 5, "confidence": 0.6842, "review_status": "unreviewed"}, "geometry": {"type": "LineString", "coordinates": [[126.87049954436846, 36.27062529049586], [126.87116142469098, 36.27081772648343], [126.87130325618867, 36.27081772648343], [126.87158691918403, 36.27093318807597], [126.8717760278476, 36.27093318807597]]}}, {"type": "Feature", "properties": {"proposal_id": "visible-line-161", "tile_id": "173-buyeo-labels", "sheet_id": "173-buyeo", "split": "development", "proposal_kind": "visible_linework_review_only", "backend": "grayscale_ridge_v1_skeleton_v1", "pixel_length": 157.794, "point_count": 13, "confidence": 0.7161, "review_status": "unreviewed"}, "geometry": {"type": "LineString", "coordinates": [[126.87054682153435, 36.296103815250056], [126.87139781052045, 36.29560348168237], [126.87205969084297, 36.29506466091718], [126.87205969084297, 36.29498768652215], [126.87243790817013, 36.2945643273495], [126.87291067982908, 36.29417945537436], [126.8735725601516, 36.29383307059673], [126.87418716330822, 36.29337122422657], [126.87475448929895, 36.29302483944894], [126.87494359796253, 36.29294786505391], [126.87536909245559, 36.29294786505391], [126.87555820111916, 36.293063326646454], [126.87612552710989, 36.29321727543651]]}}, {"type": "Feature", "properties": {"proposal_id": "visible-line-162", "tile_id": "173-buyeo-labels", "sheet_id": "173-buyeo", "split": "development", "proposal_kind": "visible_linework_review_only", "backend": "grayscale_ridge_v1_skeleton_v1", "pixel_length": 18.485, "point_count": 6, "confidence": 0.6669, "review_status": "unreviewed"}, "geometry": {"type": "LineString", "coordinates": [[126.87087776169561, 36.28667445185915], [126.87087776169561, 36.28644352867407], [126.8709723160274, 36.28636655427904], [126.87106687035919, 36.28636655427904], [126.87116142469098, 36.28644352867407], [126.87106687035919, 36.28659747746412]]}}, {"type": "Feature", "properties": {"proposal_id": "visible-line-163", "tile_id": "173-buyeo-labels", "sheet_id": "173-buyeo", "split": "development", "proposal_kind": "visible_linework_review_only", "backend": "grayscale_ridge_v1_skeleton_v1", "pixel_length": 107.095, "point_count": 7, "confidence": 0.7047, "review_status": "unreviewed"}, "geometry": {"type": "LineString", "coordinates": [[126.8709723160274, 36.295564994484856], [126.87153964201813, 36.29518012250972], [126.8718233050135, 36.294872224929605], [126.8718705821794, 36.294718276139555], [126.87257973966781, 36.29406399378182], [126.8735252829857, 36.29356366021414], [126.8744708263036, 36.29287089065889]]}}, {"type": "Feature", "properties": {"proposal_id": "visible-line-164", "tile_id": "173-buyeo-labels", "sheet_id": "173-buyeo", "split": "development", "proposal_kind": "visible_linework_review_only", "backend": "grayscale_ridge_v1_skeleton_v1", "pixel_length": 46.698, "point_count": 2, "confidence": 0.7235, "review_status": "unreviewed"}, "geometry": {"type": "LineString", "coordinates": [[126.87139781052045, 36.29725843117547], [126.87319434282443, 36.29645020002768]]}}, {"type": "Feature", "properties": {"proposal_id": "visible-line-165", "tile_id": "173-buyeo-labels", "sheet_id": "173-buyeo", "split": "development", "proposal_kind": "visible_linework_review_only", "backend": "grayscale_ridge_v1_skeleton_v1", "pixel_length": 28.314, "point_count": 2, "confidence": 0.6142, "review_status": "unreviewed"}, "geometry": {"type": "LineString", "coordinates": [[126.87139781052045, 36.282787244910246], [126.8717760278476, 36.2818250649724]]}}, {"type": "Feature", "properties": {"proposal_id": "visible-line-166", "tile_id": "173-buyeo-labels", "sheet_id": "173-buyeo", "split": "development", "proposal_kind": "visible_linework_review_only", "backend": "grayscale_ridge_v1_skeleton_v1", "pixel_length": 75.083, "point_count": 6, "confidence": 0.6848, "review_status": "unreviewed"}, "geometry": {"type": "LineString", "coordinates": [[126.87144508768635, 36.260734080734785], [126.87172875068171, 36.26134987589501], [126.87229607667244, 36.26185020946269], [126.8727215711655, 36.26208113264777], [126.8734780058198, 36.26231205583286], [126.87380894598107, 36.262466004622915]]}}, {"type": "Feature", "properties": {"proposal_id": "visible-line-167", "tile_id": "173-buyeo-labels", "sheet_id": "173-buyeo", "split": "development", "proposal_kind": "visible_linework_review_only", "backend": "grayscale_ridge_v1_skeleton_v1", "pixel_length": 58.113, "point_count": 5, "confidence": 0.6812, "review_status": "unreviewed"}, "geometry": {"type": "LineString", "coordinates": [[126.87168147351582, 36.279092473948914], [126.87229607667244, 36.279092473948914], [126.87267429399961, 36.27920793554146], [126.87324161999034, 36.278669114776264], [126.8735725601516, 36.27813029401106]]}}, {"type": "Feature", "properties": {"proposal_id": "visible-line-168", "tile_id": "173-buyeo-labels", "sheet_id": "173-buyeo", "split": "development", "proposal_kind": "visible_linework_review_only", "backend": "grayscale_ridge_v1_skeleton_v1", "pixel_length": 60.728, "point_count": 10, "confidence": 0.6834, "review_status": "unreviewed"}, "geometry": {"type": "LineString", "coordinates": [[126.87191785934529, 36.27097167527348], [126.87220152234066, 36.27104864966851], [126.87286340266319, 36.27108713686602], [126.87291067982908, 36.27112562406354], [126.87328889715623, 36.27108713686602], [126.87333617432212, 36.27112562406354], [126.87390350031285, 36.27112562406354], [126.87395077747875, 36.27116411126105], [126.87399805464464, 36.27112562406354], [126.87461265780126, 36.27116411126105]]}}, {"type": "Feature", "properties": {"proposal_id": "visible-line-169", "tile_id": "173-buyeo-labels", "sheet_id": "173-buyeo", "split": "development", "proposal_kind": "visible_linework_review_only", "backend": "grayscale_ridge_v1_skeleton_v1", "pixel_length": 66.314, "point_count": 7, "confidence": 0.6724, "review_status": "unreviewed"}, "geometry": {"type": "LineString", "coordinates": [[126.87191785934529, 36.270779239285915], [126.87229607667244, 36.27081772648343], [126.87234335383835, 36.27085621368094], [126.87276884833139, 36.27085621368094], [126.87281612549728, 36.27089470087846], [126.87451810346948, 36.27093318807597], [126.87489632079664, 36.27101016247099]]}}, {"type": "Feature", "properties": {"proposal_id": "visible-line-170", "tile_id": "173-buyeo-labels", "sheet_id": "173-buyeo", "split": "development", "proposal_kind": "visible_linework_review_only", "backend": "grayscale_ridge_v1_skeleton_v1", "pixel_length": 26.971, "point_count": 3, "confidence": 0.6721, "review_status": "unreviewed"}, "geometry": {"type": "LineString", "coordinates": [[126.87205969084297, 36.29671961041028], [126.87248518533602, 36.29656566162022], [126.87309978849265, 36.29625776404011]]}}, {"type": "Feature", "properties": {"proposal_id": "visible-line-171", "tile_id": "173-buyeo-labels", "sheet_id": "173-buyeo", "split": "development", "proposal_kind": "visible_linework_review_only", "backend": "grayscale_ridge_v1_skeleton_v1", "pixel_length": 19.142, "point_count": 3, "confidence": 0.652, "review_status": "unreviewed"}, "geometry": {"type": "LineString", "coordinates": [[126.87267429399961, 36.27963129471411], [126.87291067982908, 36.279284909936486], [126.87319434282443, 36.279092473948914]]}}, {"type": "Feature", "properties": {"proposal_id": "visible-line-172", "tile_id": "173-buyeo-labels", "sheet_id": "173-buyeo", "split": "development", "proposal_kind": "visible_linework_review_only", "backend": "grayscale_ridge_v1_skeleton_v1", "pixel_length": 28.314, "point_count": 9, "confidence": 0.6655, "review_status": "unreviewed"}, "geometry": {"type": "LineString", "coordinates": [[126.87281612549728, 36.28224842414505], [126.87286340266319, 36.28201750095997], [126.87295795699497, 36.28194052656494], [126.87295795699497, 36.28170960337986], [126.87291067982908, 36.281671116182345], [126.87295795699497, 36.2815556545898], [126.87305251132676, 36.28147868019477], [126.87324161999034, 36.28147868019477], [126.87328889715623, 36.28151716739229]]}}, {"type": "Feature", "properties": {"proposal_id": "visible-line-173", "tile_id": "173-buyeo-labels", "sheet_id": "173-buyeo", "split": "development", "proposal_kind": "visible_linework_review_only", "backend": "grayscale_ridge_v1_skeleton_v1", "pixel_length": 18.243, "point_count": 5, "confidence": 0.759, "review_status": "unreviewed"}, "geometry": {"type": "LineString", "coordinates": [[126.87314706565854, 36.283556988860525], [126.87319434282443, 36.28351850166301], [126.87319434282443, 36.28332606567544], [126.87314706565854, 36.283287578477925], [126.87319434282443, 36.28290270650279]]}}, {"type": "Feature", "properties": {"proposal_id": "visible-line-174", "tile_id": "173-buyeo-labels", "sheet_id": "173-buyeo", "split": "development", "proposal_kind": "visible_linework_review_only", "backend": "grayscale_ridge_v1_skeleton_v1", "pixel_length": 60.113, "point_count": 10, "confidence": 0.7496, "review_status": "unreviewed"}, "geometry": {"type": "LineString", "coordinates": [[126.87319434282443, 36.279092473948914], [126.87333617432212, 36.27920793554146], [126.87338345148802, 36.279438858726536], [126.87376166881518, 36.27974675630665], [126.87395077747875, 36.27982373070168], [126.87413988614233, 36.27982373070168], [126.87432899480591, 36.27990070509671], [126.87461265780126, 36.27993919229422], [126.87494359796253, 36.27974675630665], [126.87536909245559, 36.27974675630665]]}}, {"type": "Feature", "properties": {"proposal_id": "visible-line-175", "tile_id": "173-buyeo-labels", "sheet_id": "173-buyeo", "split": "development", "proposal_kind": "visible_linework_review_only", "backend": "grayscale_ridge_v1_skeleton_v1", "pixel_length": 42.527, "point_count": 3, "confidence": 0.7418, "review_status": "unreviewed"}, "geometry": {"type": "LineString", "coordinates": [[126.87328889715623, 36.296411712830164], [126.8743762719718, 36.29587289206497], [126.87484904363075, 36.29552650728734]]}}, {"type": "Feature", "properties": {"proposal_id": "visible-line-176", "tile_id": "173-buyeo-labels", "sheet_id": "173-buyeo", "split": "development", "proposal_kind": "visible_linework_review_only", "backend": "grayscale_ridge_v1_skeleton_v1", "pixel_length": 19.728, "point_count": 2, "confidence": 0.7197, "review_status": "unreviewed"}, "geometry": {"type": "LineString", "coordinates": [[126.87333617432212, 36.27890003796134], [126.87376166881518, 36.27828424280112]]}}, {"type": "Feature", "properties": {"proposal_id": "visible-line-177", "tile_id": "173-buyeo-labels", "sheet_id": "173-buyeo", "split": "development", "proposal_kind": "visible_linework_review_only", "backend": "grayscale_ridge_v1_skeleton_v1", "pixel_length": 184.966, "point_count": 14, "confidence": 0.7044, "review_status": "unreviewed"}, "geometry": {"type": "LineString", "coordinates": [[126.87390350031285, 36.29587289206497], [126.87423444047411, 36.29571894327491], [126.87484904363075, 36.29525709690475], [126.87541636962148, 36.29467978894204], [126.87579458694863, 36.29414096817685], [126.87626735860758, 36.293756096201705], [126.87749656492083, 36.29348668581911], [126.87815844524336, 36.29321727543651], [126.87825299957514, 36.29314030104148], [126.87834755390693, 36.29314030104148], [126.87924582005893, 36.292562993078775], [126.87962403738608, 36.29244753148623], [126.88038047204039, 36.29244753148623], [126.88052230353807, 36.292293582696175]]}}, {"type": "Feature", "properties": {"proposal_id": "visible-line-178", "tile_id": "173-buyeo-labels", "sheet_id": "173-buyeo", "split": "development", "proposal_kind": "visible_linework_review_only", "backend": "grayscale_ridge_v1_skeleton_v1", "pixel_length": 20.657, "point_count": 4, "confidence": 0.6273, "review_status": "unreviewed"}, "geometry": {"type": "LineString", "coordinates": [[126.87418716330822, 36.289560991672694], [126.87428171764002, 36.28944553008015], [126.87428171764002, 36.28894519651247], [126.87418716330822, 36.28882973491993]]}}, {"type": "Feature", "properties": {"proposal_id": "visible-line-179", "tile_id": "173-buyeo-labels", "sheet_id": "173-buyeo", "split": "development", "proposal_kind": "visible_linework_review_only", "backend": "grayscale_ridge_v1_skeleton_v1", "pixel_length": 25.728, "point_count": 2, "confidence": 0.6726, "review_status": "unreviewed"}, "geometry": {"type": "LineString", "coordinates": [[126.87418716330822, 36.27701416528316], [126.87461265780126, 36.276167446937855]]}}, {"type": "Feature", "properties": {"proposal_id": "visible-line-180", "tile_id": "173-buyeo-labels", "sheet_id": "173-buyeo", "split": "development", "proposal_kind": "visible_linework_review_only", "backend": "grayscale_ridge_v1_skeleton_v1", "pixel_length": 55.698, "point_count": 5, "confidence": 0.6794, "review_status": "unreviewed"}, "geometry": {"type": "LineString", "coordinates": [[126.87428171764002, 36.27732206286328], [126.87480176646486, 36.27639837012294], [126.87480176646486, 36.2762829085304], [126.87503815229432, 36.275744087765204], [126.87527453812379, 36.27551316458012]]}}, {"type": "Feature", "properties": {"proposal_id": "visible-line-181", "tile_id": "173-buyeo-labels", "sheet_id": "173-buyeo", "split": "development", "proposal_kind": "visible_linework_review_only", "backend": "grayscale_ridge_v1_skeleton_v1", "pixel_length": 35.142, "point_count": 6, "confidence": 0.6775, "review_status": "unreviewed"}, "geometry": {"type": "LineString", "coordinates": [[126.87465993496717, 36.29275542906635], [126.87489632079664, 36.29267845467132], [126.87517998379201, 36.29267845467132], [126.87555820111916, 36.29279391626386], [126.87584186411452, 36.29294786505391], [126.87612552710989, 36.292986352251425]]}}, {"type": "Feature", "properties": {"proposal_id": "visible-line-182", "tile_id": "173-buyeo-labels", "sheet_id": "173-buyeo", "split": "development", "proposal_kind": "visible_linework_review_only", "backend": "grayscale_ridge_v1_skeleton_v1", "pixel_length": 31.456, "point_count": 3, "confidence": 0.7263, "review_status": "unreviewed"}, "geometry": {"type": "LineString", "coordinates": [[126.87499087512843, 36.295411045694806], [126.87527453812379, 36.29518012250972], [126.87584186411452, 36.29448735295447]]}}, {"type": "Feature", "properties": {"proposal_id": "visible-line-183", "tile_id": "173-buyeo-labels", "sheet_id": "173-buyeo", "split": "development", "proposal_kind": "visible_linework_review_only", "backend": "grayscale_ridge_v1_skeleton_v1", "pixel_length": 55.971, "point_count": 7, "confidence": 0.662, "review_status": "unreviewed"}, "geometry": {"type": "LineString", "coordinates": [[126.87503815229432, 36.27101016247099], [126.87570003261685, 36.27108713686602], [126.87574730978274, 36.27112562406354], [126.87631463577347, 36.27112562406354], [126.87636191293936, 36.27108713686602], [126.87674013026653, 36.27104864966851], [126.87744928775494, 36.270779239285915]]}}, {"type": "Feature", "properties": {"proposal_id": "visible-line-184", "tile_id": "173-buyeo-labels", "sheet_id": "173-buyeo", "split": "development", "proposal_kind": "visible_linework_review_only", "backend": "grayscale_ridge_v1_skeleton_v1", "pixel_length": 48.456, "point_count": 11, "confidence": 0.6494, "review_status": "unreviewed"}, "geometry": {"type": "LineString", "coordinates": [[126.87527453812379, 36.275474677382604], [126.87527453812379, 36.275320728592554], [126.87546364678737, 36.27508980540747], [126.87546364678737, 36.27501283101244], [126.87565275545094, 36.27478190782736], [126.87570003261685, 36.2746279590373], [126.87584186411452, 36.27451249744476], [126.876078249944, 36.274550984642275], [126.87626735860758, 36.2743585486547], [126.87626735860758, 36.274204599864646], [126.87617280427578, 36.27416611266714]]}}, {"type": "Feature", "properties": {"proposal_id": "visible-line-185", "tile_id": "173-buyeo-labels", "sheet_id": "173-buyeo", "split": "development", "proposal_kind": "visible_linework_review_only", "backend": "grayscale_ridge_v1_skeleton_v1", "pixel_length": 18.828, "point_count": 4, "confidence": 0.6912, "review_status": "unreviewed"}, "geometry": {"type": "LineString", "coordinates": [[126.87570003261685, 36.28005465388676], [126.87570003261685, 36.27947734592405], [126.87574730978274, 36.279438858726536], [126.87570003261685, 36.27936188433151]]}}, {"type": "Feature", "properties": {"proposal_id": "visible-line-186", "tile_id": "173-buyeo-labels", "sheet_id": "173-buyeo", "split": "development", "proposal_kind": "visible_linework_review_only", "backend": "grayscale_ridge_v1_skeleton_v1", "pixel_length": 21.899, "point_count": 3, "confidence": 0.6133, "review_status": "unreviewed"}, "geometry": {"type": "LineString", "coordinates": [[126.87574730978274, 36.26312028698065], [126.876078249944, 36.263158774178166], [126.87664557593473, 36.263389697363245]]}}, {"type": "Feature", "properties": {"proposal_id": "visible-line-187", "tile_id": "173-buyeo-labels", "sheet_id": "173-buyeo", "split": "development", "proposal_kind": "visible_linework_review_only", "backend": "grayscale_ridge_v1_skeleton_v1", "pixel_length": 25.142, "point_count": 7, "confidence": 0.633, "review_status": "unreviewed"}, "geometry": {"type": "LineString", "coordinates": [[126.87584186411452, 36.28906065810501], [126.87588914128042, 36.2890221709075], [126.87603097277811, 36.28906065810501], [126.87612552710989, 36.28933006848761], [126.87622008144169, 36.28940704288264], [126.87640919010526, 36.289484017277665], [126.87659829876884, 36.28940704288264]]}}, {"type": "Feature", "properties": {"proposal_id": "visible-line-188", "tile_id": "173-buyeo-labels", "sheet_id": "173-buyeo", "split": "development", "proposal_kind": "visible_linework_review_only", "backend": "grayscale_ridge_v1_skeleton_v1", "pixel_length": 83.669, "point_count": 8, "confidence": 0.7304, "review_status": "unreviewed"}, "geometry": {"type": "LineString", "coordinates": [[126.87593641844632, 36.294371891361926], [126.87612552710989, 36.29414096817685], [126.87645646727115, 36.29391004499176], [126.87721290192546, 36.29379458339922], [126.87792205941388, 36.293525173016626], [126.87801661374567, 36.293525173016626], [126.87886760273177, 36.293063326646454], [126.87915126572713, 36.29310181384397]]}}, {"type": "Feature", "properties": {"proposal_id": "visible-line-189", "tile_id": "173-buyeo-labels", "sheet_id": "173-buyeo", "split": "development", "proposal_kind": "visible_linework_review_only", "backend": "grayscale_ridge_v1_skeleton_v1", "pixel_length": 80.284, "point_count": 11, "confidence": 0.6775, "review_status": "unreviewed"}, "geometry": {"type": "LineString", "coordinates": [[126.87612552710989, 36.27131806005111], [126.87622008144169, 36.27135654724862], [126.87626735860758, 36.27131806005111], [126.87674013026653, 36.271279572853594], [126.87721290192546, 36.27108713686602], [126.87787478224799, 36.27089470087846], [126.87844210823872, 36.27089470087846], [126.8785839397364, 36.27101016247099], [126.87905671139535, 36.27097167527348], [126.87919854289302, 36.27108713686602], [126.87952948305428, 36.27108713686602]]}}, {"type": "Feature", "properties": {"proposal_id": "visible-line-190", "tile_id": "173-buyeo-labels", "sheet_id": "173-buyeo", "split": "development", "proposal_kind": "visible_linework_review_only", "backend": "grayscale_ridge_v1_skeleton_v1", "pixel_length": 28.456, "point_count": 3, "confidence": 0.6765, "review_status": "unreviewed"}, "geometry": {"type": "LineString", "coordinates": [[126.87622008144169, 36.27374275349448], [126.8768819617642, 36.273165445531774], [126.87716562475957, 36.27301149674172]]}}, {"type": "Feature", "properties": {"proposal_id": "visible-line-191", "tile_id": "173-buyeo-labels", "sheet_id": "173-buyeo", "split": "development", "proposal_kind": "visible_linework_review_only", "backend": "grayscale_ridge_v1_skeleton_v1", "pixel_length": 20.142, "point_count": 3, "confidence": 0.5928, "review_status": "unreviewed"}, "geometry": {"type": "LineString", "coordinates": [[126.87626735860758, 36.26616077558425], [126.87669285310062, 36.26600682679419], [126.87702379326188, 36.26577590360911]]}}, {"type": "Feature", "properties": {"proposal_id": "visible-line-192", "tile_id": "173-buyeo-labels", "sheet_id": "173-buyeo", "split": "development", "proposal_kind": "visible_linework_review_only", "backend": "grayscale_ridge_v1_skeleton_v1", "pixel_length": 18.243, "point_count": 3, "confidence": 0.705, "review_status": "unreviewed"}, "geometry": {"type": "LineString", "coordinates": [[126.87655102160294, 36.27578257496272], [126.87664557593473, 36.27585954935775], [126.87659829876884, 36.276436857320455]]}}, {"type": "Feature", "properties": {"proposal_id": "visible-line-193", "tile_id": "173-buyeo-labels", "sheet_id": "173-buyeo", "split": "development", "proposal_kind": "visible_linework_review_only", "backend": "grayscale_ridge_v1_skeleton_v1", "pixel_length": 19.657, "point_count": 3, "confidence": 0.5835, "review_status": "unreviewed"}, "geometry": {"type": "LineString", "coordinates": [[126.8768819617642, 36.291100479573245], [126.876976516096, 36.2909850179807], [126.87707107042777, 36.290407710017995]]}}, {"type": "Feature", "properties": {"proposal_id": "visible-line-194", "tile_id": "173-buyeo-labels", "sheet_id": "173-buyeo", "split": "development", "proposal_kind": "visible_linework_review_only", "backend": "grayscale_ridge_v1_skeleton_v1", "pixel_length": 21.314, "point_count": 3, "confidence": 0.6978, "review_status": "unreviewed"}, "geometry": {"type": "LineString", "coordinates": [[126.87730745625726, 36.27293452234669], [126.87763839641852, 36.272857547951666], [126.87815844524336, 36.27262662476658]]}}, {"type": "Feature", "properties": {"proposal_id": "visible-line-195", "tile_id": "173-buyeo-labels", "sheet_id": "173-buyeo", "split": "development", "proposal_kind": "visible_linework_review_only", "backend": "grayscale_ridge_v1_skeleton_v1", "pixel_length": 18.899, "point_count": 6, "confidence": 0.6406, "review_status": "unreviewed"}, "geometry": {"type": "LineString", "coordinates": [[126.87735473342315, 36.29033073562297], [126.87740201058904, 36.29021527403043], [126.87754384208672, 36.29009981243789], [126.8778275050821, 36.29006132524037], [126.87792205941388, 36.2901382996354], [126.87792205941388, 36.29021527403043]]}}, {"type": "Feature", "properties": {"proposal_id": "visible-line-196", "tile_id": "173-buyeo-labels", "sheet_id": "173-buyeo", "split": "development", "proposal_kind": "visible_linework_review_only", "backend": "grayscale_ridge_v1_skeleton_v1", "pixel_length": 18.485, "point_count": 5, "confidence": 0.707, "review_status": "unreviewed"}, "geometry": {"type": "LineString", "coordinates": [[126.87740201058904, 36.27451249744476], [126.87778022791619, 36.274474010247246], [126.87792205941388, 36.27458947183979], [126.87801661374567, 36.27458947183979], [126.87811116807745, 36.27470493343233]]}}, {"type": "Feature", "properties": {"proposal_id": "visible-line-197", "tile_id": "173-buyeo-labels", "sheet_id": "173-buyeo", "split": "development", "proposal_kind": "visible_linework_review_only", "backend": "grayscale_ridge_v1_skeleton_v1", "pixel_length": 22.899, "point_count": 7, "confidence": 0.6332, "review_status": "unreviewed"}, "geometry": {"type": "LineString", "coordinates": [[126.87740201058904, 36.265275570041425], [126.87744928775494, 36.26531405723894], [126.87744928775494, 36.265468006028996], [126.87759111925261, 36.265544980424025], [126.87768567358441, 36.265737416411596], [126.87763839641852, 36.26589136520165], [126.87749656492083, 36.26592985239916]]}}, {"type": "Feature", "properties": {"proposal_id": "visible-line-198", "tile_id": "173-buyeo-labels", "sheet_id": "173-buyeo", "split": "development", "proposal_kind": "visible_linework_review_only", "backend": "grayscale_ridge_v1_skeleton_v1", "pixel_length": 23.142, "point_count": 5, "confidence": 0.6771, "review_status": "unreviewed"}, "geometry": {"type": "LineString", "coordinates": [[126.87744928775494, 36.27312695833426], [126.87749656492083, 36.273088471136745], [126.87759111925261, 36.27312695833426], [126.8777329507503, 36.27301149674172], [126.87834755390693, 36.27281906075415]]}}, {"type": "Feature", "properties": {"proposal_id": "visible-line-199", "tile_id": "173-buyeo-labels", "sheet_id": "173-buyeo", "split": "development", "proposal_kind": "visible_linework_review_only", "backend": "grayscale_ridge_v1_skeleton_v1", "pixel_length": 25.657, "point_count": 3, "confidence": 0.6482, "review_status": "unreviewed"}, "geometry": {"type": "LineString", "coordinates": [[126.87768567358441, 36.2707407520884], [126.87806389091156, 36.27066377769337], [126.87882032556587, 36.2707407520884]]}}, {"type": "Feature", "properties": {"proposal_id": "visible-line-200", "tile_id": "173-buyeo-labels", "sheet_id": "173-buyeo", "split": "development", "proposal_kind": "visible_linework_review_only", "backend": "grayscale_ridge_v1_skeleton_v1", "pixel_length": 86.083, "point_count": 12, "confidence": 0.6929, "review_status": "unreviewed"}, "geometry": {"type": "LineString", "coordinates": [[126.87778022791619, 36.279323397134], [126.87792205941388, 36.27920793554146], [126.87820572240925, 36.279092473948914], [126.87872577123409, 36.2790539867514], [126.87896215706355, 36.27920793554146], [126.87910398856124, 36.27947734592405], [126.8794349287225, 36.27966978191162], [126.87995497754734, 36.27966978191162], [126.88038047204039, 36.279977679491736], [126.88071141220165, 36.28009314108427], [126.88090052086523, 36.27993919229422], [126.88090052086523, 36.27986221789919]]}}, {"type": "Feature", "properties": {"proposal_id": "visible-line-201", "tile_id": "173-buyeo-labels", "sheet_id": "173-buyeo", "split": "development", "proposal_kind": "visible_linework_review_only", "backend": "grayscale_ridge_v1_skeleton_v1", "pixel_length": 21.556, "point_count": 2, "confidence": 0.6732, "review_status": "unreviewed"}, "geometry": {"type": "LineString", "coordinates": [[126.87778022791619, 36.26392851812844], [126.8785839397364, 36.264351877301095]]}}, {"type": "Feature", "properties": {"proposal_id": "visible-line-202", "tile_id": "173-buyeo-labels", "sheet_id": "173-buyeo", "split": "development", "proposal_kind": "visible_linework_review_only", "backend": "grayscale_ridge_v1_skeleton_v1", "pixel_length": 22.899, "point_count": 5, "confidence": 0.7369, "review_status": "unreviewed"}, "geometry": {"type": "LineString", "coordinates": [[126.87796933657977, 36.26719992991712], [126.87815844524336, 36.26681505794198], [126.87825299957514, 36.266738083546954], [126.87825299957514, 36.2665841347569], [126.87806389091156, 36.26654564755938]]}}, {"type": "Feature", "properties": {"proposal_id": "visible-line-203", "tile_id": "173-buyeo-labels", "sheet_id": "173-buyeo", "split": "development", "proposal_kind": "visible_linework_review_only", "backend": "grayscale_ridge_v1_skeleton_v1", "pixel_length": 30.556, "point_count": 7, "confidence": 0.7152, "review_status": "unreviewed"}, "geometry": {"type": "LineString", "coordinates": [[126.8785839397364, 36.26689203233701], [126.87872577123409, 36.26689203233701], [126.87896215706355, 36.26677657074447], [126.87919854289302, 36.266738083546954], [126.8794822058884, 36.26654564755938], [126.87962403738608, 36.26650716036187], [126.87981314604966, 36.26654564755938]]}}, {"type": "Feature", "properties": {"proposal_id": "visible-line-204", "tile_id": "173-buyeo-labels", "sheet_id": "173-buyeo", "split": "development", "proposal_kind": "visible_linework_review_only", "backend": "grayscale_ridge_v1_skeleton_v1", "pixel_length": 22.899, "point_count": 3, "confidence": 0.6667, "review_status": "unreviewed"}, "geometry": {"type": "LineString", "coordinates": [[126.87872577123409, 36.26439036449861], [126.87905671139535, 36.26454431328866], [126.87967131455197, 36.2646597748812]]}}, {"type": "Feature", "properties": {"proposal_id": "visible-line-205", "tile_id": "173-buyeo-labels", "sheet_id": "173-buyeo", "split": "development", "proposal_kind": "visible_linework_review_only", "backend": "grayscale_ridge_v1_skeleton_v1", "pixel_length": 39.87, "point_count": 3, "confidence": 0.6766, "review_status": "unreviewed"}, "geometry": {"type": "LineString", "coordinates": [[126.87905671139535, 36.28890670931496], [126.87995497754734, 36.28817545256219], [126.88052230353807, 36.28813696536468]]}}, {"type": "Feature", "properties": {"proposal_id": "visible-line-206", "tile_id": "173-buyeo-labels", "sheet_id": "173-buyeo", "split": "development", "proposal_kind": "visible_linework_review_only", "backend": "grayscale_ridge_v1_skeleton_v1", "pixel_length": 120.296, "point_count": 11, "confidence": 0.697, "review_status": "unreviewed"}, "geometry": {"type": "LineString", "coordinates": [[126.87924582005893, 36.29287089065889], [126.87938765155661, 36.29271694186883], [126.87971859171786, 36.292639967473804], [126.87986042321555, 36.29267845467132], [126.87990770038144, 36.292639967473804], [126.88104235236291, 36.29267845467132], [126.88132601535827, 36.29260148027629], [126.88156240118775, 36.29260148027629], [126.88184606418311, 36.292486018683746], [126.88227155867617, 36.29221660830115], [126.8836425964871, 36.29086955638817]]}}, {"type": "Feature", "properties": {"proposal_id": "visible-line-207", "tile_id": "173-buyeo-labels", "sheet_id": "173-buyeo", "split": "development", "proposal_kind": "visible_linework_review_only", "backend": "grayscale_ridge_v1_skeleton_v1", "pixel_length": 21.657, "point_count": 5, "confidence": 0.6756, "review_status": "unreviewed"}, "geometry": {"type": "LineString", "coordinates": [[126.87924582005893, 36.29287089065889], [126.87934037439071, 36.29294786505391], [126.87981314604966, 36.292986352251425], [126.87986042321555, 36.29302483944894], [126.88019136337681, 36.29302483944894]]}}, {"type": "Feature", "properties": {"proposal_id": "visible-line-208", "tile_id": "173-buyeo-labels", "sheet_id": "173-buyeo", "split": "development", "proposal_kind": "visible_linework_review_only", "backend": "grayscale_ridge_v1_skeleton_v1", "pixel_length": 21.971, "point_count": 5, "confidence": 0.7244, "review_status": "unreviewed"}, "geometry": {"type": "LineString", "coordinates": [[126.87976586888377, 36.26966311055801], [126.87990770038144, 36.269740084953035], [126.8802386405427, 36.26947067457044], [126.8802386405427, 36.269393700175414], [126.88004953187912, 36.269239751385356]]}}, {"type": "Feature", "properties": {"proposal_id": "visible-line-209", "tile_id": "173-buyeo-labels", "sheet_id": "173-buyeo", "split": "development", "proposal_kind": "visible_linework_review_only", "backend": "grayscale_ridge_v1_skeleton_v1", "pixel_length": 19.971, "point_count": 3, "confidence": 0.7743, "review_status": "unreviewed"}, "geometry": {"type": "LineString", "coordinates": [[126.87995497754734, 36.28201750095997], [126.8802386405427, 36.281671116182345], [126.88052230353807, 36.28144019299726]]}}, {"type": "Feature", "properties": {"proposal_id": "visible-line-210", "tile_id": "173-buyeo-labels", "sheet_id": "173-buyeo", "split": "development", "proposal_kind": "visible_linework_review_only", "backend": "grayscale_ridge_v1_skeleton_v1", "pixel_length": 19.728, "point_count": 3, "confidence": 0.6637, "review_status": "unreviewed"}, "geometry": {"type": "LineString", "coordinates": [[126.88000225471323, 36.26997100813812], [126.88009680904503, 36.26985554654558], [126.88071141220165, 36.269586136162985]]}}, {"type": "Feature", "properties": {"proposal_id": "visible-line-211", "tile_id": "173-buyeo-labels", "sheet_id": "173-buyeo", "split": "development", "proposal_kind": "visible_linework_review_only", "backend": "grayscale_ridge_v1_skeleton_v1", "pixel_length": 18.657, "point_count": 3, "confidence": 0.6627, "review_status": "unreviewed"}, "geometry": {"type": "LineString", "coordinates": [[126.8802859177086, 36.293063326646454], [126.88085324369933, 36.29314030104148], [126.8810896295288, 36.29321727543651]]}}, {"type": "Feature", "properties": {"proposal_id": "visible-line-212", "tile_id": "173-buyeo-labels", "sheet_id": "173-buyeo", "split": "development", "proposal_kind": "visible_linework_review_only", "backend": "grayscale_ridge_v1_skeleton_v1", "pixel_length": 20.899, "point_count": 6, "confidence": 0.6481, "review_status": "unreviewed"}, "geometry": {"type": "LineString", "coordinates": [[126.88071141220165, 36.2707407520884], [126.88099507519702, 36.27062529049586], [126.88113690669469, 36.27062529049586], [126.88127873819238, 36.270509828903315], [126.88146784685595, 36.270509828903315], [126.88151512402186, 36.27058680329834]]}}, {"type": "Feature", "properties": {"proposal_id": "visible-line-213", "tile_id": "173-buyeo-labels", "sheet_id": "173-buyeo", "split": "development", "proposal_kind": "visible_linework_review_only", "backend": "grayscale_ridge_v1_skeleton_v1", "pixel_length": 22.899, "point_count": 6, "confidence": 0.7137, "review_status": "unreviewed"}, "geometry": {"type": "LineString", "coordinates": [[126.88075868936754, 36.27920793554146], [126.88080596653344, 36.279015499553886], [126.88099507519702, 36.27886155076383], [126.88127873819238, 36.27886155076383], [126.88132601535827, 36.27890003796134], [126.88151512402186, 36.27886155076383]]}}, {"type": "Feature", "properties": {"proposal_id": "visible-line-214", "tile_id": "173-buyeo-labels", "sheet_id": "173-buyeo", "split": "development", "proposal_kind": "visible_linework_review_only", "backend": "grayscale_ridge_v1_skeleton_v1", "pixel_length": 18.657, "point_count": 4, "confidence": 0.6534, "review_status": "unreviewed"}, "geometry": {"type": "LineString", "coordinates": [[126.88104235236291, 36.28817545256219], [126.88113690669469, 36.28817545256219], [126.88132601535827, 36.28794452937711], [126.88132601535827, 36.287598144599485]]}}, {"type": "Feature", "properties": {"proposal_id": "visible-line-215", "tile_id": "173-buyeo-labels", "sheet_id": "173-buyeo", "split": "development", "proposal_kind": "visible_linework_review_only", "backend": "grayscale_ridge_v1_skeleton_v1", "pixel_length": 25.243, "point_count": 4, "confidence": 0.6417, "review_status": "unreviewed"}, "geometry": {"type": "LineString", "coordinates": [[126.88113690669469, 36.28644352867407], [126.88113690669469, 36.28590470790887], [126.88123146102649, 36.28575075911882], [126.88127873819238, 36.285519835933734]]}}, {"type": "Feature", "properties": {"proposal_id": "visible-line-216", "tile_id": "173-buyeo-labels", "sheet_id": "173-buyeo", "split": "development", "proposal_kind": "visible_linework_review_only", "backend": "grayscale_ridge_v1_skeleton_v1", "pixel_length": 24.556, "point_count": 5, "confidence": 0.7511, "review_status": "unreviewed"}, "geometry": {"type": "LineString", "coordinates": [[126.88127873819238, 36.26592985239916], [126.88137329252417, 36.26585287800413], [126.88165695551953, 36.26577590360911], [126.88179878701722, 36.26589136520165], [126.8819878956808, 36.266237749979275]]}}, {"type": "Feature", "properties": {"proposal_id": "visible-line-217", "tile_id": "173-buyeo-labels", "sheet_id": "173-buyeo", "split": "development", "proposal_kind": "visible_linework_review_only", "backend": "grayscale_ridge_v1_skeleton_v1", "pixel_length": 18.485, "point_count": 3, "confidence": 0.5785, "review_status": "unreviewed"}, "geometry": {"type": "LineString", "coordinates": [[126.88137329252417, 36.28540437434119], [126.88146784685595, 36.28505798956357], [126.88165695551953, 36.28478857918097]]}}, {"type": "Feature", "properties": {"proposal_id": "visible-line-218", "tile_id": "173-buyeo-labels", "sheet_id": "173-buyeo", "split": "development", "proposal_kind": "visible_linework_review_only", "backend": "grayscale_ridge_v1_skeleton_v1", "pixel_length": 22.314, "point_count": 4, "confidence": 0.6775, "review_status": "unreviewed"}, "geometry": {"type": "LineString", "coordinates": [[126.88156240118775, 36.293255762634026], [126.88179878701722, 36.29329424983154], [126.88217700434437, 36.29348668581911], [126.88246066733974, 36.29356366021414]]}}, {"type": "Feature", "properties": {"proposal_id": "visible-line-219", "tile_id": "173-buyeo-labels", "sheet_id": "173-buyeo", "split": "development", "proposal_kind": "visible_linework_review_only", "backend": "grayscale_ridge_v1_skeleton_v1", "pixel_length": 24.799, "point_count": 4, "confidence": 0.681, "review_status": "unreviewed"}, "geometry": {"type": "LineString", "coordinates": [[126.88165695551953, 36.29233206989369], [126.8819878956808, 36.29217812110364], [126.88231883584206, 36.29190871072104], [126.88246066733974, 36.29171627473347]]}}, {"type": "Feature", "properties": {"proposal_id": "visible-line-220", "tile_id": "173-buyeo-labels", "sheet_id": "173-buyeo", "split": "development", "proposal_kind": "visible_linework_review_only", "backend": "grayscale_ridge_v1_skeleton_v1", "pixel_length": 37.971, "point_count": 10, "confidence": 0.7295, "review_status": "unreviewed"}, "geometry": {"type": "LineString", "coordinates": [[126.88189334134901, 36.27863062757875], [126.88212972717848, 36.27855365318372], [126.88236611300795, 36.278592140381235], [126.88246066733974, 36.278669114776264], [126.88246066733974, 36.27890003796134], [126.88250794450563, 36.27893852515886], [126.88246066733974, 36.2790539867514], [126.88250794450563, 36.27913096114643], [126.88274433033511, 36.279284909936486], [126.88293343899869, 36.279284909936486]]}}, {"type": "Feature", "properties": {"proposal_id": "visible-line-221", "tile_id": "173-buyeo-labels", "sheet_id": "173-buyeo", "split": "development", "proposal_kind": "visible_linework_review_only", "backend": "grayscale_ridge_v1_skeleton_v1", "pixel_length": 21.728, "point_count": 5, "confidence": 0.638, "review_status": "unreviewed"}, "geometry": {"type": "LineString", "coordinates": [[126.88255522167152, 36.282787244910246], [126.88274433033511, 36.28274875771273], [126.88288616183279, 36.282864219305274], [126.88293343899869, 36.28301816809533], [126.88326437915994, 36.28317211688539]]}}, {"type": "Feature", "properties": {"proposal_id": "visible-line-222", "tile_id": "173-buyeo-labels", "sheet_id": "173-buyeo", "split": "development", "proposal_kind": "visible_linework_review_only", "backend": "grayscale_ridge_v1_skeleton_v1", "pixel_length": 36.113, "point_count": 2, "confidence": 0.7101, "review_status": "unreviewed"}, "geometry": {"type": "LineString", "coordinates": [[126.88260249883743, 36.29160081314093], [126.8836425964871, 36.29056165880805]]}}, {"type": "Feature", "properties": {"proposal_id": "visible-line-223", "tile_id": "173-buyeo-labels", "sheet_id": "173-buyeo", "split": "development", "proposal_kind": "visible_linework_review_only", "backend": "grayscale_ridge_v1_skeleton_v1", "pixel_length": 18.657, "point_count": 4, "confidence": 0.595, "review_status": "unreviewed"}, "geometry": {"type": "LineString", "coordinates": [[126.882791607501, 36.28220993694754], [126.882791607501, 36.28201750095997], [126.88293343899869, 36.281863552169916], [126.88331165632584, 36.28190203936743]]}}]}