{"type": "FeatureCollection", "name": "candidate_proposals_173-buyeo-mountain", "crs": {"type": "name", "properties": {"name": "urn:ogc:def:crs:EPSG::5132"}}, "features": [{"type": "Feature", "properties": {"proposal_id": "visible-line-1", "tile_id": "173-buyeo-mountain", "sheet_id": "173-buyeo", "split": "development", "proposal_kind": "visible_linework_review_only", "backend": "grayscale_ridge_v1_skeleton_v1", "pixel_length": 104.64, "point_count": 12, "confidence": 0.7301, "review_status": "unreviewed"}, "geometry": {"type": "LineString", "coordinates": [[126.7577043647073, 36.305234700640334], [126.7577516372983, 36.3050805091228], [126.75794072766233, 36.30488776972589], [126.75855527134543, 36.30438664729391], [126.75893345207348, 36.30400116850008], [126.7590752698465, 36.303808429103164], [126.75916981502851, 36.30353859394748], [126.75916981502851, 36.30311456727427], [126.7589807246645, 36.302921827877356], [126.75874436170946, 36.3028061842392], [126.75827163579937, 36.30272908848044], [126.7577516372983, 36.302536349083525]]}}, {"type": "Feature", "properties": {"proposal_id": "visible-line-2", "tile_id": "173-buyeo-mountain", "sheet_id": "173-buyeo", "split": "development", "proposal_kind": "visible_linework_review_only", "backend": "grayscale_ridge_v1_skeleton_v1", "pixel_length": 26.314, "point_count": 4, "confidence": 0.7578, "review_status": "unreviewed"}, "geometry": {"type": "LineString", "coordinates": [[126.7577043647073, 36.29428710289555], [126.75798800025333, 36.29455693805124], [126.7583661809814, 36.29463403381], [126.75874436170946, 36.29463403381]]}}, {"type": "Feature", "properties": {"proposal_id": "visible-line-3", "tile_id": "173-buyeo-mountain", "sheet_id": "173-buyeo", "split": "development", "proposal_kind": "visible_linework_review_only", "backend": "grayscale_ridge_v1_skeleton_v1", "pixel_length": 223.167, "point_count": 15, "confidence": 0.7279, "review_status": "unreviewed"}, "geometry": {"type": "LineString", "coordinates": [[126.7577043647073, 36.293477597428506], [126.75794072766233, 36.293477597428506], [126.75855527134543, 36.29359324106666], [126.75935890539255, 36.293554693187275], [126.75959526834758, 36.293477597428506], [126.76002072166665, 36.29343904954913], [126.7603043572127, 36.293323405910975], [126.76063526534975, 36.29328485803159], [126.76101344607781, 36.293169214393444], [126.76247889639903, 36.29297647499653], [126.76318798526415, 36.29274518772023], [126.76408616449329, 36.29224406528825], [126.76465343558537, 36.291742942856274], [126.76522070667747, 36.29085634163046], [126.76550434222351, 36.289931192525266]]}}, {"type": "Feature", "properties": {"proposal_id": "visible-line-4", "tile_id": "173-buyeo-mountain", "sheet_id": "173-buyeo", "split": "development", "proposal_kind": "visible_linework_review_only", "backend": "grayscale_ridge_v1_skeleton_v1", "pixel_length": 55.142, "point_count": 7, "confidence": 0.6996, "review_status": "unreviewed"}, "geometry": {"type": "LineString", "coordinates": [[126.7577043647073, 36.292513900443936], [126.75817709061737, 36.2925909962027], [126.75893345207348, 36.29243680468517], [126.7589807246645, 36.29247535256455], [126.75959526834758, 36.292513900443936], [126.75978435871161, 36.2925909962027], [126.76011526684867, 36.2925909962027]]}}, {"type": "Feature", "properties": {"proposal_id": "visible-line-5", "tile_id": "173-buyeo-mountain", "sheet_id": "173-buyeo", "split": "development", "proposal_kind": "visible_linework_review_only", "backend": "grayscale_ridge_v1_skeleton_v1", "pixel_length": 28.556, "point_count": 5, "confidence": 0.5699, "review_status": "unreviewed"}, "geometry": {"type": "LineString", "coordinates": [[126.7577516372983, 36.314910218365476], [126.75808254543536, 36.314910218365476], [126.7584134535724, 36.31502586200363], [126.75855527134543, 36.315218601400545], [126.75879163430047, 36.31541134079746]]}}, {"type": "Feature", "properties": {"proposal_id": "visible-line-6", "tile_id": "173-buyeo-mountain", "sheet_id": "173-buyeo", "split": "development", "proposal_kind": "visible_linework_review_only", "backend": "grayscale_ridge_v1_skeleton_v1", "pixel_length": 46.627, "point_count": 7, "confidence": 0.7258, "review_status": "unreviewed"}, "geometry": {"type": "LineString", "coordinates": [[126.7577516372983, 36.31174929225607], [126.75789345507133, 36.31171074437668], [126.7584134535724, 36.31174929225607], [126.75893345207348, 36.31194203165298], [126.7590752698465, 36.31194203165298], [126.75945345057457, 36.311672196497305], [126.75954799575658, 36.311518004979774]]}}, {"type": "Feature", "properties": {"proposal_id": "visible-line-7", "tile_id": "173-buyeo-mountain", "sheet_id": "173-buyeo", "split": "development", "proposal_kind": "visible_linework_review_only", "backend": "grayscale_ridge_v1_skeleton_v1", "pixel_length": 21.657, "point_count": 3, "confidence": 0.622, "review_status": "unreviewed"}, "geometry": {"type": "LineString", "coordinates": [[126.7577516372983, 36.31117107406532], [126.75827163579937, 36.31117107406532], [126.75869708911844, 36.31132526558286]]}}, {"type": "Feature", "properties": {"proposal_id": "visible-line-8", "tile_id": "173-buyeo-mountain", "sheet_id": "173-buyeo", "split": "development", "proposal_kind": "visible_linework_review_only", "backend": "grayscale_ridge_v1_skeleton_v1", "pixel_length": 239.48, "point_count": 19, "confidence": 0.7275, "review_status": "unreviewed"}, "geometry": {"type": "LineString", "coordinates": [[126.7577516372983, 36.29367033682542], [126.7577989098893, 36.293708884704806], [126.75860254393643, 36.293785980463575], [126.75864981652744, 36.29382452834296], [126.75921708761953, 36.293785980463575], [126.75997344907564, 36.293631788946044], [126.76011526684867, 36.293554693187275], [126.76072981053177, 36.293477597428506], [126.76134435421486, 36.293323405910975], [126.76186435271595, 36.29328485803159], [126.76191162530695, 36.29324631015221], [126.76214798826199, 36.29324631015221], [126.76276253194509, 36.29313066651406], [126.7634716208102, 36.29286083135838], [126.76403889190227, 36.29255244832331], [126.7647479807674, 36.29197423013257], [126.76507888890444, 36.29158875133874], [126.76550434222351, 36.29085634163046], [126.76588252295157, 36.28966135736959]]}}, {"type": "Feature", "properties": {"proposal_id": "visible-line-9", "tile_id": "173-buyeo-mountain", "sheet_id": "173-buyeo", "split": "development", "proposal_kind": "visible_linework_review_only", "backend": "grayscale_ridge_v1_skeleton_v1", "pixel_length": 33.142, "point_count": 7, "confidence": 0.7114, "review_status": "unreviewed"}, "geometry": {"type": "LineString", "coordinates": [[126.7577989098893, 36.320345469358486], [126.75827163579937, 36.320345469358486], [126.7583189083904, 36.32038401723787], [126.75869708911844, 36.320422565117255], [126.75879163430047, 36.32049966087602], [126.75879163430047, 36.320576756634786], [126.75850799875441, 36.320808043911086]]}}, {"type": "Feature", "properties": {"proposal_id": "visible-line-10", "tile_id": "173-buyeo-mountain", "sheet_id": "173-buyeo", "split": "development", "proposal_kind": "visible_linework_review_only", "backend": "grayscale_ridge_v1_skeleton_v1", "pixel_length": 24.899, "point_count": 3, "confidence": 0.585, "review_status": "unreviewed"}, "geometry": {"type": "LineString", "coordinates": [[126.75798800025333, 36.312944276516944], [126.75864981652744, 36.313175563793244], [126.7590279972555, 36.31313701591386]]}}, {"type": "Feature", "properties": {"proposal_id": "visible-line-11", "tile_id": "173-buyeo-mountain", "sheet_id": "173-buyeo", "split": "development", "proposal_kind": "visible_linework_review_only", "backend": "grayscale_ridge_v1_skeleton_v1", "pixel_length": 19.728, "point_count": 3, "confidence": 0.6018, "review_status": "unreviewed"}, "geometry": {"type": "LineString", "coordinates": [[126.75798800025333, 36.309937541925066], [126.75822436320837, 36.30982189828692], [126.75850799875441, 36.309397871613704]]}}, {"type": "Feature", "properties": {"proposal_id": "visible-line-12", "tile_id": "173-buyeo-mountain", "sheet_id": "173-buyeo", "split": "development", "proposal_kind": "visible_linework_review_only", "backend": "grayscale_ridge_v1_skeleton_v1", "pixel_length": 24.142, "point_count": 5, "confidence": 0.6162, "review_status": "unreviewed"}, "geometry": {"type": "LineString", "coordinates": [[126.75817709061737, 36.30299892363612], [126.7583661809814, 36.30307601939489], [126.75860254393643, 36.3032687587918], [126.75864981652744, 36.3035000460681], [126.75855527134543, 36.30369278546502]]}}, {"type": "Feature", "properties": {"proposal_id": "visible-line-13", "tile_id": "173-buyeo-mountain", "sheet_id": "173-buyeo", "split": "development", "proposal_kind": "visible_linework_review_only", "backend": "grayscale_ridge_v1_skeleton_v1", "pixel_length": 21.485, "point_count": 4, "confidence": 0.6965, "review_status": "unreviewed"}, "geometry": {"type": "LineString", "coordinates": [[126.75827163579937, 36.3055430836754], [126.7584607261634, 36.305697275192934], [126.7584607261634, 36.306082753986765], [126.7583661809814, 36.30627549338368]]}}, {"type": "Feature", "properties": {"proposal_id": "visible-line-14", "tile_id": "173-buyeo-mountain", "sheet_id": "173-buyeo", "split": "development", "proposal_kind": "visible_linework_review_only", "backend": "grayscale_ridge_v1_skeleton_v1", "pixel_length": 24.899, "point_count": 4, "confidence": 0.6974, "review_status": "unreviewed"}, "geometry": {"type": "LineString", "coordinates": [[126.7583189083904, 36.32315946455345], [126.75874436170946, 36.32300527303592], [126.7590279972555, 36.32300527303592], [126.75935890539255, 36.323120916674064]]}}, {"type": "Feature", "properties": {"proposal_id": "visible-line-15", "tile_id": "173-buyeo-mountain", "sheet_id": "173-buyeo", "split": "development", "proposal_kind": "visible_linework_review_only", "backend": "grayscale_ridge_v1_skeleton_v1", "pixel_length": 54.426, "point_count": 5, "confidence": 0.6939, "review_status": "unreviewed"}, "geometry": {"type": "LineString", "coordinates": [[126.7584607261634, 36.307663217041465], [126.7590279972555, 36.30700790309196], [126.7590279972555, 36.30693080733319], [126.7596898135296, 36.30642968490121], [126.75992617648464, 36.306082753986765]]}}, {"type": "Feature", "properties": {"proposal_id": "visible-line-16", "tile_id": "173-buyeo-mountain", "sheet_id": "173-buyeo", "split": "development", "proposal_kind": "visible_linework_review_only", "backend": "grayscale_ridge_v1_skeleton_v1", "pixel_length": 31.142, "point_count": 5, "confidence": 0.6688, "review_status": "unreviewed"}, "geometry": {"type": "LineString", "coordinates": [[126.75850799875441, 36.313561042587075], [126.75916981502851, 36.31367668622522], [126.75921708761953, 36.313715234104606], [126.75921708761953, 36.31386942562214], [126.75950072316557, 36.3141778086572]]}}, {"type": "Feature", "properties": {"proposal_id": "visible-line-17", "tile_id": "173-buyeo-mountain", "sheet_id": "173-buyeo", "split": "development", "proposal_kind": "visible_linework_review_only", "backend": "grayscale_ridge_v1_skeleton_v1", "pixel_length": 28.142, "point_count": 7, "confidence": 0.698, "review_status": "unreviewed"}, "geometry": {"type": "LineString", "coordinates": [[126.75855527134543, 36.286461883380795], [126.75879163430047, 36.28650043126018], [126.75893345207348, 36.28642333550141], [126.7590752698465, 36.28642333550141], [126.75916981502851, 36.28634623974265], [126.75926436021054, 36.28634623974265], [126.7596898135296, 36.28615350034573]]}}, {"type": "Feature", "properties": {"proposal_id": "visible-line-18", "tile_id": "173-buyeo-mountain", "sheet_id": "173-buyeo", "split": "development", "proposal_kind": "visible_linework_review_only", "backend": "grayscale_ridge_v1_skeleton_v1", "pixel_length": 19.485, "point_count": 3, "confidence": 0.6009, "review_status": "unreviewed"}, "geometry": {"type": "LineString", "coordinates": [[126.75864981652744, 36.30176539149586], [126.7589807246645, 36.30195813089278], [126.75945345057457, 36.30199667877216]]}}, {"type": "Feature", "properties": {"proposal_id": "visible-line-19", "tile_id": "173-buyeo-mountain", "sheet_id": "173-buyeo", "split": "development", "proposal_kind": "visible_linework_review_only", "backend": "grayscale_ridge_v1_skeleton_v1", "pixel_length": 20.071, "point_count": 4, "confidence": 0.6275, "review_status": "unreviewed"}, "geometry": {"type": "LineString", "coordinates": [[126.75888617948247, 36.294595485930614], [126.7590279972555, 36.29467258168938], [126.75931163280154, 36.29467258168938], [126.75973708612061, 36.29455693805124]]}}, {"type": "Feature", "properties": {"proposal_id": "visible-line-20", "tile_id": "173-buyeo-mountain", "sheet_id": "173-buyeo", "split": "development", "proposal_kind": "visible_linework_review_only", "backend": "grayscale_ridge_v1_skeleton_v1", "pixel_length": 51.385, "point_count": 7, "confidence": 0.672, "review_status": "unreviewed"}, "geometry": {"type": "LineString", "coordinates": [[126.7590279972555, 36.288504920988096], [126.75926436021054, 36.28885185190254], [126.75926436021054, 36.28916023493761], [126.75940617798356, 36.28927587857576], [126.75978435871161, 36.28931442645514], [126.75997344907564, 36.28923733069637], [126.76063526534975, 36.28916023493761]]}}, {"type": "Feature", "properties": {"proposal_id": "visible-line-21", "tile_id": "173-buyeo-mountain", "sheet_id": "173-buyeo", "split": "development", "proposal_kind": "visible_linework_review_only", "backend": "grayscale_ridge_v1_skeleton_v1", "pixel_length": 104.74, "point_count": 9, "confidence": 0.7036, "review_status": "unreviewed"}, "geometry": {"type": "LineString", "coordinates": [[126.7590279972555, 36.288504920988096], [126.75916981502851, 36.28838927734995], [126.75931163280154, 36.288350729470565], [126.76016253943968, 36.288273633711796], [126.76091890089579, 36.288119442194265], [126.76153344457889, 36.287888154917965], [126.76191162530695, 36.28754122400352], [126.76219526085299, 36.28696300581277], [126.76257344158105, 36.28650043126018]]}}, {"type": "Feature", "properties": {"proposal_id": "visible-line-22", "tile_id": "173-buyeo-mountain", "sheet_id": "173-buyeo", "split": "development", "proposal_kind": "visible_linework_review_only", "backend": "grayscale_ridge_v1_skeleton_v1", "pixel_length": 27.243, "point_count": 6, "confidence": 0.7062, "review_status": "unreviewed"}, "geometry": {"type": "LineString", "coordinates": [[126.7590752698465, 36.32215721968949], [126.75912254243751, 36.32219576756887], [126.75950072316557, 36.32219576756887], [126.75954799575658, 36.322234315448256], [126.75959526834758, 36.32219576756887], [126.7603043572127, 36.32219576756887]]}}, {"type": "Feature", "properties": {"proposal_id": "visible-line-23", "tile_id": "173-buyeo-mountain", "sheet_id": "173-buyeo", "split": "development", "proposal_kind": "visible_linework_review_only", "backend": "grayscale_ridge_v1_skeleton_v1", "pixel_length": 26.042, "point_count": 3, "confidence": 0.6853, "review_status": "unreviewed"}, "geometry": {"type": "LineString", "coordinates": [[126.75954799575658, 36.307894504317765], [126.7596898135296, 36.30770176492085], [126.76035162980371, 36.30716209460949]]}}, {"type": "Feature", "properties": {"proposal_id": "visible-line-24", "tile_id": "173-buyeo-mountain", "sheet_id": "173-buyeo", "split": "development", "proposal_kind": "visible_linework_review_only", "backend": "grayscale_ridge_v1_skeleton_v1", "pixel_length": 231.066, "point_count": 23, "confidence": 0.6994, "review_status": "unreviewed"}, "geometry": {"type": "LineString", "coordinates": [[126.7596425409386, 36.31113252618594], [126.7596898135296, 36.31036156859828], [126.75978435871161, 36.31020737708075], [126.75978435871161, 36.3100917334426], [126.76002072166665, 36.30974480252815], [126.76006799425767, 36.30947496737247], [126.76035162980371, 36.308935297061105], [126.76082435571378, 36.308511270387896], [126.76101344607781, 36.30843417462913], [126.76129708162385, 36.30847272250851], [126.76139162680587, 36.308549818267274], [126.76158071716989, 36.30889674918173], [126.76158071716989, 36.30966770676938], [126.76143889939688, 36.310014637683835], [126.76143889939688, 36.3103230207189], [126.76172253494292, 36.31063140375396], [126.76233707862602, 36.31090123890964], [126.76271525935407, 36.311209621944705], [126.76276253194509, 36.31132526558286], [126.76271525935407, 36.31194203165298], [126.76262071417206, 36.312057675291136], [126.76257344158105, 36.31225041468805], [126.76210071567098, 36.312944276516944]]}}, {"type": "Feature", "properties": {"proposal_id": "visible-line-25", "tile_id": "173-buyeo-mountain", "sheet_id": "173-buyeo", "split": "development", "proposal_kind": "visible_linework_review_only", "backend": "grayscale_ridge_v1_skeleton_v1", "pixel_length": 20.142, "point_count": 3, "confidence": 0.6157, "review_status": "unreviewed"}, "geometry": {"type": "LineString", "coordinates": [[126.7596898135296, 36.308511270387896], [126.75978435871161, 36.308279983111596], [126.76016253943968, 36.307894504317765]]}}, {"type": "Feature", "properties": {"proposal_id": "visible-line-26", "tile_id": "173-buyeo-mountain", "sheet_id": "173-buyeo", "split": "development", "proposal_kind": "visible_linework_review_only", "backend": "grayscale_ridge_v1_skeleton_v1", "pixel_length": 36.385, "point_count": 4, "confidence": 0.7229, "review_status": "unreviewed"}, "geometry": {"type": "LineString", "coordinates": [[126.75973708612061, 36.29066360223355], [126.75973708612061, 36.29058650647478], [126.75987890389364, 36.290470862836635], [126.76110799125982, 36.290085384042804]]}}, {"type": "Feature", "properties": {"proposal_id": "visible-line-27", "tile_id": "173-buyeo-mountain", "sheet_id": "173-buyeo", "split": "development", "proposal_kind": "visible_linework_review_only", "backend": "grayscale_ridge_v1_skeleton_v1", "pixel_length": 20.971, "point_count": 2, "confidence": 0.7271, "review_status": "unreviewed"}, "geometry": {"type": "LineString", "coordinates": [[126.75973708612061, 36.29066360223355], [126.76039890239471, 36.29120327254491]]}}, {"type": "Feature", "properties": {"proposal_id": "visible-line-28", "tile_id": "173-buyeo-mountain", "sheet_id": "173-buyeo", "split": "development", "proposal_kind": "visible_linework_review_only", "backend": "grayscale_ridge_v1_skeleton_v1", "pixel_length": 29.828, "point_count": 4, "confidence": 0.7719, "review_status": "unreviewed"}, "geometry": {"type": "LineString", "coordinates": [[126.75978435871161, 36.32188738453381], [126.75978435871161, 36.32103933118738], [126.75992617648464, 36.32096223542862], [126.76011526684867, 36.32096223542862]]}}, {"type": "Feature", "properties": {"proposal_id": "visible-line-29", "tile_id": "173-buyeo-mountain", "sheet_id": "173-buyeo", "split": "development", "proposal_kind": "visible_linework_review_only", "backend": "grayscale_ridge_v1_skeleton_v1", "pixel_length": 29.385, "point_count": 3, "confidence": 0.6256, "review_status": "unreviewed"}, "geometry": {"type": "LineString", "coordinates": [[126.75997344907564, 36.31232751044681], [126.76035162980371, 36.311672196497305], [126.76063526534975, 36.311440909221005]]}}, {"type": "Feature", "properties": {"proposal_id": "visible-line-30", "tile_id": "173-buyeo-mountain", "sheet_id": "173-buyeo", "split": "development", "proposal_kind": "visible_linework_review_only", "backend": "grayscale_ridge_v1_skeleton_v1", "pixel_length": 30.042, "point_count": 4, "confidence": 0.6015, "review_status": "unreviewed"}, "geometry": {"type": "LineString", "coordinates": [[126.75997344907564, 36.308781105543574], [126.76006799425767, 36.30870400978481], [126.76016253943968, 36.30847272250851], [126.76087162830478, 36.307971600076534]]}}, {"type": "Feature", "properties": {"proposal_id": "visible-line-31", "tile_id": "173-buyeo-mountain", "sheet_id": "173-buyeo", "split": "development", "proposal_kind": "visible_linework_review_only", "backend": "grayscale_ridge_v1_skeleton_v1", "pixel_length": 22.485, "point_count": 3, "confidence": 0.6514, "review_status": "unreviewed"}, "geometry": {"type": "LineString", "coordinates": [[126.75997344907564, 36.305928562469234], [126.76016253943968, 36.305234700640334], [126.76025708462168, 36.30515760488157]]}}, {"type": "Feature", "properties": {"proposal_id": "visible-line-32", "tile_id": "173-buyeo-mountain", "sheet_id": "173-buyeo", "split": "development", "proposal_kind": "visible_linework_review_only", "backend": "grayscale_ridge_v1_skeleton_v1", "pixel_length": 19.728, "point_count": 4, "confidence": 0.6187, "review_status": "unreviewed"}, "geometry": {"type": "LineString", "coordinates": [[126.76016253943968, 36.310438664357044], [126.76025708462168, 36.31024592496013], [126.76054072016774, 36.310014637683835], [126.76077708312278, 36.30997608980445]]}}, {"type": "Feature", "properties": {"proposal_id": "visible-line-33", "tile_id": "173-buyeo-mountain", "sheet_id": "173-buyeo", "split": "development", "proposal_kind": "visible_linework_review_only", "backend": "grayscale_ridge_v1_skeleton_v1", "pixel_length": 24.799, "point_count": 2, "confidence": 0.6814, "review_status": "unreviewed"}, "geometry": {"type": "LineString", "coordinates": [[126.76025708462168, 36.32427735305556], [126.76115526385082, 36.32481702336692]]}}, {"type": "Feature", "properties": {"proposal_id": "visible-line-34", "tile_id": "173-buyeo-mountain", "sheet_id": "173-buyeo", "split": "development", "proposal_kind": "visible_linework_review_only", "backend": "grayscale_ridge_v1_skeleton_v1", "pixel_length": 21.0, "point_count": 2, "confidence": 0.6162, "review_status": "unreviewed"}, "geometry": {"type": "LineString", "coordinates": [[126.7603043572127, 36.321694645136894], [126.7603043572127, 36.32088513966985]]}}, {"type": "Feature", "properties": {"proposal_id": "visible-line-35", "tile_id": "173-buyeo-mountain", "sheet_id": "173-buyeo", "split": "development", "proposal_kind": "visible_linework_review_only", "backend": "grayscale_ridge_v1_skeleton_v1", "pixel_length": 26.243, "point_count": 4, "confidence": 0.6472, "review_status": "unreviewed"}, "geometry": {"type": "LineString", "coordinates": [[126.7603043572127, 36.292513900443936], [126.76039890239471, 36.2923597089264], [126.76039890239471, 36.29170439497689], [126.76044617498572, 36.29155020345936]]}}, {"type": "Feature", "properties": {"proposal_id": "visible-line-36", "tile_id": "173-buyeo-mountain", "sheet_id": "173-buyeo", "split": "development", "proposal_kind": "visible_linework_review_only", "backend": "grayscale_ridge_v1_skeleton_v1", "pixel_length": 31.728, "point_count": 5, "confidence": 0.6871, "review_status": "unreviewed"}, "geometry": {"type": "LineString", "coordinates": [[126.76039890239471, 36.32219576756887], [126.76068253794075, 36.32215721968949], [126.76082435571378, 36.322080123930725], [126.76124980903285, 36.322003028171956], [126.76172253494292, 36.321848836654425]]}}, {"type": "Feature", "properties": {"proposal_id": "visible-line-37", "tile_id": "173-buyeo-mountain", "sheet_id": "173-buyeo", "split": "development", "proposal_kind": "visible_linework_review_only", "backend": "grayscale_ridge_v1_skeleton_v1", "pixel_length": 49.456, "point_count": 6, "confidence": 0.6109, "review_status": "unreviewed"}, "geometry": {"type": "LineString", "coordinates": [[126.76044617498572, 36.30619839762491], [126.76058799275874, 36.30558163155478], [126.76072981053177, 36.30535034427849], [126.76106071866882, 36.3050805091228], [126.76139162680587, 36.3050805091228], [126.76167526235191, 36.30527324851972]]}}, {"type": "Feature", "properties": {"proposal_id": "visible-line-38", "tile_id": "173-buyeo-mountain", "sheet_id": "173-buyeo", "split": "development", "proposal_kind": "visible_linework_review_only", "backend": "grayscale_ridge_v1_skeleton_v1", "pixel_length": 109.083, "point_count": 16, "confidence": 0.6949, "review_status": "unreviewed"}, "geometry": {"type": "LineString", "coordinates": [[126.76058799275874, 36.30430955153514], [126.76091890089579, 36.30400116850008], [126.76106071866882, 36.303962620620695], [126.76153344457889, 36.303962620620695], [126.76191162530695, 36.304039716379464], [126.76214798826199, 36.30423245577638], [126.76214798826199, 36.30438664729391], [126.76219526085299, 36.304425195173295], [126.762242533444, 36.3048492218465], [126.76219526085299, 36.30488776972589], [126.76214798826199, 36.305620179434165], [126.762242533444, 36.305851466710465], [126.76243162380803, 36.30596711034861], [126.76280980453609, 36.305774370951696], [126.76299889490012, 36.305620179434165], [126.76314071267313, 36.30558163155478]]}}, {"type": "Feature", "properties": {"proposal_id": "visible-line-39", "tile_id": "173-buyeo-mountain", "sheet_id": "173-buyeo", "split": "development", "proposal_kind": "visible_linework_review_only", "backend": "grayscale_ridge_v1_skeleton_v1", "pixel_length": 18.142, "point_count": 3, "confidence": 0.6165, "review_status": "unreviewed"}, "geometry": {"type": "LineString", "coordinates": [[126.76063526534975, 36.303731333344395], [126.76101344607781, 36.30338440242995], [126.76124980903285, 36.303307306671186]]}}, {"type": "Feature", "properties": {"proposal_id": "visible-line-40", "tile_id": "173-buyeo-mountain", "sheet_id": "173-buyeo", "split": "development", "proposal_kind": "visible_linework_review_only", "backend": "grayscale_ridge_v1_skeleton_v1", "pixel_length": 55.142, "point_count": 6, "confidence": 0.7079, "review_status": "unreviewed"}, "geometry": {"type": "LineString", "coordinates": [[126.76068253794075, 36.28569092579313], [126.76077708312278, 36.28561383003437], [126.76134435421486, 36.28549818639622], [126.76257344158105, 36.28549818639622], [126.7629043497181, 36.28569092579313], [126.7629043497181, 36.285845117310664]]}}, {"type": "Feature", "properties": {"proposal_id": "visible-line-41", "tile_id": "173-buyeo-mountain", "sheet_id": "173-buyeo", "split": "development", "proposal_kind": "visible_linework_review_only", "backend": "grayscale_ridge_v1_skeleton_v1", "pixel_length": 30.728, "point_count": 7, "confidence": 0.6718, "review_status": "unreviewed"}, "geometry": {"type": "LineString", "coordinates": [[126.76077708312278, 36.29602175746779], [126.7609661734868, 36.29633014050285], [126.7609661734868, 36.2966770714173], [126.76087162830478, 36.29679271505545], [126.76091890089579, 36.29683126293483], [126.76087162830478, 36.296946906572984], [126.76091890089579, 36.29706255021113]]}}, {"type": "Feature", "properties": {"proposal_id": "visible-line-42", "tile_id": "173-buyeo-mountain", "sheet_id": "173-buyeo", "split": "development", "proposal_kind": "visible_linework_review_only", "backend": "grayscale_ridge_v1_skeleton_v1", "pixel_length": 28.728, "point_count": 5, "confidence": 0.6544, "review_status": "unreviewed"}, "geometry": {"type": "LineString", "coordinates": [[126.76082435571378, 36.28912168705823], [126.76120253644184, 36.28916023493761], [126.76143889939688, 36.28935297433453], [126.76148617198788, 36.28950716585206], [126.76139162680587, 36.28981554888712]]}}, {"type": "Feature", "properties": {"proposal_id": "visible-line-43", "tile_id": "173-buyeo-mountain", "sheet_id": "173-buyeo", "split": "development", "proposal_kind": "visible_linework_review_only", "backend": "grayscale_ridge_v1_skeleton_v1", "pixel_length": 18.314, "point_count": 4, "confidence": 0.7904, "review_status": "unreviewed"}, "geometry": {"type": "LineString", "coordinates": [[126.76087162830478, 36.31544988867684], [126.76124980903285, 36.31564262807375], [126.76143889939688, 36.31568117595314], [126.76153344457889, 36.31579681959129]]}}, {"type": "Feature", "properties": {"proposal_id": "visible-line-44", "tile_id": "173-buyeo-mountain", "sheet_id": "173-buyeo", "split": "development", "proposal_kind": "visible_linework_review_only", "backend": "grayscale_ridge_v1_skeleton_v1", "pixel_length": 42.142, "point_count": 10, "confidence": 0.6922, "review_status": "unreviewed"}, "geometry": {"type": "LineString", "coordinates": [[126.7609661734868, 36.29170439497689], [126.7609661734868, 36.29147310770059], [126.76101344607781, 36.291434559821205], [126.76134435421486, 36.29147310770059], [126.76143889939688, 36.291665847097505], [126.76158071716989, 36.291742942856274], [126.76158071716989, 36.29197423013257], [126.76176980753392, 36.292051325891336], [126.76176980753392, 36.29216696952948], [126.76162798976091, 36.29224406528825]]}}, {"type": "Feature", "properties": {"proposal_id": "visible-line-45", "tile_id": "173-buyeo-mountain", "sheet_id": "173-buyeo", "split": "development", "proposal_kind": "visible_linework_review_only", "backend": "grayscale_ridge_v1_skeleton_v1", "pixel_length": 19.414, "point_count": 2, "confidence": 0.6561, "review_status": "unreviewed"}, "geometry": {"type": "LineString", "coordinates": [[126.76101344607781, 36.29471112956877], [126.76106071866882, 36.29397871986049]]}}, {"type": "Feature", "properties": {"proposal_id": "visible-line-46", "tile_id": "173-buyeo-mountain", "sheet_id": "173-buyeo", "split": "development", "proposal_kind": "visible_linework_review_only", "backend": "grayscale_ridge_v1_skeleton_v1", "pixel_length": 91.497, "point_count": 11, "confidence": 0.7277, "review_status": "unreviewed"}, "geometry": {"type": "LineString", "coordinates": [[126.76106071866882, 36.29756367264311], [126.76124980903285, 36.29791060355756], [126.76181708012493, 36.298373178110154], [126.76195889789796, 36.29856591750707], [126.76195889789796, 36.29864301326584], [126.76233707862602, 36.29906703993905], [126.76233707862602, 36.2994139708535], [126.76214798826199, 36.29976090176795], [126.76219526085299, 36.29983799752671], [126.76219526085299, 36.300184928441155], [126.76233707862602, 36.30053185935561]]}}, {"type": "Feature", "properties": {"proposal_id": "visible-line-47", "tile_id": "173-buyeo-mountain", "sheet_id": "173-buyeo", "split": "development", "proposal_kind": "visible_linework_review_only", "backend": "grayscale_ridge_v1_skeleton_v1", "pixel_length": 28.385, "point_count": 4, "confidence": 0.5758, "review_status": "unreviewed"}, "geometry": {"type": "LineString", "coordinates": [[126.76124980903285, 36.3164521335408], [126.76162798976091, 36.31610520262635], [126.76210071567098, 36.31614375050574], [126.76228980603501, 36.31629794202327]]}}, {"type": "Feature", "properties": {"proposal_id": "visible-line-48", "tile_id": "173-buyeo-mountain", "sheet_id": "173-buyeo", "split": "development", "proposal_kind": "visible_linework_review_only", "backend": "grayscale_ridge_v1_skeleton_v1", "pixel_length": 28.071, "point_count": 3, "confidence": 0.616, "review_status": "unreviewed"}, "geometry": {"type": "LineString", "coordinates": [[126.76139162680587, 36.32073094815232], [126.76158071716989, 36.32022982572034], [126.76162798976091, 36.319728703288355]]}}, {"type": "Feature", "properties": {"proposal_id": "visible-line-49", "tile_id": "173-buyeo-mountain", "sheet_id": "173-buyeo", "split": "development", "proposal_kind": "visible_linework_review_only", "backend": "grayscale_ridge_v1_skeleton_v1", "pixel_length": 48.456, "point_count": 9, "confidence": 0.6853, "review_status": "unreviewed"}, "geometry": {"type": "LineString", "coordinates": [[126.76181708012493, 36.303345854550564], [126.76200617048896, 36.30338440242995], [126.76233707862602, 36.303577141826864], [126.76262071417206, 36.303808429103164], [126.76266798676306, 36.30392407274131], [126.76280980453609, 36.304039716379464], [126.7628570771271, 36.304193907896995], [126.7628570771271, 36.30469503032897], [126.76280980453609, 36.30473357820836]]}}, {"type": "Feature", "properties": {"proposal_id": "visible-line-50", "tile_id": "173-buyeo-mountain", "sheet_id": "173-buyeo", "split": "development", "proposal_kind": "visible_linework_review_only", "backend": "grayscale_ridge_v1_skeleton_v1", "pixel_length": 27.314, "point_count": 3, "confidence": 0.5926, "review_status": "unreviewed"}, "geometry": {"type": "LineString", "coordinates": [[126.76186435271595, 36.31479457472733], [126.76214798826199, 36.31494876624486], [126.76299889490012, 36.31510295776239]]}}, {"type": "Feature", "properties": {"proposal_id": "visible-line-51", "tile_id": "173-buyeo-mountain", "sheet_id": "173-buyeo", "split": "development", "proposal_kind": "visible_linework_review_only", "backend": "grayscale_ridge_v1_skeleton_v1", "pixel_length": 31.385, "point_count": 8, "confidence": 0.6821, "review_status": "unreviewed"}, "geometry": {"type": "LineString", "coordinates": [[126.76191162530695, 36.32092368754923], [126.76200617048896, 36.32096223542862], [126.762242533444, 36.32127061846368], [126.762242533444, 36.32134771422245], [126.76238435121702, 36.32150190573998], [126.76243162380803, 36.321694645136894], [126.76252616899005, 36.321771740895656], [126.76266798676306, 36.32173319301628]]}}, {"type": "Feature", "properties": {"proposal_id": "visible-line-52", "tile_id": "173-buyeo-mountain", "sheet_id": "173-buyeo", "split": "development", "proposal_kind": "visible_linework_review_only", "backend": "grayscale_ridge_v1_skeleton_v1", "pixel_length": 261.35, "point_count": 28, "confidence": 0.7048, "review_status": "unreviewed"}, "geometry": {"type": "LineString", "coordinates": [[126.76200617048896, 36.31321411167262], [126.762242533444, 36.31375378198399], [126.76238435121702, 36.3139465213809], [126.76266798676306, 36.314139260777814], [126.76337707562817, 36.31390797350152], [126.7635661659922, 36.31390797350152], [126.76361343858322, 36.31386942562214], [126.76403889190227, 36.31390797350152], [126.76427525485732, 36.314139260777814], [126.76432252744833, 36.314756026847945], [126.76465343558537, 36.31502586200363], [126.76493707113143, 36.314987314124245], [126.76536252445048, 36.314833122606714], [126.76597706813358, 36.31479457472733], [126.76640252145265, 36.31494876624486], [126.76678070218071, 36.315218601400545], [126.76696979254474, 36.31529569715931], [126.76711161031776, 36.31529569715931], [126.76786797177388, 36.314987314124245], [126.76824615250194, 36.31494876624486], [126.76843524286596, 36.31502586200363], [126.76895524136705, 36.31544988867684], [126.76914433173108, 36.31552698443561], [126.7692861495041, 36.31552698443561], [126.76985342059619, 36.31529569715931], [126.77023160132424, 36.31529569715931], [126.77094069018936, 36.31575827171191], [126.7711770531444, 36.31579681959129]]}}, {"type": "Feature", "properties": {"proposal_id": "visible-line-53", "tile_id": "173-buyeo-mountain", "sheet_id": "173-buyeo", "split": "development", "proposal_kind": "visible_linework_review_only", "backend": "grayscale_ridge_v1_skeleton_v1", "pixel_length": 26.556, "point_count": 4, "confidence": 0.6817, "review_status": "unreviewed"}, "geometry": {"type": "LineString", "coordinates": [[126.76228980603501, 36.29367033682542], [126.76314071267313, 36.293323405910975], [126.76323525785516, 36.293323405910975], [126.76332980303717, 36.29324631015221]]}}, {"type": "Feature", "properties": {"proposal_id": "visible-line-54", "tile_id": "173-buyeo-mountain", "sheet_id": "173-buyeo", "split": "development", "proposal_kind": "visible_linework_review_only", "backend": "grayscale_ridge_v1_skeleton_v1", "pixel_length": 64.255, "point_count": 9, "confidence": 0.731, "review_status": "unreviewed"}, "geometry": {"type": "LineString", "coordinates": [[126.76233707862602, 36.30068605087314], [126.76243162380803, 36.30084024239067], [126.76243162380803, 36.30095588602882], [126.7628570771271, 36.30134136482265], [126.76295162230912, 36.3014570084608], [126.76299889490012, 36.30164974785772], [126.76323525785516, 36.301842487254625], [126.7635661659922, 36.302382157565994], [126.76384980153826, 36.30265199272167]]}}, {"type": "Feature", "properties": {"proposal_id": "visible-line-55", "tile_id": "173-buyeo-mountain", "sheet_id": "173-buyeo", "split": "development", "proposal_kind": "visible_linework_review_only", "backend": "grayscale_ridge_v1_skeleton_v1", "pixel_length": 18.071, "point_count": 2, "confidence": 0.5774, "review_status": "unreviewed"}, "geometry": {"type": "LineString", "coordinates": [[126.76238435121702, 36.308279983111596], [126.76262071417206, 36.307663217041465]]}}, {"type": "Feature", "properties": {"proposal_id": "visible-line-56", "tile_id": "173-buyeo-mountain", "sheet_id": "173-buyeo", "split": "development", "proposal_kind": "visible_linework_review_only", "backend": "grayscale_ridge_v1_skeleton_v1", "pixel_length": 52.698, "point_count": 7, "confidence": 0.6686, "review_status": "unreviewed"}, "geometry": {"type": "LineString", "coordinates": [[126.76247889639903, 36.31005318556321], [126.76252616899005, 36.3100917334426], [126.76271525935407, 36.31005318556321], [126.76299889490012, 36.309937541925066], [126.76394434672027, 36.30943641949309], [126.76441707263034, 36.309397871613704], [126.76455889040336, 36.30947496737247]]}}, {"type": "Feature", "properties": {"proposal_id": "visible-line-57", "tile_id": "173-buyeo-mountain", "sheet_id": "173-buyeo", "split": "development", "proposal_kind": "visible_linework_review_only", "backend": "grayscale_ridge_v1_skeleton_v1", "pixel_length": 25.243, "point_count": 3, "confidence": 0.6497, "review_status": "unreviewed"}, "geometry": {"type": "LineString", "coordinates": [[126.76262071417206, 36.32369913486481], [126.76361343858322, 36.323737682744195], [126.76375525635623, 36.323660586985426]]}}, {"type": "Feature", "properties": {"proposal_id": "visible-line-58", "tile_id": "173-buyeo-mountain", "sheet_id": "173-buyeo", "split": "development", "proposal_kind": "visible_linework_review_only", "backend": "grayscale_ridge_v1_skeleton_v1", "pixel_length": 40.899, "point_count": 5, "confidence": 0.6245, "review_status": "unreviewed"}, "geometry": {"type": "LineString", "coordinates": [[126.76262071417206, 36.32242705484517], [126.76271525935407, 36.32250415060394], [126.76299889490012, 36.3225812463627], [126.76408616449329, 36.32261979424209], [126.76441707263034, 36.32269689000085]]}}, {"type": "Feature", "properties": {"proposal_id": "visible-line-59", "tile_id": "173-buyeo-mountain", "sheet_id": "173-buyeo", "split": "development", "proposal_kind": "visible_linework_review_only", "backend": "grayscale_ridge_v1_skeleton_v1", "pixel_length": 132.912, "point_count": 15, "confidence": 0.681, "review_status": "unreviewed"}, "geometry": {"type": "LineString", "coordinates": [[126.76262071417206, 36.296869810814215], [126.76266798676306, 36.29675416717607], [126.76262071417206, 36.29652287989977], [126.76266798676306, 36.296484332020384], [126.76280980453609, 36.29571337443272], [126.7629043497181, 36.29552063503581], [126.76309344008213, 36.295366443518276], [126.7634716208102, 36.295366443518276], [126.76384980153826, 36.29548208715643], [126.7642279822663, 36.29579047019149], [126.76451161781236, 36.29613740110594], [126.76470070817638, 36.29625304474409], [126.76498434372243, 36.29625304474409], [126.76555161481451, 36.29613740110594], [126.76668615699869, 36.29617594898532]]}}, {"type": "Feature", "properties": {"proposal_id": "visible-line-60", "tile_id": "173-buyeo-mountain", "sheet_id": "173-buyeo", "split": "development", "proposal_kind": "visible_linework_review_only", "backend": "grayscale_ridge_v1_skeleton_v1", "pixel_length": 27.971, "point_count": 5, "confidence": 0.6351, "review_status": "unreviewed"}, "geometry": {"type": "LineString", "coordinates": [[126.76266798676306, 36.30619839762491], [126.76295162230912, 36.306005658227996], [126.76328253044616, 36.30589001458985], [126.76361343858322, 36.30596711034861], [126.76370798376523, 36.306082753986765]]}}, {"type": "Feature", "properties": {"proposal_id": "visible-line-61", "tile_id": "173-buyeo-mountain", "sheet_id": "173-buyeo", "split": "development", "proposal_kind": "visible_linework_review_only", "backend": "grayscale_ridge_v1_skeleton_v1", "pixel_length": 200.723, "point_count": 19, "confidence": 0.7591, "review_status": "unreviewed"}, "geometry": {"type": "LineString", "coordinates": [[126.76271525935407, 36.293785980463575], [126.7635661659922, 36.29343904954913], [126.76446434522134, 36.29289937923777], [126.76522070667747, 36.29224406528825], [126.76574070517854, 36.29170439497689], [126.76611888590661, 36.29108762890676], [126.76621343108862, 36.29074069799231], [126.76635524886164, 36.290470862836635], [126.76635524886164, 36.29035521919848], [126.76644979404365, 36.290239575560335], [126.76659161181668, 36.28966135736959], [126.7667334295897, 36.28935297433453], [126.7667334295897, 36.28919878281699], [126.76682797477172, 36.28904459129946], [126.76682797477172, 36.28889039978193], [126.76692251995374, 36.28869766038501], [126.76696979254474, 36.28831218159118], [126.76706433772675, 36.28815799007365], [126.76711161031776, 36.28784960703859]]}}, {"type": "Feature", "properties": {"proposal_id": "visible-line-62", "tile_id": "173-buyeo-mountain", "sheet_id": "173-buyeo", "split": "development", "proposal_kind": "visible_linework_review_only", "backend": "grayscale_ridge_v1_skeleton_v1", "pixel_length": 19.314, "point_count": 5, "confidence": 0.7165, "review_status": "unreviewed"}, "geometry": {"type": "LineString", "coordinates": [[126.76276253194509, 36.29729383748743], [126.76309344008213, 36.297486576884346], [126.76323525785516, 36.297486576884346], [126.76342434821919, 36.29756367264311], [126.7635188934012, 36.29752512476373]]}}, {"type": "Feature", "properties": {"proposal_id": "visible-line-63", "tile_id": "173-buyeo-mountain", "sheet_id": "173-buyeo", "split": "development", "proposal_kind": "visible_linework_review_only", "backend": "grayscale_ridge_v1_skeleton_v1", "pixel_length": 61.598, "point_count": 8, "confidence": 0.6804, "review_status": "unreviewed"}, "geometry": {"type": "LineString", "coordinates": [[126.7629043497181, 36.309629158890004], [126.76295162230912, 36.30966770676938], [126.76314071267313, 36.309629158890004], [126.76399161931127, 36.30908948857864], [126.76451161781236, 36.30897384494049], [126.7647952533584, 36.309012392819874], [126.76503161631344, 36.30920513221679], [126.76517343408646, 36.309397871613704]]}}, {"type": "Feature", "properties": {"proposal_id": "visible-line-64", "tile_id": "173-buyeo-mountain", "sheet_id": "173-buyeo", "split": "development", "proposal_kind": "visible_linework_review_only", "backend": "grayscale_ridge_v1_skeleton_v1", "pixel_length": 21.657, "point_count": 5, "confidence": 0.6261, "review_status": "unreviewed"}, "geometry": {"type": "LineString", "coordinates": [[126.76323525785516, 36.310168829201366], [126.7635661659922, 36.310168829201366], [126.76375525635623, 36.31024592496013], [126.76384980153826, 36.3103230207189], [126.76384980153826, 36.310592855874575]]}}, {"type": "Feature", "properties": {"proposal_id": "visible-line-65", "tile_id": "173-buyeo-mountain", "sheet_id": "173-buyeo", "split": "development", "proposal_kind": "visible_linework_review_only", "backend": "grayscale_ridge_v1_skeleton_v1", "pixel_length": 35.385, "point_count": 6, "confidence": 0.7002, "review_status": "unreviewed"}, "geometry": {"type": "LineString", "coordinates": [[126.76328253044616, 36.31988289480589], [126.7635188934012, 36.32007563420281], [126.76394434672027, 36.320037086323424], [126.76436980003933, 36.319805799047124], [126.76451161781236, 36.319805799047124], [126.76460616299437, 36.31992144268527]]}}, {"type": "Feature", "properties": {"proposal_id": "visible-line-66", "tile_id": "173-buyeo-mountain", "sheet_id": "173-buyeo", "split": "development", "proposal_kind": "visible_linework_review_only", "backend": "grayscale_ridge_v1_skeleton_v1", "pixel_length": 52.385, "point_count": 8, "confidence": 0.7109, "review_status": "unreviewed"}, "geometry": {"type": "LineString", "coordinates": [[126.76328253044616, 36.3055430836754], [126.76366071117423, 36.3055430836754], [126.76375525635623, 36.30558163155478], [126.7641807096753, 36.305928562469234], [126.76427525485732, 36.30612130186615], [126.76427525485732, 36.306622424298126], [126.7642279822663, 36.30666097217751], [126.7641807096753, 36.30696935521257]]}}, {"type": "Feature", "properties": {"proposal_id": "visible-line-67", "tile_id": "173-buyeo-mountain", "sheet_id": "173-buyeo", "split": "development", "proposal_kind": "visible_linework_review_only", "backend": "grayscale_ridge_v1_skeleton_v1", "pixel_length": 42.627, "point_count": 37, "confidence": 0.7642, "review_status": "unreviewed"}, "geometry": {"type": "LineString", "coordinates": [[126.76337707562817, 36.296715619296684], [126.76337707562817, 36.2966770714173], [126.76337707562817, 36.296638523537915], [126.76342434821919, 36.29659997565854], [126.76342434821919, 36.29656142777915], [126.7634716208102, 36.29652287989977], [126.7635188934012, 36.296484332020384], [126.7635661659922, 36.296445784141], [126.76361343858322, 36.296445784141], [126.76366071117423, 36.296445784141], [126.76370798376523, 36.296445784141], [126.76375525635623, 36.296445784141], [126.76380252894724, 36.296445784141], [126.76384980153826, 36.296484332020384], [126.76389707412926, 36.296484332020384], [126.76394434672027, 36.29652287989977], [126.76394434672027, 36.29656142777915], [126.76399161931127, 36.29659997565854], [126.76399161931127, 36.296638523537915], [126.76399161931127, 36.2966770714173], [126.76399161931127, 36.296715619296684], [126.76399161931127, 36.29675416717607], [126.76394434672027, 36.29679271505545], [126.76394434672027, 36.29683126293483], [126.76389707412926, 36.296869810814215], [126.76384980153826, 36.2969083586936], [126.76380252894724, 36.2969083586936], [126.76375525635623, 36.296946906572984], [126.76370798376523, 36.296946906572984], [126.76366071117423, 36.296946906572984], [126.76361343858322, 36.296946906572984], [126.7635661659922, 36.2969083586936], [126.7635188934012, 36.296869810814215], [126.7634716208102, 36.29683126293483], [126.76342434821919, 36.29679271505545], [126.76342434821919, 36.29675416717607], [126.76337707562817, 36.296715619296684]]}}, {"type": "Feature", "properties": {"proposal_id": "visible-line-68", "tile_id": "173-buyeo-mountain", "sheet_id": "173-buyeo", "split": "development", "proposal_kind": "visible_linework_review_only", "backend": "grayscale_ridge_v1_skeleton_v1", "pixel_length": 167.338, "point_count": 10, "confidence": 0.7406, "review_status": "unreviewed"}, "geometry": {"type": "LineString", "coordinates": [[126.7634716208102, 36.293169214393444], [126.7642279822663, 36.29274518772023], [126.76498434372243, 36.292128421650105], [126.76564615999654, 36.29135746406244], [126.76597706813358, 36.2907792458717], [126.7660716133156, 36.29035521919848], [126.76644979404365, 36.28935297433453], [126.76644979404365, 36.28916023493761], [126.76654433922567, 36.28900604342007], [126.76682797477172, 36.287965250676734]]}}, {"type": "Feature", "properties": {"proposal_id": "visible-line-69", "tile_id": "173-buyeo-mountain", "sheet_id": "173-buyeo", "split": "development", "proposal_kind": "visible_linework_review_only", "backend": "grayscale_ridge_v1_skeleton_v1", "pixel_length": 79.083, "point_count": 10, "confidence": 0.6518, "review_status": "unreviewed"}, "geometry": {"type": "LineString", "coordinates": [[126.7635188934012, 36.30905094069926], [126.76370798376523, 36.30897384494049], [126.76408616449329, 36.30870400978481], [126.76465343558537, 36.30843417462913], [126.76507888890444, 36.30843417462913], [126.76531525185948, 36.30862691402604], [126.7654570696325, 36.30889674918173], [126.76569343258754, 36.30912803645802], [126.76583525036057, 36.30935932373432], [126.76574070517854, 36.30966770676938]]}}, {"type": "Feature", "properties": {"proposal_id": "visible-line-70", "tile_id": "173-buyeo-mountain", "sheet_id": "173-buyeo", "split": "development", "proposal_kind": "visible_linework_review_only", "backend": "grayscale_ridge_v1_skeleton_v1", "pixel_length": 40.556, "point_count": 3, "confidence": 0.7087, "review_status": "unreviewed"}, "geometry": {"type": "LineString", "coordinates": [[126.7635661659922, 36.3207694960317], [126.76389707412926, 36.32061530451417], [126.76526797926847, 36.320345469358486]]}}, {"type": "Feature", "properties": {"proposal_id": "visible-line-71", "tile_id": "173-buyeo-mountain", "sheet_id": "173-buyeo", "split": "development", "proposal_kind": "visible_linework_review_only", "backend": "grayscale_ridge_v1_skeleton_v1", "pixel_length": 30.042, "point_count": 4, "confidence": 0.7724, "review_status": "unreviewed"}, "geometry": {"type": "LineString", "coordinates": [[126.7635661659922, 36.30500341336404], [126.76366071117423, 36.30500341336404], [126.76408616449329, 36.305234700640334], [126.76460616299437, 36.305697275192934]]}}, {"type": "Feature", "properties": {"proposal_id": "visible-line-72", "tile_id": "173-buyeo-mountain", "sheet_id": "173-buyeo", "split": "development", "proposal_kind": "visible_linework_review_only", "backend": "grayscale_ridge_v1_skeleton_v1", "pixel_length": 69.941, "point_count": 9, "confidence": 0.7069, "review_status": "unreviewed"}, "geometry": {"type": "LineString", "coordinates": [[126.76370798376523, 36.29756367264311], [126.76436980003933, 36.29760222052249], [126.76455889040336, 36.29767931628126], [126.7648425259494, 36.297717864160646], [126.76531525185948, 36.29794915143694], [126.76564615999654, 36.29821898659262], [126.76597706813358, 36.298373178110154], [126.76626070367963, 36.29845027386892], [126.76654433922567, 36.29841172598954]]}}, {"type": "Feature", "properties": {"proposal_id": "visible-line-73", "tile_id": "173-buyeo-mountain", "sheet_id": "173-buyeo", "split": "development", "proposal_kind": "visible_linework_review_only", "backend": "grayscale_ridge_v1_skeleton_v1", "pixel_length": 24.728, "point_count": 4, "confidence": 0.7387, "review_status": "unreviewed"}, "geometry": {"type": "LineString", "coordinates": [[126.76380252894724, 36.307894504317765], [126.76375525635623, 36.30785595643838], [126.76380252894724, 36.30770176492085], [126.7641334370843, 36.30708499885072]]}}, {"type": "Feature", "properties": {"proposal_id": "visible-line-74", "tile_id": "173-buyeo-mountain", "sheet_id": "173-buyeo", "split": "development", "proposal_kind": "visible_linework_review_only", "backend": "grayscale_ridge_v1_skeleton_v1", "pixel_length": 22.899, "point_count": 5, "confidence": 0.6336, "review_status": "unreviewed"}, "geometry": {"type": "LineString", "coordinates": [[126.76380252894724, 36.323583491226664], [126.76380252894724, 36.32331365607098], [126.76389707412926, 36.32319801243283], [126.76399161931127, 36.323120916674064], [126.76436980003933, 36.32300527303592]]}}, {"type": "Feature", "properties": {"proposal_id": "visible-line-75", "tile_id": "173-buyeo-mountain", "sheet_id": "173-buyeo", "split": "development", "proposal_kind": "visible_linework_review_only", "backend": "grayscale_ridge_v1_skeleton_v1", "pixel_length": 155.267, "point_count": 20, "confidence": 0.7042, "review_status": "unreviewed"}, "geometry": {"type": "LineString", "coordinates": [[126.76380252894724, 36.308125791594065], [126.76384980153826, 36.30824143523221], [126.76408616449329, 36.30839562674974], [126.7647479807674, 36.307971600076534], [126.76503161631344, 36.307894504317765], [126.76531525185948, 36.30793305219715], [126.76559888740553, 36.30816433947345], [126.76583525036057, 36.308511270387896], [126.76597706813358, 36.30862691402604], [126.76621343108862, 36.309166584337405], [126.76611888590661, 36.3098604461663], [126.76597706813358, 36.3100917334426], [126.76592979554258, 36.31047721223643], [126.7660716133156, 36.310592855874575], [126.76621343108862, 36.310592855874575], [126.76640252145265, 36.31066995163334], [126.76687524736272, 36.31101688254779], [126.76696979254474, 36.31101688254779], [126.76715888290877, 36.31090123890964], [126.76711161031776, 36.31078559527149]]}}, {"type": "Feature", "properties": {"proposal_id": "visible-line-76", "tile_id": "173-buyeo-mountain", "sheet_id": "173-buyeo", "split": "development", "proposal_kind": "visible_linework_review_only", "backend": "grayscale_ridge_v1_skeleton_v1", "pixel_length": 41.213, "point_count": 7, "confidence": 0.6676, "review_status": "unreviewed"}, "geometry": {"type": "LineString", "coordinates": [[126.76389707412926, 36.31240460620558], [126.76394434672027, 36.31244315408497], [126.7641807096753, 36.31240460620558], [126.76451161781236, 36.31221186680867], [126.76493707113143, 36.312057675291136], [126.76531525185948, 36.31201912741175], [126.76555161481451, 36.3121347710499]]}}, {"type": "Feature", "properties": {"proposal_id": "visible-line-77", "tile_id": "173-buyeo-mountain", "sheet_id": "173-buyeo", "split": "development", "proposal_kind": "visible_linework_review_only", "backend": "grayscale_ridge_v1_skeleton_v1", "pixel_length": 23.728, "point_count": 3, "confidence": 0.5725, "review_status": "unreviewed"}, "geometry": {"type": "LineString", "coordinates": [[126.76394434672027, 36.311363813462236], [126.76408616449329, 36.310978334668405], [126.76436980003933, 36.310592855874575]]}}, {"type": "Feature", "properties": {"proposal_id": "visible-line-78", "tile_id": "173-buyeo-mountain", "sheet_id": "173-buyeo", "split": "development", "proposal_kind": "visible_linework_review_only", "backend": "grayscale_ridge_v1_skeleton_v1", "pixel_length": 70.426, "point_count": 8, "confidence": 0.7218, "review_status": "unreviewed"}, "geometry": {"type": "LineString", "coordinates": [[126.76399161931127, 36.3030374715155], [126.7641807096753, 36.30319166303303], [126.7642279822663, 36.303307306671186], [126.76460616299437, 36.303577141826864], [126.76498434372243, 36.30438664729391], [126.7654570696325, 36.304810673967125], [126.7654570696325, 36.30511905700219], [126.7654097970415, 36.30519615276095]]}}, {"type": "Feature", "properties": {"proposal_id": "visible-line-79", "tile_id": "173-buyeo-mountain", "sheet_id": "173-buyeo", "split": "development", "proposal_kind": "visible_linework_review_only", "backend": "grayscale_ridge_v1_skeleton_v1", "pixel_length": 27.657, "point_count": 4, "confidence": 0.7078, "review_status": "unreviewed"}, "geometry": {"type": "LineString", "coordinates": [[126.7642279822663, 36.29451839017185], [126.76427525485732, 36.29405581561925], [126.76436980003933, 36.29397871986049], [126.76493707113143, 36.294017267739875]]}}, {"type": "Feature", "properties": {"proposal_id": "visible-line-80", "tile_id": "173-buyeo-mountain", "sheet_id": "173-buyeo", "split": "development", "proposal_kind": "visible_linework_review_only", "backend": "grayscale_ridge_v1_skeleton_v1", "pixel_length": 22.728, "point_count": 2, "confidence": 0.6786, "review_status": "unreviewed"}, "geometry": {"type": "LineString", "coordinates": [[126.76436980003933, 36.32138626210183], [126.76526797926847, 36.32103933118738]]}}, {"type": "Feature", "properties": {"proposal_id": "visible-line-81", "tile_id": "173-buyeo-mountain", "sheet_id": "173-buyeo", "split": "development", "proposal_kind": "visible_linework_review_only", "backend": "grayscale_ridge_v1_skeleton_v1", "pixel_length": 215.125, "point_count": 23, "confidence": 0.6945, "review_status": "unreviewed"}, "geometry": {"type": "LineString", "coordinates": [[126.76436980003933, 36.30107152966697], [126.76436980003933, 36.30072459875252], [126.76446434522134, 36.300647502993755], [126.76616615849761, 36.30068605087314], [126.76626070367963, 36.30060895511437], [126.76621343108862, 36.30006928480301], [126.76640252145265, 36.29995364116486], [126.76720615549978, 36.29999218904424], [126.76777342659186, 36.29956816237103], [126.76796251695589, 36.29949106661226], [126.76815160731992, 36.29949106661226], [126.76819887991093, 36.29945251873288], [126.7693334220951, 36.29945251873288], [126.76942796727712, 36.299375422974116], [126.76938069468612, 36.299221231456585], [126.76904978654906, 36.298989944180285], [126.76824615250194, 36.298758656903985], [126.7680097895469, 36.29864301326584], [126.76786797177388, 36.29848882174831], [126.76748979104582, 36.29833463023077], [126.76706433772675, 36.29833463023077], [126.76701706513575, 36.298373178110154], [126.76663888440768, 36.29841172598954]]}}, {"type": "Feature", "properties": {"proposal_id": "visible-line-82", "tile_id": "173-buyeo-mountain", "sheet_id": "173-buyeo", "split": "development", "proposal_kind": "visible_linework_review_only", "backend": "grayscale_ridge_v1_skeleton_v1", "pixel_length": 24.071, "point_count": 4, "confidence": 0.6639, "review_status": "unreviewed"}, "geometry": {"type": "LineString", "coordinates": [[126.7647479807674, 36.31614375050574], [126.76498434372243, 36.31610520262635], [126.76536252445048, 36.31595101110882], [126.76578797776955, 36.31595101110882]]}}, {"type": "Feature", "properties": {"proposal_id": "visible-line-83", "tile_id": "173-buyeo-mountain", "sheet_id": "173-buyeo", "split": "development", "proposal_kind": "visible_linework_review_only", "backend": "grayscale_ridge_v1_skeleton_v1", "pixel_length": 40.385, "point_count": 36, "confidence": 0.7442, "review_status": "unreviewed"}, "geometry": {"type": "LineString", "coordinates": [[126.76488979854041, 36.31714599536969], [126.76488979854041, 36.317107447490315], [126.76488979854041, 36.31706889961093], [126.76488979854041, 36.317030351731546], [126.76488979854041, 36.31699180385216], [126.76493707113143, 36.31695325597278], [126.76493707113143, 36.3169147080934], [126.76498434372243, 36.316876160214015], [126.76503161631344, 36.31683761233463], [126.76507888890444, 36.31683761233463], [126.76512616149544, 36.31683761233463], [126.76517343408646, 36.31683761233463], [126.76522070667747, 36.31683761233463], [126.76526797926847, 36.31683761233463], [126.76531525185948, 36.31683761233463], [126.76536252445048, 36.31683761233463], [126.7654097970415, 36.316876160214015], [126.7654097970415, 36.3169147080934], [126.7654570696325, 36.31695325597278], [126.7654570696325, 36.31699180385216], [126.7654570696325, 36.317030351731546], [126.7654570696325, 36.31706889961093], [126.7654570696325, 36.317107447490315], [126.7654570696325, 36.31714599536969], [126.7654097970415, 36.31718454324908], [126.76536252445048, 36.31722309112846], [126.76531525185948, 36.317261639007846], [126.76526797926847, 36.317261639007846], [126.76522070667747, 36.31730018688722], [126.76517343408646, 36.31730018688722], [126.76512616149544, 36.31730018688722], [126.76507888890444, 36.317261639007846], [126.76503161631344, 36.317261639007846], [126.76498434372243, 36.31722309112846], [126.76493707113143, 36.31718454324908], [126.76488979854041, 36.31714599536969]]}}, {"type": "Feature", "properties": {"proposal_id": "visible-line-84", "tile_id": "173-buyeo-mountain", "sheet_id": "173-buyeo", "split": "development", "proposal_kind": "visible_linework_review_only", "backend": "grayscale_ridge_v1_skeleton_v1", "pixel_length": 33.799, "point_count": 7, "confidence": 0.6947, "review_status": "unreviewed"}, "geometry": {"type": "LineString", "coordinates": [[126.76517343408646, 36.31147945710039], [126.76559888740553, 36.31124816982409], [126.76569343258754, 36.31124816982409], [126.76592979554258, 36.31113252618594], [126.76616615849761, 36.31113252618594], [126.76635524886164, 36.311286717703474], [126.76640252145265, 36.31140236134162]]}}, {"type": "Feature", "properties": {"proposal_id": "visible-line-85", "tile_id": "173-buyeo-mountain", "sheet_id": "173-buyeo", "split": "development", "proposal_kind": "visible_linework_review_only", "backend": "grayscale_ridge_v1_skeleton_v1", "pixel_length": 23.142, "point_count": 4, "confidence": 0.7212, "review_status": "unreviewed"}, "geometry": {"type": "LineString", "coordinates": [[126.76517343408646, 36.306236945504295], [126.76536252445048, 36.306622424298126], [126.76555161481451, 36.30677661581566], [126.76564615999654, 36.30696935521257]]}}, {"type": "Feature", "properties": {"proposal_id": "visible-line-86", "tile_id": "173-buyeo-mountain", "sheet_id": "173-buyeo", "split": "development", "proposal_kind": "visible_linework_review_only", "backend": "grayscale_ridge_v1_skeleton_v1", "pixel_length": 24.142, "point_count": 6, "confidence": 0.7494, "review_status": "unreviewed"}, "geometry": {"type": "LineString", "coordinates": [[126.7654097970415, 36.3203069214791], [126.7654570696325, 36.32022982572034], [126.76578797776955, 36.320191277840955], [126.76602434072458, 36.31999853844404], [126.76602434072458, 36.31992144268527], [126.76616615849761, 36.31976725116774]]}}, {"type": "Feature", "properties": {"proposal_id": "visible-line-87", "tile_id": "173-buyeo-mountain", "sheet_id": "173-buyeo", "split": "development", "proposal_kind": "visible_linework_review_only", "backend": "grayscale_ridge_v1_skeleton_v1", "pixel_length": 20.243, "point_count": 4, "confidence": 0.6261, "review_status": "unreviewed"}, "geometry": {"type": "LineString", "coordinates": [[126.76569343258754, 36.31321411167262], [126.76602434072458, 36.313175563793244], [126.76616615849761, 36.313098468034475], [126.76659161181668, 36.313098468034475]]}}, {"type": "Feature", "properties": {"proposal_id": "visible-line-88", "tile_id": "173-buyeo-mountain", "sheet_id": "173-buyeo", "split": "development", "proposal_kind": "visible_linework_review_only", "backend": "grayscale_ridge_v1_skeleton_v1", "pixel_length": 18.728, "point_count": 3, "confidence": 0.5998, "review_status": "unreviewed"}, "geometry": {"type": "LineString", "coordinates": [[126.76602434072458, 36.314370548054114], [126.76626070367963, 36.31444764381288], [126.7667334295897, 36.31471747896856]]}}, {"type": "Feature", "properties": {"proposal_id": "visible-line-89", "tile_id": "173-buyeo-mountain", "sheet_id": "173-buyeo", "split": "development", "proposal_kind": "visible_linework_review_only", "backend": "grayscale_ridge_v1_skeleton_v1", "pixel_length": 31.971, "point_count": 5, "confidence": 0.593, "review_status": "unreviewed"}, "geometry": {"type": "LineString", "coordinates": [[126.76635524886164, 36.31834097963057], [126.76663888440768, 36.318302431751185], [126.76682797477172, 36.31822533599242], [126.76711161031776, 36.31822533599242], [126.76758433622784, 36.31861081478625]]}}, {"type": "Feature", "properties": {"proposal_id": "visible-line-90", "tile_id": "173-buyeo-mountain", "sheet_id": "173-buyeo", "split": "development", "proposal_kind": "visible_linework_review_only", "backend": "grayscale_ridge_v1_skeleton_v1", "pixel_length": 28.314, "point_count": 5, "confidence": 0.6891, "review_status": "unreviewed"}, "geometry": {"type": "LineString", "coordinates": [[126.76635524886164, 36.28750267612414], [126.76649706663467, 36.28704010157154], [126.76659161181668, 36.286924457933395], [126.76659161181668, 36.28680881429524], [126.7667334295897, 36.286538979139564]]}}, {"type": "Feature", "properties": {"proposal_id": "visible-line-91", "tile_id": "173-buyeo-mountain", "sheet_id": "173-buyeo", "split": "development", "proposal_kind": "visible_linework_review_only", "backend": "grayscale_ridge_v1_skeleton_v1", "pixel_length": 18.314, "point_count": 4, "confidence": 0.6385, "review_status": "unreviewed"}, "geometry": {"type": "LineString", "coordinates": [[126.76649706663467, 36.31880355418316], [126.76682797477172, 36.31864936266563], [126.76692251995374, 36.31864936266563], [126.76715888290877, 36.31884210206255]]}}, {"type": "Feature", "properties": {"proposal_id": "visible-line-92", "tile_id": "173-buyeo-mountain", "sheet_id": "173-buyeo", "split": "development", "proposal_kind": "visible_linework_review_only", "backend": "grayscale_ridge_v1_skeleton_v1", "pixel_length": 22.485, "point_count": 5, "confidence": 0.6736, "review_status": "unreviewed"}, "geometry": {"type": "LineString", "coordinates": [[126.76649706663467, 36.28784960703859], [126.76649706663467, 36.287733963400434], [126.76663888440768, 36.28750267612414], [126.76663888440768, 36.2873484846066], [126.76678070218071, 36.287078649450926]]}}, {"type": "Feature", "properties": {"proposal_id": "visible-line-93", "tile_id": "173-buyeo-mountain", "sheet_id": "173-buyeo", "split": "development", "proposal_kind": "visible_linework_review_only", "backend": "grayscale_ridge_v1_skeleton_v1", "pixel_length": 27.556, "point_count": 4, "confidence": 0.6861, "review_status": "unreviewed"}, "geometry": {"type": "LineString", "coordinates": [[126.76663888440768, 36.295212252000745], [126.76663888440768, 36.29501951260383], [126.76696979254474, 36.29474967744815], [126.76748979104582, 36.294595485930614]]}}, {"type": "Feature", "properties": {"proposal_id": "visible-line-94", "tile_id": "173-buyeo-mountain", "sheet_id": "173-buyeo", "split": "development", "proposal_kind": "visible_linework_review_only", "backend": "grayscale_ridge_v1_skeleton_v1", "pixel_length": 40.556, "point_count": 10, "confidence": 0.7364, "review_status": "unreviewed"}, "geometry": {"type": "LineString", "coordinates": [[126.76687524736272, 36.30307601939489], [126.76696979254474, 36.30299892363612], [126.76711161031776, 36.3030374715155], [126.76720615549978, 36.30299892363612], [126.76767888140985, 36.30299892363612], [126.76772615400085, 36.3030374715155], [126.76777342659186, 36.3032687587918], [126.76772615400085, 36.303307306671186], [126.76748979104582, 36.303307306671186], [126.76725342809078, 36.3035000460681]]}}, {"type": "Feature", "properties": {"proposal_id": "visible-line-95", "tile_id": "173-buyeo-mountain", "sheet_id": "173-buyeo", "split": "development", "proposal_kind": "visible_linework_review_only", "backend": "grayscale_ridge_v1_skeleton_v1", "pixel_length": 20.556, "point_count": 3, "confidence": 0.7647, "review_status": "unreviewed"}, "geometry": {"type": "LineString", "coordinates": [[126.76692251995374, 36.307586121282704], [126.76715888290877, 36.307971600076534], [126.76744251845481, 36.30820288735283]]}}, {"type": "Feature", "properties": {"proposal_id": "visible-line-96", "tile_id": "173-buyeo-mountain", "sheet_id": "173-buyeo", "split": "development", "proposal_kind": "visible_linework_review_only", "backend": "grayscale_ridge_v1_skeleton_v1", "pixel_length": 29.142, "point_count": 5, "confidence": 0.6398, "review_status": "unreviewed"}, "geometry": {"type": "LineString", "coordinates": [[126.76692251995374, 36.286693170657095], [126.76696979254474, 36.28650043126018], [126.76706433772675, 36.28638478762203], [126.76706433772675, 36.28626914398388], [126.76739524586381, 36.28572947367252]]}}, {"type": "Feature", "properties": {"proposal_id": "visible-line-97", "tile_id": "173-buyeo-mountain", "sheet_id": "173-buyeo", "split": "development", "proposal_kind": "visible_linework_review_only", "backend": "grayscale_ridge_v1_skeleton_v1", "pixel_length": 20.071, "point_count": 5, "confidence": 0.6865, "review_status": "unreviewed"}, "geometry": {"type": "LineString", "coordinates": [[126.76701706513575, 36.28946861797267], [126.76701706513575, 36.28916023493761], [126.76706433772675, 36.28908313917884], [126.76725342809078, 36.28889039978193], [126.76739524586381, 36.28889039978193]]}}, {"type": "Feature", "properties": {"proposal_id": "visible-line-98", "tile_id": "173-buyeo-mountain", "sheet_id": "173-buyeo", "split": "development", "proposal_kind": "visible_linework_review_only", "backend": "grayscale_ridge_v1_skeleton_v1", "pixel_length": 23.899, "point_count": 3, "confidence": 0.6487, "review_status": "unreviewed"}, "geometry": {"type": "LineString", "coordinates": [[126.76711161031776, 36.31652922929957], [126.76782069918288, 36.31629794202327], [126.76810433472892, 36.316259394143884]]}}, {"type": "Feature", "properties": {"proposal_id": "visible-line-99", "tile_id": "173-buyeo-mountain", "sheet_id": "173-buyeo", "split": "development", "proposal_kind": "visible_linework_review_only", "backend": "grayscale_ridge_v1_skeleton_v1", "pixel_length": 22.728, "point_count": 20, "confidence": 0.6998, "review_status": "unreviewed"}, "geometry": {"type": "LineString", "coordinates": [[126.76711161031776, 36.30885820130234], [126.76711161031776, 36.30881965342296], [126.76715888290877, 36.308781105543574], [126.76720615549978, 36.30874255766419], [126.76725342809078, 36.30870400978481], [126.76730070068179, 36.30870400978481], [126.76734797327279, 36.30870400978481], [126.76739524586381, 36.30870400978481], [126.76744251845481, 36.30870400978481], [126.76748979104582, 36.30874255766419], [126.76748979104582, 36.308781105543574], [126.76748979104582, 36.30881965342296], [126.76744251845481, 36.30885820130234], [126.76739524586381, 36.30889674918173], [126.76734797327279, 36.308935297061105], [126.76730070068179, 36.308935297061105], [126.76725342809078, 36.308935297061105], [126.76720615549978, 36.30889674918173], [126.76715888290877, 36.30889674918173], [126.76711161031776, 36.30885820130234]]}}, {"type": "Feature", "properties": {"proposal_id": "visible-line-100", "tile_id": "173-buyeo-mountain", "sheet_id": "173-buyeo", "split": "development", "proposal_kind": "visible_linework_review_only", "backend": "grayscale_ridge_v1_skeleton_v1", "pixel_length": 42.314, "point_count": 2, "confidence": 0.6713, "review_status": "unreviewed"}, "geometry": {"type": "LineString", "coordinates": [[126.76715888290877, 36.28777251127982], [126.76753706363682, 36.28626914398388]]}}, {"type": "Feature", "properties": {"proposal_id": "visible-line-101", "tile_id": "173-buyeo-mountain", "sheet_id": "173-buyeo", "split": "development", "proposal_kind": "visible_linework_review_only", "backend": "grayscale_ridge_v1_skeleton_v1", "pixel_length": 27.556, "point_count": 24, "confidence": 0.7124, "review_status": "unreviewed"}, "geometry": {"type": "LineString", "coordinates": [[126.76720615549978, 36.317107447490315], [126.76720615549978, 36.31706889961093], [126.76720615549978, 36.317030351731546], [126.76720615549978, 36.31699180385216], [126.76725342809078, 36.31695325597278], [126.76730070068179, 36.3169147080934], [126.76734797327279, 36.316876160214015], [126.76739524586381, 36.316876160214015], [126.76744251845481, 36.316876160214015], [126.76748979104582, 36.3169147080934], [126.76753706363682, 36.31695325597278], [126.76753706363682, 36.31699180385216], [126.76753706363682, 36.317030351731546], [126.76753706363682, 36.31706889961093], [126.76753706363682, 36.317107447490315], [126.76748979104582, 36.31714599536969], [126.76748979104582, 36.31718454324908], [126.76744251845481, 36.31722309112846], [126.76739524586381, 36.317261639007846], [126.76734797327279, 36.317261639007846], [126.76730070068179, 36.31722309112846], [126.76725342809078, 36.31718454324908], [126.76725342809078, 36.31714599536969], [126.76720615549978, 36.317107447490315]]}}, {"type": "Feature", "properties": {"proposal_id": "visible-line-102", "tile_id": "173-buyeo-mountain", "sheet_id": "173-buyeo", "split": "development", "proposal_kind": "visible_linework_review_only", "backend": "grayscale_ridge_v1_skeleton_v1", "pixel_length": 26.971, "point_count": 5, "confidence": 0.7141, "review_status": "unreviewed"}, "geometry": {"type": "LineString", "coordinates": [[126.76725342809078, 36.31949741601206], [126.76744251845481, 36.319574511770824], [126.76772615400085, 36.31953596389144], [126.76791524436489, 36.31945886813268], [126.76829342509295, 36.31918903297699]]}}, {"type": "Feature", "properties": {"proposal_id": "visible-line-103", "tile_id": "173-buyeo-mountain", "sheet_id": "173-buyeo", "split": "development", "proposal_kind": "visible_linework_review_only", "backend": "grayscale_ridge_v1_skeleton_v1", "pixel_length": 25.657, "point_count": 6, "confidence": 0.6276, "review_status": "unreviewed"}, "geometry": {"type": "LineString", "coordinates": [[126.76725342809078, 36.3048492218465], [126.76725342809078, 36.30469503032897], [126.76734797327279, 36.30450229093206], [126.76734797327279, 36.304193907896995], [126.76730070068179, 36.30415536001761], [126.76734797327279, 36.30392407274131]]}}, {"type": "Feature", "properties": {"proposal_id": "visible-line-104", "tile_id": "173-buyeo-mountain", "sheet_id": "173-buyeo", "split": "development", "proposal_kind": "visible_linework_review_only", "backend": "grayscale_ridge_v1_skeleton_v1", "pixel_length": 76.042, "point_count": 16, "confidence": 0.6948, "review_status": "unreviewed"}, "geometry": {"type": "LineString", "coordinates": [[126.76753706363682, 36.304039716379464], [126.76758433622784, 36.30407826425884], [126.76871887841202, 36.30407826425884], [126.76876615100302, 36.304116812138226], [126.76895524136705, 36.304039716379464], [126.76895524136705, 36.30392407274131], [126.76886069618503, 36.30384697698255], [126.76852978804799, 36.30384697698255], [126.76843524286596, 36.30376988122378], [126.76843524286596, 36.30361568970625], [126.76819887991093, 36.30353859394748], [126.76805706213791, 36.30353859394748], [126.76791524436489, 36.303731333344395], [126.76782069918288, 36.303731333344395], [126.76763160881885, 36.30388552486193], [126.76753706363682, 36.30388552486193]]}}, {"type": "Feature", "properties": {"proposal_id": "visible-line-105", "tile_id": "173-buyeo-mountain", "sheet_id": "173-buyeo", "split": "development", "proposal_kind": "visible_linework_review_only", "backend": "grayscale_ridge_v1_skeleton_v1", "pixel_length": 18.485, "point_count": 4, "confidence": 0.7453, "review_status": "unreviewed"}, "geometry": {"type": "LineString", "coordinates": [[126.76758433622784, 36.31753147416352], [126.76763160881885, 36.31741583052538], [126.76810433472892, 36.31753147416352], [126.76824615250194, 36.31760856992229]]}}, {"type": "Feature", "properties": {"proposal_id": "visible-line-106", "tile_id": "173-buyeo-mountain", "sheet_id": "173-buyeo", "split": "development", "proposal_kind": "visible_linework_review_only", "backend": "grayscale_ridge_v1_skeleton_v1", "pixel_length": 54.77, "point_count": 10, "confidence": 0.681, "review_status": "unreviewed"}, "geometry": {"type": "LineString", "coordinates": [[126.76758433622784, 36.31753147416352], [126.76777342659186, 36.317685665681054], [126.7680097895469, 36.31776276143982], [126.76824615250194, 36.317916952957354], [126.76838797027496, 36.31810969235427], [126.76871887841202, 36.318379527509954], [126.76914433173108, 36.318533719027485], [126.76942796727712, 36.318533719027485], [126.76947523986813, 36.31857226690687], [126.76956978505015, 36.318533719027485]]}}, {"type": "Feature", "properties": {"proposal_id": "visible-line-107", "tile_id": "173-buyeo-mountain", "sheet_id": "173-buyeo", "split": "development", "proposal_kind": "visible_linework_review_only", "backend": "grayscale_ridge_v1_skeleton_v1", "pixel_length": 23.556, "point_count": 3, "confidence": 0.6527, "review_status": "unreviewed"}, "geometry": {"type": "LineString", "coordinates": [[126.76758433622784, 36.31163364861792], [126.76824615250194, 36.31198057953237], [126.76834069768395, 36.31217331892928]]}}, {"type": "Feature", "properties": {"proposal_id": "visible-line-108", "tile_id": "173-buyeo-mountain", "sheet_id": "173-buyeo", "split": "development", "proposal_kind": "visible_linework_review_only", "backend": "grayscale_ridge_v1_skeleton_v1", "pixel_length": 46.355, "point_count": 6, "confidence": 0.6934, "review_status": "unreviewed"}, "geometry": {"type": "LineString", "coordinates": [[126.76758433622784, 36.29359324106666], [126.76758433622784, 36.293477597428506], [126.76767888140985, 36.293323405910975], [126.768671605821, 36.292513900443936], [126.76890796877605, 36.292513900443936], [126.76904978654906, 36.2925909962027]]}}, {"type": "Feature", "properties": {"proposal_id": "visible-line-109", "tile_id": "173-buyeo-mountain", "sheet_id": "173-buyeo", "split": "development", "proposal_kind": "visible_linework_review_only", "backend": "grayscale_ridge_v1_skeleton_v1", "pixel_length": 24.971, "point_count": 4, "confidence": 0.7176, "review_status": "unreviewed"}, "geometry": {"type": "LineString", "coordinates": [[126.76782069918288, 36.28954571373144], [126.7680097895469, 36.28919878281699], [126.76824615250194, 36.28900604342007], [126.76852978804799, 36.28889039978193]]}}, {"type": "Feature", "properties": {"proposal_id": "visible-line-110", "tile_id": "173-buyeo-mountain", "sheet_id": "173-buyeo", "split": "development", "proposal_kind": "visible_linework_review_only", "backend": "grayscale_ridge_v1_skeleton_v1", "pixel_length": 36.042, "point_count": 4, "confidence": 0.6524, "review_status": "unreviewed"}, "geometry": {"type": "LineString", "coordinates": [[126.76805706213791, 36.323120916674064], [126.76862433323, 36.32273543788023], [126.76876615100302, 36.32254269848332], [126.76895524136705, 36.322080123930725]]}}, {"type": "Feature", "properties": {"proposal_id": "visible-line-111", "tile_id": "173-buyeo-mountain", "sheet_id": "173-buyeo", "split": "development", "proposal_kind": "visible_linework_review_only", "backend": "grayscale_ridge_v1_skeleton_v1", "pixel_length": 20.314, "point_count": 4, "confidence": 0.7163, "review_status": "unreviewed"}, "geometry": {"type": "LineString", "coordinates": [[126.76819887991093, 36.302227966048456], [126.76834069768395, 36.30234360968661], [126.768671605821, 36.302459253324756], [126.76857706063899, 36.30272908848044]]}}, {"type": "Feature", "properties": {"proposal_id": "visible-line-112", "tile_id": "173-buyeo-mountain", "sheet_id": "173-buyeo", "split": "development", "proposal_kind": "visible_linework_review_only", "backend": "grayscale_ridge_v1_skeleton_v1", "pixel_length": 21.314, "point_count": 5, "confidence": 0.7003, "review_status": "unreviewed"}, "geometry": {"type": "LineString", "coordinates": [[126.76824615250194, 36.30130281694326], [126.76843524286596, 36.30134136482265], [126.76862433323, 36.3014570084608], [126.76862433323, 36.30164974785772], [126.76838797027496, 36.30180393937525]]}}, {"type": "Feature", "properties": {"proposal_id": "visible-line-113", "tile_id": "173-buyeo-mountain", "sheet_id": "173-buyeo", "split": "development", "proposal_kind": "visible_linework_review_only", "backend": "grayscale_ridge_v1_skeleton_v1", "pixel_length": 80.284, "point_count": 13, "confidence": 0.7186, "review_status": "unreviewed"}, "geometry": {"type": "LineString", "coordinates": [[126.76881342359403, 36.317261639007846], [126.76909705914007, 36.31733873476661], [126.7692861495041, 36.31733873476661], [126.7693334220951, 36.31730018688722], [126.76956978505015, 36.31730018688722], [126.76971160282316, 36.31722309112846], [126.77004251096022, 36.31722309112846], [126.77032614650626, 36.31730018688722], [126.7706097820523, 36.31753147416352], [126.77094069018936, 36.317685665681054], [126.77103523537137, 36.31764711780168], [126.7718388694185, 36.31764711780168], [126.77221705014655, 36.31772421356044]]}}, {"type": "Feature", "properties": {"proposal_id": "visible-line-114", "tile_id": "173-buyeo-mountain", "sheet_id": "173-buyeo", "split": "development", "proposal_kind": "visible_linework_review_only", "backend": "grayscale_ridge_v1_skeleton_v1", "pixel_length": 27.042, "point_count": 3, "confidence": 0.7404, "review_status": "unreviewed"}, "geometry": {"type": "LineString", "coordinates": [[126.76904978654906, 36.32196448029257], [126.76985342059619, 36.32134771422245], [126.7699006931872, 36.321232070584294]]}}, {"type": "Feature", "properties": {"proposal_id": "visible-line-115", "tile_id": "173-buyeo-mountain", "sheet_id": "173-buyeo", "split": "development", "proposal_kind": "visible_linework_review_only", "backend": "grayscale_ridge_v1_skeleton_v1", "pixel_length": 99.527, "point_count": 13, "confidence": 0.7113, "review_status": "unreviewed"}, "geometry": {"type": "LineString", "coordinates": [[126.7693334220951, 36.324354448814326], [126.76952251245913, 36.32427735305556], [126.76980614800519, 36.32427735305556], [126.77065705464331, 36.32447009245247], [126.7711770531444, 36.32447009245247], [126.7712243257354, 36.32443154457309], [126.7717915968275, 36.3243929966937], [126.7718388694185, 36.32443154457309], [126.77207523237354, 36.32443154457309], [126.77283159382965, 36.32470137972877], [126.77306795678469, 36.32470137972877], [126.77335159233074, 36.32450864033186], [126.77339886492175, 36.32431590093494]]}}, {"type": "Feature", "properties": {"proposal_id": "visible-line-116", "tile_id": "173-buyeo-mountain", "sheet_id": "173-buyeo", "split": "development", "proposal_kind": "visible_linework_review_only", "backend": "grayscale_ridge_v1_skeleton_v1", "pixel_length": 19.071, "point_count": 3, "confidence": 0.6096, "review_status": "unreviewed"}, "geometry": {"type": "LineString", "coordinates": [[126.7693334220951, 36.31502586200363], [126.76971160282316, 36.314833122606714], [126.77013705614223, 36.314833122606714]]}}, {"type": "Feature", "properties": {"proposal_id": "visible-line-117", "tile_id": "173-buyeo-mountain", "sheet_id": "173-buyeo", "split": "development", "proposal_kind": "visible_linework_review_only", "backend": "grayscale_ridge_v1_skeleton_v1", "pixel_length": 46.728, "point_count": 9, "confidence": 0.6834, "review_status": "unreviewed"}, "geometry": {"type": "LineString", "coordinates": [[126.76947523986813, 36.31903484145946], [126.76956978505015, 36.31907338933885], [126.7699479657782, 36.31907338933885], [126.77023160132424, 36.31899629358008], [126.77032614650626, 36.318919197821316], [126.77084614500734, 36.318919197821316], [126.77108250796238, 36.31899629358008], [126.77136614350843, 36.31899629358008], [126.77150796128144, 36.31907338933885]]}}, {"type": "Feature", "properties": {"proposal_id": "visible-line-118", "tile_id": "173-buyeo-mountain", "sheet_id": "173-buyeo", "split": "development", "proposal_kind": "visible_linework_review_only", "backend": "grayscale_ridge_v1_skeleton_v1", "pixel_length": 23.071, "point_count": 22, "confidence": 0.6722, "review_status": "unreviewed"}, "geometry": {"type": "LineString", "coordinates": [[126.76947523986813, 36.310168829201366], [126.76947523986813, 36.31013028132198], [126.76947523986813, 36.3100917334426], [126.76947523986813, 36.31005318556321], [126.76952251245913, 36.310014637683835], [126.76956978505015, 36.310014637683835], [126.76961705764116, 36.310014637683835], [126.76966433023216, 36.310014637683835], [126.76971160282316, 36.310014637683835], [126.76975887541417, 36.310014637683835], [126.76980614800519, 36.310014637683835], [126.76985342059619, 36.31005318556321], [126.76985342059619, 36.3100917334426], [126.76985342059619, 36.31013028132198], [126.76980614800519, 36.310168829201366], [126.76975887541417, 36.31020737708075], [126.76971160282316, 36.31020737708075], [126.76966433023216, 36.31020737708075], [126.76961705764116, 36.31020737708075], [126.76956978505015, 36.31020737708075], [126.76952251245913, 36.31020737708075], [126.76947523986813, 36.310168829201366]]}}, {"type": "Feature", "properties": {"proposal_id": "visible-line-119", "tile_id": "173-buyeo-mountain", "sheet_id": "173-buyeo", "split": "development", "proposal_kind": "visible_linework_review_only", "backend": "grayscale_ridge_v1_skeleton_v1", "pixel_length": 18.142, "point_count": 4, "confidence": 0.7315, "review_status": "unreviewed"}, "geometry": {"type": "LineString", "coordinates": [[126.76952251245913, 36.32331365607098], [126.76975887541417, 36.32315946455345], [126.76985342059619, 36.32315946455345], [126.77013705614223, 36.322889629397764]]}}, {"type": "Feature", "properties": {"proposal_id": "visible-line-120", "tile_id": "173-buyeo-mountain", "sheet_id": "173-buyeo", "split": "development", "proposal_kind": "visible_linework_review_only", "backend": "grayscale_ridge_v1_skeleton_v1", "pixel_length": 120.154, "point_count": 13, "confidence": 0.709, "review_status": "unreviewed"}, "geometry": {"type": "LineString", "coordinates": [[126.76980614800519, 36.297024002331746], [126.76980614800519, 36.29683126293483], [126.7699479657782, 36.29659997565854], [126.77013705614223, 36.29636868838224], [126.7705152368703, 36.29609885322655], [126.77089341759834, 36.29609885322655], [126.7711770531444, 36.29621449686471], [126.77164977905447, 36.29659997565854], [126.77207523237354, 36.29679271505545], [126.77231159532857, 36.29679271505545], [126.77264250346562, 36.296715619296684], [126.77344613751275, 36.296715619296684], [126.77420249896886, 36.296946906572984]]}}, {"type": "Feature", "properties": {"proposal_id": "visible-line-121", "tile_id": "173-buyeo-mountain", "sheet_id": "173-buyeo", "split": "development", "proposal_kind": "visible_linework_review_only", "backend": "grayscale_ridge_v1_skeleton_v1", "pixel_length": 173.823, "point_count": 17, "confidence": 0.7421, "review_status": "unreviewed"}, "geometry": {"type": "LineString", "coordinates": [[126.76980614800519, 36.297024002331746], [126.77008978355123, 36.297332385366815], [126.77037341909727, 36.29744802900496], [126.77079887241634, 36.29779495991941], [126.77098796278037, 36.29806479507509], [126.77141341609943, 36.29841172598954], [126.77198068719152, 36.29856591750707], [126.77254795828361, 36.298835752662754], [126.77273704864764, 36.29887430054213], [126.77382431824081, 36.29887430054213], [126.77401340860484, 36.2989513963009], [126.77420249896886, 36.299144135697816], [126.7743915893329, 36.29949106661226], [126.77514795078902, 36.30053185935561], [126.77514795078902, 36.300647502993755], [126.775053405607, 36.30072459875252], [126.77486431524297, 36.3007631466319]]}}, {"type": "Feature", "properties": {"proposal_id": "visible-line-122", "tile_id": "173-buyeo-mountain", "sheet_id": "173-buyeo", "split": "development", "proposal_kind": "visible_linework_review_only", "backend": "grayscale_ridge_v1_skeleton_v1", "pixel_length": 27.485, "point_count": 4, "confidence": 0.6931, "review_status": "unreviewed"}, "geometry": {"type": "LineString", "coordinates": [[126.77013705614223, 36.318456623268716], [126.77089341759834, 36.318456623268716], [126.77108250796238, 36.31857226690687], [126.7712243257354, 36.318765006303785]]}}, {"type": "Feature", "properties": {"proposal_id": "visible-line-123", "tile_id": "173-buyeo-mountain", "sheet_id": "173-buyeo", "split": "development", "proposal_kind": "visible_linework_review_only", "backend": "grayscale_ridge_v1_skeleton_v1", "pixel_length": 19.556, "point_count": 2, "confidence": 0.7571, "review_status": "unreviewed"}, "geometry": {"type": "LineString", "coordinates": [[126.77032614650626, 36.31988289480589], [126.77103523537137, 36.31945886813268]]}}, {"type": "Feature", "properties": {"proposal_id": "visible-line-124", "tile_id": "173-buyeo-mountain", "sheet_id": "173-buyeo", "split": "development", "proposal_kind": "visible_linework_review_only", "backend": "grayscale_ridge_v1_skeleton_v1", "pixel_length": 110.811, "point_count": 16, "confidence": 0.7008, "review_status": "unreviewed"}, "geometry": {"type": "LineString", "coordinates": [[126.77037341909727, 36.29336195379036], [126.77065705464331, 36.293554693187275], [126.77103523537137, 36.29359324106666], [126.77160250646347, 36.29328485803159], [126.77207523237354, 36.29328485803159], [126.77231159532857, 36.29343904954913], [126.77259523087461, 36.293785980463575], [126.77283159382965, 36.293940171981106], [126.77292613901167, 36.29397871986049], [126.77325704714872, 36.29397871986049], [126.77330431973972, 36.293940171981106], [126.77363522787678, 36.29397871986049], [126.77387159083182, 36.29409436349864], [126.77420249896886, 36.29444129441308], [126.77434431674189, 36.29451839017185], [126.77453340710592, 36.29451839017185]]}}, {"type": "Feature", "properties": {"proposal_id": "visible-line-125", "tile_id": "173-buyeo-mountain", "sheet_id": "173-buyeo", "split": "development", "proposal_kind": "visible_linework_review_only", "backend": "grayscale_ridge_v1_skeleton_v1", "pixel_length": 20.243, "point_count": 3, "confidence": 0.7147, "review_status": "unreviewed"}, "geometry": {"type": "LineString", "coordinates": [[126.7705152368703, 36.30535034427849], [126.7706097820523, 36.30519615276095], [126.7705625094613, 36.30461793457021]]}}, {"type": "Feature", "properties": {"proposal_id": "visible-line-126", "tile_id": "173-buyeo-mountain", "sheet_id": "173-buyeo", "split": "development", "proposal_kind": "visible_linework_review_only", "backend": "grayscale_ridge_v1_skeleton_v1", "pixel_length": 27.142, "point_count": 4, "confidence": 0.6162, "review_status": "unreviewed"}, "geometry": {"type": "LineString", "coordinates": [[126.7711297805534, 36.30862691402604], [126.77141341609943, 36.30885820130234], [126.7718861420095, 36.309012392819874], [126.77216977755555, 36.30905094069926]]}}, {"type": "Feature", "properties": {"proposal_id": "visible-line-127", "tile_id": "173-buyeo-mountain", "sheet_id": "173-buyeo", "split": "development", "proposal_kind": "visible_linework_review_only", "backend": "grayscale_ridge_v1_skeleton_v1", "pixel_length": 38.87, "point_count": 5, "confidence": 0.6458, "review_status": "unreviewed"}, "geometry": {"type": "LineString", "coordinates": [[126.77155523387245, 36.322465602724556], [126.77164977905447, 36.32265834212147], [126.7718861420095, 36.32285108151839], [126.7725006856926, 36.3230438209153], [126.77287886642065, 36.32331365607098]]}}, {"type": "Feature", "properties": {"proposal_id": "visible-line-128", "tile_id": "173-buyeo-mountain", "sheet_id": "173-buyeo", "split": "development", "proposal_kind": "visible_linework_review_only", "backend": "grayscale_ridge_v1_skeleton_v1", "pixel_length": 22.243, "point_count": 5, "confidence": 0.5765, "review_status": "unreviewed"}, "geometry": {"type": "LineString", "coordinates": [[126.77155523387245, 36.310438664357044], [126.77160250646347, 36.310400116477666], [126.77202795978253, 36.310400116477666], [126.77207523237354, 36.310438664357044], [126.77254795828361, 36.31047721223643]]}}, {"type": "Feature", "properties": {"proposal_id": "visible-line-129", "tile_id": "173-buyeo-mountain", "sheet_id": "173-buyeo", "split": "development", "proposal_kind": "visible_linework_review_only", "backend": "grayscale_ridge_v1_skeleton_v1", "pixel_length": 25.799, "point_count": 3, "confidence": 0.6956, "review_status": "unreviewed"}, "geometry": {"type": "LineString", "coordinates": [[126.7717915968275, 36.314910218365476], [126.7718861420095, 36.31467893108918], [126.7724534131016, 36.314139260777814]]}}, {"type": "Feature", "properties": {"proposal_id": "visible-line-130", "tile_id": "173-buyeo-mountain", "sheet_id": "173-buyeo", "split": "development", "proposal_kind": "visible_linework_review_only", "backend": "grayscale_ridge_v1_skeleton_v1", "pixel_length": 20.899, "point_count": 4, "confidence": 0.613, "review_status": "unreviewed"}, "geometry": {"type": "LineString", "coordinates": [[126.7717915968275, 36.29887430054213], [126.77202795978253, 36.29887430054213], [126.77254795828361, 36.299144135697816], [126.77264250346562, 36.299144135697816]]}}, {"type": "Feature", "properties": {"proposal_id": "visible-line-131", "tile_id": "173-buyeo-mountain", "sheet_id": "173-buyeo", "split": "development", "proposal_kind": "visible_linework_review_only", "backend": "grayscale_ridge_v1_skeleton_v1", "pixel_length": 42.799, "point_count": 6, "confidence": 0.7147, "review_status": "unreviewed"}, "geometry": {"type": "LineString", "coordinates": [[126.7718861420095, 36.31336830319016], [126.77193341460051, 36.312944276516944], [126.77212250496454, 36.31267444136126], [126.7725006856926, 36.31232751044681], [126.7725006856926, 36.31201912741175], [126.7724534131016, 36.31194203165298]]}}, {"type": "Feature", "properties": {"proposal_id": "visible-line-132", "tile_id": "173-buyeo-mountain", "sheet_id": "173-buyeo", "split": "development", "proposal_kind": "visible_linework_review_only", "backend": "grayscale_ridge_v1_skeleton_v1", "pixel_length": 29.899, "point_count": 7, "confidence": 0.7438, "review_status": "unreviewed"}, "geometry": {"type": "LineString", "coordinates": [[126.7718861420095, 36.291010533148], [126.77198068719152, 36.29089488950984], [126.77235886791958, 36.29089488950984], [126.7724534131016, 36.29097198526861], [126.77240614051058, 36.29112617678614], [126.7725006856926, 36.29131891618306], [126.7725006856926, 36.291511655579974]]}}, {"type": "Feature", "properties": {"proposal_id": "visible-line-133", "tile_id": "173-buyeo-mountain", "sheet_id": "173-buyeo", "split": "development", "proposal_kind": "visible_linework_review_only", "backend": "grayscale_ridge_v1_skeleton_v1", "pixel_length": 24.728, "point_count": 22, "confidence": 0.6545, "review_status": "unreviewed"}, "geometry": {"type": "LineString", "coordinates": [[126.77231159532857, 36.31117107406532], [126.77231159532857, 36.31113252618594], [126.77235886791958, 36.31109397830656], [126.77240614051058, 36.311055430427174], [126.7724534131016, 36.311055430427174], [126.7725006856926, 36.311055430427174], [126.77254795828361, 36.311055430427174], [126.77259523087461, 36.311055430427174], [126.77264250346562, 36.311055430427174], [126.77268977605664, 36.31109397830656], [126.77273704864764, 36.31113252618594], [126.77273704864764, 36.31117107406532], [126.77273704864764, 36.311209621944705], [126.77268977605664, 36.31124816982409], [126.77264250346562, 36.311286717703474], [126.77259523087461, 36.311286717703474], [126.77254795828361, 36.311286717703474], [126.7725006856926, 36.311286717703474], [126.7724534131016, 36.31124816982409], [126.77240614051058, 36.31124816982409], [126.77235886791958, 36.311209621944705], [126.77231159532857, 36.31117107406532]]}}, {"type": "Feature", "properties": {"proposal_id": "visible-line-134", "tile_id": "173-buyeo-mountain", "sheet_id": "173-buyeo", "split": "development", "proposal_kind": "visible_linework_review_only", "backend": "grayscale_ridge_v1_skeleton_v1", "pixel_length": 25.314, "point_count": 23, "confidence": 0.6916, "review_status": "unreviewed"}, "geometry": {"type": "LineString", "coordinates": [[126.77264250346562, 36.31078559527149], [126.77268977605664, 36.310824143150874], [126.77268977605664, 36.31086269103026], [126.77273704864764, 36.31090123890964], [126.77278432123865, 36.31090123890964], [126.77283159382965, 36.31090123890964], [126.77287886642065, 36.31093978678903], [126.77292613901167, 36.31093978678903], [126.77297341160268, 36.31090123890964], [126.77302068419368, 36.31090123890964], [126.77306795678469, 36.31086269103026], [126.77306795678469, 36.310824143150874], [126.77306795678469, 36.31078559527149], [126.77306795678469, 36.31074704739211], [126.77302068419368, 36.31070849951273], [126.77297341160268, 36.31070849951273], [126.77292613901167, 36.31070849951273], [126.77287886642065, 36.31070849951273], [126.77283159382965, 36.31070849951273], [126.77278432123865, 36.31070849951273], [126.77273704864764, 36.31070849951273], [126.77268977605664, 36.31074704739211], [126.77264250346562, 36.31078559527149]]}}, {"type": "Feature", "properties": {"proposal_id": "visible-line-135", "tile_id": "173-buyeo-mountain", "sheet_id": "173-buyeo", "split": "development", "proposal_kind": "visible_linework_review_only", "backend": "grayscale_ridge_v1_skeleton_v1", "pixel_length": 38.799, "point_count": 4, "confidence": 0.6624, "review_status": "unreviewed"}, "geometry": {"type": "LineString", "coordinates": [[126.77292613901167, 36.308125791594065], [126.77297341160268, 36.30770176492085], [126.77349341010375, 36.30708499885072], [126.77358795528578, 36.306853711574426]]}}, {"type": "Feature", "properties": {"proposal_id": "visible-line-136", "tile_id": "173-buyeo-mountain", "sheet_id": "173-buyeo", "split": "development", "proposal_kind": "visible_linework_review_only", "backend": "grayscale_ridge_v1_skeleton_v1", "pixel_length": 26.799, "point_count": 3, "confidence": 0.6667, "review_status": "unreviewed"}, "geometry": {"type": "LineString", "coordinates": [[126.77292613901167, 36.305928562469234], [126.77302068419368, 36.30615984974553], [126.77358795528578, 36.30673806793627]]}}, {"type": "Feature", "properties": {"proposal_id": "visible-line-137", "tile_id": "173-buyeo-mountain", "sheet_id": "173-buyeo", "split": "development", "proposal_kind": "visible_linework_review_only", "backend": "grayscale_ridge_v1_skeleton_v1", "pixel_length": 20.728, "point_count": 3, "confidence": 0.6046, "review_status": "unreviewed"}, "geometry": {"type": "LineString", "coordinates": [[126.77316250196671, 36.311595100738536], [126.77344613751275, 36.311363813462236], [126.77396613601383, 36.31124816982409]]}}, {"type": "Feature", "properties": {"proposal_id": "visible-line-138", "tile_id": "173-buyeo-mountain", "sheet_id": "173-buyeo", "split": "development", "proposal_kind": "visible_linework_review_only", "backend": "grayscale_ridge_v1_skeleton_v1", "pixel_length": 47.042, "point_count": 3, "confidence": 0.6805, "review_status": "unreviewed"}, "geometry": {"type": "LineString", "coordinates": [[126.77320977455771, 36.3184951711481], [126.77410795378685, 36.31795550083674], [126.77510067819802, 36.31783985719859]]}}, {"type": "Feature", "properties": {"proposal_id": "visible-line-139", "tile_id": "173-buyeo-mountain", "sheet_id": "173-buyeo", "split": "development", "proposal_kind": "visible_linework_review_only", "backend": "grayscale_ridge_v1_skeleton_v1", "pixel_length": 59.113, "point_count": 9, "confidence": 0.7213, "review_status": "unreviewed"}, "geometry": {"type": "LineString", "coordinates": [[126.77320977455771, 36.310978334668405], [126.77339886492175, 36.310978334668405], [126.77344613751275, 36.31101688254779], [126.77377704564981, 36.31093978678903], [126.77401340860484, 36.31070849951273], [126.77406068119585, 36.3103230207189], [126.77415522637786, 36.3100917334426], [126.77448613451492, 36.30982189828692], [126.77491158783398, 36.30966770676938]]}}, {"type": "Feature", "properties": {"proposal_id": "visible-line-140", "tile_id": "173-buyeo-mountain", "sheet_id": "173-buyeo", "split": "development", "proposal_kind": "visible_linework_review_only", "backend": "grayscale_ridge_v1_skeleton_v1", "pixel_length": 24.485, "point_count": 7, "confidence": 0.7248, "review_status": "unreviewed"}, "geometry": {"type": "LineString", "coordinates": [[126.77320977455771, 36.290085384042804], [126.77325704714872, 36.29004683616342], [126.77368250046779, 36.290085384042804], [126.77372977305879, 36.29012393192218], [126.77372977305879, 36.29035521919848], [126.77387159083182, 36.290470862836635], [126.77396613601383, 36.290470862836635]]}}, {"type": "Feature", "properties": {"proposal_id": "visible-line-141", "tile_id": "173-buyeo-mountain", "sheet_id": "173-buyeo", "split": "development", "proposal_kind": "visible_linework_review_only", "backend": "grayscale_ridge_v1_skeleton_v1", "pixel_length": 38.627, "point_count": 5, "confidence": 0.7143, "review_status": "unreviewed"}, "geometry": {"type": "LineString", "coordinates": [[126.77335159233074, 36.30157265209895], [126.77335159233074, 36.3014570084608], [126.77372977305879, 36.30114862542573], [126.77458067969692, 36.30084024239067], [126.77472249746995, 36.30084024239067]]}}, {"type": "Feature", "properties": {"proposal_id": "visible-line-142", "tile_id": "173-buyeo-mountain", "sheet_id": "173-buyeo", "split": "development", "proposal_kind": "visible_linework_review_only", "backend": "grayscale_ridge_v1_skeleton_v1", "pixel_length": 30.042, "point_count": 4, "confidence": 0.6931, "review_status": "unreviewed"}, "geometry": {"type": "LineString", "coordinates": [[126.77335159233074, 36.30157265209895], [126.77349341010375, 36.301842487254625], [126.77387159083182, 36.302150870289694], [126.77415522637786, 36.302459253324756]]}}, {"type": "Feature", "properties": {"proposal_id": "visible-line-143", "tile_id": "173-buyeo-mountain", "sheet_id": "173-buyeo", "split": "development", "proposal_kind": "visible_linework_review_only", "backend": "grayscale_ridge_v1_skeleton_v1", "pixel_length": 41.971, "point_count": 6, "confidence": 0.6528, "review_status": "unreviewed"}, "geometry": {"type": "LineString", "coordinates": [[126.77344613751275, 36.31733873476661], [126.77354068269476, 36.31706889961093], [126.77391886342282, 36.31652922929957], [126.77391886342282, 36.316028106867584], [126.77387159083182, 36.31598955898821], [126.77391886342282, 36.31591246322944]]}}, {"type": "Feature", "properties": {"proposal_id": "visible-line-144", "tile_id": "173-buyeo-mountain", "sheet_id": "173-buyeo", "split": "development", "proposal_kind": "visible_linework_review_only", "backend": "grayscale_ridge_v1_skeleton_v1", "pixel_length": 38.627, "point_count": 6, "confidence": 0.6902, "review_status": "unreviewed"}, "geometry": {"type": "LineString", "coordinates": [[126.77349341010375, 36.303962620620695], [126.77354068269476, 36.30392407274131], [126.77354068269476, 36.30369278546502], [126.77363522787678, 36.303577141826864], [126.77368250046779, 36.30338440242995], [126.77424977155988, 36.30272908848044]]}}, {"type": "Feature", "properties": {"proposal_id": "visible-line-145", "tile_id": "173-buyeo-mountain", "sheet_id": "173-buyeo", "split": "development", "proposal_kind": "visible_linework_review_only", "backend": "grayscale_ridge_v1_skeleton_v1", "pixel_length": 29.971, "point_count": 4, "confidence": 0.6906, "review_status": "unreviewed"}, "geometry": {"type": "LineString", "coordinates": [[126.77377704564981, 36.319574511770824], [126.77410795378685, 36.31969015540898], [126.77458067969692, 36.31999853844404], [126.77495886042499, 36.319959990564655]]}}, {"type": "Feature", "properties": {"proposal_id": "visible-line-146", "tile_id": "173-buyeo-mountain", "sheet_id": "173-buyeo", "split": "development", "proposal_kind": "visible_linework_review_only", "backend": "grayscale_ridge_v1_skeleton_v1", "pixel_length": 18.728, "point_count": 3, "confidence": 0.7132, "review_status": "unreviewed"}, "geometry": {"type": "LineString", "coordinates": [[126.77429704415088, 36.29089488950984], [126.77443886192391, 36.291010533148], [126.77472249746995, 36.29147310770059]]}}, {"type": "Feature", "properties": {"proposal_id": "visible-line-147", "tile_id": "173-buyeo-mountain", "sheet_id": "173-buyeo", "split": "development", "proposal_kind": "visible_linework_review_only", "backend": "grayscale_ridge_v1_skeleton_v1", "pixel_length": 69.012, "point_count": 8, "confidence": 0.6831, "review_status": "unreviewed"}, "geometry": {"type": "LineString", "coordinates": [[126.77434431674189, 36.2969083586936], [126.775053405607, 36.296715619296684], [126.77552613151707, 36.29675416717607], [126.7757152218811, 36.29683126293483], [126.77599885742715, 36.29706255021113], [126.7763770381552, 36.29752512476373], [126.77661340111024, 36.297717864160646], [126.77684976406528, 36.29779495991941]]}}, {"type": "Feature", "properties": {"proposal_id": "visible-line-148", "tile_id": "173-buyeo-mountain", "sheet_id": "173-buyeo", "split": "development", "proposal_kind": "visible_linework_review_only", "backend": "grayscale_ridge_v1_skeleton_v1", "pixel_length": 24.142, "point_count": 3, "confidence": 0.6101, "review_status": "unreviewed"}, "geometry": {"type": "LineString", "coordinates": [[126.7743915893329, 36.29621449686471], [126.77486431524297, 36.29598320958841], [126.77533704115305, 36.295829018070876]]}}, {"type": "Feature", "properties": {"proposal_id": "visible-line-149", "tile_id": "173-buyeo-mountain", "sheet_id": "173-buyeo", "split": "development", "proposal_kind": "visible_linework_review_only", "backend": "grayscale_ridge_v1_skeleton_v1", "pixel_length": 54.527, "point_count": 7, "confidence": 0.7299, "review_status": "unreviewed"}, "geometry": {"type": "LineString", "coordinates": [[126.77458067969692, 36.31525714927992], [126.77476977006096, 36.315141505641776], [126.77510067819802, 36.314524739571645], [126.77543158633506, 36.314139260777814], [126.77543158633506, 36.31402361713967], [126.77519522338002, 36.313715234104606], [126.77514795078902, 36.313561042587075]]}}, {"type": "Feature", "properties": {"proposal_id": "visible-line-150", "tile_id": "173-buyeo-mountain", "sheet_id": "173-buyeo", "split": "development", "proposal_kind": "visible_linework_review_only", "backend": "grayscale_ridge_v1_skeleton_v1", "pixel_length": 19.071, "point_count": 4, "confidence": 0.6608, "review_status": "unreviewed"}, "geometry": {"type": "LineString", "coordinates": [[126.77472249746995, 36.29444129441308], [126.775053405607, 36.29432565077494], [126.77528976856203, 36.29432565077494], [126.77552613151707, 36.2944027465337]]}}, {"type": "Feature", "properties": {"proposal_id": "visible-line-151", "tile_id": "173-buyeo-mountain", "sheet_id": "173-buyeo", "split": "development", "proposal_kind": "visible_linework_review_only", "backend": "grayscale_ridge_v1_skeleton_v1", "pixel_length": 18.314, "point_count": 3, "confidence": 0.6439, "review_status": "unreviewed"}, "geometry": {"type": "LineString", "coordinates": [[126.77495886042499, 36.301264269063886], [126.77528976856203, 36.30114862542573], [126.77552613151707, 36.30084024239067]]}}, {"type": "Feature", "properties": {"proposal_id": "visible-line-152", "tile_id": "173-buyeo-mountain", "sheet_id": "173-buyeo", "split": "development", "proposal_kind": "visible_linework_review_only", "backend": "grayscale_ridge_v1_skeleton_v1", "pixel_length": 21.899, "point_count": 4, "confidence": 0.6245, "review_status": "unreviewed"}, "geometry": {"type": "LineString", "coordinates": [[126.77495886042499, 36.295443539277045], [126.77514795078902, 36.295366443518276], [126.77547885892606, 36.295366443518276], [126.77585703965413, 36.29555918291519]]}}, {"type": "Feature", "properties": {"proposal_id": "visible-line-153", "tile_id": "173-buyeo-mountain", "sheet_id": "173-buyeo", "split": "development", "proposal_kind": "visible_linework_review_only", "backend": "grayscale_ridge_v1_skeleton_v1", "pixel_length": 47.698, "point_count": 8, "confidence": 0.6678, "review_status": "unreviewed"}, "geometry": {"type": "LineString", "coordinates": [[126.77514795078902, 36.32049966087602], [126.77543158633506, 36.32069240027293], [126.77590431224513, 36.32084659179046], [126.77604613001816, 36.32084659179046], [126.77614067520017, 36.32092368754923], [126.77651885592823, 36.32103933118738], [126.77675521888327, 36.32119352270492], [126.7768970366563, 36.32138626210183]]}}, {"type": "Feature", "properties": {"proposal_id": "visible-line-154", "tile_id": "173-buyeo-mountain", "sheet_id": "173-buyeo", "split": "development", "proposal_kind": "visible_linework_review_only", "backend": "grayscale_ridge_v1_skeleton_v1", "pixel_length": 20.828, "point_count": 5, "confidence": 0.6809, "review_status": "unreviewed"}, "geometry": {"type": "LineString", "coordinates": [[126.77543158633506, 36.319728703288355], [126.77590431224513, 36.319728703288355], [126.77595158483614, 36.31969015540898], [126.7762824929732, 36.31969015540898], [126.7763770381552, 36.31965160752959]]}}, {"type": "Feature", "properties": {"proposal_id": "visible-line-155", "tile_id": "173-buyeo-mountain", "sheet_id": "173-buyeo", "split": "development", "proposal_kind": "visible_linework_review_only", "backend": "grayscale_ridge_v1_skeleton_v1", "pixel_length": 62.527, "point_count": 8, "confidence": 0.7166, "review_status": "unreviewed"}, "geometry": {"type": "LineString", "coordinates": [[126.77547885892606, 36.31764711780168], [126.77595158483614, 36.317261639007846], [126.77618794779117, 36.31718454324908], [126.77656612851924, 36.31718454324908], [126.7769915818383, 36.31730018688722], [126.77746430774837, 36.31730018688722], [126.77774794329443, 36.31706889961093], [126.77784248847644, 36.316876160214015]]}}, {"type": "Feature", "properties": {"proposal_id": "visible-line-156", "tile_id": "173-buyeo-mountain", "sheet_id": "173-buyeo", "split": "development", "proposal_kind": "visible_linework_review_only", "backend": "grayscale_ridge_v1_skeleton_v1", "pixel_length": 24.485, "point_count": 4, "confidence": 0.7258, "review_status": "unreviewed"}, "geometry": {"type": "LineString", "coordinates": [[126.77557340410809, 36.28958426161082], [126.77585703965413, 36.28946861797267], [126.7762824929732, 36.28946861797267], [126.77661340111024, 36.28958426161082]]}}, {"type": "Feature", "properties": {"proposal_id": "visible-line-157", "tile_id": "173-buyeo-mountain", "sheet_id": "173-buyeo", "split": "development", "proposal_kind": "visible_linework_review_only", "backend": "grayscale_ridge_v1_skeleton_v1", "pixel_length": 23.314, "point_count": 21, "confidence": 0.681, "review_status": "unreviewed"}, "geometry": {"type": "LineString", "coordinates": [[126.77562067669909, 36.31225041468805], [126.77562067669909, 36.31221186680867], [126.77562067669909, 36.31217331892928], [126.7756679492901, 36.3121347710499], [126.7757152218811, 36.312096223170514], [126.77576249447212, 36.312096223170514], [126.77580976706312, 36.312096223170514], [126.77585703965413, 36.312096223170514], [126.77590431224513, 36.3121347710499], [126.77595158483614, 36.3121347710499], [126.77599885742715, 36.31217331892928], [126.77599885742715, 36.31221186680867], [126.77599885742715, 36.31225041468805], [126.77595158483614, 36.31228896256743], [126.77590431224513, 36.31228896256743], [126.77585703965413, 36.31232751044681], [126.77580976706312, 36.31232751044681], [126.77576249447212, 36.31232751044681], [126.7757152218811, 36.31232751044681], [126.7756679492901, 36.31228896256743], [126.77562067669909, 36.31225041468805]]}}, {"type": "Feature", "properties": {"proposal_id": "visible-line-158", "tile_id": "173-buyeo-mountain", "sheet_id": "173-buyeo", "split": "development", "proposal_kind": "visible_linework_review_only", "backend": "grayscale_ridge_v1_skeleton_v1", "pixel_length": 54.899, "point_count": 6, "confidence": 0.6343, "review_status": "unreviewed"}, "geometry": {"type": "LineString", "coordinates": [[126.77590431224513, 36.32447009245247], [126.7763770381552, 36.32447009245247], [126.77708612702033, 36.32466283184939], [126.77736976256637, 36.32466283184939], [126.7776533981124, 36.32458573609062], [126.77836248697751, 36.32458573609062]]}}, {"type": "Feature", "properties": {"proposal_id": "visible-line-159", "tile_id": "173-buyeo-mountain", "sheet_id": "173-buyeo", "split": "development", "proposal_kind": "visible_linework_review_only", "backend": "grayscale_ridge_v1_skeleton_v1", "pixel_length": 56.456, "point_count": 7, "confidence": 0.7098, "review_status": "unreviewed"}, "geometry": {"type": "LineString", "coordinates": [[126.77595158483614, 36.30450229093206], [126.77595158483614, 36.304039716379464], [126.77604613001816, 36.30384697698255], [126.77647158333723, 36.30338440242995], [126.77656612851924, 36.30319166303303], [126.77656612851924, 36.30299892363612], [126.7763297655642, 36.30261344484229]]}}, {"type": "Feature", "properties": {"proposal_id": "visible-line-160", "tile_id": "173-buyeo-mountain", "sheet_id": "173-buyeo", "split": "development", "proposal_kind": "visible_linework_review_only", "backend": "grayscale_ridge_v1_skeleton_v1", "pixel_length": 24.243, "point_count": 4, "confidence": 0.6598, "review_status": "unreviewed"}, "geometry": {"type": "LineString", "coordinates": [[126.77604613001816, 36.29066360223355], [126.77614067520017, 36.290470862836635], [126.77614067520017, 36.28989264464589], [126.7762824929732, 36.289854096766504]]}}, {"type": "Feature", "properties": {"proposal_id": "visible-line-161", "tile_id": "173-buyeo-mountain", "sheet_id": "173-buyeo", "split": "development", "proposal_kind": "visible_linework_review_only", "backend": "grayscale_ridge_v1_skeleton_v1", "pixel_length": 39.456, "point_count": 4, "confidence": 0.6569, "review_status": "unreviewed"}, "geometry": {"type": "LineString", "coordinates": [[126.77609340260916, 36.30700790309196], [126.77618794779117, 36.30723919036826], [126.77684976406528, 36.307817408558996], [126.7769443092473, 36.30824143523221]]}}, {"type": "Feature", "properties": {"proposal_id": "visible-line-162", "tile_id": "173-buyeo-mountain", "sheet_id": "173-buyeo", "split": "development", "proposal_kind": "visible_linework_review_only", "backend": "grayscale_ridge_v1_skeleton_v1", "pixel_length": 19.899, "point_count": 3, "confidence": 0.6861, "review_status": "unreviewed"}, "geometry": {"type": "LineString", "coordinates": [[126.77618794779117, 36.311440909221005], [126.77618794779117, 36.311055430427174], [126.77651885592823, 36.31078559527149]]}}, {"type": "Feature", "properties": {"proposal_id": "visible-line-163", "tile_id": "173-buyeo-mountain", "sheet_id": "173-buyeo", "split": "development", "proposal_kind": "visible_linework_review_only", "backend": "grayscale_ridge_v1_skeleton_v1", "pixel_length": 56.456, "point_count": 6, "confidence": 0.6981, "review_status": "unreviewed"}, "geometry": {"type": "LineString", "coordinates": [[126.77623522038219, 36.302150870289694], [126.77680249147427, 36.30153410421956], [126.77680249147427, 36.301264269063886], [126.7769915818383, 36.300647502993755], [126.7769915818383, 36.30033911995869], [126.7768970366563, 36.300262024199924]]}}, {"type": "Feature", "properties": {"proposal_id": "visible-line-164", "tile_id": "173-buyeo-mountain", "sheet_id": "173-buyeo", "split": "development", "proposal_kind": "visible_linework_review_only", "backend": "grayscale_ridge_v1_skeleton_v1", "pixel_length": 23.314, "point_count": 8, "confidence": 0.6594, "review_status": "unreviewed"}, "geometry": {"type": "LineString", "coordinates": [[126.7763770381552, 36.29185858649442], [126.77647158333723, 36.291897134373805], [126.77661340111024, 36.291742942856274], [126.77661340111024, 36.29158875133874], [126.77656612851924, 36.29155020345936], [126.77661340111024, 36.291511655579974], [126.77661340111024, 36.29131891618306], [126.77651885592823, 36.29120327254491]]}}, {"type": "Feature", "properties": {"proposal_id": "visible-line-165", "tile_id": "173-buyeo-mountain", "sheet_id": "173-buyeo", "split": "development", "proposal_kind": "visible_linework_review_only", "backend": "grayscale_ridge_v1_skeleton_v1", "pixel_length": 20.828, "point_count": 3, "confidence": 0.6782, "review_status": "unreviewed"}, "geometry": {"type": "LineString", "coordinates": [[126.77642431074622, 36.32046111299663], [126.77656612851924, 36.32049966087602], [126.77736976256637, 36.32046111299663]]}}, {"type": "Feature", "properties": {"proposal_id": "visible-line-166", "tile_id": "173-buyeo-mountain", "sheet_id": "173-buyeo", "split": "development", "proposal_kind": "visible_linework_review_only", "backend": "grayscale_ridge_v1_skeleton_v1", "pixel_length": 23.728, "point_count": 5, "confidence": 0.6474, "review_status": "unreviewed"}, "geometry": {"type": "LineString", "coordinates": [[126.77661340111024, 36.32227286332764], [126.77684976406528, 36.3223499590864], [126.77713339961133, 36.32254269848332], [126.77736976256637, 36.32261979424209], [126.7775588529304, 36.32261979424209]]}}, {"type": "Feature", "properties": {"proposal_id": "visible-line-167", "tile_id": "173-buyeo-mountain", "sheet_id": "173-buyeo", "split": "development", "proposal_kind": "visible_linework_review_only", "backend": "grayscale_ridge_v1_skeleton_v1", "pixel_length": 67.669, "point_count": 8, "confidence": 0.7484, "review_status": "unreviewed"}, "geometry": {"type": "LineString", "coordinates": [[126.77666067370126, 36.29983799752671], [126.77670794629226, 36.299606710250416], [126.77684976406528, 36.29949106661226], [126.77722794479334, 36.29949106661226], [126.77741703515737, 36.29956816237103], [126.77798430624946, 36.30010783268239], [126.77855157734155, 36.300416215717455], [126.7788824854786, 36.30068605087314]]}}, {"type": "Feature", "properties": {"proposal_id": "visible-line-168", "tile_id": "173-buyeo-mountain", "sheet_id": "173-buyeo", "split": "development", "proposal_kind": "visible_linework_review_only", "backend": "grayscale_ridge_v1_skeleton_v1", "pixel_length": 46.728, "point_count": 9, "confidence": 0.7358, "review_status": "unreviewed"}, "geometry": {"type": "LineString", "coordinates": [[126.77670794629226, 36.28765686764167], [126.77680249147427, 36.28754122400352], [126.7770388544293, 36.28754122400352], [126.77718067220233, 36.28738703248599], [126.77736976256637, 36.28738703248599], [126.77741703515737, 36.28742558036537], [126.77741703515737, 36.28769541552105], [126.7775588529304, 36.28815799007365], [126.7775588529304, 36.288427825229334]]}}, {"type": "Feature", "properties": {"proposal_id": "visible-line-169", "tile_id": "173-buyeo-mountain", "sheet_id": "173-buyeo", "split": "development", "proposal_kind": "visible_linework_review_only", "backend": "grayscale_ridge_v1_skeleton_v1", "pixel_length": 24.728, "point_count": 4, "confidence": 0.5948, "review_status": "unreviewed"}, "geometry": {"type": "LineString", "coordinates": [[126.7769443092473, 36.2973709332462], [126.77751158033938, 36.297255289608046], [126.77779521588543, 36.2973709332462], [126.77793703365845, 36.297486576884346]]}}, {"type": "Feature", "properties": {"proposal_id": "visible-line-170", "tile_id": "173-buyeo-mountain", "sheet_id": "173-buyeo", "split": "development", "proposal_kind": "visible_linework_review_only", "backend": "grayscale_ridge_v1_skeleton_v1", "pixel_length": 95.841, "point_count": 11, "confidence": 0.7096, "review_status": "unreviewed"}, "geometry": {"type": "LineString", "coordinates": [[126.7769915818383, 36.29779495991941], [126.77736976256637, 36.29779495991941], [126.77788976106744, 36.29794915143694], [126.77840975956852, 36.29829608235139], [126.77878794029658, 36.29864301326584], [126.77897703066061, 36.29864301326584], [126.77916612102464, 36.29829608235139], [126.77916612102464, 36.298141890833854], [126.77930793879767, 36.29779495991941], [126.77930793879767, 36.29756367264311], [126.77944975657068, 36.297101098090515]]}}, {"type": "Feature", "properties": {"proposal_id": "visible-line-171", "tile_id": "173-buyeo-mountain", "sheet_id": "173-buyeo", "split": "development", "proposal_kind": "visible_linework_review_only", "backend": "grayscale_ridge_v1_skeleton_v1", "pixel_length": 42.213, "point_count": 10, "confidence": 0.7108, "review_status": "unreviewed"}, "geometry": {"type": "LineString", "coordinates": [[126.77727521738434, 36.28673171853648], [126.77732248997536, 36.28680881429524], [126.7776533981124, 36.28696300581277], [126.77779521588543, 36.28700155369216], [126.77793703365845, 36.28696300581277], [126.77798430624946, 36.28680881429524], [126.77774794329443, 36.286693170657095], [126.77784248847644, 36.286461883380795], [126.77774794329443, 36.28638478762203], [126.7775588529304, 36.28638478762203]]}}, {"type": "Feature", "properties": {"proposal_id": "visible-line-172", "tile_id": "173-buyeo-mountain", "sheet_id": "173-buyeo", "split": "development", "proposal_kind": "visible_linework_review_only", "backend": "grayscale_ridge_v1_skeleton_v1", "pixel_length": 21.899, "point_count": 4, "confidence": 0.64, "review_status": "unreviewed"}, "geometry": {"type": "LineString", "coordinates": [[126.77732248997536, 36.310014637683835], [126.7776061255214, 36.30959061101062], [126.7776061255214, 36.309320775854935], [126.7775588529304, 36.30928222797556]]}}, {"type": "Feature", "properties": {"proposal_id": "visible-line-173", "tile_id": "173-buyeo-mountain", "sheet_id": "173-buyeo", "split": "development", "proposal_kind": "visible_linework_review_only", "backend": "grayscale_ridge_v1_skeleton_v1", "pixel_length": 51.627, "point_count": 10, "confidence": 0.6855, "review_status": "unreviewed"}, "geometry": {"type": "LineString", "coordinates": [[126.7775588529304, 36.31976725116774], [126.77784248847644, 36.320037086323424], [126.7782679417955, 36.320191277840955], [126.77850430475054, 36.320191277840955], [126.77869339511457, 36.320268373599724], [126.77911884843364, 36.3203069214791], [126.77916612102464, 36.320345469358486], [126.77944975657068, 36.320345469358486], [126.77954430175271, 36.320268373599724], [126.77954430175271, 36.320191277840955]]}}, {"type": "Feature", "properties": {"proposal_id": "visible-line-174", "tile_id": "173-buyeo-mountain", "sheet_id": "173-buyeo", "split": "development", "proposal_kind": "visible_linework_review_only", "backend": "grayscale_ridge_v1_skeleton_v1", "pixel_length": 41.556, "point_count": 6, "confidence": 0.6535, "review_status": "unreviewed"}, "geometry": {"type": "LineString", "coordinates": [[126.77770067070341, 36.3225812463627], [126.77831521438651, 36.3225812463627], [126.77855157734155, 36.32265834212147], [126.77869339511457, 36.32277398575962], [126.77897703066061, 36.32285108151839], [126.77944975657068, 36.32269689000085]]}}, {"type": "Feature", "properties": {"proposal_id": "visible-line-175", "tile_id": "173-buyeo-mountain", "sheet_id": "173-buyeo", "split": "development", "proposal_kind": "visible_linework_review_only", "backend": "grayscale_ridge_v1_skeleton_v1", "pixel_length": 21.899, "point_count": 5, "confidence": 0.6816, "review_status": "unreviewed"}, "geometry": {"type": "LineString", "coordinates": [[126.77793703365845, 36.316490681420184], [126.77793703365845, 36.31637503778203], [126.77807885143147, 36.316259394143884], [126.77836248697751, 36.316259394143884], [126.77869339511457, 36.316413585661415]]}}, {"type": "Feature", "properties": {"proposal_id": "visible-line-176", "tile_id": "173-buyeo-mountain", "sheet_id": "173-buyeo", "split": "development", "proposal_kind": "visible_linework_review_only", "backend": "grayscale_ridge_v1_skeleton_v1", "pixel_length": 62.012, "point_count": 6, "confidence": 0.708, "review_status": "unreviewed"}, "geometry": {"type": "LineString", "coordinates": [[126.77793703365845, 36.31279008499941], [126.77807885143147, 36.31263589348188], [126.77817339661348, 36.31228896256743], [126.77855157734155, 36.311672196497305], [126.77921339361565, 36.31117107406532], [126.77935521138868, 36.31090123890964]]}}, {"type": "Feature", "properties": {"proposal_id": "visible-line-177", "tile_id": "173-buyeo-mountain", "sheet_id": "173-buyeo", "split": "development", "proposal_kind": "visible_linework_review_only", "backend": "grayscale_ridge_v1_skeleton_v1", "pixel_length": 26.728, "point_count": 8, "confidence": 0.6235, "review_status": "unreviewed"}, "geometry": {"type": "LineString", "coordinates": [[126.77798430624946, 36.3148716704861], [126.77812612402248, 36.31471747896856], [126.77807885143147, 36.314524739571645], [126.77817339661348, 36.31444764381288], [126.77840975956852, 36.31444764381288], [126.77845703215954, 36.31448619169227], [126.77845703215954, 36.314601835330414], [126.77831521438651, 36.31467893108918]]}}, {"type": "Feature", "properties": {"proposal_id": "visible-line-178", "tile_id": "173-buyeo-mountain", "sheet_id": "173-buyeo", "split": "development", "proposal_kind": "visible_linework_review_only", "backend": "grayscale_ridge_v1_skeleton_v1", "pixel_length": 18.828, "point_count": 3, "confidence": 0.6056, "review_status": "unreviewed"}, "geometry": {"type": "LineString", "coordinates": [[126.77798430624946, 36.305388892157865], [126.77798430624946, 36.30500341336404], [126.77807885143147, 36.30469503032897]]}}, {"type": "Feature", "properties": {"proposal_id": "visible-line-179", "tile_id": "173-buyeo-mountain", "sheet_id": "173-buyeo", "split": "development", "proposal_kind": "visible_linework_review_only", "backend": "grayscale_ridge_v1_skeleton_v1", "pixel_length": 24.142, "point_count": 21, "confidence": 0.6129, "review_status": "unreviewed"}, "geometry": {"type": "LineString", "coordinates": [[126.77812612402248, 36.314139260777814], [126.77817339661348, 36.3141778086572], [126.77817339661348, 36.31421635653658], [126.7782206692045, 36.31425490441597], [126.7782679417955, 36.31425490441597], [126.77831521438651, 36.31425490441597], [126.77836248697751, 36.31425490441597], [126.77840975956852, 36.31425490441597], [126.77845703215954, 36.31425490441597], [126.77850430475054, 36.31421635653658], [126.77855157734155, 36.3141778086572], [126.77855157734155, 36.314139260777814], [126.77850430475054, 36.31410071289844], [126.77845703215954, 36.31406216501905], [126.77840975956852, 36.31402361713967], [126.77836248697751, 36.31402361713967], [126.77831521438651, 36.31402361713967], [126.7782679417955, 36.31402361713967], [126.7782206692045, 36.31406216501905], [126.77817339661348, 36.31410071289844], [126.77812612402248, 36.314139260777814]]}}, {"type": "Feature", "properties": {"proposal_id": "visible-line-180", "tile_id": "173-buyeo-mountain", "sheet_id": "173-buyeo", "split": "development", "proposal_kind": "visible_linework_review_only", "backend": "grayscale_ridge_v1_skeleton_v1", "pixel_length": 123.024, "point_count": 13, "confidence": 0.7087, "review_status": "unreviewed"}, "geometry": {"type": "LineString", "coordinates": [[126.77817339661348, 36.313715234104606], [126.77817339661348, 36.31363813834584], [126.77840975956852, 36.31344539894892], [126.77864612252357, 36.31313701591386], [126.77874066770558, 36.312867180758175], [126.77874066770558, 36.31244315408497], [126.77883521288759, 36.31221186680867], [126.77926066620665, 36.31186493589422], [126.77973339211673, 36.31171074437668], [126.78011157284479, 36.311518004979774], [126.78030066320882, 36.31132526558286], [126.78053702616386, 36.31093978678903], [126.78138793280199, 36.31028447283951]]}}, {"type": "Feature", "properties": {"proposal_id": "visible-line-181", "tile_id": "173-buyeo-mountain", "sheet_id": "173-buyeo", "split": "development", "proposal_kind": "visible_linework_review_only", "backend": "grayscale_ridge_v1_skeleton_v1", "pixel_length": 19.071, "point_count": 5, "confidence": 0.6519, "review_status": "unreviewed"}, "geometry": {"type": "LineString", "coordinates": [[126.77850430475054, 36.29197423013257], [126.77869339511457, 36.29185858649442], [126.77869339511457, 36.29162729921812], [126.77859884993255, 36.291511655579974], [126.77859884993255, 36.29135746406244]]}}, {"type": "Feature", "properties": {"proposal_id": "visible-line-182", "tile_id": "173-buyeo-mountain", "sheet_id": "173-buyeo", "split": "development", "proposal_kind": "visible_linework_review_only", "backend": "grayscale_ridge_v1_skeleton_v1", "pixel_length": 38.556, "point_count": 7, "confidence": 0.7159, "review_status": "unreviewed"}, "geometry": {"type": "LineString", "coordinates": [[126.77883521288759, 36.3164521335408], [126.77897703066061, 36.31652922929957], [126.77916612102464, 36.31652922929957], [126.77921339361565, 36.316567777178946], [126.77992248248076, 36.31652922929957], [126.78015884543579, 36.31660632505833], [126.78044248098185, 36.316799064455246]]}}, {"type": "Feature", "properties": {"proposal_id": "visible-line-183", "tile_id": "173-buyeo-mountain", "sheet_id": "173-buyeo", "split": "development", "proposal_kind": "visible_linework_review_only", "backend": "grayscale_ridge_v1_skeleton_v1", "pixel_length": 18.243, "point_count": 3, "confidence": 0.7129, "review_status": "unreviewed"}, "geometry": {"type": "LineString", "coordinates": [[126.77897703066061, 36.28569092579313], [126.77916612102464, 36.28557528215499], [126.77978066470774, 36.28557528215499]]}}, {"type": "Feature", "properties": {"proposal_id": "visible-line-184", "tile_id": "173-buyeo-mountain", "sheet_id": "173-buyeo", "split": "development", "proposal_kind": "visible_linework_review_only", "backend": "grayscale_ridge_v1_skeleton_v1", "pixel_length": 18.071, "point_count": 4, "confidence": 0.7912, "review_status": "unreviewed"}, "geometry": {"type": "LineString", "coordinates": [[126.77902430325162, 36.30500341336404], [126.77907157584262, 36.30469503032897], [126.77921339361565, 36.30454083881144], [126.77926066620665, 36.30438664729391]]}}, {"type": "Feature", "properties": {"proposal_id": "visible-line-185", "tile_id": "173-buyeo-mountain", "sheet_id": "173-buyeo", "split": "development", "proposal_kind": "visible_linework_review_only", "backend": "grayscale_ridge_v1_skeleton_v1", "pixel_length": 47.627, "point_count": 6, "confidence": 0.6951, "review_status": "unreviewed"}, "geometry": {"type": "LineString", "coordinates": [[126.77949702916169, 36.2969083586936], [126.77968611952572, 36.29659997565854], [126.77982793729875, 36.29652287989977], [126.78044248098185, 36.29656142777915], [126.78115156984695, 36.29683126293483], [126.78124611502896, 36.2969083586936]]}}, {"type": "Feature", "properties": {"proposal_id": "visible-line-186", "tile_id": "173-buyeo-mountain", "sheet_id": "173-buyeo", "split": "development", "proposal_kind": "visible_linework_review_only", "backend": "grayscale_ridge_v1_skeleton_v1", "pixel_length": 53.355, "point_count": 9, "confidence": 0.7061, "review_status": "unreviewed"}, "geometry": {"type": "LineString", "coordinates": [[126.77959157434371, 36.29208987377072], [126.77982793729875, 36.29170439497689], [126.78006430025378, 36.291511655579974], [126.78039520839083, 36.29139601194183], [126.78048975357285, 36.29131891618306], [126.78048975357285, 36.29120327254491], [126.78039520839083, 36.291049081027374], [126.78020611802681, 36.29089488950984], [126.78001702766278, 36.29058650647478]]}}, {"type": "Feature", "properties": {"proposal_id": "visible-line-187", "tile_id": "173-buyeo-mountain", "sheet_id": "173-buyeo", "split": "development", "proposal_kind": "visible_linework_review_only", "backend": "grayscale_ridge_v1_skeleton_v1", "pixel_length": 26.071, "point_count": 7, "confidence": 0.715, "review_status": "unreviewed"}, "geometry": {"type": "LineString", "coordinates": [[126.77963884693472, 36.28815799007365], [126.77978066470774, 36.28815799007365], [126.77987520988975, 36.28808089431488], [126.77982793729875, 36.28792670279735], [126.77987520988975, 36.287888154917965], [126.77987520988975, 36.28742558036537], [126.77978066470774, 36.28738703248599]]}}, {"type": "Feature", "properties": {"proposal_id": "visible-line-188", "tile_id": "173-buyeo-mountain", "sheet_id": "173-buyeo", "split": "development", "proposal_kind": "visible_linework_review_only", "backend": "grayscale_ridge_v1_skeleton_v1", "pixel_length": 18.314, "point_count": 3, "confidence": 0.7998, "review_status": "unreviewed"}, "geometry": {"type": "LineString", "coordinates": [[126.77982793729875, 36.31101688254779], [126.78015884543579, 36.310592855874575], [126.78020611802681, 36.310438664357044]]}}, {"type": "Feature", "properties": {"proposal_id": "visible-line-189", "tile_id": "173-buyeo-mountain", "sheet_id": "173-buyeo", "split": "development", "proposal_kind": "visible_linework_review_only", "backend": "grayscale_ridge_v1_skeleton_v1", "pixel_length": 22.799, "point_count": 3, "confidence": 0.7122, "review_status": "unreviewed"}, "geometry": {"type": "LineString", "coordinates": [[126.77992248248076, 36.30323021091242], [126.78044248098185, 36.30288327999797], [126.78067884393688, 36.30265199272167]]}}, {"type": "Feature", "properties": {"proposal_id": "visible-line-190", "tile_id": "173-buyeo-mountain", "sheet_id": "173-buyeo", "split": "development", "proposal_kind": "visible_linework_review_only", "backend": "grayscale_ridge_v1_skeleton_v1", "pixel_length": 50.77, "point_count": 5, "confidence": 0.6934, "review_status": "unreviewed"}, "geometry": {"type": "LineString", "coordinates": [[126.78006430025378, 36.30446374305267], [126.78006430025378, 36.30438664729391], [126.78072611652789, 36.30346149818872], [126.78124611502896, 36.3030374715155], [126.78138793280199, 36.30299892363612]]}}, {"type": "Feature", "properties": {"proposal_id": "visible-line-191", "tile_id": "173-buyeo-mountain", "sheet_id": "173-buyeo", "split": "development", "proposal_kind": "visible_linework_review_only", "backend": "grayscale_ridge_v1_skeleton_v1", "pixel_length": 33.142, "point_count": 5, "confidence": 0.6616, "review_status": "unreviewed"}, "geometry": {"type": "LineString", "coordinates": [[126.78020611802681, 36.319150485097616], [126.78053702616386, 36.31922758085638], [126.78100975207393, 36.31907338933885], [126.78124611502896, 36.318919197821316], [126.78157702316602, 36.318919197821316]]}}, {"type": "Feature", "properties": {"proposal_id": "visible-line-192", "tile_id": "173-buyeo-mountain", "sheet_id": "173-buyeo", "split": "development", "proposal_kind": "visible_linework_review_only", "backend": "grayscale_ridge_v1_skeleton_v1", "pixel_length": 39.657, "point_count": 6, "confidence": 0.6516, "review_status": "unreviewed"}, "geometry": {"type": "LineString", "coordinates": [[126.78044248098185, 36.32188738453381], [126.78067884393688, 36.32188738453381], [126.78096247948292, 36.32196448029257], [126.78162429575703, 36.32196448029257], [126.78167156834803, 36.321925932413194], [126.78223883944013, 36.32196448029257]]}}, {"type": "Feature", "properties": {"proposal_id": "visible-line-193", "tile_id": "173-buyeo-mountain", "sheet_id": "173-buyeo", "split": "development", "proposal_kind": "visible_linework_review_only", "backend": "grayscale_ridge_v1_skeleton_v1", "pixel_length": 42.556, "point_count": 7, "confidence": 0.7072, "review_status": "unreviewed"}, "geometry": {"type": "LineString", "coordinates": [[126.78063157134588, 36.3169147080934], [126.7808206617099, 36.31699180385216], [126.78115156984695, 36.31699180385216], [126.781435205393, 36.3169147080934], [126.78195520389409, 36.3169147080934], [126.7821442942581, 36.317030351731546], [126.78233338462213, 36.317261639007846]]}}, {"type": "Feature", "properties": {"proposal_id": "visible-line-194", "tile_id": "173-buyeo-mountain", "sheet_id": "173-buyeo", "split": "development", "proposal_kind": "visible_linework_review_only", "backend": "grayscale_ridge_v1_skeleton_v1", "pixel_length": 53.456, "point_count": 8, "confidence": 0.6917, "review_status": "unreviewed"}, "geometry": {"type": "LineString", "coordinates": [[126.78072611652789, 36.29949106661226], [126.78077338911889, 36.29929832721535], [126.78096247948292, 36.298989944180285], [126.78115156984695, 36.298758656903985], [126.78134066021099, 36.29864301326584], [126.78176611353005, 36.29864301326584], [126.78233338462213, 36.29887430054213], [126.78242792980416, 36.29887430054213]]}}, {"type": "Feature", "properties": {"proposal_id": "visible-line-195", "tile_id": "173-buyeo-mountain", "sheet_id": "173-buyeo", "split": "development", "proposal_kind": "visible_linework_review_only", "backend": "grayscale_ridge_v1_skeleton_v1", "pixel_length": 86.941, "point_count": 16, "confidence": 0.6342, "review_status": "unreviewed"}, "geometry": {"type": "LineString", "coordinates": [[126.7808206617099, 36.31386942562214], [126.7808206617099, 36.31379232986337], [126.78100975207393, 36.31352249470769], [126.78100975207393, 36.31329120743139], [126.78119884243796, 36.31305992015509], [126.78186065871206, 36.31305992015509], [126.78219156684912, 36.312944276516944], [126.78233338462213, 36.31282863287879], [126.78242792980416, 36.31267444136126], [126.78242792980416, 36.31255879772311], [126.78233338462213, 36.31240460620558], [126.78233338462213, 36.3121347710499], [126.78228611203113, 36.312057675291136], [126.78233338462213, 36.31194203165298], [126.78252247498617, 36.31178784013545], [126.7827588379412, 36.31178784013545]]}}, {"type": "Feature", "properties": {"proposal_id": "visible-line-196", "tile_id": "173-buyeo-mountain", "sheet_id": "173-buyeo", "split": "development", "proposal_kind": "visible_linework_review_only", "backend": "grayscale_ridge_v1_skeleton_v1", "pixel_length": 45.527, "point_count": 9, "confidence": 0.7166, "review_status": "unreviewed"}, "geometry": {"type": "LineString", "coordinates": [[126.7808206617099, 36.31386942562214], [126.78100975207393, 36.31402361713967], [126.78110429725595, 36.31402361713967], [126.781435205393, 36.3141778086572], [126.78171884093904, 36.3144090959335], [126.78176611353005, 36.314524739571645], [126.7820497490761, 36.314833122606714], [126.78219156684912, 36.314910218365476], [126.78233338462213, 36.314910218365476]]}}, {"type": "Feature", "properties": {"proposal_id": "visible-line-197", "tile_id": "173-buyeo-mountain", "sheet_id": "173-buyeo", "split": "development", "proposal_kind": "visible_linework_review_only", "backend": "grayscale_ridge_v1_skeleton_v1", "pixel_length": 18.657, "point_count": 4, "confidence": 0.6908, "review_status": "unreviewed"}, "geometry": {"type": "LineString", "coordinates": [[126.78119884243796, 36.30816433947345], [126.78119884243796, 36.307817408558996], [126.78124611502896, 36.307663217041465], [126.78138793280199, 36.307509025523935]]}}, {"type": "Feature", "properties": {"proposal_id": "visible-line-198", "tile_id": "173-buyeo-mountain", "sheet_id": "173-buyeo", "split": "development", "proposal_kind": "visible_linework_review_only", "backend": "grayscale_ridge_v1_skeleton_v1", "pixel_length": 24.314, "point_count": 4, "confidence": 0.6266, "review_status": "unreviewed"}, "geometry": {"type": "LineString", "coordinates": [[126.78134066021099, 36.30847272250851], [126.781482477984, 36.30858836614666], [126.78157702316602, 36.30881965342296], [126.781435205393, 36.30928222797556]]}}, {"type": "Feature", "properties": {"proposal_id": "visible-line-199", "tile_id": "173-buyeo-mountain", "sheet_id": "173-buyeo", "split": "development", "proposal_kind": "visible_linework_review_only", "backend": "grayscale_ridge_v1_skeleton_v1", "pixel_length": 20.485, "point_count": 8, "confidence": 0.6256, "review_status": "unreviewed"}, "geometry": {"type": "LineString", "coordinates": [[126.781435205393, 36.286230596104495], [126.781482477984, 36.28619204822512], [126.781435205393, 36.286076404586964], [126.781482477984, 36.2859993088282], [126.781435205393, 36.28588366519005], [126.781482477984, 36.285845117310664], [126.781482477984, 36.28565237791375], [126.78162429575703, 36.28561383003437]]}}, {"type": "Feature", "properties": {"proposal_id": "visible-line-200", "tile_id": "173-buyeo-mountain", "sheet_id": "173-buyeo", "split": "development", "proposal_kind": "visible_linework_review_only", "backend": "grayscale_ridge_v1_skeleton_v1", "pixel_length": 18.556, "point_count": 3, "confidence": 0.7393, "review_status": "unreviewed"}, "geometry": {"type": "LineString", "coordinates": [[126.78157702316602, 36.302921827877356], [126.78190793130307, 36.302767636359825], [126.78223883944013, 36.30249780120414]]}}, {"type": "Feature", "properties": {"proposal_id": "visible-line-201", "tile_id": "173-buyeo-mountain", "sheet_id": "173-buyeo", "split": "development", "proposal_kind": "visible_linework_review_only", "backend": "grayscale_ridge_v1_skeleton_v1", "pixel_length": 24.657, "point_count": 4, "confidence": 0.6773, "review_status": "unreviewed"}, "geometry": {"type": "LineString", "coordinates": [[126.78247520239516, 36.321925932413194], [126.7827115653502, 36.32188738453381], [126.78285338312322, 36.32181028877504], [126.78356247198833, 36.321771740895656]]}}, {"type": "Feature", "properties": {"proposal_id": "visible-line-202", "tile_id": "173-buyeo-mountain", "sheet_id": "173-buyeo", "split": "development", "proposal_kind": "visible_linework_review_only", "backend": "grayscale_ridge_v1_skeleton_v1", "pixel_length": 25.385, "point_count": 3, "confidence": 0.6788, "review_status": "unreviewed"}, "geometry": {"type": "LineString", "coordinates": [[126.78247520239516, 36.31741583052538], [126.7827588379412, 36.31760856992229], [126.7834206542153, 36.317916952957354]]}}, {"type": "Feature", "properties": {"proposal_id": "visible-line-203", "tile_id": "173-buyeo-mountain", "sheet_id": "173-buyeo", "split": "development", "proposal_kind": "visible_linework_review_only", "backend": "grayscale_ridge_v1_skeleton_v1", "pixel_length": 36.799, "point_count": 6, "confidence": 0.7431, "review_status": "unreviewed"}, "geometry": {"type": "LineString", "coordinates": [[126.78247520239516, 36.293785980463575], [126.78256974757717, 36.29359324106666], [126.7828061105322, 36.29343904954913], [126.78299520089624, 36.29336195379036], [126.78360974457934, 36.29324631015221], [126.78379883494337, 36.29313066651406]]}}, {"type": "Feature", "properties": {"proposal_id": "visible-line-204", "tile_id": "173-buyeo-mountain", "sheet_id": "173-buyeo", "split": "development", "proposal_kind": "visible_linework_review_only", "backend": "grayscale_ridge_v1_skeleton_v1", "pixel_length": 33.284, "point_count": 4, "confidence": 0.6575, "review_status": "unreviewed"}, "geometry": {"type": "LineString", "coordinates": [[126.7827115653502, 36.301842487254625], [126.7827588379412, 36.30172684361648], [126.7833733816243, 36.301264269063886], [126.78370428976135, 36.30091733814943]]}}, {"type": "Feature", "properties": {"proposal_id": "visible-line-205", "tile_id": "173-buyeo-mountain", "sheet_id": "173-buyeo", "split": "development", "proposal_kind": "visible_linework_review_only", "backend": "grayscale_ridge_v1_skeleton_v1", "pixel_length": 23.899, "point_count": 5, "confidence": 0.6754, "review_status": "unreviewed"}, "geometry": {"type": "LineString", "coordinates": [[126.7828061105322, 36.29575192231211], [126.78304247348724, 36.295597730794576], [126.78304247348724, 36.29513515624198], [126.78299520089624, 36.2950966083626], [126.78308974607826, 36.294980964724445]]}}, {"type": "Feature", "properties": {"proposal_id": "visible-line-206", "tile_id": "173-buyeo-mountain", "sheet_id": "173-buyeo", "split": "development", "proposal_kind": "visible_linework_review_only", "backend": "grayscale_ridge_v1_skeleton_v1", "pixel_length": 29.728, "point_count": 6, "confidence": 0.6315, "review_status": "unreviewed"}, "geometry": {"type": "LineString", "coordinates": [[126.78285338312322, 36.319574511770824], [126.78318429126027, 36.319574511770824], [126.78323156385127, 36.31961305965021], [126.78346792680631, 36.319574511770824], [126.78375156235236, 36.31965160752959], [126.78408247048941, 36.31984434692651]]}}, {"type": "Feature", "properties": {"proposal_id": "visible-line-207", "tile_id": "173-buyeo-mountain", "sheet_id": "173-buyeo", "split": "development", "proposal_kind": "visible_linework_review_only", "backend": "grayscale_ridge_v1_skeleton_v1", "pixel_length": 22.799, "point_count": 2, "confidence": 0.6885, "review_status": "unreviewed"}, "geometry": {"type": "LineString", "coordinates": [[126.78290065571423, 36.31506440988301], [126.78365701717034, 36.31564262807375]]}}, {"type": "Feature", "properties": {"proposal_id": "visible-line-208", "tile_id": "173-buyeo-mountain", "sheet_id": "173-buyeo", "split": "development", "proposal_kind": "visible_linework_review_only", "backend": "grayscale_ridge_v1_skeleton_v1", "pixel_length": 42.284, "point_count": 5, "confidence": 0.7161, "review_status": "unreviewed"}, "geometry": {"type": "LineString", "coordinates": [[126.78290065571423, 36.311826388014836], [126.78346792680631, 36.312057675291136], [126.78375156235236, 36.312096223170514], [126.7840351978984, 36.31198057953237], [126.78450792380848, 36.311595100738536]]}}, {"type": "Feature", "properties": {"proposal_id": "visible-line-209", "tile_id": "173-buyeo-mountain", "sheet_id": "173-buyeo", "split": "development", "proposal_kind": "visible_linework_review_only", "backend": "grayscale_ridge_v1_skeleton_v1", "pixel_length": 28.314, "point_count": 4, "confidence": 0.6689, "review_status": "unreviewed"}, "geometry": {"type": "LineString", "coordinates": [[126.78290065571423, 36.30030057207931], [126.7834206542153, 36.30022347632054], [126.78389338012538, 36.29999218904424], [126.78408247048941, 36.29999218904424]]}}, {"type": "Feature", "properties": {"proposal_id": "visible-line-210", "tile_id": "173-buyeo-mountain", "sheet_id": "173-buyeo", "split": "development", "proposal_kind": "visible_linework_review_only", "backend": "grayscale_ridge_v1_skeleton_v1", "pixel_length": 25.828, "point_count": 3, "confidence": 0.6944, "review_status": "unreviewed"}, "geometry": {"type": "LineString", "coordinates": [[126.78308974607826, 36.32138626210183], [126.78412974308041, 36.32142480998121], [126.78427156085344, 36.321463357860594]]}}, {"type": "Feature", "properties": {"proposal_id": "visible-line-211", "tile_id": "173-buyeo-mountain", "sheet_id": "173-buyeo", "split": "development", "proposal_kind": "visible_linework_review_only", "backend": "grayscale_ridge_v1_skeleton_v1", "pixel_length": 22.556, "point_count": 4, "confidence": 0.6877, "review_status": "unreviewed"}, "geometry": {"type": "LineString", "coordinates": [[126.7833261090333, 36.28704010157154], [126.78356247198833, 36.28746412824476], [126.78365701717034, 36.28754122400352], [126.78389338012538, 36.28738703248599]]}}, {"type": "Feature", "properties": {"proposal_id": "visible-line-212", "tile_id": "173-buyeo-mountain", "sheet_id": "173-buyeo", "split": "development", "proposal_kind": "visible_linework_review_only", "backend": "grayscale_ridge_v1_skeleton_v1", "pixel_length": 50.627, "point_count": 8, "confidence": 0.7228, "review_status": "unreviewed"}, "geometry": {"type": "LineString", "coordinates": [[126.78351519939733, 36.291897134373805], [126.78351519939733, 36.291665847097505], [126.78375156235236, 36.29135746406244], [126.78408247048941, 36.29131891618306], [126.78441337862647, 36.291434559821205], [126.78469701417251, 36.29139601194183], [126.78493337712754, 36.29120327254491], [126.78498064971855, 36.291010533148]]}}, {"type": "Feature", "properties": {"proposal_id": "visible-line-213", "tile_id": "173-buyeo-mountain", "sheet_id": "173-buyeo", "split": "development", "proposal_kind": "visible_linework_review_only", "backend": "grayscale_ridge_v1_skeleton_v1", "pixel_length": 23.314, "point_count": 2, "confidence": 0.6579, "review_status": "unreviewed"}, "geometry": {"type": "LineString", "coordinates": [[126.78351519939733, 36.291897134373805], [126.78389338012538, 36.29266809196147]]}}, {"type": "Feature", "properties": {"proposal_id": "visible-line-214", "tile_id": "173-buyeo-mountain", "sheet_id": "173-buyeo", "split": "development", "proposal_kind": "visible_linework_review_only", "backend": "grayscale_ridge_v1_skeleton_v1", "pixel_length": 27.899, "point_count": 3, "confidence": 0.6808, "review_status": "unreviewed"}, "geometry": {"type": "LineString", "coordinates": [[126.7839406527164, 36.30415536001761], [126.78446065121747, 36.304348099414526], [126.78512246749158, 36.304425195173295]]}}, {"type": "Feature", "properties": {"proposal_id": "visible-line-215", "tile_id": "173-buyeo-mountain", "sheet_id": "173-buyeo", "split": "development", "proposal_kind": "visible_linework_review_only", "backend": "grayscale_ridge_v1_skeleton_v1", "pixel_length": 29.071, "point_count": 6, "confidence": 0.6685, "review_status": "unreviewed"}, "geometry": {"type": "LineString", "coordinates": [[126.78417701567143, 36.32285108151839], [126.78469701417251, 36.322812533639], [126.78493337712754, 36.322889629397764], [126.7852642852646, 36.322889629397764], [126.78531155785561, 36.32292817727715], [126.78545337562862, 36.322889629397764]]}}, {"type": "Feature", "properties": {"proposal_id": "visible-line-216", "tile_id": "173-buyeo-mountain", "sheet_id": "173-buyeo", "split": "development", "proposal_kind": "visible_linework_review_only", "backend": "grayscale_ridge_v1_skeleton_v1", "pixel_length": 93.669, "point_count": 9, "confidence": 0.6893, "review_status": "unreviewed"}, "geometry": {"type": "LineString", "coordinates": [[126.78417701567143, 36.308511270387896], [126.78422428826244, 36.308125791594065], [126.78436610603545, 36.30801014795591], [126.78450792380848, 36.307971600076534], [126.78540610303762, 36.30723919036826], [126.78606791931172, 36.30716209460949], [126.78677700817683, 36.30693080733319], [126.78739155185993, 36.30693080733319], [126.78753336963295, 36.30696935521257]]}}, {"type": "Feature", "properties": {"proposal_id": "visible-line-217", "tile_id": "173-buyeo-mountain", "sheet_id": "173-buyeo", "split": "development", "proposal_kind": "visible_linework_review_only", "backend": "grayscale_ridge_v1_skeleton_v1", "pixel_length": 23.971, "point_count": 4, "confidence": 0.7055, "review_status": "unreviewed"}, "geometry": {"type": "LineString", "coordinates": [[126.78446065121747, 36.28545963851683], [126.7846024689905, 36.28572947367252], [126.78493337712754, 36.286076404586964], [126.78507519490057, 36.28615350034573]]}}, {"type": "Feature", "properties": {"proposal_id": "visible-line-218", "tile_id": "173-buyeo-mountain", "sheet_id": "173-buyeo", "split": "development", "proposal_kind": "visible_linework_review_only", "backend": "grayscale_ridge_v1_skeleton_v1", "pixel_length": 19.071, "point_count": 3, "confidence": 0.5702, "review_status": "unreviewed"}, "geometry": {"type": "LineString", "coordinates": [[126.78450792380848, 36.30527324851972], [126.78498064971855, 36.3053117963991], [126.78531155785561, 36.305465987916634]]}}, {"type": "Feature", "properties": {"proposal_id": "visible-line-219", "tile_id": "173-buyeo-mountain", "sheet_id": "173-buyeo", "split": "development", "proposal_kind": "visible_linework_review_only", "backend": "grayscale_ridge_v1_skeleton_v1", "pixel_length": 22.071, "point_count": 3, "confidence": 0.583, "review_status": "unreviewed"}, "geometry": {"type": "LineString", "coordinates": [[126.78479155935452, 36.32458573609062], [126.78535883044661, 36.32466283184939], [126.78573701117467, 36.324778475487534]]}}, {"type": "Feature", "properties": {"proposal_id": "visible-line-220", "tile_id": "173-buyeo-mountain", "sheet_id": "173-buyeo", "split": "development", "proposal_kind": "visible_linework_review_only", "backend": "grayscale_ridge_v1_skeleton_v1", "pixel_length": 24.556, "point_count": 4, "confidence": 0.6889, "review_status": "unreviewed"}, "geometry": {"type": "LineString", "coordinates": [[126.78479155935452, 36.311595100738536], [126.78507519490057, 36.31186493589422], [126.78531155785561, 36.31198057953237], [126.78568973858366, 36.3119034837736]]}}, {"type": "Feature", "properties": {"proposal_id": "visible-line-221", "tile_id": "173-buyeo-mountain", "sheet_id": "173-buyeo", "split": "development", "proposal_kind": "visible_linework_review_only", "backend": "grayscale_ridge_v1_skeleton_v1", "pixel_length": 29.385, "point_count": 3, "confidence": 0.6679, "review_status": "unreviewed"}, "geometry": {"type": "LineString", "coordinates": [[126.78479155935452, 36.30912803645802], [126.78540610303762, 36.30928222797556], [126.78592610153869, 36.309629158890004]]}}, {"type": "Feature", "properties": {"proposal_id": "visible-line-222", "tile_id": "173-buyeo-mountain", "sheet_id": "173-buyeo", "split": "development", "proposal_kind": "visible_linework_review_only", "backend": "grayscale_ridge_v1_skeleton_v1", "pixel_length": 41.243, "point_count": 4, "confidence": 0.6381, "review_status": "unreviewed"}, "geometry": {"type": "LineString", "coordinates": [[126.78483883194554, 36.320114182082186], [126.78521701267358, 36.320114182082186], [126.78583155635668, 36.31999853844404], [126.78672973558582, 36.31999853844404]]}}, {"type": "Feature", "properties": {"proposal_id": "visible-line-223", "tile_id": "173-buyeo-mountain", "sheet_id": "173-buyeo", "split": "development", "proposal_kind": "visible_linework_review_only", "backend": "grayscale_ridge_v1_skeleton_v1", "pixel_length": 28.728, "point_count": 6, "confidence": 0.7036, "review_status": "unreviewed"}, "geometry": {"type": "LineString", "coordinates": [[126.78521701267358, 36.30157265209895], [126.78535883044661, 36.30141846058142], [126.78568973858366, 36.301264269063886], [126.78587882894769, 36.3012257211845], [126.78625700967575, 36.3012257211845], [126.78635155485776, 36.301264269063886]]}}, {"type": "Feature", "properties": {"proposal_id": "visible-line-224", "tile_id": "173-buyeo-mountain", "sheet_id": "173-buyeo", "split": "development", "proposal_kind": "visible_linework_review_only", "backend": "grayscale_ridge_v1_skeleton_v1", "pixel_length": 45.284, "point_count": 5, "confidence": 0.6515, "review_status": "unreviewed"}, "geometry": {"type": "LineString", "coordinates": [[126.7852642852646, 36.31448619169227], [126.78587882894769, 36.31506440988301], [126.78616246449374, 36.31541134079746], [126.78620973708475, 36.31548843655622], [126.78620973708475, 36.31591246322944]]}}, {"type": "Feature", "properties": {"proposal_id": "visible-line-225", "tile_id": "173-buyeo-mountain", "sheet_id": "173-buyeo", "split": "development", "proposal_kind": "visible_linework_review_only", "backend": "grayscale_ridge_v1_skeleton_v1", "pixel_length": 23.485, "point_count": 4, "confidence": 0.6465, "review_status": "unreviewed"}, "geometry": {"type": "LineString", "coordinates": [[126.78550064821964, 36.29232116104702], [126.78554792081064, 36.291897134373805], [126.78573701117467, 36.291665847097505], [126.78578428376568, 36.291511655579974]]}}, {"type": "Feature", "properties": {"proposal_id": "visible-line-226", "tile_id": "173-buyeo-mountain", "sheet_id": "173-buyeo", "split": "development", "proposal_kind": "visible_linework_review_only", "backend": "grayscale_ridge_v1_skeleton_v1", "pixel_length": 52.627, "point_count": 5, "confidence": 0.6933, "review_status": "unreviewed"}, "geometry": {"type": "LineString", "coordinates": [[126.78559519340165, 36.321617549378125], [126.78668246299482, 36.32188738453381], [126.78682428076785, 36.32196448029257], [126.7872024614959, 36.32204157605134], [126.78776973258799, 36.322234315448256]]}}, {"type": "Feature", "properties": {"proposal_id": "visible-line-227", "tile_id": "173-buyeo-mountain", "sheet_id": "173-buyeo", "split": "development", "proposal_kind": "visible_linework_review_only", "backend": "grayscale_ridge_v1_skeleton_v1", "pixel_length": 19.314, "point_count": 3, "confidence": 0.6065, "review_status": "unreviewed"}, "geometry": {"type": "LineString", "coordinates": [[126.78559519340165, 36.292513900443936], [126.78578428376568, 36.29274518772023], [126.78597337412971, 36.29313066651406]]}}, {"type": "Feature", "properties": {"proposal_id": "visible-line-228", "tile_id": "173-buyeo-mountain", "sheet_id": "173-buyeo", "split": "development", "proposal_kind": "visible_linework_review_only", "backend": "grayscale_ridge_v1_skeleton_v1", "pixel_length": 83.669, "point_count": 10, "confidence": 0.7259, "review_status": "unreviewed"}, "geometry": {"type": "LineString", "coordinates": [[126.78592610153869, 36.29436419865432], [126.78602064672071, 36.29447984229247], [126.78630428226676, 36.29451839017185], [126.78649337263079, 36.29444129441308], [126.78672973558582, 36.29424855501617], [126.78715518890489, 36.29405581561925], [126.787911550361, 36.29405581561925], [126.7885260940441, 36.293554693187275], [126.78890427477216, 36.293477597428506], [126.7891406377272, 36.293323405910975]]}}, {"type": "Feature", "properties": {"proposal_id": "visible-line-229", "tile_id": "173-buyeo-mountain", "sheet_id": "173-buyeo", "split": "development", "proposal_kind": "visible_linework_review_only", "backend": "grayscale_ridge_v1_skeleton_v1", "pixel_length": 23.556, "point_count": 4, "confidence": 0.7214, "review_status": "unreviewed"}, "geometry": {"type": "LineString", "coordinates": [[126.78606791931172, 36.30966770676938], [126.78620973708475, 36.30974480252815], [126.78644610003978, 36.309783350407535], [126.78696609854086, 36.3100917334426]]}}, {"type": "Feature", "properties": {"proposal_id": "visible-line-230", "tile_id": "173-buyeo-mountain", "sheet_id": "173-buyeo", "split": "development", "proposal_kind": "visible_linework_review_only", "backend": "grayscale_ridge_v1_skeleton_v1", "pixel_length": 18.071, "point_count": 4, "confidence": 0.7174, "review_status": "unreviewed"}, "geometry": {"type": "LineString", "coordinates": [[126.78606791931172, 36.299375422974116], [126.78644610003978, 36.29933687509473], [126.7865879178128, 36.29945251873288], [126.78682428076785, 36.29949106661226]]}}, {"type": "Feature", "properties": {"proposal_id": "visible-line-231", "tile_id": "173-buyeo-mountain", "sheet_id": "173-buyeo", "split": "development", "proposal_kind": "visible_linework_review_only", "backend": "grayscale_ridge_v1_skeleton_v1", "pixel_length": 101.841, "point_count": 13, "confidence": 0.6744, "review_status": "unreviewed"}, "geometry": {"type": "LineString", "coordinates": [[126.78611519190272, 36.31132526558286], [126.78644610003978, 36.31113252618594], [126.78687155335885, 36.31109397830656], [126.78729700667792, 36.31124816982409], [126.787911550361, 36.31163364861792], [126.78800609554303, 36.31163364861792], [126.78819518590706, 36.31174929225607], [126.78880972959016, 36.311826388014836], [126.78885700218116, 36.31186493589422], [126.7891406377272, 36.31186493589422], [126.78942427327324, 36.31198057953237], [126.7898024540013, 36.312057675291136], [126.79032245250238, 36.312057675291136]]}}, {"type": "Feature", "properties": {"proposal_id": "visible-line-232", "tile_id": "173-buyeo-mountain", "sheet_id": "173-buyeo", "split": "development", "proposal_kind": "visible_linework_review_only", "backend": "grayscale_ridge_v1_skeleton_v1", "pixel_length": 34.556, "point_count": 5, "confidence": 0.6503, "review_status": "unreviewed"}, "geometry": {"type": "LineString", "coordinates": [[126.78630428226676, 36.3146403832098], [126.78682428076785, 36.31467893108918], [126.78706064372288, 36.314601835330414], [126.78734427926892, 36.31433200017473], [126.78743882445093, 36.31406216501905]]}}, {"type": "Feature", "properties": {"proposal_id": "visible-line-233", "tile_id": "173-buyeo-mountain", "sheet_id": "173-buyeo", "split": "development", "proposal_kind": "visible_linework_review_only", "backend": "grayscale_ridge_v1_skeleton_v1", "pixel_length": 68.527, "point_count": 11, "confidence": 0.701, "review_status": "unreviewed"}, "geometry": {"type": "LineString", "coordinates": [[126.78654064522179, 36.301264269063886], [126.78668246299482, 36.30118717330512], [126.78706064372288, 36.30111007754635], [126.78743882445093, 36.30114862542573], [126.78767518740597, 36.3012257211845], [126.78800609554303, 36.3012257211845], [126.78819518590706, 36.30114862542573], [126.78838427627109, 36.3009944339082], [126.7885260940441, 36.30072459875252], [126.78876245699914, 36.300493311476224], [126.7890933651362, 36.300416215717455]]}}, {"type": "Feature", "properties": {"proposal_id": "visible-line-234", "tile_id": "173-buyeo-mountain", "sheet_id": "173-buyeo", "split": "development", "proposal_kind": "visible_linework_review_only", "backend": "grayscale_ridge_v1_skeleton_v1", "pixel_length": 39.042, "point_count": 6, "confidence": 0.686, "review_status": "unreviewed"}, "geometry": {"type": "LineString", "coordinates": [[126.78701337113186, 36.299144135697816], [126.7872024614959, 36.2991826835772], [126.78743882445093, 36.29906703993905], [126.787911550361, 36.29856591750707], [126.78814791331605, 36.29856591750707], [126.78838427627109, 36.298681561145216]]}}, {"type": "Feature", "properties": {"proposal_id": "visible-line-235", "tile_id": "173-buyeo-mountain", "sheet_id": "173-buyeo", "split": "development", "proposal_kind": "visible_linework_review_only", "backend": "grayscale_ridge_v1_skeleton_v1", "pixel_length": 23.314, "point_count": 4, "confidence": 0.5731, "review_status": "unreviewed"}, "geometry": {"type": "LineString", "coordinates": [[126.7872497340869, 36.29756367264311], [126.78753336963295, 36.29752512476373], [126.78762791481496, 36.29744802900496], [126.78819518590706, 36.297255289608046]]}}, {"type": "Feature", "properties": {"proposal_id": "visible-line-236", "tile_id": "173-buyeo-mountain", "sheet_id": "173-buyeo", "split": "development", "proposal_kind": "visible_linework_review_only", "backend": "grayscale_ridge_v1_skeleton_v1", "pixel_length": 18.485, "point_count": 7, "confidence": 0.6346, "review_status": "unreviewed"}, "geometry": {"type": "LineString", "coordinates": [[126.78734427926892, 36.319728703288355], [126.78739155185993, 36.31965160752959], [126.78762791481496, 36.31961305965021], [126.78772245999698, 36.31969015540898], [126.78772245999698, 36.31976725116774], [126.78762791481496, 36.31984434692651], [126.78748609704195, 36.31984434692651]]}}, {"type": "Feature", "properties": {"proposal_id": "visible-line-237", "tile_id": "173-buyeo-mountain", "sheet_id": "173-buyeo", "split": "development", "proposal_kind": "visible_linework_review_only", "backend": "grayscale_ridge_v1_skeleton_v1", "pixel_length": 38.87, "point_count": 6, "confidence": 0.7026, "review_status": "unreviewed"}, "geometry": {"type": "LineString", "coordinates": [[126.78743882445093, 36.3139465213809], [126.78753336963295, 36.31379232986337], [126.78767518740597, 36.31379232986337], [126.78828973108907, 36.31429345229535], [126.78843154886209, 36.31429345229535], [126.78866791181713, 36.31402361713967]]}}, {"type": "Feature", "properties": {"proposal_id": "visible-line-238", "tile_id": "173-buyeo-mountain", "sheet_id": "173-buyeo", "split": "development", "proposal_kind": "visible_linework_review_only", "backend": "grayscale_ridge_v1_skeleton_v1", "pixel_length": 23.314, "point_count": 4, "confidence": 0.7175, "review_status": "unreviewed"}, "geometry": {"type": "LineString", "coordinates": [[126.78748609704195, 36.296946906572984], [126.78776973258799, 36.297101098090515], [126.78795882295202, 36.297101098090515], [126.78843154886209, 36.296946906572984]]}}, {"type": "Feature", "properties": {"proposal_id": "visible-line-239", "tile_id": "173-buyeo-mountain", "sheet_id": "173-buyeo", "split": "development", "proposal_kind": "visible_linework_review_only", "backend": "grayscale_ridge_v1_skeleton_v1", "pixel_length": 54.184, "point_count": 8, "confidence": 0.6603, "review_status": "unreviewed"}, "geometry": {"type": "LineString", "coordinates": [[126.78762791481496, 36.30696935521257], [126.787817005179, 36.30700790309196], [126.78814791331605, 36.306892259453804], [126.78833700368007, 36.30673806793627], [126.78843154886209, 36.30654532853936], [126.78843154886209, 36.30642968490121], [126.78828973108907, 36.30619839762491], [126.78762791481496, 36.30565872731355]]}}, {"type": "Feature", "properties": {"proposal_id": "visible-line-240", "tile_id": "173-buyeo-mountain", "sheet_id": "173-buyeo", "split": "development", "proposal_kind": "visible_linework_review_only", "backend": "grayscale_ridge_v1_skeleton_v1", "pixel_length": 50.87, "point_count": 8, "confidence": 0.6834, "review_status": "unreviewed"}, "geometry": {"type": "LineString", "coordinates": [[126.78767518740597, 36.321925932413194], [126.78800609554303, 36.322080123930725], [126.78843154886209, 36.32211867181011], [126.78866791181713, 36.32227286332764], [126.78904609254519, 36.32242705484517], [126.78928245550023, 36.32242705484517], [126.78947154586426, 36.32250415060394], [126.78966063622828, 36.32269689000085]]}}, {"type": "Feature", "properties": {"proposal_id": "visible-line-241", "tile_id": "173-buyeo-mountain", "sheet_id": "173-buyeo", "split": "development", "proposal_kind": "visible_linework_review_only", "backend": "grayscale_ridge_v1_skeleton_v1", "pixel_length": 41.314, "point_count": 7, "confidence": 0.6566, "review_status": "unreviewed"}, "geometry": {"type": "LineString", "coordinates": [[126.787817005179, 36.302767636359825], [126.78843154886209, 36.30288327999797], [126.7885260940441, 36.30284473211859], [126.7891406377272, 36.30284473211859], [126.7891879103182, 36.30288327999797], [126.78937700068224, 36.30288327999797], [126.78961336363727, 36.30299892363612]]}}, {"type": "Feature", "properties": {"proposal_id": "visible-line-242", "tile_id": "173-buyeo-mountain", "sheet_id": "173-buyeo", "split": "development", "proposal_kind": "visible_linework_review_only", "backend": "grayscale_ridge_v1_skeleton_v1", "pixel_length": 18.485, "point_count": 5, "confidence": 0.7693, "review_status": "unreviewed"}, "geometry": {"type": "LineString", "coordinates": [[126.78786427777, 36.28700155369216], [126.78800609554303, 36.28677026641586], [126.78800609554303, 36.28665462277771], [126.78814791331605, 36.28650043126018], [126.78814791331605, 36.28638478762203]]}}, {"type": "Feature", "properties": {"proposal_id": "visible-line-243", "tile_id": "173-buyeo-mountain", "sheet_id": "173-buyeo", "split": "development", "proposal_kind": "visible_linework_review_only", "backend": "grayscale_ridge_v1_skeleton_v1", "pixel_length": 125.296, "point_count": 12, "confidence": 0.6858, "review_status": "unreviewed"}, "geometry": {"type": "LineString", "coordinates": [[126.78795882295202, 36.29598320958841], [126.78814791331605, 36.295597730794576], [126.78871518440813, 36.29532789563889], [126.7891879103182, 36.29494241684507], [126.78947154586426, 36.29447984229247], [126.78956609104627, 36.29413291137802], [126.78984972659231, 36.29382452834296], [126.79032245250238, 36.29367033682542], [126.79088972359447, 36.293631788946044], [126.7910788139585, 36.293554693187275], [126.79126790432254, 36.293554693187275], [126.79192972059664, 36.29328485803159]]}}, {"type": "Feature", "properties": {"proposal_id": "visible-line-244", "tile_id": "173-buyeo-mountain", "sheet_id": "173-buyeo", "split": "development", "proposal_kind": "visible_linework_review_only", "backend": "grayscale_ridge_v1_skeleton_v1", "pixel_length": 52.527, "point_count": 6, "confidence": 0.7327, "review_status": "unreviewed"}, "geometry": {"type": "LineString", "coordinates": [[126.78810064072503, 36.3223499590864], [126.7884788214531, 36.32242705484517], [126.78937700068224, 36.32277398575962], [126.78961336363727, 36.32292817727715], [126.7898024540013, 36.32296672515653], [126.79013336213836, 36.32323656031222]]}}, {"type": "Feature", "properties": {"proposal_id": "visible-line-245", "tile_id": "173-buyeo-mountain", "sheet_id": "173-buyeo", "split": "development", "proposal_kind": "visible_linework_review_only", "backend": "grayscale_ridge_v1_skeleton_v1", "pixel_length": 35.971, "point_count": 7, "confidence": 0.6721, "review_status": "unreviewed"}, "geometry": {"type": "LineString", "coordinates": [[126.78833700368007, 36.30866546190543], [126.78833700368007, 36.308549818267274], [126.78843154886209, 36.30847272250851], [126.78899881995417, 36.308357078870365], [126.7890933651362, 36.308279983111596], [126.78956609104627, 36.30808724371468], [126.78966063622828, 36.30808724371468]]}}, {"type": "Feature", "properties": {"proposal_id": "visible-line-246", "tile_id": "173-buyeo-mountain", "sheet_id": "173-buyeo", "split": "development", "proposal_kind": "visible_linework_review_only", "backend": "grayscale_ridge_v1_skeleton_v1", "pixel_length": 28.142, "point_count": 4, "confidence": 0.6831, "review_status": "unreviewed"}, "geometry": {"type": "LineString", "coordinates": [[126.7884788214531, 36.29879720478337], [126.78866791181713, 36.29902849205967], [126.78895154736317, 36.299144135697816], [126.78951881845526, 36.29902849205967]]}}, {"type": "Feature", "properties": {"proposal_id": "visible-line-247", "tile_id": "173-buyeo-mountain", "sheet_id": "173-buyeo", "split": "development", "proposal_kind": "visible_linework_review_only", "backend": "grayscale_ridge_v1_skeleton_v1", "pixel_length": 39.142, "point_count": 10, "confidence": 0.6531, "review_status": "unreviewed"}, "geometry": {"type": "LineString", "coordinates": [[126.7885260940441, 36.2969083586936], [126.78866791181713, 36.2969083586936], [126.78880972959016, 36.29683126293483], [126.78895154736317, 36.29683126293483], [126.7890933651362, 36.29675416717607], [126.78928245550023, 36.29675416717607], [126.78932972809123, 36.296715619296684], [126.7897551814103, 36.296715619296684], [126.78994427177433, 36.296869810814215], [126.78999154436534, 36.29706255021113]]}}, {"type": "Feature", "properties": {"proposal_id": "visible-line-248", "tile_id": "173-buyeo-mountain", "sheet_id": "173-buyeo", "split": "development", "proposal_kind": "visible_linework_review_only", "backend": "grayscale_ridge_v1_skeleton_v1", "pixel_length": 23.314, "point_count": 5, "confidence": 0.6706, "review_status": "unreviewed"}, "geometry": {"type": "LineString", "coordinates": [[126.7891406377272, 36.31051576011581], [126.78928245550023, 36.31047721223643], [126.78961336363727, 36.31051576011581], [126.78984972659231, 36.310592855874575], [126.79008608954734, 36.31074704739211]]}}, {"type": "Feature", "properties": {"proposal_id": "visible-line-249", "tile_id": "173-buyeo-mountain", "sheet_id": "173-buyeo", "split": "development", "proposal_kind": "visible_linework_review_only", "backend": "grayscale_ridge_v1_skeleton_v1", "pixel_length": 20.243, "point_count": 4, "confidence": 0.6612, "review_status": "unreviewed"}, "geometry": {"type": "LineString", "coordinates": [[126.7891406377272, 36.30881965342296], [126.78928245550023, 36.30881965342296], [126.78966063622828, 36.30870400978481], [126.79003881695634, 36.30870400978481]]}}, {"type": "Feature", "properties": {"proposal_id": "visible-line-250", "tile_id": "173-buyeo-mountain", "sheet_id": "173-buyeo", "split": "development", "proposal_kind": "visible_linework_review_only", "backend": "grayscale_ridge_v1_skeleton_v1", "pixel_length": 31.728, "point_count": 3, "confidence": 0.6646, "review_status": "unreviewed"}, "geometry": {"type": "LineString", "coordinates": [[126.7897079088193, 36.3030374715155], [126.7904169976844, 36.303345854550564], [126.7910315413675, 36.30338440242995]]}}, {"type": "Feature", "properties": {"proposal_id": "visible-line-251", "tile_id": "173-buyeo-mountain", "sheet_id": "173-buyeo", "split": "development", "proposal_kind": "visible_linework_review_only", "backend": "grayscale_ridge_v1_skeleton_v1", "pixel_length": 23.314, "point_count": 6, "confidence": 0.6685, "review_status": "unreviewed"}, "geometry": {"type": "LineString", "coordinates": [[126.78994427177433, 36.320114182082186], [126.79008608954734, 36.320191277840955], [126.7904169976844, 36.32022982572034], [126.79046427027541, 36.320191277840955], [126.79065336063944, 36.320191277840955], [126.79088972359447, 36.320037086323424]]}}, {"type": "Feature", "properties": {"proposal_id": "visible-line-252", "tile_id": "173-buyeo-mountain", "sheet_id": "173-buyeo", "split": "development", "proposal_kind": "visible_linework_review_only", "backend": "grayscale_ridge_v1_skeleton_v1", "pixel_length": 27.728, "point_count": 4, "confidence": 0.6802, "review_status": "unreviewed"}, "geometry": {"type": "LineString", "coordinates": [[126.78994427177433, 36.29108762890676], [126.79018063472937, 36.29085634163046], [126.7904169976844, 36.29074069799231], [126.7910315413675, 36.29070215011293]]}}, {"type": "Feature", "properties": {"proposal_id": "visible-line-253", "tile_id": "173-buyeo-mountain", "sheet_id": "173-buyeo", "split": "development", "proposal_kind": "visible_linework_review_only", "backend": "grayscale_ridge_v1_skeleton_v1", "pixel_length": 19.899, "point_count": 4, "confidence": 0.6865, "review_status": "unreviewed"}, "geometry": {"type": "LineString", "coordinates": [[126.78999154436534, 36.30014638056178], [126.79051154286641, 36.29991509328548], [126.79074790582145, 36.29991509328548], [126.79079517841247, 36.29995364116486]]}}, {"type": "Feature", "properties": {"proposal_id": "visible-line-254", "tile_id": "173-buyeo-mountain", "sheet_id": "173-buyeo", "split": "development", "proposal_kind": "visible_linework_review_only", "backend": "grayscale_ridge_v1_skeleton_v1", "pixel_length": 98.64, "point_count": 12, "confidence": 0.691, "review_status": "unreviewed"}, "geometry": {"type": "LineString", "coordinates": [[126.79003881695634, 36.297255289608046], [126.79018063472937, 36.29740948112558], [126.7903697250934, 36.29744802900496], [126.79074790582145, 36.29729383748743], [126.79122063173152, 36.296869810814215], [126.79155153986858, 36.29675416717607], [126.79202426577865, 36.29675416717607], [126.79230790132469, 36.29683126293483], [126.79273335464376, 36.297255289608046], [126.7929697175988, 36.297332385366815], [126.79311153537182, 36.29729383748743], [126.7935842612819, 36.296869810814215]]}}, {"type": "Feature", "properties": {"proposal_id": "visible-line-255", "tile_id": "173-buyeo-mountain", "sheet_id": "173-buyeo", "split": "development", "proposal_kind": "visible_linework_review_only", "backend": "grayscale_ridge_v1_skeleton_v1", "pixel_length": 25.556, "point_count": 7, "confidence": 0.7481, "review_status": "unreviewed"}, "geometry": {"type": "LineString", "coordinates": [[126.79027517991138, 36.29278373559961], [126.79027517991138, 36.29270663984085], [126.7904169976844, 36.2925909962027], [126.79051154286641, 36.29239825680578], [126.79070063323044, 36.29220551740887], [126.79084245100347, 36.29220551740887], [126.79093699618548, 36.29232116104702]]}}, {"type": "Feature", "properties": {"proposal_id": "visible-line-256", "tile_id": "173-buyeo-mountain", "sheet_id": "173-buyeo", "split": "development", "proposal_kind": "visible_linework_review_only", "backend": "grayscale_ridge_v1_skeleton_v1", "pixel_length": 18.314, "point_count": 3, "confidence": 0.6179, "review_status": "unreviewed"}, "geometry": {"type": "LineString", "coordinates": [[126.79027517991138, 36.28715574520969], [126.79060608804843, 36.28677026641586], [126.79065336063944, 36.28657752701894]]}}, {"type": "Feature", "properties": {"proposal_id": "visible-line-257", "tile_id": "173-buyeo-mountain", "sheet_id": "173-buyeo", "split": "development", "proposal_kind": "visible_linework_review_only", "backend": "grayscale_ridge_v1_skeleton_v1", "pixel_length": 33.042, "point_count": 3, "confidence": 0.7293, "review_status": "unreviewed"}, "geometry": {"type": "LineString", "coordinates": [[126.79060608804843, 36.323660586985426], [126.79098426877648, 36.32400751789987], [126.79178790282361, 36.324354448814326]]}}, {"type": "Feature", "properties": {"proposal_id": "visible-line-258", "tile_id": "173-buyeo-mountain", "sheet_id": "173-buyeo", "split": "development", "proposal_kind": "visible_linework_review_only", "backend": "grayscale_ridge_v1_skeleton_v1", "pixel_length": 27.385, "point_count": 4, "confidence": 0.7224, "review_status": "unreviewed"}, "geometry": {"type": "LineString", "coordinates": [[126.79070063323044, 36.305697275192934], [126.79079517841247, 36.305774370951696], [126.79117335914052, 36.30589001458985], [126.79174063023261, 36.30619839762491]]}}, {"type": "Feature", "properties": {"proposal_id": "visible-line-259", "tile_id": "173-buyeo-mountain", "sheet_id": "173-buyeo", "split": "development", "proposal_kind": "visible_linework_review_only", "backend": "grayscale_ridge_v1_skeleton_v1", "pixel_length": 21.314, "point_count": 4, "confidence": 0.659, "review_status": "unreviewed"}, "geometry": {"type": "LineString", "coordinates": [[126.79070063323044, 36.28638478762203], [126.79084245100347, 36.286076404586964], [126.7910315413675, 36.28588366519005], [126.7910788139585, 36.28569092579313]]}}, {"type": "Feature", "properties": {"proposal_id": "visible-line-260", "tile_id": "173-buyeo-mountain", "sheet_id": "173-buyeo", "split": "development", "proposal_kind": "visible_linework_review_only", "backend": "grayscale_ridge_v1_skeleton_v1", "pixel_length": 115.74, "point_count": 13, "confidence": 0.6692, "review_status": "unreviewed"}, "geometry": {"type": "LineString", "coordinates": [[126.79079517841247, 36.30180393937525], [126.79088972359447, 36.30161119997833], [126.79117335914052, 36.30161119997833], [126.79164608505059, 36.30180393937525], [126.79230790132469, 36.30195813089278], [126.79278062723478, 36.30218941816908], [126.79339517091786, 36.302690540601056], [126.7936315338729, 36.3028061842392], [126.794246077556, 36.30284473211859], [126.794293350147, 36.30288327999797], [126.79467153087506, 36.30284473211859], [126.79471880346607, 36.30288327999797], [126.79538061974017, 36.302921827877356]]}}, {"type": "Feature", "properties": {"proposal_id": "visible-line-261", "tile_id": "173-buyeo-mountain", "sheet_id": "173-buyeo", "split": "development", "proposal_kind": "visible_linework_review_only", "backend": "grayscale_ridge_v1_skeleton_v1", "pixel_length": 19.556, "point_count": 3, "confidence": 0.649, "review_status": "unreviewed"}, "geometry": {"type": "LineString", "coordinates": [[126.79093699618548, 36.30928222797556], [126.79112608654951, 36.30924368009617], [126.79159881245958, 36.30881965342296]]}}, {"type": "Feature", "properties": {"proposal_id": "visible-line-262", "tile_id": "173-buyeo-mountain", "sheet_id": "173-buyeo", "split": "development", "proposal_kind": "visible_linework_review_only", "backend": "grayscale_ridge_v1_skeleton_v1", "pixel_length": 32.971, "point_count": 5, "confidence": 0.6293, "review_status": "unreviewed"}, "geometry": {"type": "LineString", "coordinates": [[126.7910315413675, 36.30226651392784], [126.79131517691354, 36.30261344484229], [126.79140972209555, 36.30284473211859], [126.79140972209555, 36.30311456727427], [126.79117335914052, 36.303307306671186]]}}, {"type": "Feature", "properties": {"proposal_id": "visible-line-263", "tile_id": "173-buyeo-mountain", "sheet_id": "173-buyeo", "split": "development", "proposal_kind": "visible_linework_review_only", "backend": "grayscale_ridge_v1_skeleton_v1", "pixel_length": 42.627, "point_count": 7, "confidence": 0.6232, "review_status": "unreviewed"}, "geometry": {"type": "LineString", "coordinates": [[126.79126790432254, 36.29995364116486], [126.79145699468657, 36.30006928480301], [126.79183517541462, 36.30006928480301], [126.79202426577865, 36.29999218904424], [126.79240244650671, 36.299606710250416], [126.79268608205275, 36.29949106661226], [126.79287517241679, 36.29949106661226]]}}, {"type": "Feature", "properties": {"proposal_id": "visible-line-264", "tile_id": "173-buyeo-mountain", "sheet_id": "173-buyeo", "split": "development", "proposal_kind": "visible_linework_review_only", "backend": "grayscale_ridge_v1_skeleton_v1", "pixel_length": 23.971, "point_count": 4, "confidence": 0.5786, "review_status": "unreviewed"}, "geometry": {"type": "LineString", "coordinates": [[126.79126790432254, 36.298527369627685], [126.79174063023261, 36.29829608235139], [126.79188244800562, 36.29833463023077], [126.79216608355168, 36.298527369627685]]}}, {"type": "Feature", "properties": {"proposal_id": "visible-line-265", "tile_id": "173-buyeo-mountain", "sheet_id": "173-buyeo", "split": "development", "proposal_kind": "visible_linework_review_only", "backend": "grayscale_ridge_v1_skeleton_v1", "pixel_length": 23.556, "point_count": 3, "confidence": 0.6616, "review_status": "unreviewed"}, "geometry": {"type": "LineString", "coordinates": [[126.79140972209555, 36.307586121282704], [126.79164608505059, 36.30731628612702], [126.79192972059664, 36.306853711574426]]}}, {"type": "Feature", "properties": {"proposal_id": "visible-line-266", "tile_id": "173-buyeo-mountain", "sheet_id": "173-buyeo", "split": "development", "proposal_kind": "visible_linework_review_only", "backend": "grayscale_ridge_v1_skeleton_v1", "pixel_length": 69.87, "point_count": 5, "confidence": 0.6751, "review_status": "unreviewed"}, "geometry": {"type": "LineString", "coordinates": [[126.79155153986858, 36.313175563793244], [126.79192972059664, 36.31386942562214], [126.79197699318765, 36.3146403832098], [126.79235517391571, 36.31518005352116], [126.79244971909772, 36.31556553231499]]}}, {"type": "Feature", "properties": {"proposal_id": "visible-line-267", "tile_id": "173-buyeo-mountain", "sheet_id": "173-buyeo", "split": "development", "proposal_kind": "visible_linework_review_only", "backend": "grayscale_ridge_v1_skeleton_v1", "pixel_length": 28.314, "point_count": 4, "confidence": 0.6748, "review_status": "unreviewed"}, "geometry": {"type": "LineString", "coordinates": [[126.79178790282361, 36.29050941071601], [126.79207153836965, 36.290393767077866], [126.79263880946175, 36.29035521919848], [126.7929697175988, 36.29020102768095]]}}, {"type": "Feature", "properties": {"proposal_id": "visible-line-268", "tile_id": "173-buyeo-mountain", "sheet_id": "173-buyeo", "split": "development", "proposal_kind": "visible_linework_review_only", "backend": "grayscale_ridge_v1_skeleton_v1", "pixel_length": 52.669, "point_count": 5, "confidence": 0.6987, "review_status": "unreviewed"}, "geometry": {"type": "LineString", "coordinates": [[126.79226062873369, 36.29197423013257], [126.79240244650671, 36.29193568225319], [126.79278062723478, 36.29162729921812], [126.79287517241679, 36.29147310770059], [126.79400971460096, 36.290625054354166]]}}, {"type": "Feature", "properties": {"proposal_id": "visible-line-269", "tile_id": "173-buyeo-mountain", "sheet_id": "173-buyeo", "split": "development", "proposal_kind": "visible_linework_review_only", "backend": "grayscale_ridge_v1_skeleton_v1", "pixel_length": 19.728, "point_count": 6, "confidence": 0.6537, "review_status": "unreviewed"}, "geometry": {"type": "LineString", "coordinates": [[126.79282789982578, 36.31718454324908], [126.7929697175988, 36.317261639007846], [126.79311153537182, 36.31722309112846], [126.79334789832686, 36.317030351731546], [126.79334789832686, 36.316876160214015], [126.79339517091786, 36.31683761233463]]}}, {"type": "Feature", "properties": {"proposal_id": "visible-line-270", "tile_id": "173-buyeo-mountain", "sheet_id": "173-buyeo", "split": "development", "proposal_kind": "visible_linework_review_only", "backend": "grayscale_ridge_v1_skeleton_v1", "pixel_length": 20.071, "point_count": 5, "confidence": 0.7067, "review_status": "unreviewed"}, "geometry": {"type": "LineString", "coordinates": [[126.7929697175988, 36.32462428397], [126.79334789832686, 36.32466283184939], [126.79339517091786, 36.32470137972877], [126.7936315338729, 36.32466283184939], [126.79382062423693, 36.32473992760816]]}}, {"type": "Feature", "properties": {"proposal_id": "visible-line-271", "tile_id": "173-buyeo-mountain", "sheet_id": "173-buyeo", "split": "development", "proposal_kind": "visible_linework_review_only", "backend": "grayscale_ridge_v1_skeleton_v1", "pixel_length": 19.657, "point_count": 5, "confidence": 0.6636, "review_status": "unreviewed"}, "geometry": {"type": "LineString", "coordinates": [[126.79301699018981, 36.32423880517617], [126.79320608055383, 36.32427735305556], [126.79325335314485, 36.32423880517617], [126.79353698869089, 36.32423880517617], [126.79386789682793, 36.32416170941741]]}}, {"type": "Feature", "properties": {"proposal_id": "visible-line-272", "tile_id": "173-buyeo-mountain", "sheet_id": "173-buyeo", "split": "development", "proposal_kind": "visible_linework_review_only", "backend": "grayscale_ridge_v1_skeleton_v1", "pixel_length": 18.414, "point_count": 3, "confidence": 0.6322, "review_status": "unreviewed"}, "geometry": {"type": "LineString", "coordinates": [[126.79315880796283, 36.315141505641776], [126.79320608055383, 36.31518005352116], [126.79320608055383, 36.31583536747067]]}}, {"type": "Feature", "properties": {"proposal_id": "visible-line-273", "tile_id": "173-buyeo-mountain", "sheet_id": "173-buyeo", "split": "development", "proposal_kind": "visible_linework_review_only", "backend": "grayscale_ridge_v1_skeleton_v1", "pixel_length": 27.799, "point_count": 4, "confidence": 0.6829, "review_status": "unreviewed"}, "geometry": {"type": "LineString", "coordinates": [[126.79320608055383, 36.311826388014836], [126.79377335164592, 36.3123660583262], [126.79396244200996, 36.31244315408497], [126.79415153237399, 36.31244315408497]]}}, {"type": "Feature", "properties": {"proposal_id": "visible-line-274", "tile_id": "173-buyeo-mountain", "sheet_id": "173-buyeo", "split": "development", "proposal_kind": "visible_linework_review_only", "backend": "grayscale_ridge_v1_skeleton_v1", "pixel_length": 58.87, "point_count": 10, "confidence": 0.7088, "review_status": "unreviewed"}, "geometry": {"type": "LineString", "coordinates": [[126.79325335314485, 36.3148716704861], [126.79325335314485, 36.314756026847945], [126.79334789832686, 36.31467893108918], [126.79339517091786, 36.314524739571645], [126.7935842612819, 36.31429345229535], [126.79377335164592, 36.3141778086572], [126.79400971460096, 36.3141778086572], [126.79452971310204, 36.31433200017473], [126.79481334864809, 36.31433200017473], [126.79528607455816, 36.314139260777814]]}}, {"type": "Feature", "properties": {"proposal_id": "visible-line-275", "tile_id": "173-buyeo-mountain", "sheet_id": "173-buyeo", "split": "development", "proposal_kind": "visible_linework_review_only", "backend": "grayscale_ridge_v1_skeleton_v1", "pixel_length": 23.899, "point_count": 7, "confidence": 0.7164, "review_status": "unreviewed"}, "geometry": {"type": "LineString", "coordinates": [[126.79367880646392, 36.313252659552006], [126.79377335164592, 36.313329755310775], [126.79386789682793, 36.313329755310775], [126.79396244200996, 36.313021372275706], [126.79391516941895, 36.312867180758175], [126.79377335164592, 36.312867180758175], [126.79367880646392, 36.312944276516944]]}}, {"type": "Feature", "properties": {"proposal_id": "visible-line-276", "tile_id": "173-buyeo-mountain", "sheet_id": "173-buyeo", "split": "development", "proposal_kind": "visible_linework_review_only", "backend": "grayscale_ridge_v1_skeleton_v1", "pixel_length": 21.828, "point_count": 5, "confidence": 0.6494, "review_status": "unreviewed"}, "geometry": {"type": "LineString", "coordinates": [[126.79372607905492, 36.300878790270055], [126.79372607905492, 36.30072459875252], [126.79377335164592, 36.30068605087314], [126.79443516792003, 36.30068605087314], [126.79452971310204, 36.300647502993755]]}}, {"type": "Feature", "properties": {"proposal_id": "visible-line-277", "tile_id": "173-buyeo-mountain", "sheet_id": "173-buyeo", "split": "development", "proposal_kind": "visible_linework_review_only", "backend": "grayscale_ridge_v1_skeleton_v1", "pixel_length": 65.841, "point_count": 6, "confidence": 0.7139, "review_status": "unreviewed"}, "geometry": {"type": "LineString", "coordinates": [[126.79400971460096, 36.301264269063886], [126.794246077556, 36.30157265209895], [126.79519152937614, 36.301919583013394], [126.7955697101042, 36.302150870289694], [126.79604243601428, 36.30257489696291], [126.79608970860528, 36.3028061842392]]}}, {"type": "Feature", "properties": {"proposal_id": "visible-line-278", "tile_id": "173-buyeo-mountain", "sheet_id": "173-buyeo", "split": "development", "proposal_kind": "visible_linework_review_only", "backend": "grayscale_ridge_v1_skeleton_v1", "pixel_length": 48.627, "point_count": 43, "confidence": 0.7101, "review_status": "unreviewed"}, "geometry": {"type": "LineString", "coordinates": [[126.794246077556, 36.29856591750707], [126.794293350147, 36.298604465386454], [126.794293350147, 36.29864301326584], [126.79434062273802, 36.298681561145216], [126.79438789532902, 36.298681561145216], [126.79443516792003, 36.2987201090246], [126.79448244051103, 36.2987201090246], [126.79452971310204, 36.2987201090246], [126.79457698569306, 36.298758656903985], [126.79462425828406, 36.298758656903985], [126.79467153087506, 36.298758656903985], [126.79471880346607, 36.298758656903985], [126.79476607605707, 36.298758656903985], [126.79481334864809, 36.298758656903985], [126.7948606212391, 36.2987201090246], [126.7949078938301, 36.2987201090246], [126.7949551664211, 36.2987201090246], [126.79500243901212, 36.2987201090246], [126.79504971160313, 36.298681561145216], [126.79509698419413, 36.29864301326584], [126.79509698419413, 36.298604465386454], [126.79509698419413, 36.29856591750707], [126.79509698419413, 36.298527369627685], [126.79509698419413, 36.29848882174831], [126.79504971160313, 36.29845027386892], [126.79500243901212, 36.29845027386892], [126.7949551664211, 36.29841172598954], [126.7949078938301, 36.298373178110154], [126.7948606212391, 36.298373178110154], [126.79481334864809, 36.29833463023077], [126.79476607605707, 36.29833463023077], [126.79471880346607, 36.29833463023077], [126.79467153087506, 36.29833463023077], [126.79462425828406, 36.29833463023077], [126.79457698569306, 36.29833463023077], [126.79452971310204, 36.29833463023077], [126.79448244051103, 36.29833463023077], [126.79443516792003, 36.298373178110154], [126.79438789532902, 36.29841172598954], [126.79434062273802, 36.29845027386892], [126.794293350147, 36.29848882174831], [126.794293350147, 36.298527369627685], [126.794246077556, 36.29856591750707]]}}, {"type": "Feature", "properties": {"proposal_id": "visible-line-279", "tile_id": "173-buyeo-mountain", "sheet_id": "173-buyeo", "split": "development", "proposal_kind": "visible_linework_review_only", "backend": "grayscale_ridge_v1_skeleton_v1", "pixel_length": 104.669, "point_count": 14, "confidence": 0.7058, "review_status": "unreviewed"}, "geometry": {"type": "LineString", "coordinates": [[126.794293350147, 36.29467258168938], [126.79448244051103, 36.29478822532753], [126.79500243901212, 36.29478822532753], [126.79504971160313, 36.29474967744815], [126.79538061974017, 36.29474967744815], [126.79542789233118, 36.29471112956877], [126.79608970860528, 36.29471112956877], [126.79637334415133, 36.29478822532753], [126.79651516192435, 36.29490386896568], [126.7967987974704, 36.29501951260383], [126.79703516042544, 36.295212252000745], [126.79727152338047, 36.295289347759514], [126.79802788483659, 36.29494241684507], [126.79859515592868, 36.29478822532753]]}}, {"type": "Feature", "properties": {"proposal_id": "visible-line-280", "tile_id": "173-buyeo-mountain", "sheet_id": "173-buyeo", "split": "development", "proposal_kind": "visible_linework_review_only", "backend": "grayscale_ridge_v1_skeleton_v1", "pixel_length": 30.87, "point_count": 3, "confidence": 0.6992, "review_status": "unreviewed"}, "geometry": {"type": "LineString", "coordinates": [[126.794293350147, 36.29463403381], [126.794293350147, 36.29451839017185], [126.79523880196716, 36.293785980463575]]}}, {"type": "Feature", "properties": {"proposal_id": "visible-line-281", "tile_id": "173-buyeo-mountain", "sheet_id": "173-buyeo", "split": "development", "proposal_kind": "visible_linework_review_only", "backend": "grayscale_ridge_v1_skeleton_v1", "pixel_length": 23.556, "point_count": 4, "confidence": 0.7096, "review_status": "unreviewed"}, "geometry": {"type": "LineString", "coordinates": [[126.79438789532902, 36.32354494334728], [126.79457698569306, 36.323891874261726], [126.7948606212391, 36.32416170941741], [126.7949078938301, 36.32427735305556]]}}, {"type": "Feature", "properties": {"proposal_id": "visible-line-282", "tile_id": "173-buyeo-mountain", "sheet_id": "173-buyeo", "split": "development", "proposal_kind": "visible_linework_review_only", "backend": "grayscale_ridge_v1_skeleton_v1", "pixel_length": 27.314, "point_count": 6, "confidence": 0.6632, "review_status": "unreviewed"}, "geometry": {"type": "LineString", "coordinates": [[126.79443516792003, 36.29035521919848], [126.79462425828406, 36.2903166713191], [126.7948606212391, 36.29035521919848], [126.79523880196716, 36.29027812343972], [126.79542789233118, 36.290085384042804], [126.79542789233118, 36.290008288284035]]}}, {"type": "Feature", "properties": {"proposal_id": "visible-line-283", "tile_id": "173-buyeo-mountain", "sheet_id": "173-buyeo", "split": "development", "proposal_kind": "visible_linework_review_only", "backend": "grayscale_ridge_v1_skeleton_v1", "pixel_length": 20.828, "point_count": 5, "confidence": 0.6711, "review_status": "unreviewed"}, "geometry": {"type": "LineString", "coordinates": [[126.79448244051103, 36.29659997565854], [126.79476607605707, 36.29659997565854], [126.79481334864809, 36.29656142777915], [126.79528607455816, 36.29656142777915], [126.79542789233118, 36.29659997565854]]}}, {"type": "Feature", "properties": {"proposal_id": "visible-line-284", "tile_id": "173-buyeo-mountain", "sheet_id": "173-buyeo", "split": "development", "proposal_kind": "visible_linework_review_only", "backend": "grayscale_ridge_v1_skeleton_v1", "pixel_length": 31.314, "point_count": 4, "confidence": 0.7209, "review_status": "unreviewed"}, "geometry": {"type": "LineString", "coordinates": [[126.79452971310204, 36.294595485930614], [126.7949551664211, 36.294595485930614], [126.7955697101042, 36.29432565077494], [126.79585334565024, 36.29428710289555]]}}, {"type": "Feature", "properties": {"proposal_id": "visible-line-285", "tile_id": "173-buyeo-mountain", "sheet_id": "173-buyeo", "split": "development", "proposal_kind": "visible_linework_review_only", "backend": "grayscale_ridge_v1_skeleton_v1", "pixel_length": 55.113, "point_count": 7, "confidence": 0.7121, "review_status": "unreviewed"}, "geometry": {"type": "LineString", "coordinates": [[126.79481334864809, 36.28750267612414], [126.79481334864809, 36.287078649450926], [126.7949078938301, 36.286924457933395], [126.79519152937614, 36.286693170657095], [126.79594789083227, 36.28634623974265], [126.7961369811963, 36.28619204822512], [126.7961842537873, 36.2859993088282]]}}, {"type": "Feature", "properties": {"proposal_id": "visible-line-286", "tile_id": "173-buyeo-mountain", "sheet_id": "173-buyeo", "split": "development", "proposal_kind": "visible_linework_review_only", "backend": "grayscale_ridge_v1_skeleton_v1", "pixel_length": 18.485, "point_count": 4, "confidence": 0.6976, "review_status": "unreviewed"}, "geometry": {"type": "LineString", "coordinates": [[126.7948606212391, 36.310592855874575], [126.79509698419413, 36.31086269103026], [126.79519152937614, 36.31090123890964], [126.7955224375132, 36.31090123890964]]}}, {"type": "Feature", "properties": {"proposal_id": "visible-line-287", "tile_id": "173-buyeo-mountain", "sheet_id": "173-buyeo", "split": "development", "proposal_kind": "visible_linework_review_only", "backend": "grayscale_ridge_v1_skeleton_v1", "pixel_length": 33.314, "point_count": 6, "confidence": 0.725, "review_status": "unreviewed"}, "geometry": {"type": "LineString", "coordinates": [[126.7949551664211, 36.30037766783807], [126.79514425678514, 36.30037766783807], [126.79571152787723, 36.300570407234986], [126.7962315263783, 36.30060895511437], [126.79627879896931, 36.300647502993755], [126.79637334415133, 36.30060895511437]]}}, {"type": "Feature", "properties": {"proposal_id": "visible-line-288", "tile_id": "173-buyeo-mountain", "sheet_id": "173-buyeo", "split": "development", "proposal_kind": "visible_linework_review_only", "backend": "grayscale_ridge_v1_skeleton_v1", "pixel_length": 19.657, "point_count": 4, "confidence": 0.607, "review_status": "unreviewed"}, "geometry": {"type": "LineString", "coordinates": [[126.79500243901212, 36.313715234104606], [126.79528607455816, 36.31363813834584], [126.79566425528623, 36.31363813834584], [126.79585334565024, 36.313561042587075]]}}, {"type": "Feature", "properties": {"proposal_id": "visible-line-289", "tile_id": "173-buyeo-mountain", "sheet_id": "173-buyeo", "split": "development", "proposal_kind": "visible_linework_review_only", "backend": "grayscale_ridge_v1_skeleton_v1", "pixel_length": 41.213, "point_count": 7, "confidence": 0.6661, "review_status": "unreviewed"}, "geometry": {"type": "LineString", "coordinates": [[126.79504971160313, 36.29286083135838], [126.79504971160313, 36.29278373559961], [126.79523880196716, 36.29255244832331], [126.79571152787723, 36.2923597089264], [126.79594789083227, 36.2923597089264], [126.7961369811963, 36.29247535256455], [126.79651516192435, 36.2925909962027]]}}, {"type": "Feature", "properties": {"proposal_id": "visible-line-290", "tile_id": "173-buyeo-mountain", "sheet_id": "173-buyeo", "split": "development", "proposal_kind": "visible_linework_review_only", "backend": "grayscale_ridge_v1_skeleton_v1", "pixel_length": 21.071, "point_count": 7, "confidence": 0.6933, "review_status": "unreviewed"}, "geometry": {"type": "LineString", "coordinates": [[126.79528607455816, 36.305234700640334], [126.7955697101042, 36.305234700640334], [126.79561698269521, 36.30527324851972], [126.79561698269521, 36.30542744003725], [126.79575880046823, 36.3055430836754], [126.79594789083227, 36.3055430836754], [126.79599516342327, 36.30558163155478]]}}, {"type": "Feature", "properties": {"proposal_id": "visible-line-291", "tile_id": "173-buyeo-mountain", "sheet_id": "173-buyeo", "split": "development", "proposal_kind": "visible_linework_review_only", "backend": "grayscale_ridge_v1_skeleton_v1", "pixel_length": 26.899, "point_count": 4, "confidence": 0.6541, "review_status": "unreviewed"}, "geometry": {"type": "LineString", "coordinates": [[126.79538061974017, 36.31240460620558], [126.79561698269521, 36.31244315408497], [126.7961369811963, 36.31267444136126], [126.79651516192435, 36.31267444136126]]}}, {"type": "Feature", "properties": {"proposal_id": "visible-line-292", "tile_id": "173-buyeo-mountain", "sheet_id": "173-buyeo", "split": "development", "proposal_kind": "visible_linework_review_only", "backend": "grayscale_ridge_v1_skeleton_v1", "pixel_length": 21.899, "point_count": 4, "confidence": 0.581, "review_status": "unreviewed"}, "geometry": {"type": "LineString", "coordinates": [[126.79566425528623, 36.31857226690687], [126.79566425528623, 36.31841807538933], [126.79575880046823, 36.31818678811304], [126.79599516342327, 36.31783985719859]]}}, {"type": "Feature", "properties": {"proposal_id": "visible-line-293", "tile_id": "173-buyeo-mountain", "sheet_id": "173-buyeo", "split": "development", "proposal_kind": "visible_linework_review_only", "backend": "grayscale_ridge_v1_skeleton_v1", "pixel_length": 24.828, "point_count": 3, "confidence": 0.5843, "review_status": "unreviewed"}, "geometry": {"type": "LineString", "coordinates": [[126.79599516342327, 36.30091733814943], [126.7962315263783, 36.3009944339082], [126.79712970560745, 36.3009944339082]]}}, {"type": "Feature", "properties": {"proposal_id": "visible-line-294", "tile_id": "173-buyeo-mountain", "sheet_id": "173-buyeo", "split": "development", "proposal_kind": "visible_linework_review_only", "backend": "grayscale_ridge_v1_skeleton_v1", "pixel_length": 31.071, "point_count": 8, "confidence": 0.6855, "review_status": "unreviewed"}, "geometry": {"type": "LineString", "coordinates": [[126.79604243601428, 36.32473992760816], [126.79608970860528, 36.32466283184939], [126.79608970860528, 36.32431590093494], [126.7961369811963, 36.32427735305556], [126.79665697969737, 36.32427735305556], [126.79670425228838, 36.32431590093494], [126.79665697969737, 36.32443154457309], [126.79670425228838, 36.32450864033186]]}}, {"type": "Feature", "properties": {"proposal_id": "visible-line-295", "tile_id": "173-buyeo-mountain", "sheet_id": "173-buyeo", "split": "development", "proposal_kind": "visible_linework_review_only", "backend": "grayscale_ridge_v1_skeleton_v1", "pixel_length": 20.243, "point_count": 5, "confidence": 0.6525, "review_status": "unreviewed"}, "geometry": {"type": "LineString", "coordinates": [[126.79608970860528, 36.296869810814215], [126.7961369811963, 36.2969083586936], [126.79665697969737, 36.2969083586936], [126.7967987974704, 36.29698545445237], [126.79698788783443, 36.29698545445237]]}}, {"type": "Feature", "properties": {"proposal_id": "visible-line-296", "tile_id": "173-buyeo-mountain", "sheet_id": "173-buyeo", "split": "development", "proposal_kind": "visible_linework_review_only", "backend": "grayscale_ridge_v1_skeleton_v1", "pixel_length": 24.414, "point_count": 3, "confidence": 0.6195, "review_status": "unreviewed"}, "geometry": {"type": "LineString", "coordinates": [[126.7961369811963, 36.30511905700219], [126.79627879896931, 36.3050805091228], [126.79727152338047, 36.3050805091228]]}}, {"type": "Feature", "properties": {"proposal_id": "visible-line-297", "tile_id": "173-buyeo-mountain", "sheet_id": "173-buyeo", "split": "development", "proposal_kind": "visible_linework_review_only", "backend": "grayscale_ridge_v1_skeleton_v1", "pixel_length": 36.971, "point_count": 5, "confidence": 0.7092, "review_status": "unreviewed"}, "geometry": {"type": "LineString", "coordinates": [[126.79632607156033, 36.294171459257406], [126.79698788783443, 36.29382452834296], [126.79722425078947, 36.29374743258419], [126.79769697669954, 36.29374743258419], [126.79783879447255, 36.293785980463575]]}}, {"type": "Feature", "properties": {"proposal_id": "visible-line-298", "tile_id": "173-buyeo-mountain", "sheet_id": "173-buyeo", "split": "development", "proposal_kind": "visible_linework_review_only", "backend": "grayscale_ridge_v1_skeleton_v1", "pixel_length": 33.142, "point_count": 6, "confidence": 0.6946, "review_status": "unreviewed"}, "geometry": {"type": "LineString", "coordinates": [[126.79651516192435, 36.28865911250563], [126.79675152487938, 36.288504920988096], [126.79717697819845, 36.288504920988096], [126.79722425078947, 36.28846637310871], [126.79760243151752, 36.288427825229334], [126.79783879447255, 36.28823508583242]]}}, {"type": "Feature", "properties": {"proposal_id": "visible-line-299", "tile_id": "173-buyeo-mountain", "sheet_id": "173-buyeo", "split": "development", "proposal_kind": "visible_linework_review_only", "backend": "grayscale_ridge_v1_skeleton_v1", "pixel_length": 23.142, "point_count": 6, "confidence": 0.6735, "review_status": "unreviewed"}, "geometry": {"type": "LineString", "coordinates": [[126.79675152487938, 36.30565872731355], [126.7967987974704, 36.305697275192934], [126.79698788783443, 36.305697275192934], [126.79731879597148, 36.305851466710465], [126.79750788633551, 36.306005658227996], [126.79755515892651, 36.30612130186615]]}}, {"type": "Feature", "properties": {"proposal_id": "visible-line-300", "tile_id": "173-buyeo-mountain", "sheet_id": "173-buyeo", "split": "development", "proposal_kind": "visible_linework_review_only", "backend": "grayscale_ridge_v1_skeleton_v1", "pixel_length": 50.971, "point_count": 6, "confidence": 0.6451, "review_status": "unreviewed"}, "geometry": {"type": "LineString", "coordinates": [[126.79689334265241, 36.31544988867684], [126.79717697819845, 36.31544988867684], [126.79769697669954, 36.31571972383252], [126.79812243001861, 36.31587391535005], [126.79831152038264, 36.31591246322944], [126.79906788183875, 36.31591246322944]]}}, {"type": "Feature", "properties": {"proposal_id": "visible-line-301", "tile_id": "173-buyeo-mountain", "sheet_id": "173-buyeo", "split": "development", "proposal_kind": "visible_linework_review_only", "backend": "grayscale_ridge_v1_skeleton_v1", "pixel_length": 40.698, "point_count": 6, "confidence": 0.6686, "review_status": "unreviewed"}, "geometry": {"type": "LineString", "coordinates": [[126.79689334265241, 36.310438664357044], [126.79689334265241, 36.31028447283951], [126.79708243301644, 36.30997608980445], [126.79741334115349, 36.309706254648766], [126.79779152188155, 36.30951351525185], [126.79802788483659, 36.309320775854935]]}}, {"type": "Feature", "properties": {"proposal_id": "visible-line-302", "tile_id": "173-buyeo-mountain", "sheet_id": "173-buyeo", "split": "development", "proposal_kind": "visible_linework_review_only", "backend": "grayscale_ridge_v1_skeleton_v1", "pixel_length": 18.314, "point_count": 4, "confidence": 0.6493, "review_status": "unreviewed"}, "geometry": {"type": "LineString", "coordinates": [[126.79708243301644, 36.31386942562214], [126.79712970560745, 36.31390797350152], [126.79741334115349, 36.31386942562214], [126.79774424929055, 36.31359959046645]]}}, {"type": "Feature", "properties": {"proposal_id": "visible-line-303", "tile_id": "173-buyeo-mountain", "sheet_id": "173-buyeo", "split": "development", "proposal_kind": "visible_linework_review_only", "backend": "grayscale_ridge_v1_skeleton_v1", "pixel_length": 25.243, "point_count": 6, "confidence": 0.6853, "review_status": "unreviewed"}, "geometry": {"type": "LineString", "coordinates": [[126.79708243301644, 36.30068605087314], [126.79727152338047, 36.30068605087314], [126.79741334115349, 36.3007631466319], [126.79764970410854, 36.3007631466319], [126.79769697669954, 36.300801694511286], [126.79821697520062, 36.300801694511286]]}}, {"type": "Feature", "properties": {"proposal_id": "visible-line-304", "tile_id": "173-buyeo-mountain", "sheet_id": "173-buyeo", "split": "development", "proposal_kind": "visible_linework_review_only", "backend": "grayscale_ridge_v1_skeleton_v1", "pixel_length": 19.556, "point_count": 3, "confidence": 0.6316, "review_status": "unreviewed"}, "geometry": {"type": "LineString", "coordinates": [[126.79717697819845, 36.30188103513401], [126.79736606856248, 36.30203522665154], [126.79788606706357, 36.302305061807225]]}}, {"type": "Feature", "properties": {"proposal_id": "visible-line-305", "tile_id": "173-buyeo-mountain", "sheet_id": "173-buyeo", "split": "development", "proposal_kind": "visible_linework_review_only", "backend": "grayscale_ridge_v1_skeleton_v1", "pixel_length": 19.485, "point_count": 7, "confidence": 0.7889, "review_status": "unreviewed"}, "geometry": {"type": "LineString", "coordinates": [[126.79760243151752, 36.29289937923777], [126.79764970410854, 36.29297647499653], [126.79774424929055, 36.29297647499653], [126.79788606706357, 36.293092118634675], [126.79802788483659, 36.2930535707553], [126.79831152038264, 36.2930535707553], [126.79835879297364, 36.293092118634675]]}}, {"type": "Feature", "properties": {"proposal_id": "visible-line-306", "tile_id": "173-buyeo-mountain", "sheet_id": "173-buyeo", "split": "development", "proposal_kind": "visible_linework_review_only", "backend": "grayscale_ridge_v1_skeleton_v1", "pixel_length": 27.971, "point_count": 4, "confidence": 0.644, "review_status": "unreviewed"}, "geometry": {"type": "LineString", "coordinates": [[126.79760243151752, 36.29262954408208], [126.79807515742759, 36.292513900443936], [126.79835879297364, 36.292282613167636], [126.79850061074666, 36.29201277801195]]}}, {"type": "Feature", "properties": {"proposal_id": "visible-line-307", "tile_id": "173-buyeo-mountain", "sheet_id": "173-buyeo", "split": "development", "proposal_kind": "visible_linework_review_only", "backend": "grayscale_ridge_v1_skeleton_v1", "pixel_length": 46.142, "point_count": 6, "confidence": 0.6966, "review_status": "unreviewed"}, "geometry": {"type": "LineString", "coordinates": [[126.79764970410854, 36.29679271505545], [126.79802788483659, 36.29679271505545], [126.79850061074666, 36.296638523537915], [126.79883151888372, 36.296638523537915], [126.79935151738479, 36.29683126293483], [126.79963515293085, 36.296869810814215]]}}, {"type": "Feature", "properties": {"proposal_id": "visible-line-308", "tile_id": "173-buyeo-mountain", "sheet_id": "173-buyeo", "split": "development", "proposal_kind": "visible_linework_review_only", "backend": "grayscale_ridge_v1_skeleton_v1", "pixel_length": 23.728, "point_count": 2, "confidence": 0.6803, "review_status": "unreviewed"}, "geometry": {"type": "LineString", "coordinates": [[126.79798061224558, 36.3048492218465], [126.79892606406572, 36.30450229093206]]}}, {"type": "Feature", "properties": {"proposal_id": "visible-line-309", "tile_id": "173-buyeo-mountain", "sheet_id": "173-buyeo", "split": "development", "proposal_kind": "visible_linework_review_only", "backend": "grayscale_ridge_v1_skeleton_v1", "pixel_length": 26.971, "point_count": 3, "confidence": 0.5976, "review_status": "unreviewed"}, "geometry": {"type": "LineString", "coordinates": [[126.79798061224558, 36.299606710250416], [126.79840606556465, 36.30014638056178], [126.79854788333768, 36.30045476359684]]}}, {"type": "Feature", "properties": {"proposal_id": "visible-line-310", "tile_id": "173-buyeo-mountain", "sheet_id": "173-buyeo", "split": "development", "proposal_kind": "visible_linework_review_only", "backend": "grayscale_ridge_v1_skeleton_v1", "pixel_length": 29.142, "point_count": 4, "confidence": 0.6701, "review_status": "unreviewed"}, "geometry": {"type": "LineString", "coordinates": [[126.79807515742759, 36.28715574520969], [126.79807515742759, 36.287078649450926], [126.79835879297364, 36.286847362174626], [126.79916242702076, 36.286693170657095]]}}, {"type": "Feature", "properties": {"proposal_id": "visible-line-311", "tile_id": "173-buyeo-mountain", "sheet_id": "173-buyeo", "split": "development", "proposal_kind": "visible_linework_review_only", "backend": "grayscale_ridge_v1_skeleton_v1", "pixel_length": 20.971, "point_count": 3, "confidence": 0.707, "review_status": "unreviewed"}, "geometry": {"type": "LineString", "coordinates": [[126.79812243001861, 36.306622424298126], [126.79826424779162, 36.30658387641874], [126.79887879147472, 36.30615984974553]]}}, {"type": "Feature", "properties": {"proposal_id": "visible-line-312", "tile_id": "173-buyeo-mountain", "sheet_id": "173-buyeo", "split": "development", "proposal_kind": "visible_linework_review_only", "backend": "grayscale_ridge_v1_skeleton_v1", "pixel_length": 53.971, "point_count": 7, "confidence": 0.7155, "review_status": "unreviewed"}, "geometry": {"type": "LineString", "coordinates": [[126.79859515592868, 36.29910558781843], [126.79906788183875, 36.29906703993905], [126.79972969811286, 36.298912848421516], [126.80034424179595, 36.298989944180285], [126.800627877342, 36.298912848421516], [126.800722422524, 36.298835752662754], [126.80076969511502, 36.298681561145216]]}}, {"type": "Feature", "properties": {"proposal_id": "visible-line-313", "tile_id": "173-buyeo-mountain", "sheet_id": "173-buyeo", "split": "development", "proposal_kind": "visible_linework_review_only", "backend": "grayscale_ridge_v1_skeleton_v1", "pixel_length": 31.071, "point_count": 3, "confidence": 0.6399, "review_status": "unreviewed"}, "geometry": {"type": "LineString", "coordinates": [[126.79883151888372, 36.29097198526861], [126.79977697070386, 36.29116472466553], [126.80020242402293, 36.29116472466553]]}}, {"type": "Feature", "properties": {"proposal_id": "visible-line-314", "tile_id": "173-buyeo-mountain", "sheet_id": "173-buyeo", "split": "development", "proposal_kind": "visible_linework_review_only", "backend": "grayscale_ridge_v1_skeleton_v1", "pixel_length": 20.556, "point_count": 3, "confidence": 0.6448, "review_status": "unreviewed"}, "geometry": {"type": "LineString", "coordinates": [[126.79892606406572, 36.32393042214111], [126.79911515442976, 36.32408461365864], [126.79968242552185, 36.324354448814326]]}}, {"type": "Feature", "properties": {"proposal_id": "visible-line-315", "tile_id": "173-buyeo-mountain", "sheet_id": "173-buyeo", "split": "development", "proposal_kind": "visible_linework_review_only", "backend": "grayscale_ridge_v1_skeleton_v1", "pixel_length": 31.314, "point_count": 6, "confidence": 0.6416, "review_status": "unreviewed"}, "geometry": {"type": "LineString", "coordinates": [[126.79902060924775, 36.322465602724556], [126.79902060924775, 36.3223499590864], [126.79911515442976, 36.32227286332764], [126.79982424329486, 36.32219576756887], [126.8000133336589, 36.322080123930725], [126.8000606062499, 36.321925932413194]]}}, {"type": "Feature", "properties": {"proposal_id": "visible-line-316", "tile_id": "173-buyeo-mountain", "sheet_id": "173-buyeo", "split": "development", "proposal_kind": "visible_linework_review_only", "backend": "grayscale_ridge_v1_skeleton_v1", "pixel_length": 24.485, "point_count": 5, "confidence": 0.7251, "review_status": "unreviewed"}, "geometry": {"type": "LineString", "coordinates": [[126.79902060924775, 36.30604420610738], [126.79911515442976, 36.30596711034861], [126.79935151738479, 36.305928562469234], [126.79949333515782, 36.305851466710465], [126.8000606062499, 36.30581291883108]]}}, {"type": "Feature", "properties": {"proposal_id": "visible-line-317", "tile_id": "173-buyeo-mountain", "sheet_id": "173-buyeo", "split": "development", "proposal_kind": "visible_linework_review_only", "backend": "grayscale_ridge_v1_skeleton_v1", "pixel_length": 27.071, "point_count": 4, "confidence": 0.6967, "review_status": "unreviewed"}, "geometry": {"type": "LineString", "coordinates": [[126.79916242702076, 36.294826773206914], [126.79982424329486, 36.29490386896568], [126.8000133336589, 36.294826773206914], [126.80034424179595, 36.29478822532753]]}}, {"type": "Feature", "properties": {"proposal_id": "visible-line-318", "tile_id": "173-buyeo-mountain", "sheet_id": "173-buyeo", "split": "development", "proposal_kind": "visible_linework_review_only", "backend": "grayscale_ridge_v1_skeleton_v1", "pixel_length": 20.142, "point_count": 3, "confidence": 0.6517, "review_status": "unreviewed"}, "geometry": {"type": "LineString", "coordinates": [[126.79930424479379, 36.316028106867584], [126.79968242552185, 36.316259394143884], [126.8000606062499, 36.316413585661415]]}}, {"type": "Feature", "properties": {"proposal_id": "visible-line-319", "tile_id": "173-buyeo-mountain", "sheet_id": "173-buyeo", "split": "development", "proposal_kind": "visible_linework_review_only", "backend": "grayscale_ridge_v1_skeleton_v1", "pixel_length": 60.456, "point_count": 10, "confidence": 0.6489, "review_status": "unreviewed"}, "geometry": {"type": "LineString", "coordinates": [[126.79935151738479, 36.28650043126018], [126.79949333515782, 36.28634623974265], [126.79963515293085, 36.2859993088282], [126.79982424329486, 36.285845117310664], [126.79996606106789, 36.2857680215519], [126.80039151438696, 36.2857680215519], [126.80053333215999, 36.285845117310664], [126.80091151288804, 36.285845117310664], [126.80114787584307, 36.28569092579313], [126.80114787584307, 36.28538254275807]]}}, {"type": "Feature", "properties": {"proposal_id": "visible-line-320", "tile_id": "173-buyeo-mountain", "sheet_id": "173-buyeo", "split": "development", "proposal_kind": "visible_linework_review_only", "backend": "grayscale_ridge_v1_skeleton_v1", "pixel_length": 23.899, "point_count": 5, "confidence": 0.5631, "review_status": "unreviewed"}, "geometry": {"type": "LineString", "coordinates": [[126.79968242552185, 36.301264269063886], [126.80010787884092, 36.301264269063886], [126.80039151438696, 36.30114862542573], [126.80058060475099, 36.3009944339082], [126.80058060475099, 36.30091733814943]]}}, {"type": "Feature", "properties": {"proposal_id": "visible-line-321", "tile_id": "173-buyeo-mountain", "sheet_id": "173-buyeo", "split": "development", "proposal_kind": "visible_linework_review_only", "backend": "grayscale_ridge_v1_skeleton_v1", "pixel_length": 64.113, "point_count": 6, "confidence": 0.7092, "review_status": "unreviewed"}, "geometry": {"type": "LineString", "coordinates": [[126.79972969811286, 36.296869810814215], [126.80020242402293, 36.29679271505545], [126.800627877342, 36.296638523537915], [126.80105333066106, 36.29659997565854], [126.80166787434416, 36.29679271505545], [126.80232969061827, 36.297178193849284]]}}, {"type": "Feature", "properties": {"proposal_id": "visible-line-322", "tile_id": "173-buyeo-mountain", "sheet_id": "173-buyeo", "split": "development", "proposal_kind": "visible_linework_review_only", "backend": "grayscale_ridge_v1_skeleton_v1", "pixel_length": 27.213, "point_count": 3, "confidence": 0.7066, "review_status": "unreviewed"}, "geometry": {"type": "LineString", "coordinates": [[126.79982424329486, 36.30257489696291], [126.80029696920495, 36.3028061842392], [126.800722422524, 36.30323021091242]]}}, {"type": "Feature", "properties": {"proposal_id": "visible-line-323", "tile_id": "173-buyeo-mountain", "sheet_id": "173-buyeo", "split": "development", "proposal_kind": "visible_linework_review_only", "backend": "grayscale_ridge_v1_skeleton_v1", "pixel_length": 29.485, "point_count": 6, "confidence": 0.6193, "review_status": "unreviewed"}, "geometry": {"type": "LineString", "coordinates": [[126.8000606062499, 36.302382157565994], [126.800627877342, 36.30226651392784], [126.800675149933, 36.302305061807225], [126.80100605807006, 36.302305061807225], [126.80105333066106, 36.30226651392784], [126.8013369662071, 36.302305061807225]]}}, {"type": "Feature", "properties": {"proposal_id": "visible-line-324", "tile_id": "173-buyeo-mountain", "sheet_id": "173-buyeo", "split": "development", "proposal_kind": "visible_linework_review_only", "backend": "grayscale_ridge_v1_skeleton_v1", "pixel_length": 27.899, "point_count": 5, "confidence": 0.6612, "review_status": "unreviewed"}, "geometry": {"type": "LineString", "coordinates": [[126.80015515143192, 36.31367668622522], [126.80034424179595, 36.31352249470769], [126.80048605956897, 36.313483946828306], [126.80105333066106, 36.313483946828306], [126.8013369662071, 36.31340685106954]]}}, {"type": "Feature", "properties": {"proposal_id": "visible-line-325", "tile_id": "173-buyeo-mountain", "sheet_id": "173-buyeo", "split": "development", "proposal_kind": "visible_linework_review_only", "backend": "grayscale_ridge_v1_skeleton_v1", "pixel_length": 24.485, "point_count": 4, "confidence": 0.7147, "review_status": "unreviewed"}, "geometry": {"type": "LineString", "coordinates": [[126.80024969661393, 36.3164521335408], [126.800722422524, 36.316490681420184], [126.80119514843409, 36.3166834208171], [126.8012896936161, 36.3166834208171]]}}, {"type": "Feature", "properties": {"proposal_id": "visible-line-326", "tile_id": "173-buyeo-mountain", "sheet_id": "173-buyeo", "split": "development", "proposal_kind": "visible_linework_review_only", "backend": "grayscale_ridge_v1_skeleton_v1", "pixel_length": 22.657, "point_count": 5, "confidence": 0.7168, "review_status": "unreviewed"}, "geometry": {"type": "LineString", "coordinates": [[126.80053333215999, 36.30461793457021], [126.80114787584307, 36.304579386690826], [126.80119514843409, 36.30454083881144], [126.80138423879811, 36.30454083881144], [126.80152605657113, 36.30446374305267]]}}, {"type": "Feature", "properties": {"proposal_id": "visible-line-327", "tile_id": "173-buyeo-mountain", "sheet_id": "173-buyeo", "split": "development", "proposal_kind": "visible_linework_review_only", "backend": "grayscale_ridge_v1_skeleton_v1", "pixel_length": 119.113, "point_count": 14, "confidence": 0.7199, "review_status": "unreviewed"}, "geometry": {"type": "LineString", "coordinates": [[126.800675149933, 36.29313066651406], [126.8012424210251, 36.29313066651406], [126.8012896936161, 36.293092118634675], [126.80143151138913, 36.29313066651406], [126.80209332766323, 36.293092118634675], [126.80237696320927, 36.293169214393444], [126.8031805972564, 36.29313066651406], [126.80360605057545, 36.29324631015221], [126.80388968612151, 36.29324631015221], [126.80445695721359, 36.2930535707553], [126.80478786535065, 36.2930535707553], [126.80483513794165, 36.293092118634675], [126.80516604607871, 36.2930535707553], [126.80587513494382, 36.292822283479]]}}, {"type": "Feature", "properties": {"proposal_id": "visible-line-328", "tile_id": "173-buyeo-mountain", "sheet_id": "173-buyeo", "split": "development", "proposal_kind": "visible_linework_review_only", "backend": "grayscale_ridge_v1_skeleton_v1", "pixel_length": 68.87, "point_count": 9, "confidence": 0.6848, "review_status": "unreviewed"}, "geometry": {"type": "LineString", "coordinates": [[126.80086424029703, 36.29474967744815], [126.80110060325207, 36.29478822532753], [126.80180969211717, 36.2950966083626], [126.80214060025423, 36.2950966083626], [126.80266059875531, 36.2948653210863], [126.80294423430135, 36.2948653210863], [126.80327514243841, 36.29494241684507], [126.80346423280244, 36.29494241684507], [126.80374786834848, 36.2948653210863]]}}, {"type": "Feature", "properties": {"proposal_id": "visible-line-329", "tile_id": "173-buyeo-mountain", "sheet_id": "173-buyeo", "split": "development", "proposal_kind": "visible_linework_review_only", "backend": "grayscale_ridge_v1_skeleton_v1", "pixel_length": 40.627, "point_count": 8, "confidence": 0.6707, "review_status": "unreviewed"}, "geometry": {"type": "LineString", "coordinates": [[126.80091151288804, 36.29066360223355], [126.80105333066106, 36.29043231495725], [126.80110060325207, 36.290239575560335], [126.8012424210251, 36.290008288284035], [126.80138423879811, 36.28989264464589], [126.80147878398013, 36.28989264464589], [126.80162060175316, 36.290008288284035], [126.80176241952617, 36.29035521919848]]}}, {"type": "Feature", "properties": {"proposal_id": "visible-line-330", "tile_id": "173-buyeo-mountain", "sheet_id": "173-buyeo", "split": "development", "proposal_kind": "visible_linework_review_only", "backend": "grayscale_ridge_v1_skeleton_v1", "pixel_length": 18.728, "point_count": 4, "confidence": 0.7642, "review_status": "unreviewed"}, "geometry": {"type": "LineString", "coordinates": [[126.80143151138913, 36.32473992760816], [126.80166787434416, 36.32473992760816], [126.80171514693517, 36.324778475487534], [126.80214060025423, 36.32447009245247]]}}, {"type": "Feature", "properties": {"proposal_id": "visible-line-331", "tile_id": "173-buyeo-mountain", "sheet_id": "173-buyeo", "split": "development", "proposal_kind": "visible_linework_review_only", "backend": "grayscale_ridge_v1_skeleton_v1", "pixel_length": 33.213, "point_count": 5, "confidence": 0.6924, "review_status": "unreviewed"}, "geometry": {"type": "LineString", "coordinates": [[126.80143151138913, 36.29806479507509], [126.80152605657113, 36.29806479507509], [126.80209332766323, 36.29779495991941], [126.80237696320927, 36.29752512476373], [126.80247150839128, 36.29729383748743]]}}, {"type": "Feature", "properties": {"proposal_id": "visible-line-332", "tile_id": "173-buyeo-mountain", "sheet_id": "173-buyeo", "split": "development", "proposal_kind": "visible_linework_review_only", "backend": "grayscale_ridge_v1_skeleton_v1", "pixel_length": 25.142, "point_count": 4, "confidence": 0.6702, "review_status": "unreviewed"}, "geometry": {"type": "LineString", "coordinates": [[126.80147878398013, 36.315604080194376], [126.8018569647082, 36.31595101110882], [126.8019042372992, 36.31606665474697], [126.8018569647082, 36.316413585661415]]}}, {"type": "Feature", "properties": {"proposal_id": "visible-line-333", "tile_id": "173-buyeo-mountain", "sheet_id": "173-buyeo", "split": "development", "proposal_kind": "visible_linework_review_only", "backend": "grayscale_ridge_v1_skeleton_v1", "pixel_length": 41.627, "point_count": 5, "confidence": 0.6752, "review_status": "unreviewed"}, "geometry": {"type": "LineString", "coordinates": [[126.80147878398013, 36.313329755310775], [126.8019042372992, 36.31329120743139], [126.80218787284524, 36.31352249470769], [126.80280241652834, 36.31375378198399], [126.80299150689237, 36.31398506926028]]}}, {"type": "Feature", "properties": {"proposal_id": "visible-line-334", "tile_id": "173-buyeo-mountain", "sheet_id": "173-buyeo", "split": "development", "proposal_kind": "visible_linework_review_only", "backend": "grayscale_ridge_v1_skeleton_v1", "pixel_length": 37.071, "point_count": 6, "confidence": 0.6985, "review_status": "unreviewed"}, "geometry": {"type": "LineString", "coordinates": [[126.80147878398013, 36.3053117963991], [126.80152605657113, 36.305234700640334], [126.80228241802725, 36.3053117963991], [126.80232969061827, 36.30535034427849], [126.80232969061827, 36.30589001458985], [126.80223514543624, 36.305928562469234]]}}, {"type": "Feature", "properties": {"proposal_id": "visible-line-335", "tile_id": "173-buyeo-mountain", "sheet_id": "173-buyeo", "split": "development", "proposal_kind": "visible_linework_review_only", "backend": "grayscale_ridge_v1_skeleton_v1", "pixel_length": 23.485, "point_count": 3, "confidence": 0.661, "review_status": "unreviewed"}, "geometry": {"type": "LineString", "coordinates": [[126.80152605657113, 36.302305061807225], [126.8019515098902, 36.30226651392784], [126.8025187809823, 36.302073774530925]]}}, {"type": "Feature", "properties": {"proposal_id": "visible-line-336", "tile_id": "173-buyeo-mountain", "sheet_id": "173-buyeo", "split": "development", "proposal_kind": "visible_linework_review_only", "backend": "grayscale_ridge_v1_skeleton_v1", "pixel_length": 42.627, "point_count": 7, "confidence": 0.7121, "review_status": "unreviewed"}, "geometry": {"type": "LineString", "coordinates": [[126.8019042372992, 36.29089488950984], [126.80204605507221, 36.29108762890676], [126.80204605507221, 36.29116472466553], [126.80228241802725, 36.29139601194183], [126.80266059875531, 36.29155020345936], [126.80280241652834, 36.29155020345936], [126.80336968762042, 36.29170439497689]]}}, {"type": "Feature", "properties": {"proposal_id": "visible-line-337", "tile_id": "173-buyeo-mountain", "sheet_id": "173-buyeo", "split": "development", "proposal_kind": "visible_linework_review_only", "backend": "grayscale_ridge_v1_skeleton_v1", "pixel_length": 111.125, "point_count": 15, "confidence": 0.7129, "review_status": "unreviewed"}, "geometry": {"type": "LineString", "coordinates": [[126.8019987824812, 36.30407826425884], [126.80209332766323, 36.30400116850008], [126.80232969061827, 36.303577141826864], [126.80266059875531, 36.303307306671186], [126.80308605207438, 36.30319166303303], [126.80332241502941, 36.3030374715155], [126.80341696021144, 36.30288327999797], [126.80341696021144, 36.302767636359825], [126.80360605057545, 36.302536349083525], [126.80393695871251, 36.30242070544537], [126.80445695721359, 36.30195813089278], [126.80492968312366, 36.301842487254625], [126.80516604607871, 36.30164974785772], [126.80521331866971, 36.30134136482265], [126.80526059126072, 36.30130281694326]]}}, {"type": "Feature", "properties": {"proposal_id": "visible-line-338", "tile_id": "173-buyeo-mountain", "sheet_id": "173-buyeo", "split": "development", "proposal_kind": "visible_linework_review_only", "backend": "grayscale_ridge_v1_skeleton_v1", "pixel_length": 24.899, "point_count": 5, "confidence": 0.7009, "review_status": "unreviewed"}, "geometry": {"type": "LineString", "coordinates": [[126.80228241802725, 36.32427735305556], [126.80242423580027, 36.32427735305556], [126.8025660535733, 36.324354448814326], [126.80280241652834, 36.324354448814326], [126.80332241502941, 36.32416170941741]]}}, {"type": "Feature", "properties": {"proposal_id": "visible-line-339", "tile_id": "173-buyeo-mountain", "sheet_id": "173-buyeo", "split": "development", "proposal_kind": "visible_linework_review_only", "backend": "grayscale_ridge_v1_skeleton_v1", "pixel_length": 56.426, "point_count": 5, "confidence": 0.7169, "review_status": "unreviewed"}, "geometry": {"type": "LineString", "coordinates": [[126.8026133261643, 36.30199667877216], [126.80351150539344, 36.3014570084608], [126.80388968612151, 36.30111007754635], [126.8038424135305, 36.30084024239067], [126.80346423280244, 36.30053185935561]]}}, {"type": "Feature", "properties": {"proposal_id": "visible-line-340", "tile_id": "173-buyeo-mountain", "sheet_id": "173-buyeo", "split": "development", "proposal_kind": "visible_linework_review_only", "backend": "grayscale_ridge_v1_skeleton_v1", "pixel_length": 19.728, "point_count": 7, "confidence": 0.672, "review_status": "unreviewed"}, "geometry": {"type": "LineString", "coordinates": [[126.80270787134631, 36.288196537953034], [126.80275514393733, 36.288119442194265], [126.80284968911934, 36.288119442194265], [126.80303877948337, 36.28831218159118], [126.80294423430135, 36.288427825229334], [126.80284968911934, 36.288427825229334], [126.80275514393733, 36.288350729470565]]}}, {"type": "Feature", "properties": {"proposal_id": "visible-line-341", "tile_id": "173-buyeo-mountain", "sheet_id": "173-buyeo", "split": "development", "proposal_kind": "visible_linework_review_only", "backend": "grayscale_ridge_v1_skeleton_v1", "pixel_length": 54.799, "point_count": 7, "confidence": 0.7483, "review_status": "unreviewed"}, "geometry": {"type": "LineString", "coordinates": [[126.80275514393733, 36.324778475487534], [126.80284968911934, 36.324778475487534], [126.80313332466538, 36.32462428397], [126.80341696021144, 36.32458573609062], [126.8038424135305, 36.3243929966937], [126.80483513794165, 36.324354448814326], [126.80507150089669, 36.32447009245247]]}}, {"type": "Feature", "properties": {"proposal_id": "visible-line-342", "tile_id": "173-buyeo-mountain", "sheet_id": "173-buyeo", "split": "development", "proposal_kind": "visible_linework_review_only", "backend": "grayscale_ridge_v1_skeleton_v1", "pixel_length": 66.527, "point_count": 7, "confidence": 0.7129, "review_status": "unreviewed"}, "geometry": {"type": "LineString", "coordinates": [[126.80299150689237, 36.30006928480301], [126.80355877798445, 36.29991509328548], [126.80403150389452, 36.29956816237103], [126.80422059425855, 36.29956816237103], [126.80502422830568, 36.29987654540609], [126.80544968162475, 36.29987654540609], [126.80568604457979, 36.299799449647324]]}}, {"type": "Feature", "properties": {"proposal_id": "visible-line-343", "tile_id": "173-buyeo-mountain", "sheet_id": "173-buyeo", "split": "development", "proposal_kind": "visible_linework_review_only", "backend": "grayscale_ridge_v1_skeleton_v1", "pixel_length": 26.657, "point_count": 6, "confidence": 0.7118, "review_status": "unreviewed"}, "geometry": {"type": "LineString", "coordinates": [[126.80327514243841, 36.305851466710465], [126.80374786834848, 36.305851466710465], [126.80388968612151, 36.305928562469234], [126.80388968612151, 36.30615984974553], [126.8038424135305, 36.30619839762491], [126.80388968612151, 36.306391137021826]]}}, {"type": "Feature", "properties": {"proposal_id": "visible-line-344", "tile_id": "173-buyeo-mountain", "sheet_id": "173-buyeo", "split": "development", "proposal_kind": "visible_linework_review_only", "backend": "grayscale_ridge_v1_skeleton_v1", "pixel_length": 37.213, "point_count": 5, "confidence": 0.6553, "review_status": "unreviewed"}, "geometry": {"type": "LineString", "coordinates": [[126.80332241502941, 36.314370548054114], [126.80351150539344, 36.31448619169227], [126.80426786684956, 36.314756026847945], [126.8045042298046, 36.31502586200363], [126.8045042298046, 36.31518005352116]]}}, {"type": "Feature", "properties": {"proposal_id": "visible-line-345", "tile_id": "173-buyeo-mountain", "sheet_id": "173-buyeo", "split": "development", "proposal_kind": "visible_linework_review_only", "backend": "grayscale_ridge_v1_skeleton_v1", "pixel_length": 36.213, "point_count": 8, "confidence": 0.7323, "review_status": "unreviewed"}, "geometry": {"type": "LineString", "coordinates": [[126.80355877798445, 36.29706255021113], [126.8038424135305, 36.29729383748743], [126.80398423130352, 36.29729383748743], [126.80422059425855, 36.297101098090515], [126.80422059425855, 36.296946906572984], [126.80407877648554, 36.29679271505545], [126.80398423130352, 36.29675416717607], [126.80374786834848, 36.29679271505545]]}}, {"type": "Feature", "properties": {"proposal_id": "visible-line-346", "tile_id": "173-buyeo-mountain", "sheet_id": "173-buyeo", "split": "development", "proposal_kind": "visible_linework_review_only", "backend": "grayscale_ridge_v1_skeleton_v1", "pixel_length": 46.799, "point_count": 6, "confidence": 0.7144, "review_status": "unreviewed"}, "geometry": {"type": "LineString", "coordinates": [[126.80388968612151, 36.29478822532753], [126.80431513944058, 36.294595485930614], [126.80478786535065, 36.29463403381], [126.80521331866971, 36.29478822532753], [126.80554422680676, 36.29478822532753], [126.80582786235281, 36.29463403381]]}}, {"type": "Feature", "properties": {"proposal_id": "visible-line-347", "tile_id": "173-buyeo-mountain", "sheet_id": "173-buyeo", "split": "development", "proposal_kind": "visible_linework_review_only", "backend": "grayscale_ridge_v1_skeleton_v1", "pixel_length": 21.899, "point_count": 20, "confidence": 0.6618, "review_status": "unreviewed"}, "geometry": {"type": "LineString", "coordinates": [[126.80398423130352, 36.290625054354166], [126.80398423130352, 36.29058650647478], [126.80398423130352, 36.2905479585954], [126.80398423130352, 36.29050941071601], [126.80403150389452, 36.290470862836635], [126.80407877648554, 36.290470862836635], [126.80412604907654, 36.290470862836635], [126.80417332166755, 36.290470862836635], [126.80422059425855, 36.290470862836635], [126.80426786684956, 36.29050941071601], [126.80431513944058, 36.2905479585954], [126.80431513944058, 36.29058650647478], [126.80431513944058, 36.290625054354166], [126.80426786684956, 36.29066360223355], [126.80422059425855, 36.29070215011293], [126.80417332166755, 36.29070215011293], [126.80412604907654, 36.29066360223355], [126.80407877648554, 36.29066360223355], [126.80403150389452, 36.29066360223355], [126.80398423130352, 36.290625054354166]]}}, {"type": "Feature", "properties": {"proposal_id": "visible-line-348", "tile_id": "173-buyeo-mountain", "sheet_id": "173-buyeo", "split": "development", "proposal_kind": "visible_linework_review_only", "backend": "grayscale_ridge_v1_skeleton_v1", "pixel_length": 46.627, "point_count": 6, "confidence": 0.68, "review_status": "unreviewed"}, "geometry": {"type": "LineString", "coordinates": [[126.80417332166755, 36.323352203950364], [126.80455150239561, 36.3230438209153], [126.80511877348769, 36.32277398575962], [126.80526059126072, 36.32277398575962], [126.80540240903375, 36.32269689000085], [126.80601695271683, 36.32269689000085]]}}, {"type": "Feature", "properties": {"proposal_id": "visible-line-349", "tile_id": "173-buyeo-mountain", "sheet_id": "173-buyeo", "split": "development", "proposal_kind": "visible_linework_review_only", "backend": "grayscale_ridge_v1_skeleton_v1", "pixel_length": 29.142, "point_count": 3, "confidence": 0.7344, "review_status": "unreviewed"}, "geometry": {"type": "LineString", "coordinates": [[126.8045042298046, 36.322812533639], [126.80488241053266, 36.32261979424209], [126.80568604457979, 36.32242705484517]]}}, {"type": "Feature", "properties": {"proposal_id": "visible-line-350", "tile_id": "173-buyeo-mountain", "sheet_id": "173-buyeo", "split": "development", "proposal_kind": "visible_linework_review_only", "backend": "grayscale_ridge_v1_skeleton_v1", "pixel_length": 41.627, "point_count": 5, "confidence": 0.7073, "review_status": "unreviewed"}, "geometry": {"type": "LineString", "coordinates": [[126.80455150239561, 36.28538254275807], [126.80469332016862, 36.28572947367252], [126.80502422830568, 36.286076404586964], [126.80549695421576, 36.286230596104495], [126.80582786235281, 36.28615350034573]]}}, {"type": "Feature", "properties": {"proposal_id": "visible-line-351", "tile_id": "173-buyeo-mountain", "sheet_id": "173-buyeo", "split": "development", "proposal_kind": "visible_linework_review_only", "backend": "grayscale_ridge_v1_skeleton_v1", "pixel_length": 19.142, "point_count": 3, "confidence": 0.6319, "review_status": "unreviewed"}, "geometry": {"type": "LineString", "coordinates": [[126.80464604757762, 36.30492631760527], [126.80511877348769, 36.304579386690826], [126.80535513644273, 36.30461793457021]]}}, {"type": "Feature", "properties": {"proposal_id": "visible-line-352", "tile_id": "173-buyeo-mountain", "sheet_id": "173-buyeo", "split": "development", "proposal_kind": "visible_linework_review_only", "backend": "grayscale_ridge_v1_skeleton_v1", "pixel_length": 22.485, "point_count": 6, "confidence": 0.7096, "review_status": "unreviewed"}, "geometry": {"type": "LineString", "coordinates": [[126.80497695571468, 36.297101098090515], [126.80507150089669, 36.297178193849284], [126.80526059126072, 36.2971396459699], [126.80526059126072, 36.29683126293483], [126.80507150089669, 36.29679271505545], [126.80497695571468, 36.296869810814215]]}}, {"type": "Feature", "properties": {"proposal_id": "visible-line-353", "tile_id": "173-buyeo-mountain", "sheet_id": "173-buyeo", "split": "development", "proposal_kind": "visible_linework_review_only", "backend": "grayscale_ridge_v1_skeleton_v1", "pixel_length": 24.728, "point_count": 22, "confidence": 0.6971, "review_status": "unreviewed"}, "geometry": {"type": "LineString", "coordinates": [[126.80497695571468, 36.291665847097505], [126.80497695571468, 36.29162729921812], [126.80502422830568, 36.29158875133874], [126.80507150089669, 36.29158875133874], [126.80511877348769, 36.29158875133874], [126.80516604607871, 36.29158875133874], [126.80521331866971, 36.29158875133874], [126.80526059126072, 36.29162729921812], [126.80530786385172, 36.291665847097505], [126.80535513644273, 36.29170439497689], [126.80535513644273, 36.291742942856274], [126.80535513644273, 36.29178149073566], [126.80535513644273, 36.291820038615036], [126.80530786385172, 36.29185858649442], [126.80526059126072, 36.29185858649442], [126.80521331866971, 36.29185858649442], [126.80516604607871, 36.291820038615036], [126.80511877348769, 36.291820038615036], [126.80507150089669, 36.29178149073566], [126.80502422830568, 36.291742942856274], [126.80502422830568, 36.29170439497689], [126.80497695571468, 36.291665847097505]]}}, {"type": "Feature", "properties": {"proposal_id": "visible-line-354", "tile_id": "173-buyeo-mountain", "sheet_id": "173-buyeo", "split": "development", "proposal_kind": "visible_linework_review_only", "backend": "grayscale_ridge_v1_skeleton_v1", "pixel_length": 24.142, "point_count": 7, "confidence": 0.6601, "review_status": "unreviewed"}, "geometry": {"type": "LineString", "coordinates": [[126.80511877348769, 36.30739338188579], [126.80521331866971, 36.307277738247635], [126.80544968162475, 36.30716209460949], [126.80554422680676, 36.30716209460949], [126.80573331717079, 36.30720064248887], [126.80587513494382, 36.30731628612702], [126.80592240753482, 36.307431929765166]]}}, {"type": "Feature", "properties": {"proposal_id": "visible-line-355", "tile_id": "173-buyeo-mountain", "sheet_id": "173-buyeo", "split": "development", "proposal_kind": "visible_linework_review_only", "backend": "grayscale_ridge_v1_skeleton_v1", "pixel_length": 20.485, "point_count": 6, "confidence": 0.6627, "review_status": "unreviewed"}, "geometry": {"type": "LineString", "coordinates": [[126.80516604607871, 36.30785595643838], [126.80530786385172, 36.30801014795591], [126.80530786385172, 36.30816433947345], [126.80535513644273, 36.30820288735283], [126.80535513644273, 36.308357078870365], [126.80526059126072, 36.308549818267274]]}}, {"type": "Feature", "properties": {"proposal_id": "visible-line-356", "tile_id": "173-buyeo-mountain", "sheet_id": "173-buyeo", "split": "development", "proposal_kind": "visible_linework_review_only", "backend": "grayscale_ridge_v1_skeleton_v1", "pixel_length": 30.142, "point_count": 4, "confidence": 0.6728, "review_status": "unreviewed"}, "geometry": {"type": "LineString", "coordinates": [[126.80535513644273, 36.31506440988301], [126.80554422680676, 36.31568117595314], [126.80568604457979, 36.31583536747067], [126.80596968012583, 36.31595101110882]]}}]}