{"type": "FeatureCollection", "name": "candidate_proposals_174-cheongyang-mountain", "crs": {"type": "name", "properties": {"name": "urn:ogc:def:crs:EPSG::5132"}}, "features": [{"type": "Feature", "properties": {"proposal_id": "visible-line-1", "tile_id": "174-cheongyang-mountain", "sheet_id": "174-cheongyang", "split": "development", "proposal_kind": "visible_linework_review_only", "backend": "grayscale_ridge_v1_skeleton_v1", "pixel_length": 19.314, "point_count": 5, "confidence": 0.7458, "review_status": "unreviewed"}, "geometry": {"type": "LineString", "coordinates": [[126.89982430148932, 36.46404670026164], [126.89991828580814, 36.46397009870938], [126.90001227012696, 36.46370199327647], [126.90020023876461, 36.463548790171956], [126.90034121524286, 36.463548790171956]]}}, {"type": "Feature", "properties": {"proposal_id": "visible-line-2", "tile_id": "174-cheongyang-mountain", "sheet_id": "174-cheongyang", "split": "development", "proposal_kind": "visible_linework_review_only", "backend": "grayscale_ridge_v1_skeleton_v1", "pixel_length": 79.527, "point_count": 9, "confidence": 0.7296, "review_status": "unreviewed"}, "geometry": {"type": "LineString", "coordinates": [[126.89982430148932, 36.460254923424785], [126.89991828580814, 36.460178321872526], [126.90020023876461, 36.460178321872526], [126.90067016035874, 36.460561329633826], [126.90109308979345, 36.46071453273834], [126.90175098002523, 36.46071453273834], [126.90264383105406, 36.46048472808157], [126.90292578401053, 36.46048472808157], [126.90306676048877, 36.460561329633826]]}}, {"type": "Feature", "properties": {"proposal_id": "visible-line-3", "tile_id": "174-cheongyang-mountain", "sheet_id": "174-cheongyang", "split": "development", "proposal_kind": "visible_linework_review_only", "backend": "grayscale_ridge_v1_skeleton_v1", "pixel_length": 22.971, "point_count": 5, "confidence": 0.735, "review_status": "unreviewed"}, "geometry": {"type": "LineString", "coordinates": [[126.89987129364873, 36.48292898289367], [126.89996527796755, 36.48312048677432], [126.9001532466052, 36.48327368987884], [126.90043519956168, 36.48308218599819], [126.9004821917211, 36.4829672836698]]}}, {"type": "Feature", "properties": {"proposal_id": "visible-line-4", "tile_id": "174-cheongyang-mountain", "sheet_id": "174-cheongyang", "split": "development", "proposal_kind": "visible_linework_review_only", "backend": "grayscale_ridge_v1_skeleton_v1", "pixel_length": 24.971, "point_count": 6, "confidence": 0.774, "review_status": "unreviewed"}, "geometry": {"type": "LineString", "coordinates": [[126.89987129364873, 36.480937342534915], [126.89996527796755, 36.480860740982656], [126.90010625444579, 36.480860740982656], [126.90029422308345, 36.4807841394304], [126.90052918388051, 36.48059263554975], [126.90067016035874, 36.48036283089297]]}}, {"type": "Feature", "properties": {"proposal_id": "visible-line-5", "tile_id": "174-cheongyang-mountain", "sheet_id": "174-cheongyang", "split": "development", "proposal_kind": "visible_linework_review_only", "backend": "grayscale_ridge_v1_skeleton_v1", "pixel_length": 25.728, "point_count": 6, "confidence": 0.778, "review_status": "unreviewed"}, "geometry": {"type": "LineString", "coordinates": [[126.89987129364873, 36.47971171769876], [126.90001227012696, 36.479826620027154], [126.9001532466052, 36.47986492080328], [126.9004821917211, 36.47986492080328], [126.90067016035874, 36.480018123907804], [126.90071715251815, 36.48020962778845]]}}, {"type": "Feature", "properties": {"proposal_id": "visible-line-6", "tile_id": "174-cheongyang-mountain", "sheet_id": "174-cheongyang", "split": "development", "proposal_kind": "visible_linework_review_only", "backend": "grayscale_ridge_v1_skeleton_v1", "pixel_length": 18.485, "point_count": 5, "confidence": 0.7518, "review_status": "unreviewed"}, "geometry": {"type": "LineString", "coordinates": [[126.89987129364873, 36.47749027268323], [126.90010625444579, 36.47760517501162], [126.90034121524286, 36.47760517501162], [126.90052918388051, 36.47768177656388], [126.90062316819933, 36.47764347578775]]}}, {"type": "Feature", "properties": {"proposal_id": "visible-line-7", "tile_id": "174-cheongyang-mountain", "sheet_id": "174-cheongyang", "split": "development", "proposal_kind": "visible_linework_review_only", "backend": "grayscale_ridge_v1_skeleton_v1", "pixel_length": 25.657, "point_count": 3, "confidence": 0.7727, "review_status": "unreviewed"}, "geometry": {"type": "LineString", "coordinates": [[126.90024723092402, 36.456233341931146], [126.90067016035874, 36.45638654503567], [126.90067016035874, 36.45696105667761]]}}, {"type": "Feature", "properties": {"proposal_id": "visible-line-8", "tile_id": "174-cheongyang-mountain", "sheet_id": "174-cheongyang", "split": "development", "proposal_kind": "visible_linework_review_only", "backend": "grayscale_ridge_v1_skeleton_v1", "pixel_length": 74.698, "point_count": 8, "confidence": 0.7534, "review_status": "unreviewed"}, "geometry": {"type": "LineString", "coordinates": [[126.9004821917211, 36.46186355602224], [126.90062316819933, 36.46171035291772], [126.90099910547463, 36.46159545058933], [126.90137504274993, 36.46159545058933], [126.90217390945993, 36.46174865369385], [126.90250285457583, 36.461672052141594], [126.90297277616995, 36.46144224748481], [126.9035366820829, 36.46132734515642]]}}, {"type": "Feature", "properties": {"proposal_id": "visible-line-9", "tile_id": "174-cheongyang-mountain", "sheet_id": "174-cheongyang", "split": "development", "proposal_kind": "visible_linework_review_only", "backend": "grayscale_ridge_v1_skeleton_v1", "pixel_length": 35.485, "point_count": 8, "confidence": 0.698, "review_status": "unreviewed"}, "geometry": {"type": "LineString", "coordinates": [[126.90057617603992, 36.47132384772632], [126.90071715251815, 36.47128554695019], [126.90071715251815, 36.47105574229341], [126.90076414467757, 36.47090253918889], [126.90085812899639, 36.47082593763663], [126.90114008195286, 36.47082593763663], [126.90132805059051, 36.47090253918889], [126.90170398786582, 36.47090253918889]]}}, {"type": "Feature", "properties": {"proposal_id": "visible-line-10", "tile_id": "174-cheongyang-mountain", "sheet_id": "174-cheongyang", "split": "development", "proposal_kind": "visible_linework_review_only", "backend": "grayscale_ridge_v1_skeleton_v1", "pixel_length": 24.314, "point_count": 6, "confidence": 0.7437, "review_status": "unreviewed"}, "geometry": {"type": "LineString", "coordinates": [[126.90062316819933, 36.485533435670504], [126.90067016035874, 36.48557173644663], [126.90071715251815, 36.485533435670504], [126.90118707411227, 36.48557173644663], [126.90137504274993, 36.485456834118246], [126.90146902706876, 36.485265330237596]]}}, {"type": "Feature", "properties": {"proposal_id": "visible-line-11", "tile_id": "174-cheongyang-mountain", "sheet_id": "174-cheongyang", "split": "development", "proposal_kind": "visible_linework_review_only", "backend": "grayscale_ridge_v1_skeleton_v1", "pixel_length": 20.899, "point_count": 6, "confidence": 0.7548, "review_status": "unreviewed"}, "geometry": {"type": "LineString", "coordinates": [[126.90062316819933, 36.46852789106884], [126.90076414467757, 36.46852789106884], [126.90085812899639, 36.46845128951658], [126.90099910547463, 36.46845128951658], [126.90132805059051, 36.46825978563593], [126.90146902706876, 36.46825978563593]]}}, {"type": "Feature", "properties": {"proposal_id": "visible-line-12", "tile_id": "174-cheongyang-mountain", "sheet_id": "174-cheongyang", "split": "development", "proposal_kind": "visible_linework_review_only", "backend": "grayscale_ridge_v1_skeleton_v1", "pixel_length": 22.556, "point_count": 3, "confidence": 0.7273, "review_status": "unreviewed"}, "geometry": {"type": "LineString", "coordinates": [[126.90081113683698, 36.45209685810912], [126.90118707411227, 36.45159894801944], [126.90142203490934, 36.451484045691046]]}}, {"type": "Feature", "properties": {"proposal_id": "visible-line-13", "tile_id": "174-cheongyang-mountain", "sheet_id": "174-cheongyang", "split": "development", "proposal_kind": "visible_linework_review_only", "backend": "grayscale_ridge_v1_skeleton_v1", "pixel_length": 22.071, "point_count": 4, "confidence": 0.7561, "review_status": "unreviewed"}, "geometry": {"type": "LineString", "coordinates": [[126.90085812899639, 36.456233341931146], [126.90099910547463, 36.45646314658793], [126.90099910547463, 36.456692951244705], [126.90109308979345, 36.456999357453746]]}}, {"type": "Feature", "properties": {"proposal_id": "visible-line-14", "tile_id": "174-cheongyang-mountain", "sheet_id": "174-cheongyang", "split": "development", "proposal_kind": "visible_linework_review_only", "backend": "grayscale_ridge_v1_skeleton_v1", "pixel_length": 23.071, "point_count": 6, "confidence": 0.7335, "review_status": "unreviewed"}, "geometry": {"type": "LineString", "coordinates": [[126.9009051211558, 36.45523752175177], [126.9009051211558, 36.454931115542735], [126.90099910547463, 36.45481621321434], [126.90123406627168, 36.45477791243822], [126.90132805059051, 36.454854513990476], [126.90132805059051, 36.45496941631886]]}}, {"type": "Feature", "properties": {"proposal_id": "visible-line-15", "tile_id": "174-cheongyang-mountain", "sheet_id": "174-cheongyang", "split": "development", "proposal_kind": "visible_linework_review_only", "backend": "grayscale_ridge_v1_skeleton_v1", "pixel_length": 20.385, "point_count": 2, "confidence": 0.7615, "review_status": "unreviewed"}, "geometry": {"type": "LineString", "coordinates": [[126.90217390945993, 36.468872598054006], [126.90283179969171, 36.46940880891982]]}}, {"type": "Feature", "properties": {"proposal_id": "visible-line-16", "tile_id": "174-cheongyang-mountain", "sheet_id": "174-cheongyang", "split": "development", "proposal_kind": "visible_linework_review_only", "backend": "grayscale_ridge_v1_skeleton_v1", "pixel_length": 40.87, "point_count": 6, "confidence": 0.7294, "review_status": "unreviewed"}, "geometry": {"type": "LineString", "coordinates": [[126.90254984673524, 36.45653974814019], [126.90264383105406, 36.45619504115502], [126.90283179969171, 36.45592693572211], [126.90325472912642, 36.45554392796081], [126.90339570560465, 36.45535242408016], [126.90348968992348, 36.455314123304035]]}}, {"type": "Feature", "properties": {"proposal_id": "visible-line-17", "tile_id": "174-cheongyang-mountain", "sheet_id": "174-cheongyang", "split": "development", "proposal_kind": "visible_linework_review_only", "backend": "grayscale_ridge_v1_skeleton_v1", "pixel_length": 58.284, "point_count": 15, "confidence": 0.734, "review_status": "unreviewed"}, "geometry": {"type": "LineString", "coordinates": [[126.9027848075323, 36.45424170157239], [126.9027848075323, 36.454165100020134], [126.90297277616995, 36.45405019769175], [126.90311375264818, 36.45405019769175], [126.90325472912642, 36.453973596139484], [126.90344269776406, 36.453973596139484], [126.90348968992348, 36.45393529536336], [126.90377164287996, 36.45393529536336], [126.90405359583643, 36.45382039303497], [126.90405359583643, 36.45366718993045], [126.90400660367702, 36.45362888915432], [126.90405359583643, 36.4534756860498], [126.90386562719878, 36.45332248294528], [126.90372465072055, 36.45328418216915], [126.9035366820829, 36.4530926782885]]}}, {"type": "Feature", "properties": {"proposal_id": "visible-line-18", "tile_id": "174-cheongyang-mountain", "sheet_id": "174-cheongyang", "split": "development", "proposal_kind": "visible_linework_review_only", "backend": "grayscale_ridge_v1_skeleton_v1", "pixel_length": 22.142, "point_count": 5, "confidence": 0.7226, "review_status": "unreviewed"}, "geometry": {"type": "LineString", "coordinates": [[126.90283179969171, 36.48200976426656], [126.903207736967, 36.48166505728138], [126.90330172128583, 36.48162675650526], [126.90358367424231, 36.48162675650526], [126.90363066640172, 36.48166505728138]]}}, {"type": "Feature", "properties": {"proposal_id": "visible-line-19", "tile_id": "174-cheongyang-mountain", "sheet_id": "174-cheongyang", "split": "development", "proposal_kind": "visible_linework_review_only", "backend": "grayscale_ridge_v1_skeleton_v1", "pixel_length": 28.142, "point_count": 5, "confidence": 0.7424, "review_status": "unreviewed"}, "geometry": {"type": "LineString", "coordinates": [[126.90297277616995, 36.468681094173355], [126.9031607448076, 36.468872598054006], [126.90358367424231, 36.469064101934656], [126.9039596115176, 36.469064101934656], [126.90405359583643, 36.46902580115853]]}}, {"type": "Feature", "properties": {"proposal_id": "visible-line-20", "tile_id": "174-cheongyang-mountain", "sheet_id": "174-cheongyang", "split": "development", "proposal_kind": "visible_linework_review_only", "backend": "grayscale_ridge_v1_skeleton_v1", "pixel_length": 45.456, "point_count": 6, "confidence": 0.7567, "review_status": "unreviewed"}, "geometry": {"type": "LineString", "coordinates": [[126.90301976832936, 36.4619401575745], [126.90348968992348, 36.4619401575745], [126.90363066640172, 36.46190185679837], [126.9039596115176, 36.46163375136546], [126.90442953311172, 36.461020938947385], [126.90442953311172, 36.46094433739513]]}}, {"type": "Feature", "properties": {"proposal_id": "visible-line-21", "tile_id": "174-cheongyang-mountain", "sheet_id": "174-cheongyang", "split": "development", "proposal_kind": "visible_linework_review_only", "backend": "grayscale_ridge_v1_skeleton_v1", "pixel_length": 29.971, "point_count": 5, "confidence": 0.7042, "review_status": "unreviewed"}, "geometry": {"type": "LineString", "coordinates": [[126.9031607448076, 36.48733357214861], [126.90330172128583, 36.487295271372474], [126.90358367424231, 36.487486775253124], [126.90372465072055, 36.487984685342816], [126.90386562719878, 36.4880995876712]]}}, {"type": "Feature", "properties": {"proposal_id": "visible-line-22", "tile_id": "174-cheongyang-mountain", "sheet_id": "174-cheongyang", "split": "development", "proposal_kind": "visible_linework_review_only", "backend": "grayscale_ridge_v1_skeleton_v1", "pixel_length": 25.314, "point_count": 5, "confidence": 0.6931, "review_status": "unreviewed"}, "geometry": {"type": "LineString", "coordinates": [[126.90325472912642, 36.4670724615759], [126.90344269776406, 36.4670724615759], [126.90372465072055, 36.467187363904294], [126.9039126193582, 36.467187363904294], [126.90419457231467, 36.4674554693372]]}}, {"type": "Feature", "properties": {"proposal_id": "visible-line-23", "tile_id": "174-cheongyang-mountain", "sheet_id": "174-cheongyang", "split": "development", "proposal_kind": "visible_linework_review_only", "backend": "grayscale_ridge_v1_skeleton_v1", "pixel_length": 22.971, "point_count": 5, "confidence": 0.7581, "review_status": "unreviewed"}, "geometry": {"type": "LineString", "coordinates": [[126.90325472912642, 36.460637931186085], [126.90339570560465, 36.46067623196222], [126.90381863503937, 36.461020938947385], [126.90377164287996, 36.4611741420519], [126.90367765856114, 36.461212442828035]]}}, {"type": "Feature", "properties": {"proposal_id": "visible-line-24", "tile_id": "174-cheongyang-mountain", "sheet_id": "174-cheongyang", "split": "development", "proposal_kind": "visible_linework_review_only", "backend": "grayscale_ridge_v1_skeleton_v1", "pixel_length": 18.899, "point_count": 4, "confidence": 0.6851, "review_status": "unreviewed"}, "geometry": {"type": "LineString", "coordinates": [[126.90325472912642, 36.45665465046858], [126.90348968992348, 36.45657804891632], [126.90372465072055, 36.45657804891632], [126.9039596115176, 36.456807853573096]]}}, {"type": "Feature", "properties": {"proposal_id": "visible-line-25", "tile_id": "174-cheongyang-mountain", "sheet_id": "174-cheongyang", "split": "development", "proposal_kind": "visible_linework_review_only", "backend": "grayscale_ridge_v1_skeleton_v1", "pixel_length": 18.899, "point_count": 4, "confidence": 0.7179, "review_status": "unreviewed"}, "geometry": {"type": "LineString", "coordinates": [[126.9035366820829, 36.45113933870588], [126.90358367424231, 36.451292541810396], [126.90386562719878, 36.451560647243305], [126.90386562719878, 36.451752151123955]]}}, {"type": "Feature", "properties": {"proposal_id": "visible-line-26", "tile_id": "174-cheongyang-mountain", "sheet_id": "174-cheongyang", "split": "development", "proposal_kind": "visible_linework_review_only", "backend": "grayscale_ridge_v1_skeleton_v1", "pixel_length": 21.314, "point_count": 3, "confidence": 0.7379, "review_status": "unreviewed"}, "geometry": {"type": "LineString", "coordinates": [[126.90358367424231, 36.47454111292123], [126.9039596115176, 36.47461771447349], [126.90442953311172, 36.474847519130265]]}}, {"type": "Feature", "properties": {"proposal_id": "visible-line-27", "tile_id": "174-cheongyang-mountain", "sheet_id": "174-cheongyang", "split": "development", "proposal_kind": "visible_linework_review_only", "backend": "grayscale_ridge_v1_skeleton_v1", "pixel_length": 26.799, "point_count": 4, "confidence": 0.7483, "review_status": "unreviewed"}, "geometry": {"type": "LineString", "coordinates": [[126.90372465072055, 36.46960031280047], [126.90442953311172, 36.47005992211403], [126.90452351743055, 36.470098222890165], [126.90471148606821, 36.47005992211403]]}}, {"type": "Feature", "properties": {"proposal_id": "visible-line-28", "tile_id": "174-cheongyang-mountain", "sheet_id": "174-cheongyang", "split": "development", "proposal_kind": "visible_linework_review_only", "backend": "grayscale_ridge_v1_skeleton_v1", "pixel_length": 93.569, "point_count": 14, "confidence": 0.7405, "review_status": "unreviewed"}, "geometry": {"type": "LineString", "coordinates": [[126.9039596115176, 36.45696105667761], [126.90414758015525, 36.45730576366279], [126.90442953311172, 36.45749726754344], [126.90475847822762, 36.457344064438914], [126.90494644686527, 36.45696105667761], [126.90513441550291, 36.45673125202084], [126.90541636845938, 36.45673125202084], [126.90569832141587, 36.45657804891632], [126.90588629005352, 36.45653974814019], [126.90616824300999, 36.45676955279697], [126.90640320380705, 36.456884455125355], [126.90649718812587, 36.456884455125355], [126.9066381646041, 36.45684615434923], [126.90692011756059, 36.45665465046858]]}}, {"type": "Feature", "properties": {"proposal_id": "visible-line-29", "tile_id": "174-cheongyang-mountain", "sheet_id": "174-cheongyang", "split": "development", "proposal_kind": "visible_linework_review_only", "backend": "grayscale_ridge_v1_skeleton_v1", "pixel_length": 25.385, "point_count": 3, "confidence": 0.7391, "review_status": "unreviewed"}, "geometry": {"type": "LineString", "coordinates": [[126.90414758015525, 36.465885137515876], [126.90494644686527, 36.46538722742619], [126.9050874233435, 36.46538722742619]]}}, {"type": "Feature", "properties": {"proposal_id": "visible-line-30", "tile_id": "174-cheongyang-mountain", "sheet_id": "174-cheongyang", "split": "development", "proposal_kind": "visible_linework_review_only", "backend": "grayscale_ridge_v1_skeleton_v1", "pixel_length": 23.971, "point_count": 3, "confidence": 0.7922, "review_status": "unreviewed"}, "geometry": {"type": "LineString", "coordinates": [[126.90480547038703, 36.46052302885769], [126.90489945470586, 36.46040812652931], [126.90565132925646, 36.46002511876801]]}}, {"type": "Feature", "properties": {"proposal_id": "visible-line-31", "tile_id": "174-cheongyang-mountain", "sheet_id": "174-cheongyang", "split": "development", "proposal_kind": "visible_linework_review_only", "backend": "grayscale_ridge_v1_skeleton_v1", "pixel_length": 19.899, "point_count": 5, "confidence": 0.7194, "review_status": "unreviewed"}, "geometry": {"type": "LineString", "coordinates": [[126.90494644686527, 36.46247636844032], [126.9050874233435, 36.46243806766419], [126.90518140766233, 36.462514669216446], [126.90522839982174, 36.462782774649355], [126.90536937629997, 36.462974278530005]]}}, {"type": "Feature", "properties": {"proposal_id": "visible-line-32", "tile_id": "174-cheongyang-mountain", "sheet_id": "174-cheongyang", "split": "development", "proposal_kind": "visible_linework_review_only", "backend": "grayscale_ridge_v1_skeleton_v1", "pixel_length": 18.071, "point_count": 3, "confidence": 0.6662, "review_status": "unreviewed"}, "geometry": {"type": "LineString", "coordinates": [[126.90522839982174, 36.46224656378354], [126.9054633606188, 36.46205505990289], [126.90593328221293, 36.46209336067902]]}}, {"type": "Feature", "properties": {"proposal_id": "visible-line-33", "tile_id": "174-cheongyang-mountain", "sheet_id": "174-cheongyang", "split": "development", "proposal_kind": "visible_linework_review_only", "backend": "grayscale_ridge_v1_skeleton_v1", "pixel_length": 28.385, "point_count": 5, "confidence": 0.7062, "review_status": "unreviewed"}, "geometry": {"type": "LineString", "coordinates": [[126.90536937629997, 36.483656697640136], [126.90555734493762, 36.483656697640136], [126.90607425869116, 36.48323538910271], [126.9062152351694, 36.48319708832658], [126.90645019596646, 36.48323538910271]]}}, {"type": "Feature", "properties": {"proposal_id": "visible-line-34", "tile_id": "174-cheongyang-mountain", "sheet_id": "174-cheongyang", "split": "development", "proposal_kind": "visible_linework_review_only", "backend": "grayscale_ridge_v1_skeleton_v1", "pixel_length": 19.142, "point_count": 3, "confidence": 0.7181, "review_status": "unreviewed"}, "geometry": {"type": "LineString", "coordinates": [[126.90536937629997, 36.46151884903707], [126.90588629005352, 36.46178695446998], [126.90607425869116, 36.461672052141594]]}}, {"type": "Feature", "properties": {"proposal_id": "visible-line-35", "tile_id": "174-cheongyang-mountain", "sheet_id": "174-cheongyang", "split": "development", "proposal_kind": "visible_linework_review_only", "backend": "grayscale_ridge_v1_skeleton_v1", "pixel_length": 20.971, "point_count": 2, "confidence": 0.7755, "review_status": "unreviewed"}, "geometry": {"type": "LineString", "coordinates": [[126.90541636845938, 36.4866824589544], [126.90607425869116, 36.48614624808858]]}}, {"type": "Feature", "properties": {"proposal_id": "visible-line-36", "tile_id": "174-cheongyang-mountain", "sheet_id": "174-cheongyang", "split": "development", "proposal_kind": "visible_linework_review_only", "backend": "grayscale_ridge_v1_skeleton_v1", "pixel_length": 61.113, "point_count": 9, "confidence": 0.7343, "review_status": "unreviewed"}, "geometry": {"type": "LineString", "coordinates": [[126.90551035277821, 36.464391407246815], [126.90612125085057, 36.46454461035133], [126.90645019596646, 36.46454461035133], [126.9066381646041, 36.464468008799074], [126.90687312540118, 36.46427650491842], [126.90692011756059, 36.46408500103777], [126.90715507835765, 36.46370199327647], [126.9073430469953, 36.463548790171956], [126.90753101563294, 36.46351048939582]]}}, {"type": "Feature", "properties": {"proposal_id": "visible-line-37", "tile_id": "174-cheongyang-mountain", "sheet_id": "174-cheongyang", "split": "development", "proposal_kind": "visible_linework_review_only", "backend": "grayscale_ridge_v1_skeleton_v1", "pixel_length": 19.142, "point_count": 3, "confidence": 0.7463, "review_status": "unreviewed"}, "geometry": {"type": "LineString", "coordinates": [[126.90588629005352, 36.45991021643962], [126.90635621164763, 36.45968041178284], [126.90654418028528, 36.45948890790219]]}}, {"type": "Feature", "properties": {"proposal_id": "visible-line-38", "tile_id": "174-cheongyang-mountain", "sheet_id": "174-cheongyang", "split": "development", "proposal_kind": "visible_linework_review_only", "backend": "grayscale_ridge_v1_skeleton_v1", "pixel_length": 21.243, "point_count": 2, "confidence": 0.7731, "review_status": "unreviewed"}, "geometry": {"type": "LineString", "coordinates": [[126.9062152351694, 36.4652723250978], [126.90715507835765, 36.46523402432167]]}}, {"type": "Feature", "properties": {"proposal_id": "visible-line-39", "tile_id": "174-cheongyang-mountain", "sheet_id": "174-cheongyang", "split": "development", "proposal_kind": "visible_linework_review_only", "backend": "grayscale_ridge_v1_skeleton_v1", "pixel_length": 22.971, "point_count": 4, "confidence": 0.7406, "review_status": "unreviewed"}, "geometry": {"type": "LineString", "coordinates": [[126.90630921948822, 36.459986817991876], [126.90654418028528, 36.45983361488736], [126.9066381646041, 36.459871915663484], [126.90696710972, 36.45945060712606]]}}, {"type": "Feature", "properties": {"proposal_id": "visible-line-40", "tile_id": "174-cheongyang-mountain", "sheet_id": "174-cheongyang", "split": "development", "proposal_kind": "visible_linework_review_only", "backend": "grayscale_ridge_v1_skeleton_v1", "pixel_length": 22.728, "point_count": 3, "confidence": 0.7176, "review_status": "unreviewed"}, "geometry": {"type": "LineString", "coordinates": [[126.90635621164763, 36.46247636844032], [126.9066381646041, 36.46262957154484], [126.90724906267647, 36.46282107542549]]}}, {"type": "Feature", "properties": {"proposal_id": "visible-line-41", "tile_id": "174-cheongyang-mountain", "sheet_id": "174-cheongyang", "split": "development", "proposal_kind": "visible_linework_review_only", "backend": "grayscale_ridge_v1_skeleton_v1", "pixel_length": 23.899, "point_count": 3, "confidence": 0.6221, "review_status": "unreviewed"}, "geometry": {"type": "LineString", "coordinates": [[126.90682613324176, 36.47388999972702], [126.90720207051706, 36.4741198043838], [126.90724906267647, 36.47461771447349]]}}, {"type": "Feature", "properties": {"proposal_id": "visible-line-42", "tile_id": "174-cheongyang-mountain", "sheet_id": "174-cheongyang", "split": "development", "proposal_kind": "visible_linework_review_only", "backend": "grayscale_ridge_v1_skeleton_v1", "pixel_length": 49.698, "point_count": 5, "confidence": 0.7243, "review_status": "unreviewed"}, "geometry": {"type": "LineString", "coordinates": [[126.90701410187941, 36.48331199065497], [126.90753101563294, 36.48312048677432], [126.90795394506766, 36.48312048677432], [126.9085178509806, 36.48354179531175], [126.90894078041532, 36.4837332991924]]}}, {"type": "Feature", "properties": {"proposal_id": "visible-line-43", "tile_id": "174-cheongyang-mountain", "sheet_id": "174-cheongyang", "split": "development", "proposal_kind": "visible_linework_review_only", "backend": "grayscale_ridge_v1_skeleton_v1", "pixel_length": 29.627, "point_count": 4, "confidence": 0.718, "review_status": "unreviewed"}, "geometry": {"type": "LineString", "coordinates": [[126.90715507835765, 36.466268145277176], [126.90743703131412, 36.466344746829435], [126.90762499995176, 36.46630644605331], [126.90823589802413, 36.46580853596362]]}}, {"type": "Feature", "properties": {"proposal_id": "visible-line-44", "tile_id": "174-cheongyang-mountain", "sheet_id": "174-cheongyang", "split": "development", "proposal_kind": "visible_linework_review_only", "backend": "grayscale_ridge_v1_skeleton_v1", "pixel_length": 19.899, "point_count": 3, "confidence": 0.7205, "review_status": "unreviewed"}, "geometry": {"type": "LineString", "coordinates": [[126.90729605483588, 36.4884825954325], [126.90776597643, 36.48836769310412], [126.9080949215459, 36.48821448999959]]}}, {"type": "Feature", "properties": {"proposal_id": "visible-line-45", "tile_id": "174-cheongyang-mountain", "sheet_id": "174-cheongyang", "split": "development", "proposal_kind": "visible_linework_review_only", "backend": "grayscale_ridge_v1_skeleton_v1", "pixel_length": 18.485, "point_count": 4, "confidence": 0.6909, "review_status": "unreviewed"}, "geometry": {"type": "LineString", "coordinates": [[126.90743703131412, 36.484958924028554], [126.90767199211118, 36.485265330237596], [126.90767199211118, 36.485533435670504], [126.90762499995176, 36.48557173644663]]}}, {"type": "Feature", "properties": {"proposal_id": "visible-line-46", "tile_id": "174-cheongyang-mountain", "sheet_id": "174-cheongyang", "split": "development", "proposal_kind": "visible_linework_review_only", "backend": "grayscale_ridge_v1_skeleton_v1", "pixel_length": 26.071, "point_count": 6, "confidence": 0.7272, "review_status": "unreviewed"}, "geometry": {"type": "LineString", "coordinates": [[126.90753101563294, 36.47277927721925], [126.90771898427059, 36.47274097644313], [126.90771898427059, 36.472434570234086], [126.90767199211118, 36.47239626945795], [126.90776597643, 36.47216646480118], [126.90771898427059, 36.47197496092053]]}}, {"type": "Feature", "properties": {"proposal_id": "visible-line-47", "tile_id": "174-cheongyang-mountain", "sheet_id": "174-cheongyang", "split": "development", "proposal_kind": "visible_linework_review_only", "backend": "grayscale_ridge_v1_skeleton_v1", "pixel_length": 45.799, "point_count": 6, "confidence": 0.718, "review_status": "unreviewed"}, "geometry": {"type": "LineString", "coordinates": [[126.90767199211118, 36.46351048939582], [126.90823589802413, 36.463548790171956], [126.90865882745884, 36.46320408318679], [126.90865882745884, 36.46285937620162], [126.90856484314001, 36.462782774649355], [126.90842386666178, 36.462514669216446]]}}, {"type": "Feature", "properties": {"proposal_id": "visible-line-48", "tile_id": "174-cheongyang-mountain", "sheet_id": "174-cheongyang", "split": "development", "proposal_kind": "visible_linework_review_only", "backend": "grayscale_ridge_v1_skeleton_v1", "pixel_length": 26.314, "point_count": 4, "confidence": 0.7152, "review_status": "unreviewed"}, "geometry": {"type": "LineString", "coordinates": [[126.90800093722707, 36.46864279339723], [126.90828289018354, 36.468681094173355], [126.90889378825591, 36.46891089883014], [126.90908175689356, 36.468872598054006]]}}, {"type": "Feature", "properties": {"proposal_id": "visible-line-49", "tile_id": "174-cheongyang-mountain", "sheet_id": "174-cheongyang", "split": "development", "proposal_kind": "visible_linework_review_only", "backend": "grayscale_ridge_v1_skeleton_v1", "pixel_length": 23.142, "point_count": 5, "confidence": 0.7065, "review_status": "unreviewed"}, "geometry": {"type": "LineString", "coordinates": [[126.90828289018354, 36.48434611161048], [126.90861183529942, 36.48415460772983], [126.90889378825591, 36.484116306953695], [126.90908175689356, 36.48396310384918], [126.90908175689356, 36.48388650229692]]}}, {"type": "Feature", "properties": {"proposal_id": "visible-line-50", "tile_id": "174-cheongyang-mountain", "sheet_id": "174-cheongyang", "split": "development", "proposal_kind": "visible_linework_review_only", "backend": "grayscale_ridge_v1_skeleton_v1", "pixel_length": 19.828, "point_count": 4, "confidence": 0.7818, "review_status": "unreviewed"}, "geometry": {"type": "LineString", "coordinates": [[126.90832988234295, 36.472626074114736], [126.90837687450237, 36.47254947256248], [126.90837687450237, 36.47197496092053], [126.90832988234295, 36.47189835936827]]}}, {"type": "Feature", "properties": {"proposal_id": "visible-line-51", "tile_id": "174-cheongyang-mountain", "sheet_id": "174-cheongyang", "split": "development", "proposal_kind": "visible_linework_review_only", "backend": "grayscale_ridge_v1_skeleton_v1", "pixel_length": 21.485, "point_count": 3, "confidence": 0.7086, "review_status": "unreviewed"}, "geometry": {"type": "LineString", "coordinates": [[126.90842386666178, 36.465770235187485], [126.90903476473414, 36.46573193441136], [126.90931671769061, 36.46554043053071]]}}, {"type": "Feature", "properties": {"proposal_id": "visible-line-52", "tile_id": "174-cheongyang-mountain", "sheet_id": "174-cheongyang", "split": "development", "proposal_kind": "visible_linework_review_only", "backend": "grayscale_ridge_v1_skeleton_v1", "pixel_length": 20.728, "point_count": 6, "confidence": 0.7368, "review_status": "unreviewed"}, "geometry": {"type": "LineString", "coordinates": [[126.90842386666178, 36.46010172032027], [126.90856484314001, 36.460063419544134], [126.90879980393707, 36.459871915663484], [126.90879980393707, 36.459795314111226], [126.90870581961825, 36.45971871255897], [126.90847085882119, 36.45968041178284]]}}, {"type": "Feature", "properties": {"proposal_id": "visible-line-53", "tile_id": "174-cheongyang-mountain", "sheet_id": "174-cheongyang", "split": "development", "proposal_kind": "visible_linework_review_only", "backend": "grayscale_ridge_v1_skeleton_v1", "pixel_length": 24.556, "point_count": 3, "confidence": 0.729, "review_status": "unreviewed"}, "geometry": {"type": "LineString", "coordinates": [[126.9085178509806, 36.45401189691562], [126.90917574121238, 36.45359058837819], [126.90917574121238, 36.45336078372141]]}}, {"type": "Feature", "properties": {"proposal_id": "visible-line-54", "tile_id": "174-cheongyang-mountain", "sheet_id": "174-cheongyang", "split": "development", "proposal_kind": "visible_linework_review_only", "backend": "grayscale_ridge_v1_skeleton_v1", "pixel_length": 21.728, "point_count": 5, "confidence": 0.7286, "review_status": "unreviewed"}, "geometry": {"type": "LineString", "coordinates": [[126.90879980393707, 36.47136214850245], [126.90894078041532, 36.47132384772632], [126.90931671769061, 36.4715536523831], [126.90931671769061, 36.47170685548762], [126.90917574121238, 36.47178345703988]]}}, {"type": "Feature", "properties": {"proposal_id": "visible-line-55", "tile_id": "174-cheongyang-mountain", "sheet_id": "174-cheongyang", "split": "development", "proposal_kind": "visible_linework_review_only", "backend": "grayscale_ridge_v1_skeleton_v1", "pixel_length": 24.142, "point_count": 21, "confidence": 0.7033, "review_status": "unreviewed"}, "geometry": {"type": "LineString", "coordinates": [[126.90879980393707, 36.46113584127577], [126.9088467960965, 36.4611741420519], [126.9088467960965, 36.461212442828035], [126.90889378825591, 36.46125074360416], [126.90894078041532, 36.461289044380294], [126.90898777257473, 36.46132734515642], [126.90903476473414, 36.46132734515642], [126.90908175689356, 36.46132734515642], [126.90912874905297, 36.46132734515642], [126.90917574121238, 36.461289044380294], [126.90917574121238, 36.46125074360416], [126.90917574121238, 36.461212442828035], [126.90912874905297, 36.4611741420519], [126.90912874905297, 36.46113584127577], [126.90908175689356, 36.461097540499644], [126.90903476473414, 36.461097540499644], [126.90898777257473, 36.46105923972351], [126.90894078041532, 36.46105923972351], [126.90889378825591, 36.46105923972351], [126.9088467960965, 36.461097540499644], [126.90879980393707, 36.46113584127577]]}}, {"type": "Feature", "properties": {"proposal_id": "visible-line-56", "tile_id": "174-cheongyang-mountain", "sheet_id": "174-cheongyang", "split": "development", "proposal_kind": "visible_linework_review_only", "backend": "grayscale_ridge_v1_skeleton_v1", "pixel_length": 25.728, "point_count": 6, "confidence": 0.7163, "review_status": "unreviewed"}, "geometry": {"type": "LineString", "coordinates": [[126.9088467960965, 36.46791507865076], [126.9092697255312, 36.46806828175528], [126.90945769416885, 36.46795337942689], [126.9096456628065, 36.46791507865076], [126.90969265496591, 36.46795337942689], [126.90969265496591, 36.46810658253141]]}}, {"type": "Feature", "properties": {"proposal_id": "visible-line-57", "tile_id": "174-cheongyang-mountain", "sheet_id": "174-cheongyang", "split": "development", "proposal_kind": "visible_linework_review_only", "backend": "grayscale_ridge_v1_skeleton_v1", "pixel_length": 22.071, "point_count": 5, "confidence": 0.7227, "review_status": "unreviewed"}, "geometry": {"type": "LineString", "coordinates": [[126.90889378825591, 36.47756687423549], [126.90931671769061, 36.47760517501162], [126.90950468632826, 36.47764347578775], [126.90959867064709, 36.47772007734001], [126.90983363144414, 36.477758378116135]]}}, {"type": "Feature", "properties": {"proposal_id": "visible-line-58", "tile_id": "174-cheongyang-mountain", "sheet_id": "174-cheongyang", "split": "development", "proposal_kind": "visible_linework_review_only", "backend": "grayscale_ridge_v1_skeleton_v1", "pixel_length": 38.527, "point_count": 3, "confidence": 0.7834, "review_status": "unreviewed"}, "geometry": {"type": "LineString", "coordinates": [[126.90889378825591, 36.455773732617594], [126.90922273337179, 36.45535242408016], [126.91006859224122, 36.454739611662085]]}}, {"type": "Feature", "properties": {"proposal_id": "visible-line-59", "tile_id": "174-cheongyang-mountain", "sheet_id": "174-cheongyang", "split": "development", "proposal_kind": "visible_linework_review_only", "backend": "grayscale_ridge_v1_skeleton_v1", "pixel_length": 20.071, "point_count": 5, "confidence": 0.7889, "review_status": "unreviewed"}, "geometry": {"type": "LineString", "coordinates": [[126.90894078041532, 36.4545098070053], [126.90912874905297, 36.4545098070053], [126.90941070200944, 36.45443320545304], [126.90950468632826, 36.454356603900784], [126.90978663928473, 36.45431830312466]]}}, {"type": "Feature", "properties": {"proposal_id": "visible-line-60", "tile_id": "174-cheongyang-mountain", "sheet_id": "174-cheongyang", "split": "development", "proposal_kind": "visible_linework_review_only", "backend": "grayscale_ridge_v1_skeleton_v1", "pixel_length": 21.414, "point_count": 3, "confidence": 0.7168, "review_status": "unreviewed"}, "geometry": {"type": "LineString", "coordinates": [[126.90903476473414, 36.479175506832945], [126.90908175689356, 36.47921380760907], [126.90908175689356, 36.47997982313167]]}}, {"type": "Feature", "properties": {"proposal_id": "visible-line-61", "tile_id": "174-cheongyang-mountain", "sheet_id": "174-cheongyang", "split": "development", "proposal_kind": "visible_linework_review_only", "backend": "grayscale_ridge_v1_skeleton_v1", "pixel_length": 42.385, "point_count": 6, "confidence": 0.731, "review_status": "unreviewed"}, "geometry": {"type": "LineString", "coordinates": [[126.90912874905297, 36.451828752676214], [126.90945769416885, 36.451943655004605], [126.90978663928473, 36.451943655004605], [126.9100216000818, 36.45179045190008], [126.9100216000818, 36.45144574491491], [126.90973964712532, 36.451101037929746]]}}, {"type": "Feature", "properties": {"proposal_id": "visible-line-62", "tile_id": "174-cheongyang-mountain", "sheet_id": "174-cheongyang", "split": "development", "proposal_kind": "visible_linework_review_only", "backend": "grayscale_ridge_v1_skeleton_v1", "pixel_length": 41.87, "point_count": 6, "confidence": 0.7193, "review_status": "unreviewed"}, "geometry": {"type": "LineString", "coordinates": [[126.90931671769061, 36.45562052951307], [126.90950468632826, 36.45546732640855], [126.90983363144414, 36.455314123304035], [126.91016257656004, 36.455314123304035], [126.91053851383533, 36.45562052951307], [126.91091445111063, 36.45573543184146]]}}, {"type": "Feature", "properties": {"proposal_id": "visible-line-63", "tile_id": "174-cheongyang-mountain", "sheet_id": "174-cheongyang", "split": "development", "proposal_kind": "visible_linework_review_only", "backend": "grayscale_ridge_v1_skeleton_v1", "pixel_length": 32.556, "point_count": 6, "confidence": 0.7283, "review_status": "unreviewed"}, "geometry": {"type": "LineString", "coordinates": [[126.90945769416885, 36.46542552820232], [126.90959867064709, 36.4652723250978], [126.90988062360356, 36.46515742276941], [126.91011558440063, 36.46515742276941], [126.91053851383533, 36.46531062587393], [126.91072648247298, 36.4652723250978]]}}, {"type": "Feature", "properties": {"proposal_id": "visible-line-64", "tile_id": "174-cheongyang-mountain", "sheet_id": "174-cheongyang", "split": "development", "proposal_kind": "visible_linework_review_only", "backend": "grayscale_ridge_v1_skeleton_v1", "pixel_length": 27.142, "point_count": 4, "confidence": 0.7374, "review_status": "unreviewed"}, "geometry": {"type": "LineString", "coordinates": [[126.90959867064709, 36.47990322157941], [126.90983363144414, 36.47959681537037], [126.90978663928473, 36.47929040916134], [126.90959867064709, 36.47902230372842]]}}, {"type": "Feature", "properties": {"proposal_id": "visible-line-65", "tile_id": "174-cheongyang-mountain", "sheet_id": "174-cheongyang", "split": "development", "proposal_kind": "visible_linework_review_only", "backend": "grayscale_ridge_v1_skeleton_v1", "pixel_length": 22.728, "point_count": 5, "confidence": 0.771, "review_status": "unreviewed"}, "geometry": {"type": "LineString", "coordinates": [[126.90983363144414, 36.46098263817125], [126.90988062360356, 36.4607911342906], [126.9100216000818, 36.460561329633826], [126.91020956871945, 36.46040812652931], [126.9103975373571, 36.460369825753176]]}}, {"type": "Feature", "properties": {"proposal_id": "visible-line-66", "tile_id": "174-cheongyang-mountain", "sheet_id": "174-cheongyang", "split": "development", "proposal_kind": "visible_linework_review_only", "backend": "grayscale_ridge_v1_skeleton_v1", "pixel_length": 21.485, "point_count": 4, "confidence": 0.7451, "review_status": "unreviewed"}, "geometry": {"type": "LineString", "coordinates": [[126.90988062360356, 36.4586079900512], [126.9100216000818, 36.45887609548411], [126.91020956871945, 36.45895269703637], [126.91058550599475, 36.4589909978125]]}}, {"type": "Feature", "properties": {"proposal_id": "visible-line-67", "tile_id": "174-cheongyang-mountain", "sheet_id": "174-cheongyang", "split": "development", "proposal_kind": "visible_linework_review_only", "backend": "grayscale_ridge_v1_skeleton_v1", "pixel_length": 27.042, "point_count": 3, "confidence": 0.7625, "review_status": "unreviewed"}, "geometry": {"type": "LineString", "coordinates": [[126.90992761576298, 36.4870654667157], [126.91035054519769, 36.48737187292474], [126.91077347463239, 36.487793181462166]]}}, {"type": "Feature", "properties": {"proposal_id": "visible-line-68", "tile_id": "174-cheongyang-mountain", "sheet_id": "174-cheongyang", "split": "development", "proposal_kind": "visible_linework_review_only", "backend": "grayscale_ridge_v1_skeleton_v1", "pixel_length": 20.556, "point_count": 3, "confidence": 0.7204, "review_status": "unreviewed"}, "geometry": {"type": "LineString", "coordinates": [[126.91011558440063, 36.46389349715712], [126.91077347463239, 36.4634721886197], [126.91086745895122, 36.4634721886197]]}}, {"type": "Feature", "properties": {"proposal_id": "visible-line-69", "tile_id": "174-cheongyang-mountain", "sheet_id": "174-cheongyang", "split": "development", "proposal_kind": "visible_linework_review_only", "backend": "grayscale_ridge_v1_skeleton_v1", "pixel_length": 32.87, "point_count": 4, "confidence": 0.7478, "review_status": "unreviewed"}, "geometry": {"type": "LineString", "coordinates": [[126.91011558440063, 36.45470131088595], [126.91044452951651, 36.45439490467692], [126.91058550599475, 36.45439490467692], [126.91124339622652, 36.45393529536336]]}}, {"type": "Feature", "properties": {"proposal_id": "visible-line-70", "tile_id": "174-cheongyang-mountain", "sheet_id": "174-cheongyang", "split": "development", "proposal_kind": "visible_linework_review_only", "backend": "grayscale_ridge_v1_skeleton_v1", "pixel_length": 21.142, "point_count": 3, "confidence": 0.7033, "review_status": "unreviewed"}, "geometry": {"type": "LineString", "coordinates": [[126.91020956871945, 36.47063443375598], [126.91049152167592, 36.47109404306954], [126.91072648247298, 36.47124724617406]]}}, {"type": "Feature", "properties": {"proposal_id": "visible-line-71", "tile_id": "174-cheongyang-mountain", "sheet_id": "174-cheongyang", "split": "development", "proposal_kind": "visible_linework_review_only", "backend": "grayscale_ridge_v1_skeleton_v1", "pixel_length": 53.284, "point_count": 7, "confidence": 0.754, "review_status": "unreviewed"}, "geometry": {"type": "LineString", "coordinates": [[126.91067949031357, 36.463357286291306], [126.91067949031357, 36.4627061730971], [126.91072648247298, 36.46262957154484], [126.91129038838594, 36.46220826300741], [126.91143136486417, 36.4619401575745], [126.91166632566123, 36.46174865369385], [126.91176030998005, 36.46174865369385]]}}, {"type": "Feature", "properties": {"proposal_id": "visible-line-72", "tile_id": "174-cheongyang-mountain", "sheet_id": "174-cheongyang", "split": "development", "proposal_kind": "visible_linework_review_only", "backend": "grayscale_ridge_v1_skeleton_v1", "pixel_length": 30.971, "point_count": 5, "confidence": 0.7044, "review_status": "unreviewed"}, "geometry": {"type": "LineString", "coordinates": [[126.91077347463239, 36.46921730503917], [126.91096144327004, 36.46956201202435], [126.91119640406711, 36.469638613576606], [126.91143136486417, 36.46948541047209], [126.911525349183, 36.46921730503917]]}}, {"type": "Feature", "properties": {"proposal_id": "visible-line-73", "tile_id": "174-cheongyang-mountain", "sheet_id": "174-cheongyang", "split": "development", "proposal_kind": "visible_linework_review_only", "backend": "grayscale_ridge_v1_skeleton_v1", "pixel_length": 19.899, "point_count": 5, "confidence": 0.734, "review_status": "unreviewed"}, "geometry": {"type": "LineString", "coordinates": [[126.91100843542947, 36.489095407850584], [126.9111494119077, 36.48905710707445], [126.91138437270476, 36.48878900164154], [126.91138437270476, 36.48855919698476], [126.91133738054535, 36.488520896208634]]}}, {"type": "Feature", "properties": {"proposal_id": "visible-line-74", "tile_id": "174-cheongyang-mountain", "sheet_id": "174-cheongyang", "split": "development", "proposal_kind": "visible_linework_review_only", "backend": "grayscale_ridge_v1_skeleton_v1", "pixel_length": 20.071, "point_count": 4, "confidence": 0.7197, "review_status": "unreviewed"}, "geometry": {"type": "LineString", "coordinates": [[126.9111494119077, 36.46508082121715], [126.91143136486417, 36.46504252044102], [126.91166632566123, 36.46515742276941], [126.91199527077711, 36.46519572354554]]}}, {"type": "Feature", "properties": {"proposal_id": "visible-line-75", "tile_id": "174-cheongyang-mountain", "sheet_id": "174-cheongyang", "split": "development", "proposal_kind": "visible_linework_review_only", "backend": "grayscale_ridge_v1_skeleton_v1", "pixel_length": 18.142, "point_count": 2, "confidence": 0.7388, "review_status": "unreviewed"}, "geometry": {"type": "LineString", "coordinates": [[126.91119640406711, 36.455773732617594], [126.91176030998005, 36.456233341931146]]}}, {"type": "Feature", "properties": {"proposal_id": "visible-line-76", "tile_id": "174-cheongyang-mountain", "sheet_id": "174-cheongyang", "split": "development", "proposal_kind": "visible_linework_review_only", "backend": "grayscale_ridge_v1_skeleton_v1", "pixel_length": 34.314, "point_count": 5, "confidence": 0.6979, "review_status": "unreviewed"}, "geometry": {"type": "LineString", "coordinates": [[126.91143136486417, 36.48193316271429], [126.91166632566123, 36.481971463490424], [126.91190128645829, 36.48185656116203], [126.91208925509595, 36.481396951848474], [126.91208925509595, 36.48105224486331]]}}, {"type": "Feature", "properties": {"proposal_id": "visible-line-77", "tile_id": "174-cheongyang-mountain", "sheet_id": "174-cheongyang", "split": "development", "proposal_kind": "visible_linework_review_only", "backend": "grayscale_ridge_v1_skeleton_v1", "pixel_length": 34.042, "point_count": 5, "confidence": 0.7574, "review_status": "unreviewed"}, "geometry": {"type": "LineString", "coordinates": [[126.91143136486417, 36.45362888915432], [126.91161933350182, 36.45328418216915], [126.91199527077711, 36.45286287363172], [126.91218323941477, 36.4527096705272], [126.91232421589301, 36.45274797130333]]}}, {"type": "Feature", "properties": {"proposal_id": "visible-line-78", "tile_id": "174-cheongyang-mountain", "sheet_id": "174-cheongyang", "split": "development", "proposal_kind": "visible_linework_review_only", "backend": "grayscale_ridge_v1_skeleton_v1", "pixel_length": 21.314, "point_count": 4, "confidence": 0.716, "review_status": "unreviewed"}, "geometry": {"type": "LineString", "coordinates": [[126.91147835702358, 36.46059963040995], [126.91171331782064, 36.460178321872526], [126.91185429429888, 36.460063419544134], [126.91185429429888, 36.45991021643962]]}}, {"type": "Feature", "properties": {"proposal_id": "visible-line-79", "tile_id": "174-cheongyang-mountain", "sheet_id": "174-cheongyang", "split": "development", "proposal_kind": "visible_linework_review_only", "backend": "grayscale_ridge_v1_skeleton_v1", "pixel_length": 33.799, "point_count": 5, "confidence": 0.7199, "review_status": "unreviewed"}, "geometry": {"type": "LineString", "coordinates": [[126.9115723413424, 36.46875769572562], [126.91161933350182, 36.46852789106884], [126.91176030998005, 36.46829808641206], [126.91218323941477, 36.4678384770985], [126.91223023157418, 36.46768527399398]]}}, {"type": "Feature", "properties": {"proposal_id": "visible-line-80", "tile_id": "174-cheongyang-mountain", "sheet_id": "174-cheongyang", "split": "development", "proposal_kind": "visible_linework_review_only", "backend": "grayscale_ridge_v1_skeleton_v1", "pixel_length": 48.556, "point_count": 9, "confidence": 0.727, "review_status": "unreviewed"}, "geometry": {"type": "LineString", "coordinates": [[126.91185429429888, 36.45634824425954], [126.91223023157418, 36.45638654503567], [126.91237120805242, 36.456233341931146], [126.91237120805242, 36.45592693572211], [126.91232421589301, 36.45588863494598], [126.91237120805242, 36.45585033416985], [126.91237120805242, 36.45562052951307], [126.91260616884948, 36.45519922097564], [126.91260616884948, 36.45500771709499]]}}, {"type": "Feature", "properties": {"proposal_id": "visible-line-81", "tile_id": "174-cheongyang-mountain", "sheet_id": "174-cheongyang", "split": "development", "proposal_kind": "visible_linework_review_only", "backend": "grayscale_ridge_v1_skeleton_v1", "pixel_length": 26.971, "point_count": 6, "confidence": 0.7142, "review_status": "unreviewed"}, "geometry": {"type": "LineString", "coordinates": [[126.91223023157418, 36.46875769572562], [126.91237120805242, 36.468681094173355], [126.91255917669007, 36.46841298874045], [126.91255917669007, 36.46833638718819], [126.9127001531683, 36.46829808641206], [126.91293511396536, 36.46802998097915]]}}, {"type": "Feature", "properties": {"proposal_id": "visible-line-82", "tile_id": "174-cheongyang-mountain", "sheet_id": "174-cheongyang", "split": "development", "proposal_kind": "visible_linework_review_only", "backend": "grayscale_ridge_v1_skeleton_v1", "pixel_length": 28.728, "point_count": 4, "confidence": 0.7348, "review_status": "unreviewed"}, "geometry": {"type": "LineString", "coordinates": [[126.91251218453066, 36.45458640855757], [126.91255917669007, 36.45420340079627], [126.91288812180595, 36.4538586938111], [126.91293511396536, 36.45362888915432]]}}, {"type": "Feature", "properties": {"proposal_id": "visible-line-83", "tile_id": "174-cheongyang-mountain", "sheet_id": "174-cheongyang", "split": "development", "proposal_kind": "visible_linework_review_only", "backend": "grayscale_ridge_v1_skeleton_v1", "pixel_length": 19.899, "point_count": 4, "confidence": 0.7214, "review_status": "unreviewed"}, "geometry": {"type": "LineString", "coordinates": [[126.91255917669007, 36.47990322157941], [126.91279413748713, 36.47971171769876], [126.9130760904436, 36.47971171769876], [126.91331105124067, 36.479826620027154]]}}, {"type": "Feature", "properties": {"proposal_id": "visible-line-84", "tile_id": "174-cheongyang-mountain", "sheet_id": "174-cheongyang", "split": "development", "proposal_kind": "visible_linework_review_only", "backend": "grayscale_ridge_v1_skeleton_v1", "pixel_length": 21.142, "point_count": 3, "confidence": 0.7521, "review_status": "unreviewed"}, "geometry": {"type": "LineString", "coordinates": [[126.91274714532771, 36.451752151123955], [126.91298210612477, 36.451369143362655], [126.91321706692185, 36.451101037929746]]}}, {"type": "Feature", "properties": {"proposal_id": "visible-line-85", "tile_id": "174-cheongyang-mountain", "sheet_id": "174-cheongyang", "split": "development", "proposal_kind": "visible_linework_review_only", "backend": "grayscale_ridge_v1_skeleton_v1", "pixel_length": 74.083, "point_count": 11, "confidence": 0.7227, "review_status": "unreviewed"}, "geometry": {"type": "LineString", "coordinates": [[126.91284112964654, 36.485533435670504], [126.91284112964654, 36.485341931789854], [126.91293511396536, 36.485265330237596], [126.9130760904436, 36.485265330237596], [126.91340503555949, 36.485533435670504], [126.91406292579126, 36.48580154110341], [126.91467382386362, 36.48626115041697], [126.91504976113892, 36.486376052745356], [126.91519073761715, 36.486376052745356], [126.9153317140954, 36.48626115041697], [126.9153317140954, 36.48618454886471]]}}, {"type": "Feature", "properties": {"proposal_id": "visible-line-86", "tile_id": "174-cheongyang-mountain", "sheet_id": "174-cheongyang", "split": "development", "proposal_kind": "visible_linework_review_only", "backend": "grayscale_ridge_v1_skeleton_v1", "pixel_length": 22.657, "point_count": 5, "confidence": 0.6979, "review_status": "unreviewed"}, "geometry": {"type": "LineString", "coordinates": [[126.91302909828418, 36.48610794731245], [126.91312308260302, 36.4862994511931], [126.91312308260302, 36.48656755662601], [126.91317007476243, 36.48660585740214], [126.91321706692185, 36.48691226361118]]}}, {"type": "Feature", "properties": {"proposal_id": "visible-line-87", "tile_id": "174-cheongyang-mountain", "sheet_id": "174-cheongyang", "split": "development", "proposal_kind": "visible_linework_review_only", "backend": "grayscale_ridge_v1_skeleton_v1", "pixel_length": 21.485, "point_count": 4, "confidence": 0.7598, "review_status": "unreviewed"}, "geometry": {"type": "LineString", "coordinates": [[126.91302909828418, 36.4593740055738], [126.91321706692185, 36.4589909978125], [126.91321706692185, 36.45876119315572], [126.91335804340008, 36.45868459160346]]}}, {"type": "Feature", "properties": {"proposal_id": "visible-line-88", "tile_id": "174-cheongyang-mountain", "sheet_id": "174-cheongyang", "split": "development", "proposal_kind": "visible_linework_review_only", "backend": "grayscale_ridge_v1_skeleton_v1", "pixel_length": 19.556, "point_count": 3, "confidence": 0.7676, "review_status": "unreviewed"}, "geometry": {"type": "LineString", "coordinates": [[126.91312308260302, 36.469447109695956], [126.91335804340008, 36.469255605815306], [126.91363999635655, 36.468872598054006]]}}, {"type": "Feature", "properties": {"proposal_id": "visible-line-89", "tile_id": "174-cheongyang-mountain", "sheet_id": "174-cheongyang", "split": "development", "proposal_kind": "visible_linework_review_only", "backend": "grayscale_ridge_v1_skeleton_v1", "pixel_length": 21.385, "point_count": 2, "confidence": 0.7652, "review_status": "unreviewed"}, "geometry": {"type": "LineString", "coordinates": [[126.91321706692185, 36.4530926782885], [126.91387495715361, 36.45251816664655]]}}, {"type": "Feature", "properties": {"proposal_id": "visible-line-90", "tile_id": "174-cheongyang-mountain", "sheet_id": "174-cheongyang", "split": "development", "proposal_kind": "visible_linework_review_only", "backend": "grayscale_ridge_v1_skeleton_v1", "pixel_length": 33.213, "point_count": 6, "confidence": 0.7452, "review_status": "unreviewed"}, "geometry": {"type": "LineString", "coordinates": [[126.91331105124067, 36.46531062587393], [126.91349901987832, 36.46534892665006], [126.91378097283479, 36.46554043053071], [126.91406292579126, 36.4656553328591], [126.91434487874774, 36.46557873130684], [126.91453284738539, 36.46538722742619]]}}, {"type": "Feature", "properties": {"proposal_id": "visible-line-91", "tile_id": "174-cheongyang-mountain", "sheet_id": "174-cheongyang", "split": "development", "proposal_kind": "visible_linework_review_only", "backend": "grayscale_ridge_v1_skeleton_v1", "pixel_length": 19.899, "point_count": 4, "confidence": 0.7076, "review_status": "unreviewed"}, "geometry": {"type": "LineString", "coordinates": [[126.91340503555949, 36.47986492080328], [126.91359300419714, 36.479826620027154], [126.9138279649942, 36.479635116146504], [126.9142039022695, 36.47967341692263]]}}, {"type": "Feature", "properties": {"proposal_id": "visible-line-92", "tile_id": "174-cheongyang-mountain", "sheet_id": "174-cheongyang", "split": "development", "proposal_kind": "visible_linework_review_only", "backend": "grayscale_ridge_v1_skeleton_v1", "pixel_length": 35.971, "point_count": 6, "confidence": 0.7089, "review_status": "unreviewed"}, "geometry": {"type": "LineString", "coordinates": [[126.91354601203773, 36.47174515626375], [126.91359300419714, 36.47189835936827], [126.91373398067537, 36.472051562472785], [126.91410991795067, 36.47208986324892], [126.91443886306656, 36.47170685548762], [126.91443886306656, 36.47151535160697]]}}, {"type": "Feature", "properties": {"proposal_id": "visible-line-93", "tile_id": "174-cheongyang-mountain", "sheet_id": "174-cheongyang", "split": "development", "proposal_kind": "visible_linework_review_only", "backend": "grayscale_ridge_v1_skeleton_v1", "pixel_length": 20.071, "point_count": 2, "confidence": 0.7812, "review_status": "unreviewed"}, "geometry": {"type": "LineString", "coordinates": [[126.91354601203773, 36.45573543184146], [126.91378097283479, 36.455046017871126]]}}, {"type": "Feature", "properties": {"proposal_id": "visible-line-94", "tile_id": "174-cheongyang-mountain", "sheet_id": "174-cheongyang", "split": "development", "proposal_kind": "visible_linework_review_only", "backend": "grayscale_ridge_v1_skeleton_v1", "pixel_length": 38.456, "point_count": 7, "confidence": 0.7761, "review_status": "unreviewed"}, "geometry": {"type": "LineString", "coordinates": [[126.91359300419714, 36.46377859482873], [126.91359300419714, 36.46366369250035], [126.9138279649942, 36.4634721886197], [126.91406292579126, 36.463357286291306], [126.91439187090715, 36.463050880082264], [126.91439187090715, 36.46282107542549], [126.9142039022695, 36.4627061730971]]}}, {"type": "Feature", "properties": {"proposal_id": "visible-line-95", "tile_id": "174-cheongyang-mountain", "sheet_id": "174-cheongyang", "split": "development", "proposal_kind": "visible_linework_review_only", "backend": "grayscale_ridge_v1_skeleton_v1", "pixel_length": 39.556, "point_count": 6, "confidence": 0.7394, "review_status": "unreviewed"}, "geometry": {"type": "LineString", "coordinates": [[126.91359300419714, 36.46377859482873], [126.91368698851596, 36.463855196381], [126.91415691011008, 36.464008399485515], [126.91434487874774, 36.46416160259003], [126.91439187090715, 36.46423820414229], [126.91439187090715, 36.4648893173365]]}}, {"type": "Feature", "properties": {"proposal_id": "visible-line-96", "tile_id": "174-cheongyang-mountain", "sheet_id": "174-cheongyang", "split": "development", "proposal_kind": "visible_linework_review_only", "backend": "grayscale_ridge_v1_skeleton_v1", "pixel_length": 44.113, "point_count": 6, "confidence": 0.7516, "review_status": "unreviewed"}, "geometry": {"type": "LineString", "coordinates": [[126.91363999635655, 36.471400449278576], [126.9138279649942, 36.4711706446218], [126.91396894147243, 36.47094083996502], [126.91396894147243, 36.47082593763663], [126.91415691011008, 36.470557832203724], [126.91472081602303, 36.470098222890165]]}}, {"type": "Feature", "properties": {"proposal_id": "visible-line-97", "tile_id": "174-cheongyang-mountain", "sheet_id": "174-cheongyang", "split": "development", "proposal_kind": "visible_linework_review_only", "backend": "grayscale_ridge_v1_skeleton_v1", "pixel_length": 47.527, "point_count": 5, "confidence": 0.6975, "review_status": "unreviewed"}, "geometry": {"type": "LineString", "coordinates": [[126.91396894147243, 36.4843844123866], [126.91415691011008, 36.48461421704339], [126.91453284738539, 36.48484402170016], [126.91490878466068, 36.48518872868534], [126.91514374545774, 36.48576324032728]]}}, {"type": "Feature", "properties": {"proposal_id": "visible-line-98", "tile_id": "174-cheongyang-mountain", "sheet_id": "174-cheongyang", "split": "development", "proposal_kind": "visible_linework_review_only", "backend": "grayscale_ridge_v1_skeleton_v1", "pixel_length": 18.728, "point_count": 2, "confidence": 0.8441, "review_status": "unreviewed"}, "geometry": {"type": "LineString", "coordinates": [[126.91410991795067, 36.45393529536336], [126.91453284738539, 36.45336078372141]]}}, {"type": "Feature", "properties": {"proposal_id": "visible-line-99", "tile_id": "174-cheongyang-mountain", "sheet_id": "174-cheongyang", "split": "development", "proposal_kind": "visible_linework_review_only", "backend": "grayscale_ridge_v1_skeleton_v1", "pixel_length": 29.314, "point_count": 4, "confidence": 0.7084, "review_status": "unreviewed"}, "geometry": {"type": "LineString", "coordinates": [[126.9142039022695, 36.48771657990991], [126.91443886306656, 36.487793181462166], [126.91509675329833, 36.487869783014425], [126.91542569841423, 36.48802298611894]]}}, {"type": "Feature", "properties": {"proposal_id": "visible-line-100", "tile_id": "174-cheongyang-mountain", "sheet_id": "174-cheongyang", "split": "development", "proposal_kind": "visible_linework_review_only", "backend": "grayscale_ridge_v1_skeleton_v1", "pixel_length": 57.012, "point_count": 6, "confidence": 0.7274, "review_status": "unreviewed"}, "geometry": {"type": "LineString", "coordinates": [[126.91429788658833, 36.47975001847489], [126.91472081602303, 36.48013302623619], [126.91486179250127, 36.48017132701232], [126.91523772977656, 36.47997982313167], [126.91603659648658, 36.479443612265854], [126.91636554160247, 36.479443612265854]]}}, {"type": "Feature", "properties": {"proposal_id": "visible-line-101", "tile_id": "174-cheongyang-mountain", "sheet_id": "174-cheongyang", "split": "development", "proposal_kind": "visible_linework_review_only", "backend": "grayscale_ridge_v1_skeleton_v1", "pixel_length": 42.698, "point_count": 6, "confidence": 0.7714, "review_status": "unreviewed"}, "geometry": {"type": "LineString", "coordinates": [[126.91439187090715, 36.461097540499644], [126.91490878466068, 36.46136564593255], [126.91523772977656, 36.461672052141594], [126.91523772977656, 36.46178695446998], [126.91504976113892, 36.4619401575745], [126.91467382386362, 36.46205505990289]]}}, {"type": "Feature", "properties": {"proposal_id": "visible-line-102", "tile_id": "174-cheongyang-mountain", "sheet_id": "174-cheongyang", "split": "development", "proposal_kind": "visible_linework_review_only", "backend": "grayscale_ridge_v1_skeleton_v1", "pixel_length": 33.728, "point_count": 6, "confidence": 0.7375, "review_status": "unreviewed"}, "geometry": {"type": "LineString", "coordinates": [[126.91472081602303, 36.45673125202084], [126.91486179250127, 36.45646314658793], [126.91486179250127, 36.45615674037889], [126.91472081602303, 36.45592693572211], [126.91472081602303, 36.45573543184146], [126.91486179250127, 36.455582228736944]]}}, {"type": "Feature", "properties": {"proposal_id": "visible-line-103", "tile_id": "174-cheongyang-mountain", "sheet_id": "174-cheongyang", "split": "development", "proposal_kind": "visible_linework_review_only", "backend": "grayscale_ridge_v1_skeleton_v1", "pixel_length": 27.728, "point_count": 5, "confidence": 0.7153, "review_status": "unreviewed"}, "geometry": {"type": "LineString", "coordinates": [[126.91472081602303, 36.45673125202084], [126.9149557768201, 36.456884455125355], [126.91504976113892, 36.4571908613344], [126.91504976113892, 36.45742066599117], [126.91523772977656, 36.4575738690957]]}}, {"type": "Feature", "properties": {"proposal_id": "visible-line-104", "tile_id": "174-cheongyang-mountain", "sheet_id": "174-cheongyang", "split": "development", "proposal_kind": "visible_linework_review_only", "backend": "grayscale_ridge_v1_skeleton_v1", "pixel_length": 18.556, "point_count": 3, "confidence": 0.778, "review_status": "unreviewed"}, "geometry": {"type": "LineString", "coordinates": [[126.91481480034186, 36.47002162133791], [126.91509675329833, 36.46979181668112], [126.9153317140954, 36.46948541047209]]}}, {"type": "Feature", "properties": {"proposal_id": "visible-line-105", "tile_id": "174-cheongyang-mountain", "sheet_id": "174-cheongyang", "split": "development", "proposal_kind": "visible_linework_review_only", "backend": "grayscale_ridge_v1_skeleton_v1", "pixel_length": 18.243, "point_count": 3, "confidence": 0.7542, "review_status": "unreviewed"}, "geometry": {"type": "LineString", "coordinates": [[126.91490878466068, 36.452594768198814], [126.91519073761715, 36.45247986587042], [126.9157076513707, 36.45247986587042]]}}, {"type": "Feature", "properties": {"proposal_id": "visible-line-106", "tile_id": "174-cheongyang-mountain", "sheet_id": "174-cheongyang", "split": "development", "proposal_kind": "visible_linework_review_only", "backend": "grayscale_ridge_v1_skeleton_v1", "pixel_length": 70.284, "point_count": 11, "confidence": 0.755, "review_status": "unreviewed"}, "geometry": {"type": "LineString", "coordinates": [[126.9150027689795, 36.45163724879556], [126.91542569841423, 36.45159894801944], [126.91584862784893, 36.451484045691046], [126.91617757296481, 36.45133084258652], [126.91650651808071, 36.45133084258652], [126.91678847103718, 36.451484045691046], [126.91707042399365, 36.45152234646717], [126.9175873377472, 36.451369143362655], [126.91768132206602, 36.451292541810396], [126.91768132206602, 36.45113933870588], [126.91772831422543, 36.451101037929746]]}}, {"type": "Feature", "properties": {"proposal_id": "visible-line-107", "tile_id": "174-cheongyang-mountain", "sheet_id": "174-cheongyang", "split": "development", "proposal_kind": "visible_linework_review_only", "backend": "grayscale_ridge_v1_skeleton_v1", "pixel_length": 24.142, "point_count": 5, "confidence": 0.7111, "review_status": "unreviewed"}, "geometry": {"type": "LineString", "coordinates": [[126.91519073761715, 36.4837332991924], [126.91519073761715, 36.48350349453562], [126.91528472193599, 36.48342689298336], [126.91537870625481, 36.48342689298336], [126.91575464353011, 36.48380990074466]]}}, {"type": "Feature", "properties": {"proposal_id": "visible-line-108", "tile_id": "174-cheongyang-mountain", "sheet_id": "174-cheongyang", "split": "development", "proposal_kind": "visible_linework_review_only", "backend": "grayscale_ridge_v1_skeleton_v1", "pixel_length": 35.314, "point_count": 7, "confidence": 0.7031, "review_status": "unreviewed"}, "geometry": {"type": "LineString", "coordinates": [[126.91523772977656, 36.46040812652931], [126.9153317140954, 36.46033152497704], [126.91551968273305, 36.46029322420092], [126.91589562000834, 36.46029322420092], [126.9161305808054, 36.460369825753176], [126.91641253376189, 36.460369825753176], [126.91674147887777, 36.46048472808157]]}}, {"type": "Feature", "properties": {"proposal_id": "visible-line-109", "tile_id": "174-cheongyang-mountain", "sheet_id": "174-cheongyang", "split": "development", "proposal_kind": "visible_linework_review_only", "backend": "grayscale_ridge_v1_skeleton_v1", "pixel_length": 26.899, "point_count": 5, "confidence": 0.7147, "review_status": "unreviewed"}, "geometry": {"type": "LineString", "coordinates": [[126.91547269057364, 36.454931115542735], [126.91566065921128, 36.45477791243822], [126.91561366705187, 36.454471506229176], [126.91589562000834, 36.454356603900784], [126.9161305808054, 36.454356603900784]]}}, {"type": "Feature", "properties": {"proposal_id": "visible-line-110", "tile_id": "174-cheongyang-mountain", "sheet_id": "174-cheongyang", "split": "development", "proposal_kind": "visible_linework_review_only", "backend": "grayscale_ridge_v1_skeleton_v1", "pixel_length": 23.314, "point_count": 3, "confidence": 0.7113, "review_status": "unreviewed"}, "geometry": {"type": "LineString", "coordinates": [[126.91580163568952, 36.45198195578073], [126.9161305808054, 36.451943655004605], [126.91674147887777, 36.452211760437514]]}}, {"type": "Feature", "properties": {"proposal_id": "visible-line-111", "tile_id": "174-cheongyang-mountain", "sheet_id": "174-cheongyang", "split": "development", "proposal_kind": "visible_linework_review_only", "backend": "grayscale_ridge_v1_skeleton_v1", "pixel_length": 27.142, "point_count": 5, "confidence": 0.701, "review_status": "unreviewed"}, "geometry": {"type": "LineString", "coordinates": [[126.91603659648658, 36.46676605536686], [126.9161305808054, 36.46688095769525], [126.91622456512422, 36.46726396545655], [126.91636554160247, 36.467378867784944], [126.91669448671836, 36.46749377011333]]}}, {"type": "Feature", "properties": {"proposal_id": "visible-line-112", "tile_id": "174-cheongyang-mountain", "sheet_id": "174-cheongyang", "split": "development", "proposal_kind": "visible_linework_review_only", "backend": "grayscale_ridge_v1_skeleton_v1", "pixel_length": 64.87, "point_count": 5, "confidence": 0.7167, "review_status": "unreviewed"}, "geometry": {"type": "LineString", "coordinates": [[126.91608358864599, 36.45799517763312], [126.91716440831247, 36.45814838073764], [126.91768132206602, 36.45856968927507], [126.91796327502249, 36.45868459160346], [126.91871514957309, 36.45876119315572]]}}, {"type": "Feature", "properties": {"proposal_id": "visible-line-113", "tile_id": "174-cheongyang-mountain", "sheet_id": "174-cheongyang", "split": "development", "proposal_kind": "visible_linework_review_only", "backend": "grayscale_ridge_v1_skeleton_v1", "pixel_length": 75.456, "point_count": 9, "confidence": 0.7233, "review_status": "unreviewed"}, "geometry": {"type": "LineString", "coordinates": [[126.91641253376189, 36.45382039303497], [126.91650651808071, 36.45374379148271], [126.91669448671836, 36.45374379148271], [126.91721140047188, 36.45393529536336], [126.91782229854425, 36.453973596139484], [126.9180102671819, 36.45382039303497], [126.91805725934131, 36.45359058837819], [126.91824522797896, 36.45339908449754], [126.91932604764544, 36.45336078372141]]}}, {"type": "Feature", "properties": {"proposal_id": "visible-line-114", "tile_id": "174-cheongyang-mountain", "sheet_id": "174-cheongyang", "split": "development", "proposal_kind": "visible_linework_review_only", "backend": "grayscale_ridge_v1_skeleton_v1", "pixel_length": 18.485, "point_count": 4, "confidence": 0.7077, "review_status": "unreviewed"}, "geometry": {"type": "LineString", "coordinates": [[126.91655351024012, 36.47952021381811], [126.91664749455894, 36.47952021381811], [126.91702343183424, 36.47971171769876], [126.91730538479071, 36.47967341692263]]}}, {"type": "Feature", "properties": {"proposal_id": "visible-line-115", "tile_id": "174-cheongyang-mountain", "sheet_id": "174-cheongyang", "split": "development", "proposal_kind": "visible_linework_review_only", "backend": "grayscale_ridge_v1_skeleton_v1", "pixel_length": 56.971, "point_count": 8, "confidence": 0.7273, "review_status": "unreviewed"}, "geometry": {"type": "LineString", "coordinates": [[126.91711741615306, 36.460637931186085], [126.9176343299066, 36.460637931186085], [126.91786929070366, 36.460561329633826], [126.91810425150072, 36.460561329633826], [126.91829222013837, 36.46059963040995], [126.91895011037015, 36.460906036618994], [126.91951401628309, 36.460906036618994], [126.91956100844251, 36.46086773584286]]}}, {"type": "Feature", "properties": {"proposal_id": "visible-line-116", "tile_id": "174-cheongyang-mountain", "sheet_id": "174-cheongyang", "split": "development", "proposal_kind": "visible_linework_review_only", "backend": "grayscale_ridge_v1_skeleton_v1", "pixel_length": 31.314, "point_count": 6, "confidence": 0.8135, "review_status": "unreviewed"}, "geometry": {"type": "LineString", "coordinates": [[126.91716440831247, 36.4527096705272], [126.9176343299066, 36.4527096705272], [126.91815124366013, 36.45251816664655], [126.91824522797896, 36.45244156509429], [126.91824522797896, 36.452326662765905], [126.91815124366013, 36.45228836198977]]}}, {"type": "Feature", "properties": {"proposal_id": "visible-line-117", "tile_id": "174-cheongyang-mountain", "sheet_id": "174-cheongyang", "split": "development", "proposal_kind": "visible_linework_review_only", "backend": "grayscale_ridge_v1_skeleton_v1", "pixel_length": 24.142, "point_count": 4, "confidence": 0.6786, "review_status": "unreviewed"}, "geometry": {"type": "LineString", "coordinates": [[126.91721140047188, 36.48465251781951], [126.91754034558778, 36.484499314714995], [126.91786929070366, 36.484499314714995], [126.91815124366013, 36.48472911937178]]}}, {"type": "Feature", "properties": {"proposal_id": "visible-line-118", "tile_id": "174-cheongyang-mountain", "sheet_id": "174-cheongyang", "split": "development", "proposal_kind": "visible_linework_review_only", "backend": "grayscale_ridge_v1_skeleton_v1", "pixel_length": 24.142, "point_count": 4, "confidence": 0.6926, "review_status": "unreviewed"}, "geometry": {"type": "LineString", "coordinates": [[126.9172583926313, 36.46546382897845], [126.9176343299066, 36.46519572354554], [126.91782229854425, 36.46511912199328], [126.91819823581955, 36.46515742276941]]}}, {"type": "Feature", "properties": {"proposal_id": "visible-line-119", "tile_id": "174-cheongyang-mountain", "sheet_id": "174-cheongyang", "split": "development", "proposal_kind": "visible_linework_review_only", "backend": "grayscale_ridge_v1_skeleton_v1", "pixel_length": 24.485, "point_count": 4, "confidence": 0.697, "review_status": "unreviewed"}, "geometry": {"type": "LineString", "coordinates": [[126.9176343299066, 36.48982312259705], [126.91819823581955, 36.48982312259705], [126.9184331966166, 36.489746521044786], [126.91862116525427, 36.489555017164136]]}}, {"type": "Feature", "properties": {"proposal_id": "visible-line-120", "tile_id": "174-cheongyang-mountain", "sheet_id": "174-cheongyang", "split": "development", "proposal_kind": "visible_linework_review_only", "backend": "grayscale_ridge_v1_skeleton_v1", "pixel_length": 19.728, "point_count": 4, "confidence": 0.7241, "review_status": "unreviewed"}, "geometry": {"type": "LineString", "coordinates": [[126.91768132206602, 36.48898050552219], [126.91810425150072, 36.48917200940284], [126.91819823581955, 36.48917200940284], [126.9184331966166, 36.48932521250736]]}}, {"type": "Feature", "properties": {"proposal_id": "visible-line-121", "tile_id": "174-cheongyang-mountain", "sheet_id": "174-cheongyang", "split": "development", "proposal_kind": "visible_linework_review_only", "backend": "grayscale_ridge_v1_skeleton_v1", "pixel_length": 24.828, "point_count": 4, "confidence": 0.6654, "review_status": "unreviewed"}, "geometry": {"type": "LineString", "coordinates": [[126.91791628286308, 36.480669237102006], [126.91852718093544, 36.480669237102006], [126.91857417309485, 36.48070753787814], [126.91904409468897, 36.480669237102006]]}}, {"type": "Feature", "properties": {"proposal_id": "visible-line-122", "tile_id": "174-cheongyang-mountain", "sheet_id": "174-cheongyang", "split": "development", "proposal_kind": "visible_linework_review_only", "backend": "grayscale_ridge_v1_skeleton_v1", "pixel_length": 27.142, "point_count": 6, "confidence": 0.7167, "review_status": "unreviewed"}, "geometry": {"type": "LineString", "coordinates": [[126.91796327502249, 36.46856619184497], [126.91815124366013, 36.468681094173355], [126.91848018877603, 36.46871939494949], [126.9187621417325, 36.46883429727788], [126.91885612605132, 36.46891089883014], [126.91890311821074, 36.469064101934656]]}}, {"type": "Feature", "properties": {"proposal_id": "visible-line-123", "tile_id": "174-cheongyang-mountain", "sheet_id": "174-cheongyang", "split": "development", "proposal_kind": "visible_linework_review_only", "backend": "grayscale_ridge_v1_skeleton_v1", "pixel_length": 19.314, "point_count": 4, "confidence": 0.6948, "review_status": "unreviewed"}, "geometry": {"type": "LineString", "coordinates": [[126.91805725934131, 36.48181826038591], [126.91810425150072, 36.48166505728138], [126.91833921229778, 36.48147355340073], [126.91866815741368, 36.481396951848474]]}}, {"type": "Feature", "properties": {"proposal_id": "visible-line-124", "tile_id": "174-cheongyang-mountain", "sheet_id": "174-cheongyang", "split": "development", "proposal_kind": "visible_linework_review_only", "backend": "grayscale_ridge_v1_skeleton_v1", "pixel_length": 20.899, "point_count": 5, "confidence": 0.7257, "review_status": "unreviewed"}, "geometry": {"type": "LineString", "coordinates": [[126.91805725934131, 36.45477791243822], [126.91819823581955, 36.45496941631886], [126.91819823581955, 36.45519922097564], [126.91833921229778, 36.455314123304035], [126.91852718093544, 36.45535242408016]]}}, {"type": "Feature", "properties": {"proposal_id": "visible-line-125", "tile_id": "174-cheongyang-mountain", "sheet_id": "174-cheongyang", "split": "development", "proposal_kind": "visible_linework_review_only", "backend": "grayscale_ridge_v1_skeleton_v1", "pixel_length": 39.385, "point_count": 6, "confidence": 0.7197, "review_status": "unreviewed"}, "geometry": {"type": "LineString", "coordinates": [[126.9184331966166, 36.45608013882663], [126.91885612605132, 36.45619504115502], [126.91923206332662, 36.45619504115502], [126.91960800060193, 36.45596523649824], [126.91965499276134, 36.45573543184146], [126.91979596923957, 36.45562052951307]]}}, {"type": "Feature", "properties": {"proposal_id": "visible-line-126", "tile_id": "174-cheongyang-mountain", "sheet_id": "174-cheongyang", "split": "development", "proposal_kind": "visible_linework_review_only", "backend": "grayscale_ridge_v1_skeleton_v1", "pixel_length": 39.799, "point_count": 5, "confidence": 0.7192, "review_status": "unreviewed"}, "geometry": {"type": "LineString", "coordinates": [[126.91852718093544, 36.456807853573096], [126.91857417309485, 36.45692275590149], [126.91885612605132, 36.457152560558264], [126.9191380790078, 36.457267462886655], [126.92003093003663, 36.45742066599117]]}}, {"type": "Feature", "properties": {"proposal_id": "visible-line-127", "tile_id": "174-cheongyang-mountain", "sheet_id": "174-cheongyang", "split": "development", "proposal_kind": "visible_linework_review_only", "backend": "grayscale_ridge_v1_skeleton_v1", "pixel_length": 27.071, "point_count": 4, "confidence": 0.7201, "review_status": "unreviewed"}, "geometry": {"type": "LineString", "coordinates": [[126.91866815741368, 36.47021312521856], [126.91866815741368, 36.469983320561774], [126.91890311821074, 36.469447109695956], [126.91890311821074, 36.469255605815306]]}}, {"type": "Feature", "properties": {"proposal_id": "visible-line-128", "tile_id": "174-cheongyang-mountain", "sheet_id": "174-cheongyang", "split": "development", "proposal_kind": "visible_linework_review_only", "backend": "grayscale_ridge_v1_skeleton_v1", "pixel_length": 19.728, "point_count": 5, "confidence": 0.758, "review_status": "unreviewed"}, "geometry": {"type": "LineString", "coordinates": [[126.91871514957309, 36.47032802754694], [126.91890311821074, 36.470481230651465], [126.9191380790078, 36.470481230651465], [126.91932604764544, 36.47032802754694], [126.91937303980485, 36.47021312521856]]}}, {"type": "Feature", "properties": {"proposal_id": "visible-line-129", "tile_id": "174-cheongyang-mountain", "sheet_id": "174-cheongyang", "split": "development", "proposal_kind": "visible_linework_review_only", "backend": "grayscale_ridge_v1_skeleton_v1", "pixel_length": 68.426, "point_count": 8, "confidence": 0.7479, "review_status": "unreviewed"}, "geometry": {"type": "LineString", "coordinates": [[126.91890311821074, 36.45879949393185], [126.9191380790078, 36.45887609548411], [126.91942003196426, 36.45910590014089], [126.91965499276134, 36.459603810230576], [126.9198899535584, 36.45983361488736], [126.92059483594957, 36.46010172032027], [126.92068882026841, 36.460178321872526], [126.92082979674665, 36.46052302885769]]}}, {"type": "Feature", "properties": {"proposal_id": "visible-line-130", "tile_id": "174-cheongyang-mountain", "sheet_id": "174-cheongyang", "split": "development", "proposal_kind": "visible_linework_review_only", "backend": "grayscale_ridge_v1_skeleton_v1", "pixel_length": 49.113, "point_count": 7, "confidence": 0.7589, "review_status": "unreviewed"}, "geometry": {"type": "LineString", "coordinates": [[126.91904409468897, 36.46331898551517], [126.9191850711672, 36.463433887843564], [126.91965499276134, 36.463625391724214], [126.92007792219604, 36.46370199327647], [126.9203128829931, 36.463816895604864], [126.92059483594957, 36.46404670026164], [126.92073581242782, 36.46431480569455]]}}, {"type": "Feature", "properties": {"proposal_id": "visible-line-131", "tile_id": "174-cheongyang-mountain", "sheet_id": "174-cheongyang", "split": "development", "proposal_kind": "visible_linework_review_only", "backend": "grayscale_ridge_v1_skeleton_v1", "pixel_length": 21.243, "point_count": 3, "confidence": 0.7953, "review_status": "unreviewed"}, "geometry": {"type": "LineString", "coordinates": [[126.91909108684838, 36.451484045691046], [126.91960800060193, 36.451369143362655], [126.92003093003663, 36.451369143362655]]}}, {"type": "Feature", "properties": {"proposal_id": "visible-line-132", "tile_id": "174-cheongyang-mountain", "sheet_id": "174-cheongyang", "split": "development", "proposal_kind": "visible_linework_review_only", "backend": "grayscale_ridge_v1_skeleton_v1", "pixel_length": 38.728, "point_count": 5, "confidence": 0.7531, "review_status": "unreviewed"}, "geometry": {"type": "LineString", "coordinates": [[126.9191380790078, 36.452403264318164], [126.9191380790078, 36.45228836198977], [126.91937303980485, 36.452135158885255], [126.92012491435545, 36.45205855733299], [126.920641828109, 36.451943655004605]]}}, {"type": "Feature", "properties": {"proposal_id": "visible-line-133", "tile_id": "174-cheongyang-mountain", "sheet_id": "174-cheongyang", "split": "development", "proposal_kind": "visible_linework_review_only", "backend": "grayscale_ridge_v1_skeleton_v1", "pixel_length": 78.569, "point_count": 11, "confidence": 0.7383, "review_status": "unreviewed"}, "geometry": {"type": "LineString", "coordinates": [[126.91946702412368, 36.46753207088946], [126.91960800060193, 36.46764697321785], [126.91984296139898, 36.46772357477011], [126.92017190651487, 36.46799168020302], [126.92021889867428, 36.46818318408367], [126.92035987515251, 36.46841298874045], [126.92054784379016, 36.46856619184497], [126.92087678890606, 36.468681094173355], [126.92120573402194, 36.468949199606264], [126.92139370265959, 36.46940880891982], [126.92167565561607, 36.469638613576606]]}}, {"type": "Feature", "properties": {"proposal_id": "visible-line-134", "tile_id": "174-cheongyang-mountain", "sheet_id": "174-cheongyang", "split": "development", "proposal_kind": "visible_linework_review_only", "backend": "grayscale_ridge_v1_skeleton_v1", "pixel_length": 39.627, "point_count": 6, "confidence": 0.7351, "review_status": "unreviewed"}, "geometry": {"type": "LineString", "coordinates": [[126.9198899535584, 36.45554392796081], [126.92021889867428, 36.45554392796081], [126.92059483594957, 36.4556588302892], [126.92097077322488, 36.45592693572211], [126.92115874186253, 36.45611843960276], [126.92125272618135, 36.45630994348341]]}}, {"type": "Feature", "properties": {"proposal_id": "visible-line-135", "tile_id": "174-cheongyang-mountain", "sheet_id": "174-cheongyang", "split": "development", "proposal_kind": "visible_linework_review_only", "backend": "grayscale_ridge_v1_skeleton_v1", "pixel_length": 18.314, "point_count": 3, "confidence": 0.7556, "review_status": "unreviewed"}, "geometry": {"type": "LineString", "coordinates": [[126.92012491435545, 36.48576324032728], [126.92054784379016, 36.48549513489437], [126.92082979674665, 36.485533435670504]]}}, {"type": "Feature", "properties": {"proposal_id": "visible-line-136", "tile_id": "174-cheongyang-mountain", "sheet_id": "174-cheongyang", "split": "development", "proposal_kind": "visible_linework_review_only", "backend": "grayscale_ridge_v1_skeleton_v1", "pixel_length": 41.284, "point_count": 6, "confidence": 0.7482, "review_status": "unreviewed"}, "geometry": {"type": "LineString", "coordinates": [[126.92017190651487, 36.457458966767305], [126.92059483594957, 36.45761216987182], [126.92111174970312, 36.45799517763312], [126.92139370265959, 36.458110079961514], [126.92153467913782, 36.458110079961514], [126.92172264777548, 36.458224982289906]]}}, {"type": "Feature", "properties": {"proposal_id": "visible-line-137", "tile_id": "174-cheongyang-mountain", "sheet_id": "174-cheongyang", "split": "development", "proposal_kind": "visible_linework_review_only", "backend": "grayscale_ridge_v1_skeleton_v1", "pixel_length": 26.385, "point_count": 3, "confidence": 0.7455, "review_status": "unreviewed"}, "geometry": {"type": "LineString", "coordinates": [[126.92021889867428, 36.48032453011684], [126.92082979674665, 36.47990322157941], [126.92120573402194, 36.479826620027154]]}}, {"type": "Feature", "properties": {"proposal_id": "visible-line-138", "tile_id": "174-cheongyang-mountain", "sheet_id": "174-cheongyang", "split": "development", "proposal_kind": "visible_linework_review_only", "backend": "grayscale_ridge_v1_skeleton_v1", "pixel_length": 54.698, "point_count": 8, "confidence": 0.7075, "review_status": "unreviewed"}, "geometry": {"type": "LineString", "coordinates": [[126.9203128829931, 36.48350349453562], [126.92050085163075, 36.48369499841627], [126.920641828109, 36.4837332991924], [126.92078280458723, 36.483848201520786], [126.92115874186253, 36.4843844123866], [126.92129971834076, 36.484422713162736], [126.9218166320943, 36.484422713162736], [126.92214557721019, 36.484575916267254]]}}, {"type": "Feature", "properties": {"proposal_id": "visible-line-139", "tile_id": "174-cheongyang-mountain", "sheet_id": "174-cheongyang", "split": "development", "proposal_kind": "visible_linework_review_only", "backend": "grayscale_ridge_v1_skeleton_v1", "pixel_length": 21.799, "point_count": 2, "confidence": 0.6507, "review_status": "unreviewed"}, "geometry": {"type": "LineString", "coordinates": [[126.92035987515251, 36.469715215128865], [126.9210647575437, 36.470289726770815]]}}, {"type": "Feature", "properties": {"proposal_id": "visible-line-140", "tile_id": "174-cheongyang-mountain", "sheet_id": "174-cheongyang", "split": "development", "proposal_kind": "visible_linework_review_only", "backend": "grayscale_ridge_v1_skeleton_v1", "pixel_length": 30.314, "point_count": 5, "confidence": 0.6952, "review_status": "unreviewed"}, "geometry": {"type": "LineString", "coordinates": [[126.92054784379016, 36.47381339817476], [126.92115874186253, 36.47377509739863], [126.92134671050017, 36.47369849584637], [126.92153467913782, 36.47354529274185], [126.92158167129723, 36.47331548808507]]}}, {"type": "Feature", "properties": {"proposal_id": "visible-line-141", "tile_id": "174-cheongyang-mountain", "sheet_id": "174-cheongyang", "split": "development", "proposal_kind": "visible_linework_review_only", "backend": "grayscale_ridge_v1_skeleton_v1", "pixel_length": 54.184, "point_count": 4, "confidence": 0.7769, "review_status": "unreviewed"}, "geometry": {"type": "LineString", "coordinates": [[126.92078280458723, 36.4645063095752], [126.921440694819, 36.46538722742619], [126.9218166320943, 36.46573193441136], [126.92205159289136, 36.466153242948785]]}}, {"type": "Feature", "properties": {"proposal_id": "visible-line-142", "tile_id": "174-cheongyang-mountain", "sheet_id": "174-cheongyang", "split": "development", "proposal_kind": "visible_linework_review_only", "backend": "grayscale_ridge_v1_skeleton_v1", "pixel_length": 24.485, "point_count": 5, "confidence": 0.6774, "review_status": "unreviewed"}, "geometry": {"type": "LineString", "coordinates": [[126.92082979674665, 36.47239626945795], [126.92082979674665, 36.47220476557731], [126.92097077322488, 36.4719366601444], [126.9210647575437, 36.471860058592135], [126.921440694819, 36.47182175781601]]}}, {"type": "Feature", "properties": {"proposal_id": "visible-line-143", "tile_id": "174-cheongyang-mountain", "sheet_id": "174-cheongyang", "split": "development", "proposal_kind": "visible_linework_review_only", "backend": "grayscale_ridge_v1_skeleton_v1", "pixel_length": 27.799, "point_count": 4, "confidence": 0.7054, "review_status": "unreviewed"}, "geometry": {"type": "LineString", "coordinates": [[126.92082979674665, 36.47239626945795], [126.92101776538429, 36.47266437489087], [126.92125272618135, 36.472817577995386], [126.92153467913782, 36.473200585756686]]}}, {"type": "Feature", "properties": {"proposal_id": "visible-line-144", "tile_id": "174-cheongyang-mountain", "sheet_id": "174-cheongyang", "split": "development", "proposal_kind": "visible_linework_review_only", "backend": "grayscale_ridge_v1_skeleton_v1", "pixel_length": 25.971, "point_count": 5, "confidence": 0.7909, "review_status": "unreviewed"}, "geometry": {"type": "LineString", "coordinates": [[126.92082979674665, 36.463433887843564], [126.92097077322488, 36.46351048939582], [126.92120573402194, 36.463548790171956], [126.92148768697841, 36.46377859482873], [126.92162866345664, 36.46404670026164]]}}, {"type": "Feature", "properties": {"proposal_id": "visible-line-145", "tile_id": "174-cheongyang-mountain", "sheet_id": "174-cheongyang", "split": "development", "proposal_kind": "visible_linework_review_only", "backend": "grayscale_ridge_v1_skeleton_v1", "pixel_length": 35.728, "point_count": 4, "confidence": 0.7359, "review_status": "unreviewed"}, "geometry": {"type": "LineString", "coordinates": [[126.92087678890606, 36.482814080565284], [126.92148768697841, 36.48285238134141], [126.92205159289136, 36.48308218599819], [126.92238053800725, 36.48315878755045]]}}, {"type": "Feature", "properties": {"proposal_id": "visible-line-146", "tile_id": "174-cheongyang-mountain", "sheet_id": "174-cheongyang", "split": "development", "proposal_kind": "visible_linework_review_only", "backend": "grayscale_ridge_v1_skeleton_v1", "pixel_length": 35.556, "point_count": 7, "confidence": 0.7197, "review_status": "unreviewed"}, "geometry": {"type": "LineString", "coordinates": [[126.92097077322488, 36.466919258471385], [126.92097077322488, 36.466804356142994], [126.92115874186253, 36.46665115303848], [126.92167565561607, 36.4666894538146], [126.92191061641313, 36.466612852262344], [126.92209858505078, 36.46645964915783], [126.92209858505078, 36.46630644605331]]}}, {"type": "Feature", "properties": {"proposal_id": "visible-line-147", "tile_id": "174-cheongyang-mountain", "sheet_id": "174-cheongyang", "split": "development", "proposal_kind": "visible_linework_review_only", "backend": "grayscale_ridge_v1_skeleton_v1", "pixel_length": 19.142, "point_count": 3, "confidence": 0.7191, "review_status": "unreviewed"}, "geometry": {"type": "LineString", "coordinates": [[126.92097077322488, 36.466919258471385], [126.92125272618135, 36.467187363904294], [126.92158167129723, 36.467378867784944]]}}, {"type": "Feature", "properties": {"proposal_id": "visible-line-148", "tile_id": "174-cheongyang-mountain", "sheet_id": "174-cheongyang", "split": "development", "proposal_kind": "visible_linework_review_only", "backend": "grayscale_ridge_v1_skeleton_v1", "pixel_length": 24.142, "point_count": 4, "confidence": 0.8209, "review_status": "unreviewed"}, "geometry": {"type": "LineString", "coordinates": [[126.92111174970312, 36.45179045190008], [126.9217696399349, 36.45205855733299], [126.92186362425372, 36.45205855733299], [126.92205159289136, 36.45217345966138]]}}, {"type": "Feature", "properties": {"proposal_id": "visible-line-149", "tile_id": "174-cheongyang-mountain", "sheet_id": "174-cheongyang", "split": "development", "proposal_kind": "visible_linework_review_only", "backend": "grayscale_ridge_v1_skeleton_v1", "pixel_length": 20.243, "point_count": 4, "confidence": 0.6569, "review_status": "unreviewed"}, "geometry": {"type": "LineString", "coordinates": [[126.92162866345664, 36.46067623196222], [126.92172264777548, 36.460446427305435], [126.92172264777548, 36.459986817991876], [126.92167565561607, 36.45994851721575]]}}, {"type": "Feature", "properties": {"proposal_id": "visible-line-150", "tile_id": "174-cheongyang-mountain", "sheet_id": "174-cheongyang", "split": "development", "proposal_kind": "visible_linework_review_only", "backend": "grayscale_ridge_v1_skeleton_v1", "pixel_length": 34.042, "point_count": 6, "confidence": 0.7543, "review_status": "unreviewed"}, "geometry": {"type": "LineString", "coordinates": [[126.9217696399349, 36.467570371665595], [126.92186362425372, 36.46772357477011], [126.92205159289136, 36.46787677787463], [126.92233354584783, 36.46799168020302], [126.92252151448548, 36.46814488330754], [126.92270948312313, 36.468489590292705]]}}, {"type": "Feature", "properties": {"proposal_id": "visible-line-151", "tile_id": "174-cheongyang-mountain", "sheet_id": "174-cheongyang", "split": "development", "proposal_kind": "visible_linework_review_only", "backend": "grayscale_ridge_v1_skeleton_v1", "pixel_length": 20.142, "point_count": 3, "confidence": 0.6697, "review_status": "unreviewed"}, "geometry": {"type": "LineString", "coordinates": [[126.9217696399349, 36.45412679924401], [126.92191061641313, 36.45443320545304], [126.92223956152901, 36.454739611662085]]}}, {"type": "Feature", "properties": {"proposal_id": "visible-line-152", "tile_id": "174-cheongyang-mountain", "sheet_id": "174-cheongyang", "split": "development", "proposal_kind": "visible_linework_review_only", "backend": "grayscale_ridge_v1_skeleton_v1", "pixel_length": 24.899, "point_count": 3, "confidence": 0.6883, "review_status": "unreviewed"}, "geometry": {"type": "LineString", "coordinates": [[126.92223956152901, 36.47189835936827], [126.92289745176079, 36.47216646480118], [126.92327338903608, 36.47216646480118]]}}, {"type": "Feature", "properties": {"proposal_id": "visible-line-153", "tile_id": "174-cheongyang-mountain", "sheet_id": "174-cheongyang", "split": "development", "proposal_kind": "visible_linework_review_only", "backend": "grayscale_ridge_v1_skeleton_v1", "pixel_length": 29.071, "point_count": 3, "confidence": 0.7073, "review_status": "unreviewed"}, "geometry": {"type": "LineString", "coordinates": [[126.92228655368842, 36.47863929596713], [126.92275647528255, 36.4784860928626], [126.92355534199255, 36.478524393638736]]}}, {"type": "Feature", "properties": {"proposal_id": "visible-line-154", "tile_id": "174-cheongyang-mountain", "sheet_id": "174-cheongyang", "split": "development", "proposal_kind": "visible_linework_review_only", "backend": "grayscale_ridge_v1_skeleton_v1", "pixel_length": 29.899, "point_count": 4, "confidence": 0.7035, "review_status": "unreviewed"}, "geometry": {"type": "LineString", "coordinates": [[126.92238053800725, 36.45788027530473], [126.92275647528255, 36.457956876857], [126.92285045960138, 36.458224982289906], [126.92341436551432, 36.45833988461829]]}}, {"type": "Feature", "properties": {"proposal_id": "visible-line-155", "tile_id": "174-cheongyang-mountain", "sheet_id": "174-cheongyang", "split": "development", "proposal_kind": "visible_linework_review_only", "backend": "grayscale_ridge_v1_skeleton_v1", "pixel_length": 22.556, "point_count": 4, "confidence": 0.7523, "review_status": "unreviewed"}, "geometry": {"type": "LineString", "coordinates": [[126.9226154988043, 36.46496591888876], [126.92270948312313, 36.46511912199328], [126.92303842823902, 36.46538722742619], [126.9233673733549, 36.46546382897845]]}}, {"type": "Feature", "properties": {"proposal_id": "visible-line-156", "tile_id": "174-cheongyang-mountain", "sheet_id": "174-cheongyang", "split": "development", "proposal_kind": "visible_linework_review_only", "backend": "grayscale_ridge_v1_skeleton_v1", "pixel_length": 18.314, "point_count": 4, "confidence": 0.6725, "review_status": "unreviewed"}, "geometry": {"type": "LineString", "coordinates": [[126.92275647528255, 36.453245881393016], [126.92285045960138, 36.453245881393016], [126.92322639687667, 36.45297777596011], [126.92346135767373, 36.45293947518398]]}}, {"type": "Feature", "properties": {"proposal_id": "visible-line-157", "tile_id": "174-cheongyang-mountain", "sheet_id": "174-cheongyang", "split": "development", "proposal_kind": "visible_linework_review_only", "backend": "grayscale_ridge_v1_skeleton_v1", "pixel_length": 22.071, "point_count": 3, "confidence": 0.6857, "review_status": "unreviewed"}, "geometry": {"type": "LineString", "coordinates": [[126.9229444439202, 36.48649095507375], [126.9233673733549, 36.48649095507375], [126.92388428710845, 36.4866824589544]]}}, {"type": "Feature", "properties": {"proposal_id": "visible-line-158", "tile_id": "174-cheongyang-mountain", "sheet_id": "174-cheongyang", "split": "development", "proposal_kind": "visible_linework_review_only", "backend": "grayscale_ridge_v1_skeleton_v1", "pixel_length": 47.941, "point_count": 7, "confidence": 0.7105, "review_status": "unreviewed"}, "geometry": {"type": "LineString", "coordinates": [[126.92299143607961, 36.46002511876801], [126.92369631847079, 36.45945060712606], [126.9237433106302, 36.45933570479767], [126.92369631847079, 36.45918250169315], [126.92327338903608, 36.45891439626024], [126.92327338903608, 36.45872289237959], [126.92322639687667, 36.45868459160346]]}}, {"type": "Feature", "properties": {"proposal_id": "visible-line-159", "tile_id": "174-cheongyang-mountain", "sheet_id": "174-cheongyang", "split": "development", "proposal_kind": "visible_linework_review_only", "backend": "grayscale_ridge_v1_skeleton_v1", "pixel_length": 28.728, "point_count": 5, "confidence": 0.7293, "review_status": "unreviewed"}, "geometry": {"type": "LineString", "coordinates": [[126.9233203811955, 36.46010172032027], [126.92350834983314, 36.46021662264866], [126.92416624006492, 36.46014002109639], [126.92430721654316, 36.460178321872526], [126.92444819302139, 36.46033152497704]]}}, {"type": "Feature", "properties": {"proposal_id": "visible-line-160", "tile_id": "174-cheongyang-mountain", "sheet_id": "174-cheongyang", "split": "development", "proposal_kind": "visible_linework_review_only", "backend": "grayscale_ridge_v1_skeleton_v1", "pixel_length": 19.414, "point_count": 3, "confidence": 0.6878, "review_status": "unreviewed"}, "geometry": {"type": "LineString", "coordinates": [[126.92341436551432, 36.452135158885255], [126.92426022438374, 36.452135158885255], [126.92430721654316, 36.45217345966138]]}}, {"type": "Feature", "properties": {"proposal_id": "visible-line-161", "tile_id": "174-cheongyang-mountain", "sheet_id": "174-cheongyang", "split": "development", "proposal_kind": "visible_linework_review_only", "backend": "grayscale_ridge_v1_skeleton_v1", "pixel_length": 18.243, "point_count": 3, "confidence": 0.707, "review_status": "unreviewed"}, "geometry": {"type": "LineString", "coordinates": [[126.92350834983314, 36.47511562456318], [126.92369631847079, 36.475039023010915], [126.92430721654316, 36.47500072223479]]}}, {"type": "Feature", "properties": {"proposal_id": "visible-line-162", "tile_id": "174-cheongyang-mountain", "sheet_id": "174-cheongyang", "split": "development", "proposal_kind": "visible_linework_review_only", "backend": "grayscale_ridge_v1_skeleton_v1", "pixel_length": 28.314, "point_count": 3, "confidence": 0.6816, "review_status": "unreviewed"}, "geometry": {"type": "LineString", "coordinates": [[126.92355534199255, 36.47546033154835], [126.92388428710845, 36.475498632324474], [126.92473014597786, 36.475230526891565]]}}, {"type": "Feature", "properties": {"proposal_id": "visible-line-163", "tile_id": "174-cheongyang-mountain", "sheet_id": "174-cheongyang", "split": "development", "proposal_kind": "visible_linework_review_only", "backend": "grayscale_ridge_v1_skeleton_v1", "pixel_length": 24.728, "point_count": 6, "confidence": 0.7041, "review_status": "unreviewed"}, "geometry": {"type": "LineString", "coordinates": [[126.92364932631138, 36.463740294052606], [126.92364932631138, 36.463625391724214], [126.92388428710845, 36.463433887843564], [126.92402526358669, 36.46339558706744], [126.92411924790551, 36.46328068473905], [126.9240722557461, 36.46301257930614]]}}, {"type": "Feature", "properties": {"proposal_id": "visible-line-164", "tile_id": "174-cheongyang-mountain", "sheet_id": "174-cheongyang", "split": "development", "proposal_kind": "visible_linework_review_only", "backend": "grayscale_ridge_v1_skeleton_v1", "pixel_length": 24.142, "point_count": 3, "confidence": 0.7494, "review_status": "unreviewed"}, "geometry": {"type": "LineString", "coordinates": [[126.9237433106302, 36.46573193441136], [126.92383729494904, 36.46600003984427], [126.92421323222433, 36.46649794993395]]}}, {"type": "Feature", "properties": {"proposal_id": "visible-line-165", "tile_id": "174-cheongyang-mountain", "sheet_id": "174-cheongyang", "split": "development", "proposal_kind": "visible_linework_review_only", "backend": "grayscale_ridge_v1_skeleton_v1", "pixel_length": 23.728, "point_count": 5, "confidence": 0.7352, "review_status": "unreviewed"}, "geometry": {"type": "LineString", "coordinates": [[126.92379030278961, 36.45876119315572], [126.9240722557461, 36.45895269703637], [126.92416624006492, 36.45910590014089], [126.92416624006492, 36.45929740402154], [126.9240722557461, 36.45948890790219]]}}, {"type": "Feature", "properties": {"proposal_id": "visible-line-166", "tile_id": "174-cheongyang-mountain", "sheet_id": "174-cheongyang", "split": "development", "proposal_kind": "visible_linework_review_only", "backend": "grayscale_ridge_v1_skeleton_v1", "pixel_length": 23.728, "point_count": 4, "confidence": 0.6937, "review_status": "unreviewed"}, "geometry": {"type": "LineString", "coordinates": [[126.92383729494904, 36.47603484319029], [126.92430721654316, 36.475881640085774], [126.92444819302139, 36.475881640085774], [126.92477713813727, 36.475690136205124]]}}, {"type": "Feature", "properties": {"proposal_id": "visible-line-167", "tile_id": "174-cheongyang-mountain", "sheet_id": "174-cheongyang", "split": "development", "proposal_kind": "visible_linework_review_only", "backend": "grayscale_ridge_v1_skeleton_v1", "pixel_length": 29.142, "point_count": 8, "confidence": 0.7339, "review_status": "unreviewed"}, "geometry": {"type": "LineString", "coordinates": [[126.92411924790551, 36.476188046294816], [126.92421323222433, 36.47622634707094], [126.92430721654316, 36.47614974551868], [126.9244951851808, 36.476073143966424], [126.92463616165904, 36.476073143966424], [126.92473014597786, 36.475996542414165], [126.92491811461552, 36.475996542414165], [126.92529405189082, 36.475881640085774]]}}, {"type": "Feature", "properties": {"proposal_id": "visible-line-168", "tile_id": "174-cheongyang-mountain", "sheet_id": "174-cheongyang", "split": "development", "proposal_kind": "visible_linework_review_only", "backend": "grayscale_ridge_v1_skeleton_v1", "pixel_length": 25.385, "point_count": 4, "confidence": 0.733, "review_status": "unreviewed"}, "geometry": {"type": "LineString", "coordinates": [[126.92426022438374, 36.478524393638736], [126.92440120086198, 36.4784860928626], [126.92463616165904, 36.47829458898195], [126.92496510677493, 36.4778349796684]]}}, {"type": "Feature", "properties": {"proposal_id": "visible-line-169", "tile_id": "174-cheongyang-mountain", "sheet_id": "174-cheongyang", "split": "development", "proposal_kind": "visible_linework_review_only", "backend": "grayscale_ridge_v1_skeleton_v1", "pixel_length": 64.941, "point_count": 10, "confidence": 0.7324, "review_status": "unreviewed"}, "geometry": {"type": "LineString", "coordinates": [[126.92430721654316, 36.469638613576606], [126.9244951851808, 36.469638613576606], [126.92482413029668, 36.469753515905], [126.92510608325317, 36.46994501978564], [126.92566998916611, 36.47021312521856], [126.92604592644142, 36.47025142599468], [126.92623389507906, 36.47032802754694], [126.92642186371671, 36.470481230651465], [126.92642186371671, 36.47071103530824], [126.92632787939789, 36.47086423841276]]}}, {"type": "Feature", "properties": {"proposal_id": "visible-line-170", "tile_id": "174-cheongyang-mountain", "sheet_id": "174-cheongyang", "split": "development", "proposal_kind": "visible_linework_review_only", "backend": "grayscale_ridge_v1_skeleton_v1", "pixel_length": 19.728, "point_count": 5, "confidence": 0.7336, "review_status": "unreviewed"}, "geometry": {"type": "LineString", "coordinates": [[126.92430721654316, 36.46714906312816], [126.92435420870257, 36.467187363904294], [126.92435420870257, 36.46734056700881], [126.92444819302139, 36.4674554693372], [126.92482413029668, 36.46768527399398]]}}, {"type": "Feature", "properties": {"proposal_id": "visible-line-171", "tile_id": "174-cheongyang-mountain", "sheet_id": "174-cheongyang", "split": "development", "proposal_kind": "visible_linework_review_only", "backend": "grayscale_ridge_v1_skeleton_v1", "pixel_length": 47.627, "point_count": 6, "confidence": 0.7387, "review_status": "unreviewed"}, "geometry": {"type": "LineString", "coordinates": [[126.9244951851808, 36.48944011483575], [126.92538803620964, 36.48982312259705], [126.92557600484729, 36.48982312259705], [126.92576397348493, 36.489938024925436], [126.92613991076024, 36.490014626477695], [126.92642186371671, 36.48997632570157]]}}, {"type": "Feature", "properties": {"proposal_id": "visible-line-172", "tile_id": "174-cheongyang-mountain", "sheet_id": "174-cheongyang", "split": "development", "proposal_kind": "visible_linework_review_only", "backend": "grayscale_ridge_v1_skeleton_v1", "pixel_length": 21.899, "point_count": 4, "confidence": 0.7475, "review_status": "unreviewed"}, "geometry": {"type": "LineString", "coordinates": [[126.9244951851808, 36.4607911342906], [126.92463616165904, 36.460906036618994], [126.92510608325317, 36.46094433739513], [126.92538803620964, 36.46105923972351]]}}, {"type": "Feature", "properties": {"proposal_id": "visible-line-173", "tile_id": "174-cheongyang-mountain", "sheet_id": "174-cheongyang", "split": "development", "proposal_kind": "visible_linework_review_only", "backend": "grayscale_ridge_v1_skeleton_v1", "pixel_length": 25.485, "point_count": 4, "confidence": 0.7855, "review_status": "unreviewed"}, "geometry": {"type": "LineString", "coordinates": [[126.92458916949963, 36.46515742276941], [126.92458916949963, 36.4648893173365], [126.92482413029668, 36.46454461035133], [126.92477713813727, 36.46427650491842]]}}, {"type": "Feature", "properties": {"proposal_id": "visible-line-174", "tile_id": "174-cheongyang-mountain", "sheet_id": "174-cheongyang", "split": "development", "proposal_kind": "visible_linework_review_only", "backend": "grayscale_ridge_v1_skeleton_v1", "pixel_length": 34.456, "point_count": 4, "confidence": 0.7758, "review_status": "unreviewed"}, "geometry": {"type": "LineString", "coordinates": [[126.92458916949963, 36.46515742276941], [126.92496510677493, 36.46546382897845], [126.92552901268787, 36.4656553328591], [126.92581096564435, 36.465885137515876]]}}, {"type": "Feature", "properties": {"proposal_id": "visible-line-175", "tile_id": "174-cheongyang-mountain", "sheet_id": "174-cheongyang", "split": "development", "proposal_kind": "visible_linework_review_only", "backend": "grayscale_ridge_v1_skeleton_v1", "pixel_length": 20.728, "point_count": 4, "confidence": 0.7207, "review_status": "unreviewed"}, "geometry": {"type": "LineString", "coordinates": [[126.92491811461552, 36.4748858199064], [126.9252470597314, 36.47461771447349], [126.9252470597314, 36.47442621059284], [126.92510608325317, 36.47427300748832]]}}, {"type": "Feature", "properties": {"proposal_id": "visible-line-176", "tile_id": "174-cheongyang-mountain", "sheet_id": "174-cheongyang", "split": "development", "proposal_kind": "visible_linework_review_only", "backend": "grayscale_ridge_v1_skeleton_v1", "pixel_length": 18.485, "point_count": 4, "confidence": 0.6597, "review_status": "unreviewed"}, "geometry": {"type": "LineString", "coordinates": [[126.92505909109376, 36.47553693310061], [126.92557600484729, 36.475422030772215], [126.92571698132552, 36.47530712844382], [126.92571698132552, 36.475230526891565]]}}, {"type": "Feature", "properties": {"proposal_id": "visible-line-177", "tile_id": "174-cheongyang-mountain", "sheet_id": "174-cheongyang", "split": "development", "proposal_kind": "visible_linework_review_only", "backend": "grayscale_ridge_v1_skeleton_v1", "pixel_length": 28.728, "point_count": 5, "confidence": 0.721, "review_status": "unreviewed"}, "geometry": {"type": "LineString", "coordinates": [[126.92520006757199, 36.47997982313167], [126.9252470597314, 36.47967341692263], [126.92548202052846, 36.479443612265854], [126.92566998916611, 36.479367010713595], [126.925998934282, 36.47940531148972]]}}, {"type": "Feature", "properties": {"proposal_id": "visible-line-178", "tile_id": "174-cheongyang-mountain", "sheet_id": "174-cheongyang", "split": "development", "proposal_kind": "visible_linework_review_only", "backend": "grayscale_ridge_v1_skeleton_v1", "pixel_length": 25.385, "point_count": 3, "confidence": 0.7141, "review_status": "unreviewed"}, "geometry": {"type": "LineString", "coordinates": [[126.92529405189082, 36.4774519719071], [126.92566998916611, 36.47714556569806], [126.92618690291965, 36.47691576104128]]}}, {"type": "Feature", "properties": {"proposal_id": "visible-line-179", "tile_id": "174-cheongyang-mountain", "sheet_id": "174-cheongyang", "split": "development", "proposal_kind": "visible_linework_review_only", "backend": "grayscale_ridge_v1_skeleton_v1", "pixel_length": 32.971, "point_count": 4, "confidence": 0.7713, "review_status": "unreviewed"}, "geometry": {"type": "LineString", "coordinates": [[126.92534104405023, 36.46301257930614], [126.92576397348493, 36.46320408318679], [126.92632787939789, 36.46328068473905], [126.92660983235436, 36.46351048939582]]}}, {"type": "Feature", "properties": {"proposal_id": "visible-line-180", "tile_id": "174-cheongyang-mountain", "sheet_id": "174-cheongyang", "split": "development", "proposal_kind": "visible_linework_review_only", "backend": "grayscale_ridge_v1_skeleton_v1", "pixel_length": 21.899, "point_count": 5, "confidence": 0.7247, "review_status": "unreviewed"}, "geometry": {"type": "LineString", "coordinates": [[126.92548202052846, 36.45313097906463], [126.9256229970067, 36.45328418216915], [126.9256229970067, 36.453437385273666], [126.92576397348493, 36.45366718993045], [126.92581096564435, 36.4538586938111]]}}, {"type": "Feature", "properties": {"proposal_id": "visible-line-181", "tile_id": "174-cheongyang-mountain", "sheet_id": "174-cheongyang", "split": "development", "proposal_kind": "visible_linework_review_only", "backend": "grayscale_ridge_v1_skeleton_v1", "pixel_length": 23.142, "point_count": 4, "confidence": 0.7492, "review_status": "unreviewed"}, "geometry": {"type": "LineString", "coordinates": [[126.92548202052846, 36.45217345966138], [126.92548202052846, 36.45198195578073], [126.92557600484729, 36.451828752676214], [126.92595194212258, 36.45144574491491]]}}, {"type": "Feature", "properties": {"proposal_id": "visible-line-182", "tile_id": "174-cheongyang-mountain", "sheet_id": "174-cheongyang", "split": "development", "proposal_kind": "visible_linework_review_only", "backend": "grayscale_ridge_v1_skeleton_v1", "pixel_length": 30.799, "point_count": 4, "confidence": 0.7808, "review_status": "unreviewed"}, "geometry": {"type": "LineString", "coordinates": [[126.9256229970067, 36.46132734515642], [126.925998934282, 36.46151884903707], [126.92642186371671, 36.46163375136546], [126.9267508088326, 36.46190185679837]]}}, {"type": "Feature", "properties": {"proposal_id": "visible-line-183", "tile_id": "174-cheongyang-mountain", "sheet_id": "174-cheongyang", "split": "development", "proposal_kind": "visible_linework_review_only", "backend": "grayscale_ridge_v1_skeleton_v1", "pixel_length": 24.728, "point_count": 8, "confidence": 0.7125, "review_status": "unreviewed"}, "geometry": {"type": "LineString", "coordinates": [[126.92571698132552, 36.47388999972702], [126.92590494996317, 36.47388999972702], [126.92595194212258, 36.47385169895089], [126.92609291860083, 36.47388999972702], [126.92618690291965, 36.47381339817476], [126.9263748715573, 36.473736796622504], [126.92651584803554, 36.473736796622504], [126.92670381667318, 36.47362189429411]]}}, {"type": "Feature", "properties": {"proposal_id": "visible-line-184", "tile_id": "174-cheongyang-mountain", "sheet_id": "174-cheongyang", "split": "development", "proposal_kind": "visible_linework_review_only", "backend": "grayscale_ridge_v1_skeleton_v1", "pixel_length": 19.657, "point_count": 5, "confidence": 0.7899, "review_status": "unreviewed"}, "geometry": {"type": "LineString", "coordinates": [[126.92571698132552, 36.46891089883014], [126.92604592644142, 36.46891089883014], [126.92613991076024, 36.4689875003824], [126.92632787939789, 36.46891089883014], [126.92656284019495, 36.46891089883014]]}}, {"type": "Feature", "properties": {"proposal_id": "visible-line-185", "tile_id": "174-cheongyang-mountain", "sheet_id": "174-cheongyang", "split": "development", "proposal_kind": "visible_linework_review_only", "backend": "grayscale_ridge_v1_skeleton_v1", "pixel_length": 22.728, "point_count": 4, "confidence": 0.6898, "review_status": "unreviewed"}, "geometry": {"type": "LineString", "coordinates": [[126.92618690291965, 36.479443612265854], [126.92632787939789, 36.47948191304198], [126.92670381667318, 36.479443612265854], [126.92703276178908, 36.47913720605681]]}}, {"type": "Feature", "properties": {"proposal_id": "visible-line-186", "tile_id": "174-cheongyang-mountain", "sheet_id": "174-cheongyang", "split": "development", "proposal_kind": "visible_linework_review_only", "backend": "grayscale_ridge_v1_skeleton_v1", "pixel_length": 32.971, "point_count": 8, "confidence": 0.691, "review_status": "unreviewed"}, "geometry": {"type": "LineString", "coordinates": [[126.92628088723848, 36.46002511876801], [126.92628088723848, 36.45991021643962], [126.92642186371671, 36.459871915663484], [126.92665682451377, 36.460063419544134], [126.9267508088326, 36.46040812652931], [126.92660983235436, 36.46048472808157], [126.92651584803554, 36.46040812652931], [126.92651584803554, 36.46029322420092]]}}, {"type": "Feature", "properties": {"proposal_id": "visible-line-187", "tile_id": "174-cheongyang-mountain", "sheet_id": "174-cheongyang", "split": "development", "proposal_kind": "visible_linework_review_only", "backend": "grayscale_ridge_v1_skeleton_v1", "pixel_length": 23.314, "point_count": 4, "confidence": 0.6764, "review_status": "unreviewed"}, "geometry": {"type": "LineString", "coordinates": [[126.9263748715573, 36.474770917578006], [126.92665682451377, 36.47469431602575], [126.92693877747024, 36.47454111292123], [126.92731471474555, 36.47446451136897]]}}, {"type": "Feature", "properties": {"proposal_id": "visible-line-188", "tile_id": "174-cheongyang-mountain", "sheet_id": "174-cheongyang", "split": "development", "proposal_kind": "visible_linework_review_only", "backend": "grayscale_ridge_v1_skeleton_v1", "pixel_length": 69.083, "point_count": 8, "confidence": 0.7552, "review_status": "unreviewed"}, "geometry": {"type": "LineString", "coordinates": [[126.92670381667318, 36.46366369250035], [126.926797800992, 36.463740294052606], [126.92689178531083, 36.46397009870938], [126.92722073042673, 36.46427650491842], [126.92759666770202, 36.46431480569455], [126.92830155009321, 36.463855196381], [126.92830155009321, 36.463625391724214], [126.92783162849908, 36.463242383962914]]}}, {"type": "Feature", "properties": {"proposal_id": "visible-line-189", "tile_id": "174-cheongyang-mountain", "sheet_id": "174-cheongyang", "split": "development", "proposal_kind": "visible_linework_review_only", "backend": "grayscale_ridge_v1_skeleton_v1", "pixel_length": 32.284, "point_count": 4, "confidence": 0.7167, "review_status": "unreviewed"}, "geometry": {"type": "LineString", "coordinates": [[126.92693877747024, 36.46481271578424], [126.92764365986143, 36.46534892665006], [126.9279256128179, 36.46554043053071], [126.92806658929614, 36.46557873130684]]}}, {"type": "Feature", "properties": {"proposal_id": "visible-line-190", "tile_id": "174-cheongyang-mountain", "sheet_id": "174-cheongyang", "split": "development", "proposal_kind": "visible_linework_review_only", "backend": "grayscale_ridge_v1_skeleton_v1", "pixel_length": 36.799, "point_count": 6, "confidence": 0.7387, "review_status": "unreviewed"}, "geometry": {"type": "LineString", "coordinates": [[126.92703276178908, 36.45443320545304], [126.9271267461079, 36.45443320545304], [126.92731471474555, 36.454280002348526], [126.92769065202084, 36.454088498467875], [126.92820756577439, 36.454165100020134], [126.92834854225262, 36.45439490467692]]}}, {"type": "Feature", "properties": {"proposal_id": "visible-line-191", "tile_id": "174-cheongyang-mountain", "sheet_id": "174-cheongyang", "split": "development", "proposal_kind": "visible_linework_review_only", "backend": "grayscale_ridge_v1_skeleton_v1", "pixel_length": 29.728, "point_count": 8, "confidence": 0.7153, "review_status": "unreviewed"}, "geometry": {"type": "LineString", "coordinates": [[126.92764365986143, 36.48936351328349], [126.92773764418025, 36.48936351328349], [126.92783162849908, 36.48928691173123], [126.9282545579338, 36.48928691173123], [126.92830155009321, 36.48932521250736], [126.92853651089027, 36.4892486109551], [126.92877147168733, 36.489095407850584], [126.92886545600615, 36.489095407850584]]}}, {"type": "Feature", "properties": {"proposal_id": "visible-line-192", "tile_id": "174-cheongyang-mountain", "sheet_id": "174-cheongyang", "split": "development", "proposal_kind": "visible_linework_review_only", "backend": "grayscale_ridge_v1_skeleton_v1", "pixel_length": 55.213, "point_count": 7, "confidence": 0.702, "review_status": "unreviewed"}, "geometry": {"type": "LineString", "coordinates": [[126.92764365986143, 36.47431130826445], [126.92801959713672, 36.47438790981671], [126.92834854225262, 36.47438790981671], [126.92914740896262, 36.47454111292123], [126.9293823697597, 36.47442621059284], [126.9293823697597, 36.47434960904058], [126.92966432271616, 36.47396660127928]]}}, {"type": "Feature", "properties": {"proposal_id": "visible-line-193", "tile_id": "174-cheongyang-mountain", "sheet_id": "174-cheongyang", "split": "development", "proposal_kind": "visible_linework_review_only", "backend": "grayscale_ridge_v1_skeleton_v1", "pixel_length": 22.899, "point_count": 4, "confidence": 0.6433, "review_status": "unreviewed"}, "geometry": {"type": "LineString", "coordinates": [[126.92773764418025, 36.47894570217616], [126.92801959713672, 36.47902230372842], [126.92844252657144, 36.479060604504554], [126.92863049520909, 36.479252108385204]]}}, {"type": "Feature", "properties": {"proposal_id": "visible-line-194", "tile_id": "174-cheongyang-mountain", "sheet_id": "174-cheongyang", "split": "development", "proposal_kind": "visible_linework_review_only", "backend": "grayscale_ridge_v1_skeleton_v1", "pixel_length": 21.485, "point_count": 5, "confidence": 0.7371, "review_status": "unreviewed"}, "geometry": {"type": "LineString", "coordinates": [[126.92783162849908, 36.46883429727788], [126.92797260497731, 36.468949199606264], [126.92811358145556, 36.4689875003824], [126.92839553441203, 36.4689875003824], [126.92872447952792, 36.469064101934656]]}}, {"type": "Feature", "properties": {"proposal_id": "visible-line-195", "tile_id": "174-cheongyang-mountain", "sheet_id": "174-cheongyang", "split": "development", "proposal_kind": "visible_linework_review_only", "backend": "grayscale_ridge_v1_skeleton_v1", "pixel_length": 26.971, "point_count": 4, "confidence": 0.68, "review_status": "unreviewed"}, "geometry": {"type": "LineString", "coordinates": [[126.92783162849908, 36.4611741420519], [126.92839553441203, 36.46163375136546], [126.92844252657144, 36.46178695446998], [126.92863049520909, 36.46182525524611]]}}, {"type": "Feature", "properties": {"proposal_id": "visible-line-196", "tile_id": "174-cheongyang-mountain", "sheet_id": "174-cheongyang", "split": "development", "proposal_kind": "visible_linework_review_only", "backend": "grayscale_ridge_v1_skeleton_v1", "pixel_length": 86.497, "point_count": 9, "confidence": 0.7397, "review_status": "unreviewed"}, "geometry": {"type": "LineString", "coordinates": [[126.92783162849908, 36.45225006121364], [126.92839553441203, 36.45225006121364], [126.92858350304968, 36.45217345966138], [126.92877147168733, 36.452020256556864], [126.92919440112205, 36.451943655004605], [126.9302282286291, 36.451101037929746], [126.93051018158559, 36.451101037929746], [126.93083912670147, 36.451369143362655], [126.93088611886088, 36.451560647243305]]}}, {"type": "Feature", "properties": {"proposal_id": "visible-line-197", "tile_id": "174-cheongyang-mountain", "sheet_id": "174-cheongyang", "split": "development", "proposal_kind": "visible_linework_review_only", "backend": "grayscale_ridge_v1_skeleton_v1", "pixel_length": 21.485, "point_count": 5, "confidence": 0.6633, "review_status": "unreviewed"}, "geometry": {"type": "LineString", "coordinates": [[126.92806658929614, 36.4645063095752], [126.92806658929614, 36.464391407246815], [126.92820756577439, 36.46427650491842], [126.92863049520909, 36.46431480569455], [126.92881846384674, 36.464391407246815]]}}, {"type": "Feature", "properties": {"proposal_id": "visible-line-198", "tile_id": "174-cheongyang-mountain", "sheet_id": "174-cheongyang", "split": "development", "proposal_kind": "visible_linework_review_only", "backend": "grayscale_ridge_v1_skeleton_v1", "pixel_length": 25.799, "point_count": 3, "confidence": 0.6923, "review_status": "unreviewed"}, "geometry": {"type": "LineString", "coordinates": [[126.92858350304968, 36.47120894539793], [126.92863049520909, 36.47136214850245], [126.9293823697597, 36.471860058592135]]}}, {"type": "Feature", "properties": {"proposal_id": "visible-line-199", "tile_id": "174-cheongyang-mountain", "sheet_id": "174-cheongyang", "split": "development", "proposal_kind": "visible_linework_review_only", "backend": "grayscale_ridge_v1_skeleton_v1", "pixel_length": 25.799, "point_count": 4, "confidence": 0.7296, "review_status": "unreviewed"}, "geometry": {"type": "LineString", "coordinates": [[126.92877147168733, 36.45634824425954], [126.92933537760028, 36.45592693572211], [126.92933537760028, 36.455773732617594], [126.92919440112205, 36.45562052951307]]}}, {"type": "Feature", "properties": {"proposal_id": "visible-line-200", "tile_id": "174-cheongyang-mountain", "sheet_id": "174-cheongyang", "split": "development", "proposal_kind": "visible_linework_review_only", "backend": "grayscale_ridge_v1_skeleton_v1", "pixel_length": 21.0, "point_count": 2, "confidence": 0.7954, "review_status": "unreviewed"}, "geometry": {"type": "LineString", "coordinates": [[126.92881846384674, 36.45788027530473], [126.92881846384674, 36.457075959006005]]}}, {"type": "Feature", "properties": {"proposal_id": "visible-line-201", "tile_id": "174-cheongyang-mountain", "sheet_id": "174-cheongyang", "split": "development", "proposal_kind": "visible_linework_review_only", "backend": "grayscale_ridge_v1_skeleton_v1", "pixel_length": 24.556, "point_count": 4, "confidence": 0.702, "review_status": "unreviewed"}, "geometry": {"type": "LineString", "coordinates": [[126.92881846384674, 36.45179045190008], [126.92914740896262, 36.451752151123955], [126.9294293619191, 36.45152234646717], [126.92961733055675, 36.45125424103426]]}}, {"type": "Feature", "properties": {"proposal_id": "visible-line-202", "tile_id": "174-cheongyang-mountain", "sheet_id": "174-cheongyang", "split": "development", "proposal_kind": "visible_linework_review_only", "backend": "grayscale_ridge_v1_skeleton_v1", "pixel_length": 23.728, "point_count": 5, "confidence": 0.7669, "review_status": "unreviewed"}, "geometry": {"type": "LineString", "coordinates": [[126.92886545600615, 36.455122619423385], [126.9293823697597, 36.454854513990476], [126.92947635407852, 36.454854513990476], [126.92957033839734, 36.454931115542735], [126.92957033839734, 36.455122619423385]]}}, {"type": "Feature", "properties": {"proposal_id": "visible-line-203", "tile_id": "174-cheongyang-mountain", "sheet_id": "174-cheongyang", "split": "development", "proposal_kind": "visible_linework_review_only", "backend": "grayscale_ridge_v1_skeleton_v1", "pixel_length": 25.899, "point_count": 7, "confidence": 0.6941, "review_status": "unreviewed"}, "geometry": {"type": "LineString", "coordinates": [[126.92891244816556, 36.45952720867832], [126.92891244816556, 36.45933570479767], [126.9290534246438, 36.45914420091702], [126.9290534246438, 36.45895269703637], [126.92914740896262, 36.45887609548411], [126.92933537760028, 36.45887609548411], [126.9294293619191, 36.45895269703637]]}}, {"type": "Feature", "properties": {"proposal_id": "visible-line-204", "tile_id": "174-cheongyang-mountain", "sheet_id": "174-cheongyang", "split": "development", "proposal_kind": "visible_linework_review_only", "backend": "grayscale_ridge_v1_skeleton_v1", "pixel_length": 24.314, "point_count": 4, "confidence": 0.6861, "review_status": "unreviewed"}, "geometry": {"type": "LineString", "coordinates": [[126.92900643248439, 36.477949881996786], [126.92900643248439, 36.47779667889227], [126.92914740896262, 36.47768177656388], [126.9298052991944, 36.47749027268323]]}}, {"type": "Feature", "properties": {"proposal_id": "visible-line-205", "tile_id": "174-cheongyang-mountain", "sheet_id": "174-cheongyang", "split": "development", "proposal_kind": "visible_linework_review_only", "backend": "grayscale_ridge_v1_skeleton_v1", "pixel_length": 18.728, "point_count": 3, "confidence": 0.7211, "review_status": "unreviewed"}, "geometry": {"type": "LineString", "coordinates": [[126.92910041680321, 36.460829435066735], [126.9293823697597, 36.461289044380294], [126.92952334623793, 36.461403946708685]]}}, {"type": "Feature", "properties": {"proposal_id": "visible-line-206", "tile_id": "174-cheongyang-mountain", "sheet_id": "174-cheongyang", "split": "development", "proposal_kind": "visible_linework_review_only", "backend": "grayscale_ridge_v1_skeleton_v1", "pixel_length": 26.314, "point_count": 4, "confidence": 0.7023, "review_status": "unreviewed"}, "geometry": {"type": "LineString", "coordinates": [[126.92914740896262, 36.4707876368605], [126.92947635407852, 36.47086423841276], [126.92994627567263, 36.47086423841276], [126.9302282286291, 36.47063443375598]]}}, {"type": "Feature", "properties": {"proposal_id": "visible-line-207", "tile_id": "174-cheongyang-mountain", "sheet_id": "174-cheongyang", "split": "development", "proposal_kind": "visible_linework_review_only", "backend": "grayscale_ridge_v1_skeleton_v1", "pixel_length": 23.485, "point_count": 8, "confidence": 0.7159, "review_status": "unreviewed"}, "geometry": {"type": "LineString", "coordinates": [[126.92919440112205, 36.456807853573096], [126.92933537760028, 36.456884455125355], [126.92933537760028, 36.45703765822988], [126.9294293619191, 36.45711425978214], [126.9294293619191, 36.457344064438914], [126.9293823697597, 36.45738236521505], [126.9294293619191, 36.45742066599117], [126.9294293619191, 36.4575738690957]]}}, {"type": "Feature", "properties": {"proposal_id": "visible-line-208", "tile_id": "174-cheongyang-mountain", "sheet_id": "174-cheongyang", "split": "development", "proposal_kind": "visible_linework_review_only", "backend": "grayscale_ridge_v1_skeleton_v1", "pixel_length": 73.77, "point_count": 9, "confidence": 0.7383, "review_status": "unreviewed"}, "geometry": {"type": "LineString", "coordinates": [[126.92924139328146, 36.45650144736406], [126.92966432271616, 36.45634824425954], [126.9302282286291, 36.45630994348341], [126.93069815022324, 36.4560418380505], [126.93069815022324, 36.45592693572211], [126.93046318942618, 36.45573543184146], [126.92975830703499, 36.455582228736944], [126.92957033839734, 36.45542902563242], [126.92952334623793, 36.45523752175177]]}}, {"type": "Feature", "properties": {"proposal_id": "visible-line-209", "tile_id": "174-cheongyang-mountain", "sheet_id": "174-cheongyang", "split": "development", "proposal_kind": "visible_linework_review_only", "backend": "grayscale_ridge_v1_skeleton_v1", "pixel_length": 43.213, "point_count": 7, "confidence": 0.7591, "review_status": "unreviewed"}, "geometry": {"type": "LineString", "coordinates": [[126.9294293619191, 36.466421348381694], [126.92957033839734, 36.465885137515876], [126.92966432271616, 36.46580853596362], [126.92985229135381, 36.46580853596362], [126.93008725215087, 36.46573193441136], [126.93032221294794, 36.46554043053071], [126.93046318942618, 36.4652723250978]]}}, {"type": "Feature", "properties": {"proposal_id": "visible-line-210", "tile_id": "174-cheongyang-mountain", "sheet_id": "174-cheongyang", "split": "development", "proposal_kind": "visible_linework_review_only", "backend": "grayscale_ridge_v1_skeleton_v1", "pixel_length": 22.142, "point_count": 6, "confidence": 0.7439, "review_status": "unreviewed"}, "geometry": {"type": "LineString", "coordinates": [[126.9294293619191, 36.45864629082733], [126.92961733055675, 36.45876119315572], [126.9298052991944, 36.45876119315572], [126.93004025999146, 36.45856968927507], [126.93008725215087, 36.45845478694668], [126.93018123646969, 36.45841648617055]]}}, {"type": "Feature", "properties": {"proposal_id": "visible-line-211", "tile_id": "174-cheongyang-mountain", "sheet_id": "174-cheongyang", "split": "development", "proposal_kind": "visible_linework_review_only", "backend": "grayscale_ridge_v1_skeleton_v1", "pixel_length": 64.841, "point_count": 10, "confidence": 0.7305, "review_status": "unreviewed"}, "geometry": {"type": "LineString", "coordinates": [[126.92952334623793, 36.488444294656375], [126.92975830703499, 36.48836769310412], [126.92994627567263, 36.48821448999959], [126.93004025999146, 36.488061286895075], [126.93004025999146, 36.487869783014425], [126.9302282286291, 36.487678279133775], [126.93046318942618, 36.487601677581516], [126.9309801031797, 36.48714206826796], [126.93135604045501, 36.48695056438731], [126.93154400909266, 36.48691226361118]]}}, {"type": "Feature", "properties": {"proposal_id": "visible-line-212", "tile_id": "174-cheongyang-mountain", "sheet_id": "174-cheongyang", "split": "development", "proposal_kind": "visible_linework_review_only", "backend": "grayscale_ridge_v1_skeleton_v1", "pixel_length": 20.142, "point_count": 4, "confidence": 0.713, "review_status": "unreviewed"}, "geometry": {"type": "LineString", "coordinates": [[126.92952334623793, 36.46676605536686], [126.92971131487558, 36.46665115303848], [126.92975830703499, 36.466421348381694], [126.93004025999146, 36.46619154372492]]}}, {"type": "Feature", "properties": {"proposal_id": "visible-line-213", "tile_id": "174-cheongyang-mountain", "sheet_id": "174-cheongyang", "split": "development", "proposal_kind": "visible_linework_review_only", "backend": "grayscale_ridge_v1_skeleton_v1", "pixel_length": 19.142, "point_count": 3, "confidence": 0.702, "review_status": "unreviewed"}, "geometry": {"type": "LineString", "coordinates": [[126.92961733055675, 36.47875419829551], [126.92985229135381, 36.47894570217616], [126.93032221294794, 36.47913720605681]]}}, {"type": "Feature", "properties": {"proposal_id": "visible-line-214", "tile_id": "174-cheongyang-mountain", "sheet_id": "174-cheongyang", "split": "development", "proposal_kind": "visible_linework_review_only", "backend": "grayscale_ridge_v1_skeleton_v1", "pixel_length": 20.556, "point_count": 3, "confidence": 0.7799, "review_status": "unreviewed"}, "geometry": {"type": "LineString", "coordinates": [[126.92994627567263, 36.45217345966138], [126.93018123646969, 36.45228836198977], [126.93060416590441, 36.45267136975107]]}}, {"type": "Feature", "properties": {"proposal_id": "visible-line-215", "tile_id": "174-cheongyang-mountain", "sheet_id": "174-cheongyang", "split": "development", "proposal_kind": "visible_linework_review_only", "backend": "grayscale_ridge_v1_skeleton_v1", "pixel_length": 21.971, "point_count": 3, "confidence": 0.7098, "review_status": "unreviewed"}, "geometry": {"type": "LineString", "coordinates": [[126.93004025999146, 36.466153242948785], [126.93018123646969, 36.465885137515876], [126.93065115806382, 36.46554043053071]]}}, {"type": "Feature", "properties": {"proposal_id": "visible-line-216", "tile_id": "174-cheongyang-mountain", "sheet_id": "174-cheongyang", "split": "development", "proposal_kind": "visible_linework_review_only", "backend": "grayscale_ridge_v1_skeleton_v1", "pixel_length": 20.728, "point_count": 4, "confidence": 0.7098, "review_status": "unreviewed"}, "geometry": {"type": "LineString", "coordinates": [[126.93008725215087, 36.475230526891565], [126.93027522078853, 36.475230526891565], [126.93051018158559, 36.47507732378705], [126.93074514238265, 36.474770917578006]]}}, {"type": "Feature", "properties": {"proposal_id": "visible-line-217", "tile_id": "174-cheongyang-mountain", "sheet_id": "174-cheongyang", "split": "development", "proposal_kind": "visible_linework_review_only", "backend": "grayscale_ridge_v1_skeleton_v1", "pixel_length": 23.071, "point_count": 3, "confidence": 0.6975, "review_status": "unreviewed"}, "geometry": {"type": "LineString", "coordinates": [[126.93013424431028, 36.46726396545655], [126.93018123646969, 36.466804356142994], [126.93036920510735, 36.46645964915783]]}}, {"type": "Feature", "properties": {"proposal_id": "visible-line-218", "tile_id": "174-cheongyang-mountain", "sheet_id": "174-cheongyang", "split": "development", "proposal_kind": "visible_linework_review_only", "backend": "grayscale_ridge_v1_skeleton_v1", "pixel_length": 23.728, "point_count": 4, "confidence": 0.7587, "review_status": "unreviewed"}, "geometry": {"type": "LineString", "coordinates": [[126.93013424431028, 36.46726396545655], [126.93027522078853, 36.46764697321785], [126.93046318942618, 36.4678384770985], [126.930557173745, 36.46802998097915]]}}, {"type": "Feature", "properties": {"proposal_id": "visible-line-219", "tile_id": "174-cheongyang-mountain", "sheet_id": "174-cheongyang", "split": "development", "proposal_kind": "visible_linework_review_only", "backend": "grayscale_ridge_v1_skeleton_v1", "pixel_length": 55.355, "point_count": 7, "confidence": 0.756, "review_status": "unreviewed"}, "geometry": {"type": "LineString", "coordinates": [[126.93013424431028, 36.45301607673624], [126.93051018158559, 36.45301607673624], [126.93060416590441, 36.45305437751237], [126.93083912670147, 36.453245881393016], [126.9309331110203, 36.453513986825925], [126.93116807181735, 36.453896994587225], [126.93177896988972, 36.454356603900784]]}}, {"type": "Feature", "properties": {"proposal_id": "visible-line-220", "tile_id": "174-cheongyang-mountain", "sheet_id": "174-cheongyang", "split": "development", "proposal_kind": "visible_linework_review_only", "backend": "grayscale_ridge_v1_skeleton_v1", "pixel_length": 28.385, "point_count": 5, "confidence": 0.7529, "review_status": "unreviewed"}, "geometry": {"type": "LineString", "coordinates": [[126.93018123646969, 36.48231617047559], [126.93032221294794, 36.482277869699466], [126.93083912670147, 36.48185656116203], [126.9309331110203, 36.48181826038591], [126.93126205613618, 36.48181826038591]]}}, {"type": "Feature", "properties": {"proposal_id": "visible-line-221", "tile_id": "174-cheongyang-mountain", "sheet_id": "174-cheongyang", "split": "development", "proposal_kind": "visible_linework_review_only", "backend": "grayscale_ridge_v1_skeleton_v1", "pixel_length": 18.899, "point_count": 5, "confidence": 0.7398, "review_status": "unreviewed"}, "geometry": {"type": "LineString", "coordinates": [[126.93051018158559, 36.466153242948785], [126.93069815022324, 36.466076641396526], [126.93069815022324, 36.46600003984427], [126.93088611886088, 36.46580853596362], [126.9309331110203, 36.46561703208297]]}}, {"type": "Feature", "properties": {"proposal_id": "visible-line-222", "tile_id": "174-cheongyang-mountain", "sheet_id": "174-cheongyang", "split": "development", "proposal_kind": "visible_linework_review_only", "backend": "grayscale_ridge_v1_skeleton_v1", "pixel_length": 20.971, "point_count": 3, "confidence": 0.7709, "review_status": "unreviewed"}, "geometry": {"type": "LineString", "coordinates": [[126.93065115806382, 36.4693705081437], [126.9309331110203, 36.469753515905], [126.93121506397677, 36.469983320561774]]}}, {"type": "Feature", "properties": {"proposal_id": "visible-line-223", "tile_id": "174-cheongyang-mountain", "sheet_id": "174-cheongyang", "split": "development", "proposal_kind": "visible_linework_review_only", "backend": "grayscale_ridge_v1_skeleton_v1", "pixel_length": 21.071, "point_count": 4, "confidence": 0.7643, "review_status": "unreviewed"}, "geometry": {"type": "LineString", "coordinates": [[126.93065115806382, 36.45244156509429], [126.93065115806382, 36.45225006121364], [126.93079213454206, 36.452020256556864], [126.93088611886088, 36.45171385034782]]}}, {"type": "Feature", "properties": {"proposal_id": "visible-line-224", "tile_id": "174-cheongyang-mountain", "sheet_id": "174-cheongyang", "split": "development", "proposal_kind": "visible_linework_review_only", "backend": "grayscale_ridge_v1_skeleton_v1", "pixel_length": 20.142, "point_count": 3, "confidence": 0.7656, "review_status": "unreviewed"}, "geometry": {"type": "LineString", "coordinates": [[126.93088611886088, 36.46852789106884], [126.93121506397677, 36.46879599650175], [126.93135604045501, 36.469140703486914]]}}, {"type": "Feature", "properties": {"proposal_id": "visible-line-225", "tile_id": "174-cheongyang-mountain", "sheet_id": "174-cheongyang", "split": "development", "proposal_kind": "visible_linework_review_only", "backend": "grayscale_ridge_v1_skeleton_v1", "pixel_length": 21.971, "point_count": 4, "confidence": 0.6534, "review_status": "unreviewed"}, "geometry": {"type": "LineString", "coordinates": [[126.93088611886088, 36.455314123304035], [126.93107408749853, 36.455582228736944], [126.93107408749853, 36.4556588302892], [126.93145002477384, 36.45596523649824]]}}, {"type": "Feature", "properties": {"proposal_id": "visible-line-226", "tile_id": "174-cheongyang-mountain", "sheet_id": "174-cheongyang", "split": "development", "proposal_kind": "visible_linework_review_only", "backend": "grayscale_ridge_v1_skeleton_v1", "pixel_length": 18.485, "point_count": 3, "confidence": 0.7428, "review_status": "unreviewed"}, "geometry": {"type": "LineString", "coordinates": [[126.9309331110203, 36.474579413697356], [126.93121506397677, 36.47442621059284], [126.9316849855709, 36.47434960904058]]}}, {"type": "Feature", "properties": {"proposal_id": "visible-line-227", "tile_id": "174-cheongyang-mountain", "sheet_id": "174-cheongyang", "split": "development", "proposal_kind": "visible_linework_review_only", "backend": "grayscale_ridge_v1_skeleton_v1", "pixel_length": 26.071, "point_count": 4, "confidence": 0.6838, "review_status": "unreviewed"}, "geometry": {"type": "LineString", "coordinates": [[126.93102709533912, 36.46542552820232], [126.93112107965794, 36.46492761811263], [126.9313090482956, 36.46481271578424], [126.9313090482956, 36.46454461035133]]}}, {"type": "Feature", "properties": {"proposal_id": "visible-line-228", "tile_id": "174-cheongyang-mountain", "sheet_id": "174-cheongyang", "split": "development", "proposal_kind": "visible_linework_review_only", "backend": "grayscale_ridge_v1_skeleton_v1", "pixel_length": 66.941, "point_count": 8, "confidence": 0.7463, "review_status": "unreviewed"}, "geometry": {"type": "LineString", "coordinates": [[126.93112107965794, 36.45837818539442], [126.9313090482956, 36.45895269703637], [126.93145002477384, 36.45918250169315], [126.93163799341148, 36.45929740402154], [126.93187295420854, 36.45925910324541], [126.93238986796209, 36.45887609548411], [126.93262482875915, 36.45876119315572], [126.93314174251267, 36.45876119315572]]}}, {"type": "Feature", "properties": {"proposal_id": "visible-line-229", "tile_id": "174-cheongyang-mountain", "sheet_id": "174-cheongyang", "split": "development", "proposal_kind": "visible_linework_review_only", "backend": "grayscale_ridge_v1_skeleton_v1", "pixel_length": 24.799, "point_count": 4, "confidence": 0.7535, "review_status": "unreviewed"}, "geometry": {"type": "LineString", "coordinates": [[126.93121506397677, 36.48549513489437], [126.9313090482956, 36.48564833799889], [126.9316849855709, 36.48595474420793], [126.93187295420854, 36.48622284964084]]}}, {"type": "Feature", "properties": {"proposal_id": "visible-line-230", "tile_id": "174-cheongyang-mountain", "sheet_id": "174-cheongyang", "split": "development", "proposal_kind": "visible_linework_review_only", "backend": "grayscale_ridge_v1_skeleton_v1", "pixel_length": 19.485, "point_count": 4, "confidence": 0.7272, "review_status": "unreviewed"}, "geometry": {"type": "LineString", "coordinates": [[126.93126205613618, 36.463548790171956], [126.93149701693325, 36.463816895604864], [126.93149701693325, 36.464123301813906], [126.93154400909266, 36.464199903366165]]}}, {"type": "Feature", "properties": {"proposal_id": "visible-line-231", "tile_id": "174-cheongyang-mountain", "sheet_id": "174-cheongyang", "split": "development", "proposal_kind": "visible_linework_review_only", "backend": "grayscale_ridge_v1_skeleton_v1", "pixel_length": 36.042, "point_count": 9, "confidence": 0.7353, "review_status": "unreviewed"}, "geometry": {"type": "LineString", "coordinates": [[126.9313090482956, 36.49005292725383], [126.93149701693325, 36.49005292725383], [126.93163799341148, 36.489938024925436], [126.93191994636796, 36.48982312259705], [126.93220189932443, 36.48959331794027], [126.93229588364325, 36.48944011483575], [126.93224889148384, 36.48936351328349], [126.93215490716501, 36.48936351328349], [126.93206092284619, 36.48944011483575]]}}, {"type": "Feature", "properties": {"proposal_id": "visible-line-232", "tile_id": "174-cheongyang-mountain", "sheet_id": "174-cheongyang", "split": "development", "proposal_kind": "visible_linework_review_only", "backend": "grayscale_ridge_v1_skeleton_v1", "pixel_length": 61.527, "point_count": 10, "confidence": 0.7389, "review_status": "unreviewed"}, "geometry": {"type": "LineString", "coordinates": [[126.93140303261443, 36.485073826356945], [126.93159100125207, 36.48511212713307], [126.93182596204913, 36.48484402170016], [126.93206092284619, 36.48484402170016], [126.93276580523738, 36.48530363101372], [126.93304775819385, 36.48530363101372], [126.93318873467209, 36.48518872868534], [126.93318873467209, 36.48492062325243], [126.9332357268315, 36.484882322476295], [126.93342369546914, 36.48492062325243]]}}, {"type": "Feature", "properties": {"proposal_id": "visible-line-233", "tile_id": "174-cheongyang-mountain", "sheet_id": "174-cheongyang", "split": "development", "proposal_kind": "visible_linework_review_only", "backend": "grayscale_ridge_v1_skeleton_v1", "pixel_length": 34.142, "point_count": 6, "confidence": 0.7495, "review_status": "unreviewed"}, "geometry": {"type": "LineString", "coordinates": [[126.93145002477384, 36.48174165883365], [126.93154400909266, 36.48174165883365], [126.93182596204913, 36.481550154953], [126.93238986796209, 36.481550154953], [126.93267182091856, 36.481396951848474], [126.9328597895562, 36.48135865107235]]}}, {"type": "Feature", "properties": {"proposal_id": "visible-line-234", "tile_id": "174-cheongyang-mountain", "sheet_id": "174-cheongyang", "split": "development", "proposal_kind": "visible_linework_review_only", "backend": "grayscale_ridge_v1_skeleton_v1", "pixel_length": 21.971, "point_count": 4, "confidence": 0.7599, "review_status": "unreviewed"}, "geometry": {"type": "LineString", "coordinates": [[126.93196693852737, 36.47044292987533], [126.93248385228091, 36.470749336084374], [126.93262482875915, 36.47086423841276], [126.93267182091856, 36.47097914074115]]}}, {"type": "Feature", "properties": {"proposal_id": "visible-line-235", "tile_id": "174-cheongyang-mountain", "sheet_id": "174-cheongyang", "split": "development", "proposal_kind": "visible_linework_review_only", "backend": "grayscale_ridge_v1_skeleton_v1", "pixel_length": 49.87, "point_count": 6, "confidence": 0.7507, "review_status": "unreviewed"}, "geometry": {"type": "LineString", "coordinates": [[126.93196693852737, 36.45282457285559], [126.93238986796209, 36.45316927984076], [126.93309475035326, 36.45320758061689], [126.93337670330973, 36.45328418216915], [126.93375264058504, 36.45355228760206], [126.93379963274445, 36.45366718993045]]}}, {"type": "Feature", "properties": {"proposal_id": "visible-line-236", "tile_id": "174-cheongyang-mountain", "sheet_id": "174-cheongyang", "split": "development", "proposal_kind": "visible_linework_review_only", "backend": "grayscale_ridge_v1_skeleton_v1", "pixel_length": 18.899, "point_count": 3, "confidence": 0.7852, "review_status": "unreviewed"}, "geometry": {"type": "LineString", "coordinates": [[126.93224889148384, 36.454548107781434], [126.93248385228091, 36.454739611662085], [126.93262482875915, 36.455122619423385]]}}, {"type": "Feature", "properties": {"proposal_id": "visible-line-237", "tile_id": "174-cheongyang-mountain", "sheet_id": "174-cheongyang", "split": "development", "proposal_kind": "visible_linework_review_only", "backend": "grayscale_ridge_v1_skeleton_v1", "pixel_length": 22.485, "point_count": 6, "confidence": 0.6995, "review_status": "unreviewed"}, "geometry": {"type": "LineString", "coordinates": [[126.93234287580266, 36.46695755924751], [126.93267182091856, 36.46695755924751], [126.93271881307797, 36.466995860023644], [126.93290678171562, 36.46688095769525], [126.93314174251267, 36.46688095769525], [126.93328271899091, 36.46695755924751]]}}, {"type": "Feature", "properties": {"proposal_id": "visible-line-238", "tile_id": "174-cheongyang-mountain", "sheet_id": "174-cheongyang", "split": "development", "proposal_kind": "visible_linework_review_only", "backend": "grayscale_ridge_v1_skeleton_v1", "pixel_length": 29.899, "point_count": 5, "confidence": 0.7283, "review_status": "unreviewed"}, "geometry": {"type": "LineString", "coordinates": [[126.93238986796209, 36.48269917823689], [126.93248385228091, 36.48262257668463], [126.93281279739679, 36.4825842759085], [126.93314174251267, 36.482469373580116], [126.93365865626622, 36.48250767435624]]}}, {"type": "Feature", "properties": {"proposal_id": "visible-line-239", "tile_id": "174-cheongyang-mountain", "sheet_id": "174-cheongyang", "split": "development", "proposal_kind": "visible_linework_review_only", "backend": "grayscale_ridge_v1_skeleton_v1", "pixel_length": 20.556, "point_count": 4, "confidence": 0.72, "review_status": "unreviewed"}, "geometry": {"type": "LineString", "coordinates": [[126.93290678171562, 36.47239626945795], [126.93309475035326, 36.47254947256248], [126.9332357268315, 36.4725877733386], [126.9335646719474, 36.472894179547644]]}}, {"type": "Feature", "properties": {"proposal_id": "visible-line-240", "tile_id": "174-cheongyang-mountain", "sheet_id": "174-cheongyang", "split": "development", "proposal_kind": "visible_linework_review_only", "backend": "grayscale_ridge_v1_skeleton_v1", "pixel_length": 22.071, "point_count": 5, "confidence": 0.6874, "review_status": "unreviewed"}, "geometry": {"type": "LineString", "coordinates": [[126.93328271899091, 36.467187363904294], [126.93342369546914, 36.46722566468042], [126.9336116641068, 36.467187363904294], [126.93403459354151, 36.46722566468042], [126.93422256217916, 36.46714906312816]]}}, {"type": "Feature", "properties": {"proposal_id": "visible-line-241", "tile_id": "174-cheongyang-mountain", "sheet_id": "174-cheongyang", "split": "development", "proposal_kind": "visible_linework_review_only", "backend": "grayscale_ridge_v1_skeleton_v1", "pixel_length": 48.971, "point_count": 8, "confidence": 0.7408, "review_status": "unreviewed"}, "geometry": {"type": "LineString", "coordinates": [[126.93328271899091, 36.45879949393185], [126.93347068762857, 36.45872289237959], [126.9335646719474, 36.4586079900512], [126.9336116641068, 36.45814838073764], [126.93375264058504, 36.457841974528606], [126.9339876013821, 36.457727072200214], [126.93445752297622, 36.457727072200214], [126.93455150729505, 36.45768877142408]]}}, {"type": "Feature", "properties": {"proposal_id": "visible-line-242", "tile_id": "174-cheongyang-mountain", "sheet_id": "174-cheongyang", "split": "development", "proposal_kind": "visible_linework_review_only", "backend": "grayscale_ridge_v1_skeleton_v1", "pixel_length": 22.071, "point_count": 6, "confidence": 0.699, "review_status": "unreviewed"}, "geometry": {"type": "LineString", "coordinates": [[126.93332971115032, 36.47829458898195], [126.93337670330973, 36.478409491310344], [126.9335646719474, 36.4784860928626], [126.9339876013821, 36.4784860928626], [126.93403459354151, 36.47844779208648], [126.93417557001975, 36.4784860928626]]}}, {"type": "Feature", "properties": {"proposal_id": "visible-line-243", "tile_id": "174-cheongyang-mountain", "sheet_id": "174-cheongyang", "split": "development", "proposal_kind": "visible_linework_review_only", "backend": "grayscale_ridge_v1_skeleton_v1", "pixel_length": 23.971, "point_count": 4, "confidence": 0.7298, "review_status": "unreviewed"}, "geometry": {"type": "LineString", "coordinates": [[126.93332971115032, 36.45443320545304], [126.93379963274445, 36.454739611662085], [126.93408158570092, 36.45481621321434], [126.93417557001975, 36.454931115542735]]}}, {"type": "Feature", "properties": {"proposal_id": "visible-line-244", "tile_id": "174-cheongyang-mountain", "sheet_id": "174-cheongyang", "split": "development", "proposal_kind": "visible_linework_review_only", "backend": "grayscale_ridge_v1_skeleton_v1", "pixel_length": 33.728, "point_count": 6, "confidence": 0.7762, "review_status": "unreviewed"}, "geometry": {"type": "LineString", "coordinates": [[126.93337670330973, 36.45163724879556], [126.93342369546914, 36.451675549571696], [126.93365865626622, 36.451675549571696], [126.93394060922269, 36.451560647243305], [126.93445752297622, 36.45152234646717], [126.93464549161388, 36.45179045190008]]}}, {"type": "Feature", "properties": {"proposal_id": "visible-line-245", "tile_id": "174-cheongyang-mountain", "sheet_id": "174-cheongyang", "split": "development", "proposal_kind": "visible_linework_review_only", "backend": "grayscale_ridge_v1_skeleton_v1", "pixel_length": 57.77, "point_count": 8, "confidence": 0.7493, "review_status": "unreviewed"}, "geometry": {"type": "LineString", "coordinates": [[126.93342369546914, 36.45546732640855], [126.9335646719474, 36.45546732640855], [126.93389361706328, 36.455582228736944], [126.93445752297622, 36.45600353727437], [126.93459849945447, 36.45600353727437], [126.93478646809211, 36.45592693572211], [126.93525638968623, 36.45562052951307], [126.93558533480213, 36.455505627184685]]}}, {"type": "Feature", "properties": {"proposal_id": "visible-line-246", "tile_id": "174-cheongyang-mountain", "sheet_id": "174-cheongyang", "split": "development", "proposal_kind": "visible_linework_review_only", "backend": "grayscale_ridge_v1_skeleton_v1", "pixel_length": 47.284, "point_count": 8, "confidence": 0.752, "review_status": "unreviewed"}, "geometry": {"type": "LineString", "coordinates": [[126.93351767978798, 36.47189835936827], [126.93379963274445, 36.47235796868183], [126.93422256217916, 36.472626074114736], [126.9343635386574, 36.472626074114736], [126.93464549161388, 36.472511171786344], [126.93478646809211, 36.47235796868183], [126.93497443672976, 36.47235796868183], [126.93502142888917, 36.47239626945795]]}}, {"type": "Feature", "properties": {"proposal_id": "visible-line-247", "tile_id": "174-cheongyang-mountain", "sheet_id": "174-cheongyang", "split": "development", "proposal_kind": "visible_linework_review_only", "backend": "grayscale_ridge_v1_skeleton_v1", "pixel_length": 19.071, "point_count": 2, "confidence": 0.7325, "review_status": "unreviewed"}, "geometry": {"type": "LineString", "coordinates": [[126.93365865626622, 36.47791158122066], [126.93445752297622, 36.47772007734001]]}}, {"type": "Feature", "properties": {"proposal_id": "visible-line-248", "tile_id": "174-cheongyang-mountain", "sheet_id": "174-cheongyang", "split": "development", "proposal_kind": "visible_linework_review_only", "backend": "grayscale_ridge_v1_skeleton_v1", "pixel_length": 20.828, "point_count": 5, "confidence": 0.7341, "review_status": "unreviewed"}, "geometry": {"type": "LineString", "coordinates": [[126.93365865626622, 36.475613534652865], [126.93365865626622, 36.47530712844382], [126.93370564842563, 36.4752688276677], [126.93370564842563, 36.4748858199064], [126.93365865626622, 36.474847519130265]]}}, {"type": "Feature", "properties": {"proposal_id": "visible-line-249", "tile_id": "174-cheongyang-mountain", "sheet_id": "174-cheongyang", "split": "development", "proposal_kind": "visible_linework_review_only", "backend": "grayscale_ridge_v1_skeleton_v1", "pixel_length": 30.385, "point_count": 3, "confidence": 0.7437, "review_status": "unreviewed"}, "geometry": {"type": "LineString", "coordinates": [[126.93375264058504, 36.4866824589544], [126.93455150729505, 36.4862994511931], [126.93492744457035, 36.48618454886471]]}}, {"type": "Feature", "properties": {"proposal_id": "visible-line-250", "tile_id": "174-cheongyang-mountain", "sheet_id": "174-cheongyang", "split": "development", "proposal_kind": "visible_linework_review_only", "backend": "grayscale_ridge_v1_skeleton_v1", "pixel_length": 86.355, "point_count": 11, "confidence": 0.7436, "review_status": "unreviewed"}, "geometry": {"type": "LineString", "coordinates": [[126.93375264058504, 36.48135865107235], [126.93408158570092, 36.48124374874396], [126.93422256217916, 36.48124374874396], [126.93455150729505, 36.48109054563944], [126.93516240536741, 36.48097564331105], [126.93544435832388, 36.480860740982656], [126.93563232696154, 36.48070753787814], [126.93567931912095, 36.48063093632588], [126.93563232696154, 36.47975001847489], [126.93539736616447, 36.47952021381811], [126.93516240536741, 36.47948191304198]]}}, {"type": "Feature", "properties": {"proposal_id": "visible-line-251", "tile_id": "174-cheongyang-mountain", "sheet_id": "174-cheongyang", "split": "development", "proposal_kind": "visible_linework_review_only", "backend": "grayscale_ridge_v1_skeleton_v1", "pixel_length": 24.657, "point_count": 5, "confidence": 0.6985, "review_status": "unreviewed"}, "geometry": {"type": "LineString", "coordinates": [[126.93375264058504, 36.47660935483224], [126.93379963274445, 36.47653275327998], [126.9339876013821, 36.47657105405611], [126.93469248377329, 36.47653275327998], [126.93478646809211, 36.47657105405611]]}}, {"type": "Feature", "properties": {"proposal_id": "visible-line-252", "tile_id": "174-cheongyang-mountain", "sheet_id": "174-cheongyang", "split": "development", "proposal_kind": "visible_linework_review_only", "backend": "grayscale_ridge_v1_skeleton_v1", "pixel_length": 24.728, "point_count": 5, "confidence": 0.7332, "review_status": "unreviewed"}, "geometry": {"type": "LineString", "coordinates": [[126.93375264058504, 36.465885137515876], [126.93403459354151, 36.46592343829201], [126.9343635386574, 36.466153242948785], [126.93431654649798, 36.466268145277176], [126.93408158570092, 36.46630644605331]]}}, {"type": "Feature", "properties": {"proposal_id": "visible-line-253", "tile_id": "174-cheongyang-mountain", "sheet_id": "174-cheongyang", "split": "development", "proposal_kind": "visible_linework_review_only", "backend": "grayscale_ridge_v1_skeleton_v1", "pixel_length": 22.485, "point_count": 3, "confidence": 0.6986, "review_status": "unreviewed"}, "geometry": {"type": "LineString", "coordinates": [[126.93379963274445, 36.47032802754694], [126.93459849945447, 36.470174824442424], [126.93469248377329, 36.47005992211403]]}}, {"type": "Feature", "properties": {"proposal_id": "visible-line-254", "tile_id": "174-cheongyang-mountain", "sheet_id": "174-cheongyang", "split": "development", "proposal_kind": "visible_linework_review_only", "backend": "grayscale_ridge_v1_skeleton_v1", "pixel_length": 32.213, "point_count": 6, "confidence": 0.711, "review_status": "unreviewed"}, "geometry": {"type": "LineString", "coordinates": [[126.93384662490386, 36.472051562472785], [126.93403459354151, 36.472243066353435], [126.9343635386574, 36.472319667905694], [126.93459849945447, 36.47220476557731], [126.93469248377329, 36.47220476557731], [126.93502142888917, 36.47197496092053]]}}, {"type": "Feature", "properties": {"proposal_id": "visible-line-255", "tile_id": "174-cheongyang-mountain", "sheet_id": "174-cheongyang", "split": "development", "proposal_kind": "visible_linework_review_only", "backend": "grayscale_ridge_v1_skeleton_v1", "pixel_length": 72.841, "point_count": 9, "confidence": 0.7688, "review_status": "unreviewed"}, "geometry": {"type": "LineString", "coordinates": [[126.93389361706328, 36.45382039303497], [126.93412857786033, 36.45405019769175], [126.93450451513563, 36.45420340079627], [126.93483346025153, 36.45420340079627], [126.93525638968623, 36.453896994587225], [126.93577330343977, 36.45366718993045], [126.93600826423683, 36.4534756860498], [126.93605525639624, 36.4530926782885], [126.93614924071507, 36.45293947518398]]}}, {"type": "Feature", "properties": {"proposal_id": "visible-line-256", "tile_id": "174-cheongyang-mountain", "sheet_id": "174-cheongyang", "split": "development", "proposal_kind": "visible_linework_review_only", "backend": "grayscale_ridge_v1_skeleton_v1", "pixel_length": 59.527, "point_count": 13, "confidence": 0.7299, "review_status": "unreviewed"}, "geometry": {"type": "LineString", "coordinates": [[126.93394060922269, 36.46814488330754], [126.93394060922269, 36.46795337942689], [126.93417557001975, 36.467761875546245], [126.93426955433857, 36.46772357477011], [126.93459849945447, 36.46772357477011], [126.93464549161388, 36.467761875546245], [126.93497443672976, 36.46772357477011], [126.93520939752682, 36.46753207088946], [126.93530338184564, 36.467378867784944], [126.93549135048329, 36.46722566468042], [126.93563232696154, 36.467187363904294], [126.93577330343977, 36.467187363904294], [126.93596127207742, 36.467302266232686]]}}, {"type": "Feature", "properties": {"proposal_id": "visible-line-257", "tile_id": "174-cheongyang-mountain", "sheet_id": "174-cheongyang", "split": "development", "proposal_kind": "visible_linework_review_only", "backend": "grayscale_ridge_v1_skeleton_v1", "pixel_length": 21.556, "point_count": 4, "confidence": 0.6769, "review_status": "unreviewed"}, "geometry": {"type": "LineString", "coordinates": [[126.93394060922269, 36.45251816664655], [126.93408158570092, 36.45255646742268], [126.9343635386574, 36.45290117440785], [126.93459849945447, 36.45305437751237]]}}, {"type": "Feature", "properties": {"proposal_id": "visible-line-258", "tile_id": "174-cheongyang-mountain", "sheet_id": "174-cheongyang", "split": "development", "proposal_kind": "visible_linework_review_only", "backend": "grayscale_ridge_v1_skeleton_v1", "pixel_length": 62.698, "point_count": 7, "confidence": 0.7375, "review_status": "unreviewed"}, "geometry": {"type": "LineString", "coordinates": [[126.9339876013821, 36.48714206826796], [126.93455150729505, 36.48675906050666], [126.93483346025153, 36.48672075973053], [126.93525638968623, 36.48656755662601], [126.93610224855566, 36.48656755662601], [126.9362902171933, 36.48672075973053], [126.93652517799036, 36.48679736128279]]}}, {"type": "Feature", "properties": {"proposal_id": "visible-line-259", "tile_id": "174-cheongyang-mountain", "sheet_id": "174-cheongyang", "split": "development", "proposal_kind": "visible_linework_review_only", "backend": "grayscale_ridge_v1_skeleton_v1", "pixel_length": 26.556, "point_count": 5, "confidence": 0.7627, "review_status": "unreviewed"}, "geometry": {"type": "LineString", "coordinates": [[126.9339876013821, 36.46389349715712], [126.9343635386574, 36.46435310647068], [126.9343635386574, 36.464582911127465], [126.93426955433857, 36.46469781345585], [126.93431654649798, 36.46473611423198]]}}, {"type": "Feature", "properties": {"proposal_id": "visible-line-260", "tile_id": "174-cheongyang-mountain", "sheet_id": "174-cheongyang", "split": "development", "proposal_kind": "visible_linework_review_only", "backend": "grayscale_ridge_v1_skeleton_v1", "pixel_length": 38.971, "point_count": 8, "confidence": 0.7331, "review_status": "unreviewed"}, "geometry": {"type": "LineString", "coordinates": [[126.93412857786033, 36.484958924028554], [126.9344105308168, 36.485073826356945], [126.93459849945447, 36.48503552558081], [126.9347394759327, 36.48492062325243], [126.93478646809211, 36.48465251781951], [126.93492744457035, 36.4843844123866], [126.93497443672976, 36.48434611161048], [126.93525638968623, 36.48434611161048]]}}, {"type": "Feature", "properties": {"proposal_id": "visible-line-261", "tile_id": "174-cheongyang-mountain", "sheet_id": "174-cheongyang", "split": "development", "proposal_kind": "visible_linework_review_only", "backend": "grayscale_ridge_v1_skeleton_v1", "pixel_length": 19.142, "point_count": 4, "confidence": 0.7081, "review_status": "unreviewed"}, "geometry": {"type": "LineString", "coordinates": [[126.93422256217916, 36.47381339817476], [126.9343635386574, 36.47396660127928], [126.93459849945447, 36.47404320283154], [126.93488045241094, 36.47423470671219]]}}, {"type": "Feature", "properties": {"proposal_id": "visible-line-262", "tile_id": "174-cheongyang-mountain", "sheet_id": "174-cheongyang", "split": "development", "proposal_kind": "visible_linework_review_only", "backend": "grayscale_ridge_v1_skeleton_v1", "pixel_length": 19.485, "point_count": 4, "confidence": 0.6946, "review_status": "unreviewed"}, "geometry": {"type": "LineString", "coordinates": [[126.93422256217916, 36.47059613297985], [126.93426955433857, 36.470557832203724], [126.93464549161388, 36.47051953142759], [126.93502142888917, 36.470366328323074]]}}, {"type": "Feature", "properties": {"proposal_id": "visible-line-263", "tile_id": "174-cheongyang-mountain", "sheet_id": "174-cheongyang", "split": "development", "proposal_kind": "visible_linework_review_only", "backend": "grayscale_ridge_v1_skeleton_v1", "pixel_length": 26.728, "point_count": 5, "confidence": 0.7634, "review_status": "unreviewed"}, "geometry": {"type": "LineString", "coordinates": [[126.93422256217916, 36.46829808641206], [126.93469248377329, 36.46833638718819], [126.93492744457035, 36.46841298874045], [126.935115413208, 36.46856619184497], [126.93520939752682, 36.46871939494949]]}}, {"type": "Feature", "properties": {"proposal_id": "visible-line-264", "tile_id": "174-cheongyang-mountain", "sheet_id": "174-cheongyang", "split": "development", "proposal_kind": "visible_linework_review_only", "backend": "grayscale_ridge_v1_skeleton_v1", "pixel_length": 22.314, "point_count": 3, "confidence": 0.7467, "review_status": "unreviewed"}, "geometry": {"type": "LineString", "coordinates": [[126.93426955433857, 36.473736796622504], [126.93488045241094, 36.47385169895089], [126.93516240536741, 36.47404320283154]]}}, {"type": "Feature", "properties": {"proposal_id": "visible-line-265", "tile_id": "174-cheongyang-mountain", "sheet_id": "174-cheongyang", "split": "development", "proposal_kind": "visible_linework_review_only", "backend": "grayscale_ridge_v1_skeleton_v1", "pixel_length": 22.314, "point_count": 5, "confidence": 0.7118, "review_status": "unreviewed"}, "geometry": {"type": "LineString", "coordinates": [[126.9343635386574, 36.479367010713595], [126.9344105308168, 36.479252108385204], [126.93488045241094, 36.479098905280686], [126.93506842104858, 36.478984002952295], [126.93516240536741, 36.478984002952295]]}}, {"type": "Feature", "properties": {"proposal_id": "visible-line-266", "tile_id": "174-cheongyang-mountain", "sheet_id": "174-cheongyang", "split": "development", "proposal_kind": "visible_linework_review_only", "backend": "grayscale_ridge_v1_skeleton_v1", "pixel_length": 28.213, "point_count": 4, "confidence": 0.7659, "review_status": "unreviewed"}, "geometry": {"type": "LineString", "coordinates": [[126.93445752297622, 36.46511912199328], [126.93469248377329, 36.46504252044102], [126.93525638968623, 36.46454461035133], [126.93544435832388, 36.4645063095752]]}}, {"type": "Feature", "properties": {"proposal_id": "visible-line-267", "tile_id": "174-cheongyang-mountain", "sheet_id": "174-cheongyang", "split": "development", "proposal_kind": "visible_linework_review_only", "backend": "grayscale_ridge_v1_skeleton_v1", "pixel_length": 85.326, "point_count": 10, "confidence": 0.763, "review_status": "unreviewed"}, "geometry": {"type": "LineString", "coordinates": [[126.93469248377329, 36.46351048939582], [126.93497443672976, 36.46339558706744], [126.93530338184564, 36.4630891808584], [126.93520939752682, 36.46285937620162], [126.93492744457035, 36.46255296999258], [126.93488045241094, 36.46243806766419], [126.93492744457035, 36.46224656378354], [126.93525638968623, 36.46197845835063], [126.93549135048329, 36.46186355602224], [126.93652517799036, 36.46159545058933]]}}, {"type": "Feature", "properties": {"proposal_id": "visible-line-268", "tile_id": "174-cheongyang-mountain", "sheet_id": "174-cheongyang", "split": "development", "proposal_kind": "visible_linework_review_only", "backend": "grayscale_ridge_v1_skeleton_v1", "pixel_length": 27.899, "point_count": 5, "confidence": 0.7495, "review_status": "unreviewed"}, "geometry": {"type": "LineString", "coordinates": [[126.93469248377329, 36.457650470647955], [126.93502142888917, 36.45761216987182], [126.935115413208, 36.45768877142408], [126.93497443672976, 36.45807177918538], [126.93502142888917, 36.458301583842164]]}}, {"type": "Feature", "properties": {"proposal_id": "visible-line-269", "tile_id": "174-cheongyang-mountain", "sheet_id": "174-cheongyang", "split": "development", "proposal_kind": "visible_linework_review_only", "backend": "grayscale_ridge_v1_skeleton_v1", "pixel_length": 38.456, "point_count": 6, "confidence": 0.7646, "review_status": "unreviewed"}, "geometry": {"type": "LineString", "coordinates": [[126.93492744457035, 36.45209685810912], [126.93506842104858, 36.452020256556864], [126.935115413208, 36.451828752676214], [126.93544435832388, 36.45133084258652], [126.93577330343977, 36.45106273715361], [126.93591427991801, 36.45102443637749]]}}, {"type": "Feature", "properties": {"proposal_id": "visible-line-270", "tile_id": "174-cheongyang-mountain", "sheet_id": "174-cheongyang", "split": "development", "proposal_kind": "visible_linework_review_only", "backend": "grayscale_ridge_v1_skeleton_v1", "pixel_length": 30.971, "point_count": 6, "confidence": 0.7415, "review_status": "unreviewed"}, "geometry": {"type": "LineString", "coordinates": [[126.93506842104858, 36.472626074114736], [126.935115413208, 36.47266437489087], [126.935115413208, 36.473009081876036], [126.93520939752682, 36.47316228498055], [126.93563232696154, 36.473468691189595], [126.93567931912095, 36.47358359351798]]}}, {"type": "Feature", "properties": {"proposal_id": "visible-line-271", "tile_id": "174-cheongyang-mountain", "sheet_id": "174-cheongyang", "split": "development", "proposal_kind": "visible_linework_review_only", "backend": "grayscale_ridge_v1_skeleton_v1", "pixel_length": 27.385, "point_count": 6, "confidence": 0.7095, "review_status": "unreviewed"}, "geometry": {"type": "LineString", "coordinates": [[126.93516240536741, 36.46048472808157], [126.93549135048329, 36.46029322420092], [126.93558533480213, 36.46029322420092], [126.93567931912095, 36.460369825753176], [126.93558533480213, 36.46059963040995], [126.93539736616447, 36.4607911342906]]}}, {"type": "Feature", "properties": {"proposal_id": "visible-line-272", "tile_id": "174-cheongyang-mountain", "sheet_id": "174-cheongyang", "split": "development", "proposal_kind": "visible_linework_review_only", "backend": "grayscale_ridge_v1_skeleton_v1", "pixel_length": 24.657, "point_count": 3, "confidence": 0.7606, "review_status": "unreviewed"}, "geometry": {"type": "LineString", "coordinates": [[126.93516240536741, 36.45845478694668], [126.9355383426427, 36.4586079900512], [126.93624322503389, 36.4586079900512]]}}, {"type": "Feature", "properties": {"proposal_id": "visible-line-273", "tile_id": "174-cheongyang-mountain", "sheet_id": "174-cheongyang", "split": "development", "proposal_kind": "visible_linework_review_only", "backend": "grayscale_ridge_v1_skeleton_v1", "pixel_length": 46.042, "point_count": 9, "confidence": 0.7373, "review_status": "unreviewed"}, "geometry": {"type": "LineString", "coordinates": [[126.93530338184564, 36.469064101934656], [126.93539736616447, 36.46921730503917], [126.93558533480213, 36.4693705081437], [126.93591427991801, 36.46948541047209], [126.93610224855566, 36.46948541047209], [126.93647818583095, 36.46960031280047], [126.93671314662802, 36.469753515905], [126.93676013878743, 36.46979181668112], [126.93676013878743, 36.47002162133791]]}}, {"type": "Feature", "properties": {"proposal_id": "visible-line-274", "tile_id": "174-cheongyang-mountain", "sheet_id": "174-cheongyang", "split": "development", "proposal_kind": "visible_linework_review_only", "backend": "grayscale_ridge_v1_skeleton_v1", "pixel_length": 19.556, "point_count": 4, "confidence": 0.7059, "review_status": "unreviewed"}, "geometry": {"type": "LineString", "coordinates": [[126.93549135048329, 36.48109054563944], [126.93567931912095, 36.48101394408718], [126.93605525639624, 36.48070753787814], [126.93610224855566, 36.48059263554975]]}}, {"type": "Feature", "properties": {"proposal_id": "visible-line-275", "tile_id": "174-cheongyang-mountain", "sheet_id": "174-cheongyang", "split": "development", "proposal_kind": "visible_linework_review_only", "backend": "grayscale_ridge_v1_skeleton_v1", "pixel_length": 18.142, "point_count": 5, "confidence": 0.7417, "review_status": "unreviewed"}, "geometry": {"type": "LineString", "coordinates": [[126.9355383426427, 36.47492412068253], [126.93563232696154, 36.47500072223479], [126.93563232696154, 36.47507732378705], [126.93577330343977, 36.4752688276677], [126.93600826423683, 36.47546033154835]]}}, {"type": "Feature", "properties": {"proposal_id": "visible-line-276", "tile_id": "174-cheongyang-mountain", "sheet_id": "174-cheongyang", "split": "development", "proposal_kind": "visible_linework_review_only", "backend": "grayscale_ridge_v1_skeleton_v1", "pixel_length": 30.314, "point_count": 5, "confidence": 0.7429, "review_status": "unreviewed"}, "geometry": {"type": "LineString", "coordinates": [[126.93572631128036, 36.48461421704339], [126.9358672877586, 36.48465251781951], [126.93605525639624, 36.48453761549113], [126.93614924071507, 36.48396310384918], [126.93624322503389, 36.48377159996853]]}}, {"type": "Feature", "properties": {"proposal_id": "visible-line-277", "tile_id": "174-cheongyang-mountain", "sheet_id": "174-cheongyang", "split": "development", "proposal_kind": "visible_linework_review_only", "backend": "grayscale_ridge_v1_skeleton_v1", "pixel_length": 26.142, "point_count": 6, "confidence": 0.7107, "review_status": "unreviewed"}, "geometry": {"type": "LineString", "coordinates": [[126.9358672877586, 36.488329392327984], [126.9358672877586, 36.48821448999959], [126.93600826423683, 36.4880995876712], [126.9362902171933, 36.4880995876712], [126.93643119367154, 36.48813788844733], [126.93671314662802, 36.48840599388024]]}}, {"type": "Feature", "properties": {"proposal_id": "visible-line-278", "tile_id": "174-cheongyang-mountain", "sheet_id": "174-cheongyang", "split": "development", "proposal_kind": "visible_linework_review_only", "backend": "grayscale_ridge_v1_skeleton_v1", "pixel_length": 69.598, "point_count": 7, "confidence": 0.7272, "review_status": "unreviewed"}, "geometry": {"type": "LineString", "coordinates": [[126.9358672877586, 36.45546732640855], [126.9358672877586, 36.455390724856294], [126.93605525639624, 36.45523752175177], [126.93619623287448, 36.45470131088595], [126.93680713094685, 36.45412679924401], [126.93690111526567, 36.45366718993045], [126.93718306822214, 36.453245881393016]]}}, {"type": "Feature", "properties": {"proposal_id": "visible-line-279", "tile_id": "174-cheongyang-mountain", "sheet_id": "174-cheongyang", "split": "development", "proposal_kind": "visible_linework_review_only", "backend": "grayscale_ridge_v1_skeleton_v1", "pixel_length": 27.799, "point_count": 2, "confidence": 0.7333, "review_status": "unreviewed"}, "geometry": {"type": "LineString", "coordinates": [[126.93600826423683, 36.482086365818816], [126.93685412310626, 36.48277577978915]]}}, {"type": "Feature", "properties": {"proposal_id": "visible-line-280", "tile_id": "174-cheongyang-mountain", "sheet_id": "174-cheongyang", "split": "development", "proposal_kind": "visible_linework_review_only", "backend": "grayscale_ridge_v1_skeleton_v1", "pixel_length": 26.799, "point_count": 3, "confidence": 0.7216, "review_status": "unreviewed"}, "geometry": {"type": "LineString", "coordinates": [[126.93600826423683, 36.47546033154835], [126.93605525639624, 36.475613534652865], [126.93666615446861, 36.476264647847074]]}}, {"type": "Feature", "properties": {"proposal_id": "visible-line-281", "tile_id": "174-cheongyang-mountain", "sheet_id": "174-cheongyang", "split": "development", "proposal_kind": "visible_linework_review_only", "backend": "grayscale_ridge_v1_skeleton_v1", "pixel_length": 28.87, "point_count": 2, "confidence": 0.7292, "review_status": "unreviewed"}, "geometry": {"type": "LineString", "coordinates": [[126.93614924071507, 36.48557173644663], [126.9370420917439, 36.484767420147904]]}}, {"type": "Feature", "properties": {"proposal_id": "visible-line-282", "tile_id": "174-cheongyang-mountain", "sheet_id": "174-cheongyang", "split": "development", "proposal_kind": "visible_linework_review_only", "backend": "grayscale_ridge_v1_skeleton_v1", "pixel_length": 23.556, "point_count": 4, "confidence": 0.6884, "review_status": "unreviewed"}, "geometry": {"type": "LineString", "coordinates": [[126.93614924071507, 36.45133084258652], [126.93643119367154, 36.451369143362655], [126.93690111526567, 36.45179045190008], [126.9369950995845, 36.45179045190008]]}}, {"type": "Feature", "properties": {"proposal_id": "visible-line-283", "tile_id": "174-cheongyang-mountain", "sheet_id": "174-cheongyang", "split": "development", "proposal_kind": "visible_linework_review_only", "backend": "grayscale_ridge_v1_skeleton_v1", "pixel_length": 27.899, "point_count": 7, "confidence": 0.714, "review_status": "unreviewed"}, "geometry": {"type": "LineString", "coordinates": [[126.93624322503389, 36.45274797130333], [126.93633720935271, 36.4527096705272], [126.93666615446861, 36.4527096705272], [126.93694810742508, 36.45282457285559], [126.93708908390332, 36.45282457285559], [126.93727705254096, 36.45293947518398], [126.93727705254096, 36.45305437751237]]}}, {"type": "Feature", "properties": {"proposal_id": "visible-line-284", "tile_id": "174-cheongyang-mountain", "sheet_id": "174-cheongyang", "split": "development", "proposal_kind": "visible_linework_review_only", "backend": "grayscale_ridge_v1_skeleton_v1", "pixel_length": 23.899, "point_count": 6, "confidence": 0.7232, "review_status": "unreviewed"}, "geometry": {"type": "LineString", "coordinates": [[126.9362902171933, 36.48358009608788], [126.93647818583095, 36.48331199065497], [126.93647818583095, 36.48315878755045], [126.93652517799036, 36.48312048677432], [126.93652517799036, 36.4829672836698], [126.93643119367154, 36.48277577978915]]}}, {"type": "Feature", "properties": {"proposal_id": "visible-line-285", "tile_id": "174-cheongyang-mountain", "sheet_id": "174-cheongyang", "split": "development", "proposal_kind": "visible_linework_review_only", "backend": "grayscale_ridge_v1_skeleton_v1", "pixel_length": 27.971, "point_count": 5, "confidence": 0.7675, "review_status": "unreviewed"}, "geometry": {"type": "LineString", "coordinates": [[126.93633720935271, 36.46094433739513], [126.93633720935271, 36.4607911342906], [126.93661916230919, 36.46052302885769], [126.93671314662802, 36.46052302885769], [126.93718306822214, 36.46029322420092]]}}, {"type": "Feature", "properties": {"proposal_id": "visible-line-286", "tile_id": "174-cheongyang-mountain", "sheet_id": "174-cheongyang", "split": "development", "proposal_kind": "visible_linework_review_only", "backend": "grayscale_ridge_v1_skeleton_v1", "pixel_length": 18.314, "point_count": 5, "confidence": 0.7767, "review_status": "unreviewed"}, "geometry": {"type": "LineString", "coordinates": [[126.93633720935271, 36.46094433739513], [126.93643119367154, 36.461097540499644], [126.93661916230919, 36.46125074360416], [126.93666615446861, 36.46136564593255], [126.93661916230919, 36.46151884903707]]}}, {"type": "Feature", "properties": {"proposal_id": "visible-line-287", "tile_id": "174-cheongyang-mountain", "sheet_id": "174-cheongyang", "split": "development", "proposal_kind": "visible_linework_review_only", "backend": "grayscale_ridge_v1_skeleton_v1", "pixel_length": 36.142, "point_count": 6, "confidence": 0.7192, "review_status": "unreviewed"}, "geometry": {"type": "LineString", "coordinates": [[126.93643119367154, 36.45864629082733], [126.93690111526567, 36.4586079900512], [126.93708908390332, 36.45853138849894], [126.93746502117861, 36.45853138849894], [126.93765298981626, 36.4586079900512], [126.93788795061333, 36.45883779470798]]}}, {"type": "Feature", "properties": {"proposal_id": "visible-line-288", "tile_id": "174-cheongyang-mountain", "sheet_id": "174-cheongyang", "split": "development", "proposal_kind": "visible_linework_review_only", "backend": "grayscale_ridge_v1_skeleton_v1", "pixel_length": 23.142, "point_count": 4, "confidence": 0.821, "review_status": "unreviewed"}, "geometry": {"type": "LineString", "coordinates": [[126.93647818583095, 36.45646314658793], [126.93657217014977, 36.45653974814019], [126.93676013878743, 36.456999357453746], [126.93694810742508, 36.4571908613344]]}}, {"type": "Feature", "properties": {"proposal_id": "visible-line-289", "tile_id": "174-cheongyang-mountain", "sheet_id": "174-cheongyang", "split": "development", "proposal_kind": "visible_linework_review_only", "backend": "grayscale_ridge_v1_skeleton_v1", "pixel_length": 48.87, "point_count": 8, "confidence": 0.7049, "review_status": "unreviewed"}, "geometry": {"type": "LineString", "coordinates": [[126.93652517799036, 36.45102443637749], [126.93680713094685, 36.45133084258652], [126.9369950995845, 36.45140744413879], [126.9374180290192, 36.45140744413879], [126.93746502117861, 36.45144574491491], [126.93769998197567, 36.45140744413879], [126.93812291141039, 36.45106273715361], [126.93831088004804, 36.45102443637749]]}}, {"type": "Feature", "properties": {"proposal_id": "visible-line-290", "tile_id": "174-cheongyang-mountain", "sheet_id": "174-cheongyang", "split": "development", "proposal_kind": "visible_linework_review_only", "backend": "grayscale_ridge_v1_skeleton_v1", "pixel_length": 20.314, "point_count": 4, "confidence": 0.7349, "review_status": "unreviewed"}, "geometry": {"type": "LineString", "coordinates": [[126.93661916230919, 36.48982312259705], [126.93694810742508, 36.489746521044786], [126.93713607606273, 36.48959331794027], [126.93723006038155, 36.48936351328349]]}}, {"type": "Feature", "properties": {"proposal_id": "visible-line-291", "tile_id": "174-cheongyang-mountain", "sheet_id": "174-cheongyang", "split": "development", "proposal_kind": "visible_linework_review_only", "backend": "grayscale_ridge_v1_skeleton_v1", "pixel_length": 32.142, "point_count": 4, "confidence": 0.6545, "review_status": "unreviewed"}, "geometry": {"type": "LineString", "coordinates": [[126.93661916230919, 36.455773732617594], [126.93671314662802, 36.455122619423385], [126.93685412310626, 36.454931115542735], [126.93713607606273, 36.454739611662085]]}}, {"type": "Feature", "properties": {"proposal_id": "visible-line-292", "tile_id": "174-cheongyang-mountain", "sheet_id": "174-cheongyang", "split": "development", "proposal_kind": "visible_linework_review_only", "backend": "grayscale_ridge_v1_skeleton_v1", "pixel_length": 24.385, "point_count": 5, "confidence": 0.7284, "review_status": "unreviewed"}, "geometry": {"type": "LineString", "coordinates": [[126.93671314662802, 36.48679736128279], [126.93690111526567, 36.48687396283505], [126.93713607606273, 36.4870654667157], [126.93723006038155, 36.487218669820216], [126.93751201333802, 36.48737187292474]]}}, {"type": "Feature", "properties": {"proposal_id": "visible-line-293", "tile_id": "174-cheongyang-mountain", "sheet_id": "174-cheongyang", "split": "development", "proposal_kind": "visible_linework_review_only", "backend": "grayscale_ridge_v1_skeleton_v1", "pixel_length": 26.728, "point_count": 6, "confidence": 0.7134, "review_status": "unreviewed"}, "geometry": {"type": "LineString", "coordinates": [[126.93694810742508, 36.47105574229341], [126.93708908390332, 36.47109404306954], [126.93723006038155, 36.47097914074115], [126.93727705254096, 36.47059613297985], [126.9374180290192, 36.47044292987533], [126.93755900549743, 36.4704046290992]]}}, {"type": "Feature", "properties": {"proposal_id": "visible-line-294", "tile_id": "174-cheongyang-mountain", "sheet_id": "174-cheongyang", "split": "development", "proposal_kind": "visible_linework_review_only", "backend": "grayscale_ridge_v1_skeleton_v1", "pixel_length": 22.071, "point_count": 5, "confidence": 0.665, "review_status": "unreviewed"}, "geometry": {"type": "LineString", "coordinates": [[126.93718306822214, 36.452594768198814], [126.93723006038155, 36.45263306897494], [126.93755900549743, 36.45263306897494], [126.9377469741351, 36.45274797130333], [126.93769998197567, 36.45305437751237]]}}, {"type": "Feature", "properties": {"proposal_id": "visible-line-295", "tile_id": "174-cheongyang-mountain", "sheet_id": "174-cheongyang", "split": "development", "proposal_kind": "visible_linework_review_only", "backend": "grayscale_ridge_v1_skeleton_v1", "pixel_length": 21.071, "point_count": 6, "confidence": 0.739, "review_status": "unreviewed"}, "geometry": {"type": "LineString", "coordinates": [[126.93727705254096, 36.46753207088946], [126.93732404470038, 36.46749377011333], [126.93765298981626, 36.46749377011333], [126.9377939662945, 36.467570371665595], [126.93807591925098, 36.467570371665595], [126.9381699035698, 36.46764697321785]]}}, {"type": "Feature", "properties": {"proposal_id": "visible-line-296", "tile_id": "174-cheongyang-mountain", "sheet_id": "174-cheongyang", "split": "development", "proposal_kind": "visible_linework_review_only", "backend": "grayscale_ridge_v1_skeleton_v1", "pixel_length": 21.899, "point_count": 3, "confidence": 0.7704, "review_status": "unreviewed"}, "geometry": {"type": "LineString", "coordinates": [[126.93732404470038, 36.46021662264866], [126.93765298981626, 36.460063419544134], [126.93821689572921, 36.45994851721575]]}}, {"type": "Feature", "properties": {"proposal_id": "visible-line-297", "tile_id": "174-cheongyang-mountain", "sheet_id": "174-cheongyang", "split": "development", "proposal_kind": "visible_linework_review_only", "backend": "grayscale_ridge_v1_skeleton_v1", "pixel_length": 25.071, "point_count": 4, "confidence": 0.7766, "review_status": "unreviewed"}, "geometry": {"type": "LineString", "coordinates": [[126.93737103685979, 36.4693705081437], [126.93755900549743, 36.469447109695956], [126.93826388788862, 36.46940880891982], [126.93845185652627, 36.46948541047209]]}}, {"type": "Feature", "properties": {"proposal_id": "visible-line-298", "tile_id": "174-cheongyang-mountain", "sheet_id": "174-cheongyang", "split": "development", "proposal_kind": "visible_linework_review_only", "backend": "grayscale_ridge_v1_skeleton_v1", "pixel_length": 25.971, "point_count": 5, "confidence": 0.6927, "review_status": "unreviewed"}, "geometry": {"type": "LineString", "coordinates": [[126.93737103685979, 36.468681094173355], [126.93751201333802, 36.46879599650175], [126.9377939662945, 36.46891089883014], [126.9381699035698, 36.46871939494949], [126.93835787220745, 36.46875769572562]]}}, {"type": "Feature", "properties": {"proposal_id": "visible-line-299", "tile_id": "174-cheongyang-mountain", "sheet_id": "174-cheongyang", "split": "development", "proposal_kind": "visible_linework_review_only", "backend": "grayscale_ridge_v1_skeleton_v1", "pixel_length": 19.243, "point_count": 4, "confidence": 0.6912, "review_status": "unreviewed"}, "geometry": {"type": "LineString", "coordinates": [[126.93746502117861, 36.476839159489025], [126.93751201333802, 36.47680085871289], [126.93769998197567, 36.476839159489025], [126.93765298981626, 36.47733706957871]]}}, {"type": "Feature", "properties": {"proposal_id": "visible-line-300", "tile_id": "174-cheongyang-mountain", "sheet_id": "174-cheongyang", "split": "development", "proposal_kind": "visible_linework_review_only", "backend": "grayscale_ridge_v1_skeleton_v1", "pixel_length": 48.142, "point_count": 8, "confidence": 0.6942, "review_status": "unreviewed"}, "geometry": {"type": "LineString", "coordinates": [[126.93751201333802, 36.4837332991924], [126.93765298981626, 36.48415460772983], [126.93765298981626, 36.4843844123866], [126.9377469741351, 36.48453761549113], [126.9377469741351, 36.48472911937178], [126.93788795061333, 36.48499722480469], [126.93788795061333, 36.48522702946146], [126.93798193493215, 36.48541853334211]]}}, {"type": "Feature", "properties": {"proposal_id": "visible-line-301", "tile_id": "174-cheongyang-mountain", "sheet_id": "174-cheongyang", "split": "development", "proposal_kind": "visible_linework_review_only", "backend": "grayscale_ridge_v1_skeleton_v1", "pixel_length": 24.385, "point_count": 4, "confidence": 0.6982, "review_status": "unreviewed"}, "geometry": {"type": "LineString", "coordinates": [[126.9377469741351, 36.46622984450104], [126.93788795061333, 36.466076641396526], [126.93798193493215, 36.466076641396526], [126.93845185652627, 36.46657455148622]]}}, {"type": "Feature", "properties": {"proposal_id": "visible-line-302", "tile_id": "174-cheongyang-mountain", "sheet_id": "174-cheongyang", "split": "development", "proposal_kind": "visible_linework_review_only", "backend": "grayscale_ridge_v1_skeleton_v1", "pixel_length": 20.071, "point_count": 2, "confidence": 0.7106, "review_status": "unreviewed"}, "geometry": {"type": "LineString", "coordinates": [[126.93784095845392, 36.480018123907804], [126.93807591925098, 36.47932870993746]]}}, {"type": "Feature", "properties": {"proposal_id": "visible-line-303", "tile_id": "174-cheongyang-mountain", "sheet_id": "174-cheongyang", "split": "development", "proposal_kind": "visible_linework_review_only", "backend": "grayscale_ridge_v1_skeleton_v1", "pixel_length": 34.142, "point_count": 5, "confidence": 0.7326, "review_status": "unreviewed"}, "geometry": {"type": "LineString", "coordinates": [[126.93784095845392, 36.47404320283154], [126.93784095845392, 36.47388999972702], [126.93802892709157, 36.47362189429411], [126.93798193493215, 36.47312398420442], [126.93826388788862, 36.47293248032378]]}}, {"type": "Feature", "properties": {"proposal_id": "visible-line-304", "tile_id": "174-cheongyang-mountain", "sheet_id": "174-cheongyang", "split": "development", "proposal_kind": "visible_linework_review_only", "backend": "grayscale_ridge_v1_skeleton_v1", "pixel_length": 20.071, "point_count": 3, "confidence": 0.6871, "review_status": "unreviewed"}, "geometry": {"type": "LineString", "coordinates": [[126.93784095845392, 36.46917900426305], [126.93840486436686, 36.46910240271079], [126.93868681732333, 36.46921730503917]]}}, {"type": "Feature", "properties": {"proposal_id": "visible-line-305", "tile_id": "174-cheongyang-mountain", "sheet_id": "174-cheongyang", "split": "development", "proposal_kind": "visible_linework_review_only", "backend": "grayscale_ridge_v1_skeleton_v1", "pixel_length": 22.071, "point_count": 2, "confidence": 0.6926, "review_status": "unreviewed"}, "geometry": {"type": "LineString", "coordinates": [[126.93788795061333, 36.48063093632588], [126.93812291141039, 36.47986492080328]]}}, {"type": "Feature", "properties": {"proposal_id": "visible-line-306", "tile_id": "174-cheongyang-mountain", "sheet_id": "174-cheongyang", "split": "development", "proposal_kind": "visible_linework_review_only", "backend": "grayscale_ridge_v1_skeleton_v1", "pixel_length": 36.799, "point_count": 7, "confidence": 0.7358, "review_status": "unreviewed"}, "geometry": {"type": "LineString", "coordinates": [[126.93793494277274, 36.46546382897845], [126.93798193493215, 36.465502129754576], [126.9381699035698, 36.465502129754576], [126.93826388788862, 36.46557873130684], [126.93840486436686, 36.46584683673975], [126.93849884868568, 36.46622984450104], [126.93878080164215, 36.46649794993395]]}}, {"type": "Feature", "properties": {"proposal_id": "visible-line-307", "tile_id": "174-cheongyang-mountain", "sheet_id": "174-cheongyang", "split": "development", "proposal_kind": "visible_linework_review_only", "backend": "grayscale_ridge_v1_skeleton_v1", "pixel_length": 22.385, "point_count": 3, "confidence": 0.8074, "review_status": "unreviewed"}, "geometry": {"type": "LineString", "coordinates": [[126.93793494277274, 36.45749726754344], [126.93826388788862, 36.45776537297635], [126.9385458408451, 36.45814838073764]]}}, {"type": "Feature", "properties": {"proposal_id": "visible-line-308", "tile_id": "174-cheongyang-mountain", "sheet_id": "174-cheongyang", "split": "development", "proposal_kind": "visible_linework_review_only", "backend": "grayscale_ridge_v1_skeleton_v1", "pixel_length": 85.698, "point_count": 14, "confidence": 0.7196, "review_status": "unreviewed"}, "geometry": {"type": "LineString", "coordinates": [[126.93798193493215, 36.4556588302892], [126.93802892709157, 36.45569713106533], [126.93802892709157, 36.45596523649824], [126.93807591925098, 36.45600353727437], [126.93802892709157, 36.45630994348341], [126.9381699035698, 36.45650144736406], [126.93826388788862, 36.45653974814019], [126.93920373107687, 36.45657804891632], [126.9392977153957, 36.45665465046858], [126.9392977153957, 36.45696105667761], [126.93915673891746, 36.457344064438914], [126.9392977153957, 36.4575738690957], [126.93953267619275, 36.45776537297635], [126.93953267619275, 36.457841974528606]]}}, {"type": "Feature", "properties": {"proposal_id": "visible-line-309", "tile_id": "174-cheongyang-mountain", "sheet_id": "174-cheongyang", "split": "development", "proposal_kind": "visible_linework_review_only", "backend": "grayscale_ridge_v1_skeleton_v1", "pixel_length": 23.971, "point_count": 4, "confidence": 0.7161, "review_status": "unreviewed"}, "geometry": {"type": "LineString", "coordinates": [[126.93802892709157, 36.45922080246928], [126.93845185652627, 36.45956550945445], [126.93845185652627, 36.45971871255897], [126.93826388788862, 36.45991021643962]]}}, {"type": "Feature", "properties": {"proposal_id": "visible-line-310", "tile_id": "174-cheongyang-mountain", "sheet_id": "174-cheongyang", "split": "development", "proposal_kind": "visible_linework_review_only", "backend": "grayscale_ridge_v1_skeleton_v1", "pixel_length": 31.042, "point_count": 4, "confidence": 0.784, "review_status": "unreviewed"}, "geometry": {"type": "LineString", "coordinates": [[126.93802892709157, 36.455390724856294], [126.93831088004804, 36.45516092019951], [126.93882779380158, 36.45496941631886], [126.93915673891746, 36.454739611662085]]}}, {"type": "Feature", "properties": {"proposal_id": "visible-line-311", "tile_id": "174-cheongyang-mountain", "sheet_id": "174-cheongyang", "split": "development", "proposal_kind": "visible_linework_review_only", "backend": "grayscale_ridge_v1_skeleton_v1", "pixel_length": 61.113, "point_count": 6, "confidence": 0.738, "review_status": "unreviewed"}, "geometry": {"type": "LineString", "coordinates": [[126.93831088004804, 36.484231209282086], [126.93831088004804, 36.48380990074466], [126.93835787220745, 36.48369499841627], [126.93882779380158, 36.48312048677432], [126.9392977153957, 36.48269917823689], [126.93934470755511, 36.48223956892333]]}}, {"type": "Feature", "properties": {"proposal_id": "visible-line-312", "tile_id": "174-cheongyang-mountain", "sheet_id": "174-cheongyang", "split": "development", "proposal_kind": "visible_linework_review_only", "backend": "grayscale_ridge_v1_skeleton_v1", "pixel_length": 28.385, "point_count": 4, "confidence": 0.7361, "review_status": "unreviewed"}, "geometry": {"type": "LineString", "coordinates": [[126.93840486436686, 36.45374379148271], [126.93845185652627, 36.45359058837819], [126.9389217781204, 36.45320758061689], [126.93906275459864, 36.45290117440785]]}}, {"type": "Feature", "properties": {"proposal_id": "visible-line-313", "tile_id": "174-cheongyang-mountain", "sheet_id": "174-cheongyang", "split": "development", "proposal_kind": "visible_linework_review_only", "backend": "grayscale_ridge_v1_skeleton_v1", "pixel_length": 69.113, "point_count": 12, "confidence": 0.7427, "review_status": "unreviewed"}, "geometry": {"type": "LineString", "coordinates": [[126.93849884868568, 36.46469781345585], [126.9385458408451, 36.464659512679724], [126.93849884868568, 36.4645063095752], [126.9385458408451, 36.464199903366165], [126.93868681732333, 36.46404670026164], [126.93878080164215, 36.464008399485515], [126.93925072323628, 36.464008399485515], [126.93943869187393, 36.46408500103777], [126.93976763698981, 36.46408500103777], [126.93995560562747, 36.463931797933256], [126.93986162130865, 36.46366369250035], [126.93953267619275, 36.46331898551517]]}}, {"type": "Feature", "properties": {"proposal_id": "visible-line-314", "tile_id": "174-cheongyang-mountain", "sheet_id": "174-cheongyang", "split": "development", "proposal_kind": "visible_linework_review_only", "backend": "grayscale_ridge_v1_skeleton_v1", "pixel_length": 28.556, "point_count": 5, "confidence": 0.6904, "review_status": "unreviewed"}, "geometry": {"type": "LineString", "coordinates": [[126.9385458408451, 36.4666894538146], [126.93882779380158, 36.46695755924751], [126.93901576243923, 36.46703416079978], [126.93948568403334, 36.4670724615759], [126.93962666051158, 36.46714906312816]]}}, {"type": "Feature", "properties": {"proposal_id": "visible-line-315", "tile_id": "174-cheongyang-mountain", "sheet_id": "174-cheongyang", "split": "development", "proposal_kind": "visible_linework_review_only", "backend": "grayscale_ridge_v1_skeleton_v1", "pixel_length": 19.142, "point_count": 3, "confidence": 0.7208, "review_status": "unreviewed"}, "geometry": {"type": "LineString", "coordinates": [[126.9385458408451, 36.455505627184685], [126.93878080164215, 36.455314123304035], [126.93925072323628, 36.455122619423385]]}}, {"type": "Feature", "properties": {"proposal_id": "visible-line-316", "tile_id": "174-cheongyang-mountain", "sheet_id": "174-cheongyang", "split": "development", "proposal_kind": "visible_linework_review_only", "backend": "grayscale_ridge_v1_skeleton_v1", "pixel_length": 20.485, "point_count": 2, "confidence": 0.698, "review_status": "unreviewed"}, "geometry": {"type": "LineString", "coordinates": [[126.9385928330045, 36.47829458898195], [126.93887478596099, 36.47760517501162]]}}, {"type": "Feature", "properties": {"proposal_id": "visible-line-317", "tile_id": "174-cheongyang-mountain", "sheet_id": "174-cheongyang", "split": "development", "proposal_kind": "visible_linework_review_only", "backend": "grayscale_ridge_v1_skeleton_v1", "pixel_length": 18.485, "point_count": 4, "confidence": 0.6803, "review_status": "unreviewed"}, "geometry": {"type": "LineString", "coordinates": [[126.93868681732333, 36.48756337680538], [126.93868681732333, 36.487448474477], [126.9389217781204, 36.48725697059635], [126.93896877027981, 36.48695056438731]]}}, {"type": "Feature", "properties": {"proposal_id": "visible-line-318", "tile_id": "174-cheongyang-mountain", "sheet_id": "174-cheongyang", "split": "development", "proposal_kind": "visible_linework_review_only", "backend": "grayscale_ridge_v1_skeleton_v1", "pixel_length": 98.326, "point_count": 17, "confidence": 0.7422, "review_status": "unreviewed"}, "geometry": {"type": "LineString", "coordinates": [[126.9389217781204, 36.4538586938111], [126.93915673891746, 36.45362888915432], [126.93957966835217, 36.453513986825925], [126.93976763698981, 36.45336078372141], [126.93976763698981, 36.453245881393016], [126.93967365267099, 36.4530926782885], [126.9392977153957, 36.45263306897494], [126.93925072323628, 36.45251816664655], [126.9392977153957, 36.45244156509429], [126.93943869187393, 36.452326662765905], [126.93976763698981, 36.45225006121364], [126.94014357426512, 36.45225006121364], [126.94042552722159, 36.452326662765905], [126.94070748017806, 36.452326662765905], [126.94080146449689, 36.45225006121364], [126.9408484566563, 36.45209685810912], [126.94103642529396, 36.45198195578073]]}}, {"type": "Feature", "properties": {"proposal_id": "visible-line-319", "tile_id": "174-cheongyang-mountain", "sheet_id": "174-cheongyang", "split": "development", "proposal_kind": "visible_linework_review_only", "backend": "grayscale_ridge_v1_skeleton_v1", "pixel_length": 22.728, "point_count": 6, "confidence": 0.7663, "review_status": "unreviewed"}, "geometry": {"type": "LineString", "coordinates": [[126.9389217781204, 36.4538586938111], [126.93901576243923, 36.45405019769175], [126.93925072323628, 36.454280002348526], [126.9392977153957, 36.45439490467692], [126.9392977153957, 36.454548107781434], [126.93925072323628, 36.45458640855757]]}}, {"type": "Feature", "properties": {"proposal_id": "visible-line-320", "tile_id": "174-cheongyang-mountain", "sheet_id": "174-cheongyang", "split": "development", "proposal_kind": "visible_linework_review_only", "backend": "grayscale_ridge_v1_skeleton_v1", "pixel_length": 44.071, "point_count": 7, "confidence": 0.757, "review_status": "unreviewed"}, "geometry": {"type": "LineString", "coordinates": [[126.93906275459864, 36.48036283089297], [126.93906275459864, 36.48013302623619], [126.93910974675805, 36.48009472546006], [126.93906275459864, 36.479252108385204], [126.93915673891746, 36.479098905280686], [126.93915673891746, 36.47883079984778], [126.93910974675805, 36.47875419829551]]}}, {"type": "Feature", "properties": {"proposal_id": "visible-line-321", "tile_id": "174-cheongyang-mountain", "sheet_id": "174-cheongyang", "split": "development", "proposal_kind": "visible_linework_review_only", "backend": "grayscale_ridge_v1_skeleton_v1", "pixel_length": 31.243, "point_count": 3, "confidence": 0.7504, "review_status": "unreviewed"}, "geometry": {"type": "LineString", "coordinates": [[126.93906275459864, 36.48036283089297], [126.93915673891746, 36.48051603399749], [126.93920373107687, 36.481511854176865]]}}, {"type": "Feature", "properties": {"proposal_id": "visible-line-322", "tile_id": "174-cheongyang-mountain", "sheet_id": "174-cheongyang", "split": "development", "proposal_kind": "visible_linework_review_only", "backend": "grayscale_ridge_v1_skeleton_v1", "pixel_length": 34.971, "point_count": 7, "confidence": 0.709, "review_status": "unreviewed"}, "geometry": {"type": "LineString", "coordinates": [[126.93925072323628, 36.45125424103426], [126.93934470755511, 36.451369143362655], [126.93990861346806, 36.45152234646717], [126.94019056642453, 36.451484045691046], [126.94037853506218, 36.451369143362655], [126.940472519381, 36.451369143362655], [126.94056650369983, 36.45125424103426]]}}, {"type": "Feature", "properties": {"proposal_id": "visible-line-323", "tile_id": "174-cheongyang-mountain", "sheet_id": "174-cheongyang", "split": "development", "proposal_kind": "visible_linework_review_only", "backend": "grayscale_ridge_v1_skeleton_v1", "pixel_length": 37.941, "point_count": 4, "confidence": 0.7498, "review_status": "unreviewed"}, "geometry": {"type": "LineString", "coordinates": [[126.93934470755511, 36.47415810515993], [126.93976763698981, 36.47377509739863], [126.93990861346806, 36.473736796622504], [126.94061349585924, 36.473200585756686]]}}, {"type": "Feature", "properties": {"proposal_id": "visible-line-324", "tile_id": "174-cheongyang-mountain", "sheet_id": "174-cheongyang", "split": "development", "proposal_kind": "visible_linework_review_only", "backend": "grayscale_ridge_v1_skeleton_v1", "pixel_length": 21.142, "point_count": 4, "confidence": 0.6969, "review_status": "unreviewed"}, "geometry": {"type": "LineString", "coordinates": [[126.93934470755511, 36.455390724856294], [126.93967365267099, 36.45519922097564], [126.9400495899463, 36.45508431864725], [126.94014357426512, 36.45500771709499]]}}, {"type": "Feature", "properties": {"proposal_id": "visible-line-325", "tile_id": "174-cheongyang-mountain", "sheet_id": "174-cheongyang", "split": "development", "proposal_kind": "visible_linework_review_only", "backend": "grayscale_ridge_v1_skeleton_v1", "pixel_length": 125.51, "point_count": 12, "confidence": 0.7607, "review_status": "unreviewed"}, "geometry": {"type": "LineString", "coordinates": [[126.93939169971452, 36.45841648617055], [126.93957966835217, 36.458301583842164], [126.93981462914923, 36.458301583842164], [126.94009658210571, 36.45818668151377], [126.9412243939316, 36.45730576366279], [126.94150634688808, 36.45730576366279], [126.94169431552572, 36.457535568319564], [126.94178829984455, 36.45776537297635], [126.94192927632278, 36.457841974528606], [126.94301009598927, 36.45684615434923], [126.94338603326457, 36.45676955279697], [126.94357400190222, 36.456884455125355]]}}, {"type": "Feature", "properties": {"proposal_id": "visible-line-326", "tile_id": "174-cheongyang-mountain", "sheet_id": "174-cheongyang", "split": "development", "proposal_kind": "visible_linework_review_only", "backend": "grayscale_ridge_v1_skeleton_v1", "pixel_length": 20.314, "point_count": 6, "confidence": 0.7902, "review_status": "unreviewed"}, "geometry": {"type": "LineString", "coordinates": [[126.93943869187393, 36.46312748163453], [126.93943869187393, 36.463050880082264], [126.93962666051158, 36.46282107542549], [126.93967365267099, 36.46266787232097], [126.93981462914923, 36.46255296999258], [126.93990861346806, 36.46255296999258]]}}, {"type": "Feature", "properties": {"proposal_id": "visible-line-327", "tile_id": "174-cheongyang-mountain", "sheet_id": "174-cheongyang", "split": "development", "proposal_kind": "visible_linework_review_only", "backend": "grayscale_ridge_v1_skeleton_v1", "pixel_length": 22.556, "point_count": 4, "confidence": 0.736, "review_status": "unreviewed"}, "geometry": {"type": "LineString", "coordinates": [[126.93953267619275, 36.465885137515876], [126.93962666051158, 36.465885137515876], [126.93986162130865, 36.46600003984427], [126.94033154290277, 36.466344746829435]]}}, {"type": "Feature", "properties": {"proposal_id": "visible-line-328", "tile_id": "174-cheongyang-mountain", "sheet_id": "174-cheongyang", "split": "development", "proposal_kind": "visible_linework_review_only", "backend": "grayscale_ridge_v1_skeleton_v1", "pixel_length": 19.728, "point_count": 5, "confidence": 0.7278, "review_status": "unreviewed"}, "geometry": {"type": "LineString", "coordinates": [[126.93957966835217, 36.454088498467875], [126.93957966835217, 36.45401189691562], [126.9397206448304, 36.453896994587225], [126.94000259778689, 36.45382039303497], [126.94019056642453, 36.45362888915432]]}}, {"type": "Feature", "properties": {"proposal_id": "visible-line-329", "tile_id": "174-cheongyang-mountain", "sheet_id": "174-cheongyang", "split": "development", "proposal_kind": "visible_linework_review_only", "backend": "grayscale_ridge_v1_skeleton_v1", "pixel_length": 19.657, "point_count": 4, "confidence": 0.7476, "review_status": "unreviewed"}, "geometry": {"type": "LineString", "coordinates": [[126.93981462914923, 36.481205447967824], [126.93981462914923, 36.48089904175879], [126.93995560562747, 36.48070753787814], [126.94000259778689, 36.48051603399749]]}}, {"type": "Feature", "properties": {"proposal_id": "visible-line-330", "tile_id": "174-cheongyang-mountain", "sheet_id": "174-cheongyang", "split": "development", "proposal_kind": "visible_linework_review_only", "backend": "grayscale_ridge_v1_skeleton_v1", "pixel_length": 21.971, "point_count": 3, "confidence": 0.7179, "review_status": "unreviewed"}, "geometry": {"type": "LineString", "coordinates": [[126.9400495899463, 36.457841974528606], [126.94019056642453, 36.457841974528606], [126.94075447233747, 36.45730576366279]]}}, {"type": "Feature", "properties": {"proposal_id": "visible-line-331", "tile_id": "174-cheongyang-mountain", "sheet_id": "174-cheongyang", "split": "development", "proposal_kind": "visible_linework_review_only", "backend": "grayscale_ridge_v1_skeleton_v1", "pixel_length": 20.414, "point_count": 2, "confidence": 0.6796, "review_status": "unreviewed"}, "geometry": {"type": "LineString", "coordinates": [[126.94009658210571, 36.48618454886471], [126.94014357426512, 36.48541853334211]]}}, {"type": "Feature", "properties": {"proposal_id": "visible-line-332", "tile_id": "174-cheongyang-mountain", "sheet_id": "174-cheongyang", "split": "development", "proposal_kind": "visible_linework_review_only", "backend": "grayscale_ridge_v1_skeleton_v1", "pixel_length": 33.728, "point_count": 6, "confidence": 0.7184, "review_status": "unreviewed"}, "geometry": {"type": "LineString", "coordinates": [[126.94009658210571, 36.48292898289367], [126.94019056642453, 36.48308218599819], [126.94019056642453, 36.48323538910271], [126.94042552722159, 36.48358009608788], [126.94042552722159, 36.48388650229692], [126.94033154290277, 36.48407800617757]]}}, {"type": "Feature", "properties": {"proposal_id": "visible-line-333", "tile_id": "174-cheongyang-mountain", "sheet_id": "174-cheongyang", "split": "development", "proposal_kind": "visible_linework_review_only", "backend": "grayscale_ridge_v1_skeleton_v1", "pixel_length": 25.556, "point_count": 5, "confidence": 0.7542, "review_status": "unreviewed"}, "geometry": {"type": "LineString", "coordinates": [[126.94023755858395, 36.484307810834345], [126.94028455074336, 36.48434611161048], [126.94028455074336, 36.484499314714995], [126.94070748017806, 36.484882322476295], [126.94066048801865, 36.48511212713307]]}}, {"type": "Feature", "properties": {"proposal_id": "visible-line-334", "tile_id": "174-cheongyang-mountain", "sheet_id": "174-cheongyang", "split": "development", "proposal_kind": "visible_linework_review_only", "backend": "grayscale_ridge_v1_skeleton_v1", "pixel_length": 22.243, "point_count": 4, "confidence": 0.7198, "review_status": "unreviewed"}, "geometry": {"type": "LineString", "coordinates": [[126.94037853506218, 36.471591953159226], [126.94037853506218, 36.47128554695019], [126.94051951154042, 36.4711706446218], [126.94098943313455, 36.4711706446218]]}}, {"type": "Feature", "properties": {"proposal_id": "visible-line-335", "tile_id": "174-cheongyang-mountain", "sheet_id": "174-cheongyang", "split": "development", "proposal_kind": "visible_linework_review_only", "backend": "grayscale_ridge_v1_skeleton_v1", "pixel_length": 24.071, "point_count": 4, "confidence": 0.7147, "review_status": "unreviewed"}, "geometry": {"type": "LineString", "coordinates": [[126.94037853506218, 36.45267136975107], [126.94108341745337, 36.45274797130333], [126.94136537040984, 36.45282457285559], [126.94141236256925, 36.45278627207946]]}}, {"type": "Feature", "properties": {"proposal_id": "visible-line-336", "tile_id": "174-cheongyang-mountain", "sheet_id": "174-cheongyang", "split": "development", "proposal_kind": "visible_linework_review_only", "backend": "grayscale_ridge_v1_skeleton_v1", "pixel_length": 40.456, "point_count": 8, "confidence": 0.7208, "review_status": "unreviewed"}, "geometry": {"type": "LineString", "coordinates": [[126.94042552722159, 36.458224982289906], [126.94108341745337, 36.457727072200214], [126.94136537040984, 36.457727072200214], [126.94145935472866, 36.45780367375247], [126.94150634688808, 36.45788027530473], [126.94150634688808, 36.45814838073764], [126.94145935472866, 36.45818668151377], [126.94141236256925, 36.45814838073764]]}}, {"type": "Feature", "properties": {"proposal_id": "visible-line-337", "tile_id": "174-cheongyang-mountain", "sheet_id": "174-cheongyang", "split": "development", "proposal_kind": "visible_linework_review_only", "backend": "grayscale_ridge_v1_skeleton_v1", "pixel_length": 58.799, "point_count": 10, "confidence": 0.7046, "review_status": "unreviewed"}, "geometry": {"type": "LineString", "coordinates": [[126.940472519381, 36.48051603399749], [126.94094244097514, 36.480477733221356], [126.9411774017722, 36.48070753787814], [126.9412243939316, 36.480860740982656], [126.9411774017722, 36.48097564331105], [126.9412243939316, 36.481128846415565], [126.9411774017722, 36.481703358057516], [126.9412243939316, 36.48174165883365], [126.9412243939316, 36.482086365818816], [126.94127138609102, 36.48212466659494]]}}, {"type": "Feature", "properties": {"proposal_id": "visible-line-338", "tile_id": "174-cheongyang-mountain", "sheet_id": "174-cheongyang", "split": "development", "proposal_kind": "visible_linework_review_only", "backend": "grayscale_ridge_v1_skeleton_v1", "pixel_length": 37.071, "point_count": 7, "confidence": 0.728, "review_status": "unreviewed"}, "geometry": {"type": "LineString", "coordinates": [[126.94080146449689, 36.462591270768705], [126.94089544881571, 36.46243806766419], [126.94089544881571, 36.46190185679837], [126.94080146449689, 36.461672052141594], [126.94080146449689, 36.46144224748481], [126.9408484566563, 36.461403946708685], [126.94103642529396, 36.461403946708685]]}}, {"type": "Feature", "properties": {"proposal_id": "visible-line-339", "tile_id": "174-cheongyang-mountain", "sheet_id": "174-cheongyang", "split": "development", "proposal_kind": "visible_linework_review_only", "backend": "grayscale_ridge_v1_skeleton_v1", "pixel_length": 21.657, "point_count": 6, "confidence": 0.6594, "review_status": "unreviewed"}, "geometry": {"type": "LineString", "coordinates": [[126.94098943313455, 36.45313097906463], [126.9411774017722, 36.45313097906463], [126.94131837825043, 36.45320758061689], [126.94145935472866, 36.45320758061689], [126.94164732336631, 36.45313097906463], [126.94192927632278, 36.45313097906463]]}}, {"type": "Feature", "properties": {"proposal_id": "visible-line-340", "tile_id": "174-cheongyang-mountain", "sheet_id": "174-cheongyang", "split": "development", "proposal_kind": "visible_linework_review_only", "backend": "grayscale_ridge_v1_skeleton_v1", "pixel_length": 30.314, "point_count": 6, "confidence": 0.762, "review_status": "unreviewed"}, "geometry": {"type": "LineString", "coordinates": [[126.94108341745337, 36.45956550945445], [126.94136537040984, 36.45952720867832], [126.94155333904749, 36.45945060712606], [126.94183529200396, 36.45945060712606], [126.94207025280103, 36.4593740055738], [126.9423522057575, 36.45948890790219]]}}, {"type": "Feature", "properties": {"proposal_id": "visible-line-341", "tile_id": "174-cheongyang-mountain", "sheet_id": "174-cheongyang", "split": "development", "proposal_kind": "visible_linework_review_only", "backend": "grayscale_ridge_v1_skeleton_v1", "pixel_length": 30.971, "point_count": 7, "confidence": 0.696, "review_status": "unreviewed"}, "geometry": {"type": "LineString", "coordinates": [[126.94108341745337, 36.45692275590149], [126.94141236256925, 36.456692951244705], [126.94164732336631, 36.45673125202084], [126.94178829984455, 36.456884455125355], [126.94178829984455, 36.45703765822988], [126.94188228416337, 36.457152560558264], [126.94188228416337, 36.457267462886655]]}}, {"type": "Feature", "properties": {"proposal_id": "visible-line-342", "tile_id": "174-cheongyang-mountain", "sheet_id": "174-cheongyang", "split": "development", "proposal_kind": "visible_linework_review_only", "backend": "grayscale_ridge_v1_skeleton_v1", "pixel_length": 19.485, "point_count": 5, "confidence": 0.6773, "review_status": "unreviewed"}, "geometry": {"type": "LineString", "coordinates": [[126.9412243939316, 36.46213166145515], [126.9412243939316, 36.46182525524611], [126.94131837825043, 36.46174865369385], [126.94141236256925, 36.46174865369385], [126.9416003312069, 36.4619401575745]]}}, {"type": "Feature", "properties": {"proposal_id": "visible-line-343", "tile_id": "174-cheongyang-mountain", "sheet_id": "174-cheongyang", "split": "development", "proposal_kind": "visible_linework_review_only", "backend": "grayscale_ridge_v1_skeleton_v1", "pixel_length": 52.799, "point_count": 11, "confidence": 0.7556, "review_status": "unreviewed"}, "geometry": {"type": "LineString", "coordinates": [[126.9412243939316, 36.451943655004605], [126.94141236256925, 36.451943655004605], [126.94145935472866, 36.45198195578073], [126.94150634688808, 36.451943655004605], [126.94178829984455, 36.451943655004605], [126.94216423711985, 36.451752151123955], [126.94249318223574, 36.45171385034782], [126.94268115087338, 36.45163724879556], [126.94282212735162, 36.451484045691046], [126.94282212735162, 36.45106273715361], [126.94286911951103, 36.45102443637749]]}}, {"type": "Feature", "properties": {"proposal_id": "visible-line-344", "tile_id": "174-cheongyang-mountain", "sheet_id": "174-cheongyang", "split": "development", "proposal_kind": "visible_linework_review_only", "backend": "grayscale_ridge_v1_skeleton_v1", "pixel_length": 54.184, "point_count": 9, "confidence": 0.7039, "review_status": "unreviewed"}, "geometry": {"type": "LineString", "coordinates": [[126.94131837825043, 36.45630994348341], [126.94155333904749, 36.45619504115502], [126.94174130768513, 36.45619504115502], [126.94192927632278, 36.45634824425954], [126.9419762684822, 36.45653974814019], [126.94207025280103, 36.456616349692446], [126.94221122927927, 36.456616349692446], [126.9427281430328, 36.45619504115502], [126.94315107246751, 36.45596523649824]]}}, {"type": "Feature", "properties": {"proposal_id": "visible-line-345", "tile_id": "174-cheongyang-mountain", "sheet_id": "174-cheongyang", "split": "development", "proposal_kind": "visible_linework_review_only", "backend": "grayscale_ridge_v1_skeleton_v1", "pixel_length": 44.284, "point_count": 8, "confidence": 0.7677, "review_status": "unreviewed"}, "geometry": {"type": "LineString", "coordinates": [[126.94136537040984, 36.46125074360416], [126.9416003312069, 36.461097540499644], [126.94174130768513, 36.460752833514476], [126.94188228416337, 36.460637931186085], [126.94211724496044, 36.460637931186085], [126.9423522057575, 36.460829435066735], [126.94249318223574, 36.461097540499644], [126.94258716655456, 36.4611741420519]]}}, {"type": "Feature", "properties": {"proposal_id": "visible-line-346", "tile_id": "174-cheongyang-mountain", "sheet_id": "174-cheongyang", "split": "development", "proposal_kind": "visible_linework_review_only", "backend": "grayscale_ridge_v1_skeleton_v1", "pixel_length": 34.314, "point_count": 6, "confidence": 0.75, "review_status": "unreviewed"}, "geometry": {"type": "LineString", "coordinates": [[126.94141236256925, 36.47090253918889], [126.94155333904749, 36.47071103530824], [126.94164732336631, 36.4704046290992], [126.94164732336631, 36.46986841823338], [126.9416003312069, 36.46979181668112], [126.94169431552572, 36.469715215128865]]}}, {"type": "Feature", "properties": {"proposal_id": "visible-line-347", "tile_id": "174-cheongyang-mountain", "sheet_id": "174-cheongyang", "split": "development", "proposal_kind": "visible_linework_review_only", "backend": "grayscale_ridge_v1_skeleton_v1", "pixel_length": 19.485, "point_count": 4, "confidence": 0.7183, "review_status": "unreviewed"}, "geometry": {"type": "LineString", "coordinates": [[126.94150634688808, 36.48932521250736], [126.94183529200396, 36.489555017164136], [126.94183529200396, 36.48986142337318], [126.94178829984455, 36.48989972414931]]}}, {"type": "Feature", "properties": {"proposal_id": "visible-line-348", "tile_id": "174-cheongyang-mountain", "sheet_id": "174-cheongyang", "split": "development", "proposal_kind": "visible_linework_review_only", "backend": "grayscale_ridge_v1_skeleton_v1", "pixel_length": 23.828, "point_count": 4, "confidence": 0.7319, "review_status": "unreviewed"}, "geometry": {"type": "LineString", "coordinates": [[126.94150634688808, 36.47197496092053], [126.94155333904749, 36.47201326169666], [126.94155333904749, 36.47277927721925], [126.94164732336631, 36.472817577995386]]}}, {"type": "Feature", "properties": {"proposal_id": "visible-line-349", "tile_id": "174-cheongyang-mountain", "sheet_id": "174-cheongyang", "split": "development", "proposal_kind": "visible_linework_review_only", "backend": "grayscale_ridge_v1_skeleton_v1", "pixel_length": 27.556, "point_count": 5, "confidence": 0.6709, "review_status": "unreviewed"}, "geometry": {"type": "LineString", "coordinates": [[126.94155333904749, 36.46818318408367], [126.94183529200396, 36.46829808641206], [126.94202326064162, 36.46825978563593], [126.94225822143868, 36.46806828175528], [126.9423522057575, 36.467761875546245]]}}, {"type": "Feature", "properties": {"proposal_id": "visible-line-350", "tile_id": "174-cheongyang-mountain", "sheet_id": "174-cheongyang", "split": "development", "proposal_kind": "visible_linework_review_only", "backend": "grayscale_ridge_v1_skeleton_v1", "pixel_length": 20.314, "point_count": 4, "confidence": 0.6401, "review_status": "unreviewed"}, "geometry": {"type": "LineString", "coordinates": [[126.9416003312069, 36.45581203339372], [126.9419762684822, 36.455773732617594], [126.94230521359809, 36.4560418380505], [126.94239919791691, 36.4560418380505]]}}, {"type": "Feature", "properties": {"proposal_id": "visible-line-351", "tile_id": "174-cheongyang-mountain", "sheet_id": "174-cheongyang", "split": "development", "proposal_kind": "visible_linework_review_only", "backend": "grayscale_ridge_v1_skeleton_v1", "pixel_length": 18.728, "point_count": 5, "confidence": 0.7002, "review_status": "unreviewed"}, "geometry": {"type": "LineString", "coordinates": [[126.94174130768513, 36.46136564593255], [126.94192927632278, 36.461212442828035], [126.94207025280103, 36.461212442828035], [126.94221122927927, 36.46132734515642], [126.94230521359809, 36.46151884903707]]}}, {"type": "Feature", "properties": {"proposal_id": "visible-line-352", "tile_id": "174-cheongyang-mountain", "sheet_id": "174-cheongyang", "split": "development", "proposal_kind": "visible_linework_review_only", "backend": "grayscale_ridge_v1_skeleton_v1", "pixel_length": 23.142, "point_count": 4, "confidence": 0.7304, "review_status": "unreviewed"}, "geometry": {"type": "LineString", "coordinates": [[126.94183529200396, 36.46427650491842], [126.94225822143868, 36.46473611423198], [126.94225822143868, 36.46496591888876], [126.94221122927927, 36.46500421966489]]}}, {"type": "Feature", "properties": {"proposal_id": "visible-line-353", "tile_id": "174-cheongyang-mountain", "sheet_id": "174-cheongyang", "split": "development", "proposal_kind": "visible_linework_review_only", "backend": "grayscale_ridge_v1_skeleton_v1", "pixel_length": 26.414, "point_count": 3, "confidence": 0.7341, "review_status": "unreviewed"}, "geometry": {"type": "LineString", "coordinates": [[126.9419762684822, 36.48101394408718], [126.94202326064162, 36.48105224486331], [126.94202326064162, 36.48200976426656]]}}, {"type": "Feature", "properties": {"proposal_id": "visible-line-354", "tile_id": "174-cheongyang-mountain", "sheet_id": "174-cheongyang", "split": "development", "proposal_kind": "visible_linework_review_only", "backend": "grayscale_ridge_v1_skeleton_v1", "pixel_length": 29.627, "point_count": 3, "confidence": 0.791, "review_status": "unreviewed"}, "geometry": {"type": "LineString", "coordinates": [[126.9419762684822, 36.471400449278576], [126.94207025280103, 36.4711706446218], [126.9427281430328, 36.47051953142759]]}}, {"type": "Feature", "properties": {"proposal_id": "visible-line-355", "tile_id": "174-cheongyang-mountain", "sheet_id": "174-cheongyang", "split": "development", "proposal_kind": "visible_linework_review_only", "backend": "grayscale_ridge_v1_skeleton_v1", "pixel_length": 23.728, "point_count": 8, "confidence": 0.7522, "review_status": "unreviewed"}, "geometry": {"type": "LineString", "coordinates": [[126.94211724496044, 36.490014626477695], [126.94216423711985, 36.489938024925436], [126.94216423711985, 36.48978482182092], [126.94211724496044, 36.489746521044786], [126.94221122927927, 36.48966991949253], [126.94225822143868, 36.48947841561188], [126.94239919791691, 36.48936351328349], [126.94244619007632, 36.4892486109551]]}}, {"type": "Feature", "properties": {"proposal_id": "visible-line-356", "tile_id": "174-cheongyang-mountain", "sheet_id": "174-cheongyang", "split": "development", "proposal_kind": "visible_linework_review_only", "backend": "grayscale_ridge_v1_skeleton_v1", "pixel_length": 23.243, "point_count": 3, "confidence": 0.7765, "review_status": "unreviewed"}, "geometry": {"type": "LineString", "coordinates": [[126.94211724496044, 36.47197496092053], [126.94221122927927, 36.472051562472785], [126.94216423711985, 36.472817577995386]]}}, {"type": "Feature", "properties": {"proposal_id": "visible-line-357", "tile_id": "174-cheongyang-mountain", "sheet_id": "174-cheongyang", "split": "development", "proposal_kind": "visible_linework_review_only", "backend": "grayscale_ridge_v1_skeleton_v1", "pixel_length": 24.243, "point_count": 4, "confidence": 0.6688, "review_status": "unreviewed"}, "geometry": {"type": "LineString", "coordinates": [[126.94211724496044, 36.452135158885255], [126.94244619007632, 36.45209685810912], [126.94268115087338, 36.45217345966138], [126.94319806462693, 36.45217345966138]]}}, {"type": "Feature", "properties": {"proposal_id": "visible-line-358", "tile_id": "174-cheongyang-mountain", "sheet_id": "174-cheongyang", "split": "development", "proposal_kind": "visible_linework_review_only", "backend": "grayscale_ridge_v1_skeleton_v1", "pixel_length": 19.728, "point_count": 4, "confidence": 0.7006, "review_status": "unreviewed"}, "geometry": {"type": "LineString", "coordinates": [[126.94221122927927, 36.46029322420092], [126.9423522057575, 36.46033152497704], [126.94254017439515, 36.46048472808157], [126.9427281430328, 36.460829435066735]]}}, {"type": "Feature", "properties": {"proposal_id": "visible-line-359", "tile_id": "174-cheongyang-mountain", "sheet_id": "174-cheongyang", "split": "development", "proposal_kind": "visible_linework_review_only", "backend": "grayscale_ridge_v1_skeleton_v1", "pixel_length": 24.899, "point_count": 4, "confidence": 0.7461, "review_status": "unreviewed"}, "geometry": {"type": "LineString", "coordinates": [[126.94225822143868, 36.48894220474606], [126.94282212735162, 36.48882730241767], [126.94296310382985, 36.488712400089284], [126.94291611167044, 36.488444294656375]]}}, {"type": "Feature", "properties": {"proposal_id": "visible-line-360", "tile_id": "174-cheongyang-mountain", "sheet_id": "174-cheongyang", "split": "development", "proposal_kind": "visible_linework_review_only", "backend": "grayscale_ridge_v1_skeleton_v1", "pixel_length": 55.355, "point_count": 8, "confidence": 0.6844, "review_status": "unreviewed"}, "geometry": {"type": "LineString", "coordinates": [[126.94225822143868, 36.457918576080864], [126.94258716655456, 36.4575738690957], [126.94305708814868, 36.45722916211053], [126.94333904110516, 36.45722916211053], [126.94352700974281, 36.45738236521505], [126.94357400190222, 36.457727072200214], [126.94376197053987, 36.457918576080864], [126.94385595485869, 36.457918576080864]]}}, {"type": "Feature", "properties": {"proposal_id": "visible-line-361", "tile_id": "174-cheongyang-mountain", "sheet_id": "174-cheongyang", "split": "development", "proposal_kind": "visible_linework_review_only", "backend": "grayscale_ridge_v1_skeleton_v1", "pixel_length": 23.556, "point_count": 5, "confidence": 0.7422, "review_status": "unreviewed"}, "geometry": {"type": "LineString", "coordinates": [[126.94239919791691, 36.46948541047209], [126.94258716655456, 36.469447109695956], [126.94291611167044, 36.469140703486914], [126.94305708814868, 36.46921730503917], [126.94301009598927, 36.4693705081437]]}}, {"type": "Feature", "properties": {"proposal_id": "visible-line-362", "tile_id": "174-cheongyang-mountain", "sheet_id": "174-cheongyang", "split": "development", "proposal_kind": "visible_linework_review_only", "backend": "grayscale_ridge_v1_skeleton_v1", "pixel_length": 20.899, "point_count": 4, "confidence": 0.7554, "review_status": "unreviewed"}, "geometry": {"type": "LineString", "coordinates": [[126.94244619007632, 36.45922080246928], [126.9427751351922, 36.4593740055738], [126.94296310382985, 36.4593740055738], [126.94329204894575, 36.45925910324541]]}}, {"type": "Feature", "properties": {"proposal_id": "visible-line-363", "tile_id": "174-cheongyang-mountain", "sheet_id": "174-cheongyang", "split": "development", "proposal_kind": "visible_linework_review_only", "backend": "grayscale_ridge_v1_skeleton_v1", "pixel_length": 21.728, "point_count": 4, "confidence": 0.7728, "review_status": "unreviewed"}, "geometry": {"type": "LineString", "coordinates": [[126.94263415871397, 36.461403946708685], [126.94296310382985, 36.46178695446998], [126.94305708814868, 36.4619401575745], [126.94305708814868, 36.46209336067902]]}}, {"type": "Feature", "properties": {"proposal_id": "visible-line-364", "tile_id": "174-cheongyang-mountain", "sheet_id": "174-cheongyang", "split": "development", "proposal_kind": "visible_linework_review_only", "backend": "grayscale_ridge_v1_skeleton_v1", "pixel_length": 31.485, "point_count": 4, "confidence": 0.6992, "review_status": "unreviewed"}, "geometry": {"type": "LineString", "coordinates": [[126.9427281430328, 36.471400449278576], [126.94282212735162, 36.47086423841276], [126.94296310382985, 36.47044292987533], [126.94291611167044, 36.470289726770815]]}}, {"type": "Feature", "properties": {"proposal_id": "visible-line-365", "tile_id": "174-cheongyang-mountain", "sheet_id": "174-cheongyang", "split": "development", "proposal_kind": "visible_linework_review_only", "backend": "grayscale_ridge_v1_skeleton_v1", "pixel_length": 19.414, "point_count": 2, "confidence": 0.6022, "review_status": "unreviewed"}, "geometry": {"type": "LineString", "coordinates": [[126.9427281430328, 36.45251816664655], [126.94362099406163, 36.45255646742268]]}}, {"type": "Feature", "properties": {"proposal_id": "visible-line-366", "tile_id": "174-cheongyang-mountain", "sheet_id": "174-cheongyang", "split": "development", "proposal_kind": "visible_linework_review_only", "backend": "grayscale_ridge_v1_skeleton_v1", "pixel_length": 47.485, "point_count": 6, "confidence": 0.691, "review_status": "unreviewed"}, "geometry": {"type": "LineString", "coordinates": [[126.94282212735162, 36.48212466659494], [126.94286911951103, 36.48204806504268], [126.94282212735162, 36.481894861938166], [126.94282212735162, 36.48147355340073], [126.94286911951103, 36.48143525262461], [126.94282212735162, 36.4804011316691]]}}, {"type": "Feature", "properties": {"proposal_id": "visible-line-367", "tile_id": "174-cheongyang-mountain", "sheet_id": "174-cheongyang", "split": "development", "proposal_kind": "visible_linework_review_only", "backend": "grayscale_ridge_v1_skeleton_v1", "pixel_length": 50.284, "point_count": 7, "confidence": 0.7554, "review_status": "unreviewed"}, "geometry": {"type": "LineString", "coordinates": [[126.94291611167044, 36.468949199606264], [126.94301009598927, 36.46875769572562], [126.94301009598927, 36.4686044926211], [126.9431040803081, 36.468489590292705], [126.9431040803081, 36.4682214848598], [126.94366798622104, 36.46772357477011], [126.94385595485869, 36.46734056700881]]}}, {"type": "Feature", "properties": {"proposal_id": "visible-line-368", "tile_id": "174-cheongyang-mountain", "sheet_id": "174-cheongyang", "split": "development", "proposal_kind": "visible_linework_review_only", "backend": "grayscale_ridge_v1_skeleton_v1", "pixel_length": 26.899, "point_count": 3, "confidence": 0.6998, "review_status": "unreviewed"}, "geometry": {"type": "LineString", "coordinates": [[126.94319806462693, 36.46967691435273], [126.94333904110516, 36.46917900426305], [126.94352700974281, 36.46875769572562]]}}, {"type": "Feature", "properties": {"proposal_id": "visible-line-369", "tile_id": "174-cheongyang-mountain", "sheet_id": "174-cheongyang", "split": "development", "proposal_kind": "visible_linework_review_only", "backend": "grayscale_ridge_v1_skeleton_v1", "pixel_length": 40.799, "point_count": 8, "confidence": 0.7286, "review_status": "unreviewed"}, "geometry": {"type": "LineString", "coordinates": [[126.94324505678634, 36.47021312521856], [126.94329204894575, 36.47002162133791], [126.94343302542399, 36.46986841823338], [126.94343302542399, 36.469715215128865], [126.94357400190222, 36.469447109695956], [126.9439029470181, 36.46921730503917], [126.944231892134, 36.46921730503917], [126.94427888429341, 36.469255605815306]]}}, {"type": "Feature", "properties": {"proposal_id": "visible-line-370", "tile_id": "174-cheongyang-mountain", "sheet_id": "174-cheongyang", "split": "development", "proposal_kind": "visible_linework_review_only", "backend": "grayscale_ridge_v1_skeleton_v1", "pixel_length": 28.971, "point_count": 6, "confidence": 0.7616, "review_status": "unreviewed"}, "geometry": {"type": "LineString", "coordinates": [[126.94324505678634, 36.463165782410655], [126.94333904110516, 36.463357286291306], [126.94366798622104, 36.46358709094808], [126.94385595485869, 36.46358709094808], [126.94394993917751, 36.46351048939582], [126.94404392349634, 36.46328068473905]]}}, {"type": "Feature", "properties": {"proposal_id": "visible-line-371", "tile_id": "174-cheongyang-mountain", "sheet_id": "174-cheongyang", "split": "development", "proposal_kind": "visible_linework_review_only", "backend": "grayscale_ridge_v1_skeleton_v1", "pixel_length": 88.154, "point_count": 11, "confidence": 0.7471, "review_status": "unreviewed"}, "geometry": {"type": "LineString", "coordinates": [[126.94362099406163, 36.456999357453746], [126.94371497838046, 36.457075959006005], [126.94380896269928, 36.45749726754344], [126.94404392349634, 36.457650470647955], [126.94427888429341, 36.45761216987182], [126.94470181372812, 36.45730576366279], [126.94531271180048, 36.457075959006005], [126.9457826333946, 36.456692951244705], [126.94601759419166, 36.456692951244705], [126.94625255498872, 36.456884455125355], [126.94629954714814, 36.457152560558264]]}}, {"type": "Feature", "properties": {"proposal_id": "visible-line-372", "tile_id": "174-cheongyang-mountain", "sheet_id": "174-cheongyang", "split": "development", "proposal_kind": "visible_linework_review_only", "backend": "grayscale_ridge_v1_skeleton_v1", "pixel_length": 21.485, "point_count": 4, "confidence": 0.6976, "review_status": "unreviewed"}, "geometry": {"type": "LineString", "coordinates": [[126.94380896269928, 36.47764347578775], [126.94404392349634, 36.47718386647419], [126.94404392349634, 36.47695406181741], [126.94399693133693, 36.47691576104128]]}}, {"type": "Feature", "properties": {"proposal_id": "visible-line-373", "tile_id": "174-cheongyang-mountain", "sheet_id": "174-cheongyang", "split": "development", "proposal_kind": "visible_linework_review_only", "backend": "grayscale_ridge_v1_skeleton_v1", "pixel_length": 124.782, "point_count": 16, "confidence": 0.7691, "review_status": "unreviewed"}, "geometry": {"type": "LineString", "coordinates": [[126.94385595485869, 36.461672052141594], [126.94385595485869, 36.46151884903707], [126.94394993917751, 36.46144224748481], [126.944231892134, 36.46144224748481], [126.94470181372812, 36.46171035291772], [126.945030758844, 36.46201675912676], [126.94545368827872, 36.46228486455967], [126.94554767259754, 36.46228486455967], [126.94587661771342, 36.4619401575745], [126.94601759419166, 36.4619401575745], [126.94667548442344, 36.462323165335796], [126.94705142169873, 36.46239976688806], [126.94728638249579, 36.462323165335796], [126.94761532761169, 36.46209336067902], [126.94761532761169, 36.46190185679837], [126.94738036681463, 36.46151884903707]]}}, {"type": "Feature", "properties": {"proposal_id": "visible-line-374", "tile_id": "174-cheongyang-mountain", "sheet_id": "174-cheongyang", "split": "development", "proposal_kind": "visible_linework_review_only", "backend": "grayscale_ridge_v1_skeleton_v1", "pixel_length": 27.213, "point_count": 7, "confidence": 0.6955, "review_status": "unreviewed"}, "geometry": {"type": "LineString", "coordinates": [[126.94404392349634, 36.46726396545655], [126.94399693133693, 36.46722566468042], [126.94409091565575, 36.46714906312816], [126.94427888429341, 36.46703416079978], [126.94437286861223, 36.46703416079978], [126.94470181372812, 36.46676605536686], [126.94479579804694, 36.46657455148622]]}}, {"type": "Feature", "properties": {"proposal_id": "visible-line-375", "tile_id": "174-cheongyang-mountain", "sheet_id": "174-cheongyang", "split": "development", "proposal_kind": "visible_linework_review_only", "backend": "grayscale_ridge_v1_skeleton_v1", "pixel_length": 18.071, "point_count": 3, "confidence": 0.7273, "review_status": "unreviewed"}, "geometry": {"type": "LineString", "coordinates": [[126.94399693133693, 36.45569713106533], [126.944231892134, 36.45592693572211], [126.944231892134, 36.45630994348341]]}}, {"type": "Feature", "properties": {"proposal_id": "visible-line-376", "tile_id": "174-cheongyang-mountain", "sheet_id": "174-cheongyang", "split": "development", "proposal_kind": "visible_linework_review_only", "backend": "grayscale_ridge_v1_skeleton_v1", "pixel_length": 29.728, "point_count": 6, "confidence": 0.7278, "review_status": "unreviewed"}, "geometry": {"type": "LineString", "coordinates": [[126.94409091565575, 36.48737187292474], [126.94446685293106, 36.48718036904409], [126.94498376668459, 36.48714206826796], [126.94507775100341, 36.4870654667157], [126.94507775100341, 36.48691226361118], [126.945030758844, 36.48687396283505]]}}, {"type": "Feature", "properties": {"proposal_id": "visible-line-377", "tile_id": "174-cheongyang-mountain", "sheet_id": "174-cheongyang", "split": "development", "proposal_kind": "visible_linework_review_only", "backend": "grayscale_ridge_v1_skeleton_v1", "pixel_length": 34.071, "point_count": 4, "confidence": 0.6919, "review_status": "unreviewed"}, "geometry": {"type": "LineString", "coordinates": [[126.94409091565575, 36.46967691435273], [126.94418489997459, 36.46960031280047], [126.94456083724988, 36.469523711248215], [126.94559466475695, 36.46956201202435]]}}, {"type": "Feature", "properties": {"proposal_id": "visible-line-378", "tile_id": "174-cheongyang-mountain", "sheet_id": "174-cheongyang", "split": "development", "proposal_kind": "visible_linework_review_only", "backend": "grayscale_ridge_v1_skeleton_v1", "pixel_length": 19.899, "point_count": 6, "confidence": 0.654, "review_status": "unreviewed"}, "geometry": {"type": "LineString", "coordinates": [[126.94409091565575, 36.45393529536336], [126.94409091565575, 36.4538586938111], [126.94418489997459, 36.453782092258834], [126.94437286861223, 36.45382039303497], [126.94451384509047, 36.453782092258834], [126.9446548215687, 36.45355228760206]]}}, {"type": "Feature", "properties": {"proposal_id": "visible-line-379", "tile_id": "174-cheongyang-mountain", "sheet_id": "174-cheongyang", "split": "development", "proposal_kind": "visible_linework_review_only", "backend": "grayscale_ridge_v1_skeleton_v1", "pixel_length": 19.899, "point_count": 3, "confidence": 0.7259, "review_status": "unreviewed"}, "geometry": {"type": "LineString", "coordinates": [[126.94427888429341, 36.46879599650175], [126.94456083724988, 36.46917900426305], [126.94488978236576, 36.469140703486914]]}}, {"type": "Feature", "properties": {"proposal_id": "visible-line-380", "tile_id": "174-cheongyang-mountain", "sheet_id": "174-cheongyang", "split": "development", "proposal_kind": "visible_linework_review_only", "backend": "grayscale_ridge_v1_skeleton_v1", "pixel_length": 22.385, "point_count": 4, "confidence": 0.8192, "review_status": "unreviewed"}, "geometry": {"type": "LineString", "coordinates": [[126.94451384509047, 36.46086773584286], [126.94498376668459, 36.4611741420519], [126.94521872748166, 36.46136564593255], [126.94521872748166, 36.46144224748481]]}}, {"type": "Feature", "properties": {"proposal_id": "visible-line-381", "tile_id": "174-cheongyang-mountain", "sheet_id": "174-cheongyang", "split": "development", "proposal_kind": "visible_linework_review_only", "backend": "grayscale_ridge_v1_skeleton_v1", "pixel_length": 84.74, "point_count": 9, "confidence": 0.7436, "review_status": "unreviewed"}, "geometry": {"type": "LineString", "coordinates": [[126.94451384509047, 36.45983361488736], [126.94498376668459, 36.4593740055738], [126.94521872748166, 36.45879949393185], [126.94531271180048, 36.45868459160346], [126.94582962555401, 36.458301583842164], [126.94601759419166, 36.45799517763312], [126.9462055628293, 36.457841974528606], [126.94634653930756, 36.45761216987182], [126.94634653930756, 36.45722916211053]]}}, {"type": "Feature", "properties": {"proposal_id": "visible-line-382", "tile_id": "174-cheongyang-mountain", "sheet_id": "174-cheongyang", "split": "development", "proposal_kind": "visible_linework_review_only", "backend": "grayscale_ridge_v1_skeleton_v1", "pixel_length": 21.728, "point_count": 4, "confidence": 0.7637, "review_status": "unreviewed"}, "geometry": {"type": "LineString", "coordinates": [[126.94460782940929, 36.48603134576019], [126.94470181372812, 36.48580154110341], [126.94493677452517, 36.485533435670504], [126.945030758844, 36.485341931789854]]}}, {"type": "Feature", "properties": {"proposal_id": "visible-line-383", "tile_id": "174-cheongyang-mountain", "sheet_id": "174-cheongyang", "split": "development", "proposal_kind": "visible_linework_review_only", "backend": "grayscale_ridge_v1_skeleton_v1", "pixel_length": 37.142, "point_count": 6, "confidence": 0.7264, "review_status": "unreviewed"}, "geometry": {"type": "LineString", "coordinates": [[126.94460782940929, 36.47787328044453], [126.94470181372812, 36.47787328044453], [126.94517173532223, 36.47806478432518], [126.94526571964107, 36.478026483549044], [126.9454066961193, 36.47791158122066], [126.9453597039599, 36.47729876880258]]}}, {"type": "Feature", "properties": {"proposal_id": "visible-line-384", "tile_id": "174-cheongyang-mountain", "sheet_id": "174-cheongyang", "split": "development", "proposal_kind": "visible_linework_review_only", "backend": "grayscale_ridge_v1_skeleton_v1", "pixel_length": 74.497, "point_count": 10, "confidence": 0.7421, "review_status": "unreviewed"}, "geometry": {"type": "LineString", "coordinates": [[126.94470181372812, 36.47611144474256], [126.94484279020635, 36.476073143966424], [126.94531271180048, 36.47572843698126], [126.9457826333946, 36.47557523387673], [126.9461585706699, 36.475230526891565], [126.94634653930756, 36.475153925339306], [126.9465345079452, 36.475153925339306], [126.94672247658285, 36.475230526891565], [126.94700442953932, 36.4752688276677], [126.94742735897404, 36.47492412068253]]}}, {"type": "Feature", "properties": {"proposal_id": "visible-line-385", "tile_id": "174-cheongyang-mountain", "sheet_id": "174-cheongyang", "split": "development", "proposal_kind": "visible_linework_review_only", "backend": "grayscale_ridge_v1_skeleton_v1", "pixel_length": 20.728, "point_count": 4, "confidence": 0.6956, "review_status": "unreviewed"}, "geometry": {"type": "LineString", "coordinates": [[126.94474880588753, 36.456616349692446], [126.94484279020635, 36.456616349692446], [126.94512474316282, 36.456424845811796], [126.94531271180048, 36.45608013882663]]}}, {"type": "Feature", "properties": {"proposal_id": "visible-line-386", "tile_id": "174-cheongyang-mountain", "sheet_id": "174-cheongyang", "split": "development", "proposal_kind": "visible_linework_review_only", "backend": "grayscale_ridge_v1_skeleton_v1", "pixel_length": 20.556, "point_count": 3, "confidence": 0.6791, "review_status": "unreviewed"}, "geometry": {"type": "LineString", "coordinates": [[126.94507775100341, 36.456807853573096], [126.9454066961193, 36.45653974814019], [126.94559466475695, 36.45619504115502]]}}, {"type": "Feature", "properties": {"proposal_id": "visible-line-387", "tile_id": "174-cheongyang-mountain", "sheet_id": "174-cheongyang", "split": "development", "proposal_kind": "visible_linework_review_only", "backend": "grayscale_ridge_v1_skeleton_v1", "pixel_length": 92.255, "point_count": 14, "confidence": 0.7674, "review_status": "unreviewed"}, "geometry": {"type": "LineString", "coordinates": [[126.94512474316282, 36.460446427305435], [126.9453597039599, 36.460637931186085], [126.9453597039599, 36.461097540499644], [126.94550068043813, 36.46125074360416], [126.94592360987284, 36.46136564593255], [126.94606458635107, 36.46132734515642], [126.94629954714814, 36.4611741420519], [126.94644052362638, 36.46094433739513], [126.94672247658285, 36.46071453273834], [126.9469104452205, 36.460637931186085], [126.94709841385814, 36.460637931186085], [126.94728638249579, 36.46071453273834], [126.94738036681463, 36.460829435066735], [126.9473333746552, 36.46136564593255]]}}, {"type": "Feature", "properties": {"proposal_id": "visible-line-388", "tile_id": "174-cheongyang-mountain", "sheet_id": "174-cheongyang", "split": "development", "proposal_kind": "visible_linework_review_only", "backend": "grayscale_ridge_v1_skeleton_v1", "pixel_length": 19.071, "point_count": 3, "confidence": 0.6651, "review_status": "unreviewed"}, "geometry": {"type": "LineString", "coordinates": [[126.94517173532223, 36.47147705083084], [126.94568864907578, 36.471668554711485], [126.94597060203225, 36.471668554711485]]}}, {"type": "Feature", "properties": {"proposal_id": "visible-line-389", "tile_id": "174-cheongyang-mountain", "sheet_id": "174-cheongyang", "split": "development", "proposal_kind": "visible_linework_review_only", "backend": "grayscale_ridge_v1_skeleton_v1", "pixel_length": 40.113, "point_count": 5, "confidence": 0.7675, "review_status": "unreviewed"}, "geometry": {"type": "LineString", "coordinates": [[126.94521872748166, 36.466727754590735], [126.94564165691637, 36.46619154372492], [126.94587661771342, 36.46600003984427], [126.94592360987284, 36.465885137515876], [126.94625255498872, 36.46554043053071]]}}, {"type": "Feature", "properties": {"proposal_id": "visible-line-390", "tile_id": "174-cheongyang-mountain", "sheet_id": "174-cheongyang", "split": "development", "proposal_kind": "visible_linework_review_only", "backend": "grayscale_ridge_v1_skeleton_v1", "pixel_length": 22.556, "point_count": 6, "confidence": 0.6619, "review_status": "unreviewed"}, "geometry": {"type": "LineString", "coordinates": [[126.9453597039599, 36.484690818595645], [126.94564165691637, 36.48446101393887], [126.94573564123519, 36.48446101393887], [126.94587661771342, 36.48434611161048], [126.94587661771342, 36.48415460772983], [126.9457826333946, 36.48407800617757]]}}, {"type": "Feature", "properties": {"proposal_id": "visible-line-391", "tile_id": "174-cheongyang-mountain", "sheet_id": "174-cheongyang", "split": "development", "proposal_kind": "visible_linework_review_only", "backend": "grayscale_ridge_v1_skeleton_v1", "pixel_length": 32.042, "point_count": 7, "confidence": 0.703, "review_status": "unreviewed"}, "geometry": {"type": "LineString", "coordinates": [[126.9453597039599, 36.467187363904294], [126.94559466475695, 36.46688095769525], [126.94582962555401, 36.4666894538146], [126.94606458635107, 36.46657455148622], [126.9462055628293, 36.46645964915783], [126.9462055628293, 36.46638304760557], [126.94629954714814, 36.466344746829435]]}}, {"type": "Feature", "properties": {"proposal_id": "visible-line-392", "tile_id": "174-cheongyang-mountain", "sheet_id": "174-cheongyang", "split": "development", "proposal_kind": "visible_linework_review_only", "backend": "grayscale_ridge_v1_skeleton_v1", "pixel_length": 21.314, "point_count": 4, "confidence": 0.658, "review_status": "unreviewed"}, "geometry": {"type": "LineString", "coordinates": [[126.94545368827872, 36.47427300748832], [126.94568864907578, 36.47408150360767], [126.94601759419166, 36.47408150360767], [126.94629954714814, 36.47419640593606]]}}, {"type": "Feature", "properties": {"proposal_id": "visible-line-393", "tile_id": "174-cheongyang-mountain", "sheet_id": "174-cheongyang", "split": "development", "proposal_kind": "visible_linework_review_only", "backend": "grayscale_ridge_v1_skeleton_v1", "pixel_length": 24.556, "point_count": 7, "confidence": 0.7341, "review_status": "unreviewed"}, "geometry": {"type": "LineString", "coordinates": [[126.94545368827872, 36.453896994587225], [126.94559466475695, 36.453782092258834], [126.9457826333946, 36.45374379148271], [126.94597060203225, 36.45359058837819], [126.94606458635107, 36.4534756860498], [126.94606458635107, 36.45328418216915], [126.94611157851048, 36.453245881393016]]}}, {"type": "Feature", "properties": {"proposal_id": "visible-line-394", "tile_id": "174-cheongyang-mountain", "sheet_id": "174-cheongyang", "split": "development", "proposal_kind": "visible_linework_review_only", "backend": "grayscale_ridge_v1_skeleton_v1", "pixel_length": 62.87, "point_count": 8, "confidence": 0.7452, "review_status": "unreviewed"}, "geometry": {"type": "LineString", "coordinates": [[126.94550068043813, 36.4770689641458], [126.9457826333946, 36.476647655608375], [126.9461585706699, 36.47660935483224], [126.9465345079452, 36.476264647847074], [126.94695743737991, 36.476264647847074], [126.94719239817697, 36.47634124939933], [126.94752134329286, 36.47634124939933], [126.94780329624933, 36.476264647847074]]}}, {"type": "Feature", "properties": {"proposal_id": "visible-line-395", "tile_id": "174-cheongyang-mountain", "sheet_id": "174-cheongyang", "split": "development", "proposal_kind": "visible_linework_review_only", "backend": "grayscale_ridge_v1_skeleton_v1", "pixel_length": 23.314, "point_count": 5, "confidence": 0.7147, "review_status": "unreviewed"}, "geometry": {"type": "LineString", "coordinates": [[126.94559466475695, 36.47254947256248], [126.9457826333946, 36.472511171786344], [126.94611157851048, 36.472319667905694], [126.94629954714814, 36.472319667905694], [126.94639353146697, 36.472511171786344]]}}, {"type": "Feature", "properties": {"proposal_id": "visible-line-396", "tile_id": "174-cheongyang-mountain", "sheet_id": "174-cheongyang", "split": "development", "proposal_kind": "visible_linework_review_only", "backend": "grayscale_ridge_v1_skeleton_v1", "pixel_length": 44.598, "point_count": 5, "confidence": 0.7474, "review_status": "unreviewed"}, "geometry": {"type": "LineString", "coordinates": [[126.94564165691637, 36.465885137515876], [126.94568864907578, 36.465770235187485], [126.9461585706699, 36.46534892665006], [126.94667548442344, 36.46492761811263], [126.94705142169873, 36.46469781345585]]}}, {"type": "Feature", "properties": {"proposal_id": "visible-line-397", "tile_id": "174-cheongyang-mountain", "sheet_id": "174-cheongyang", "split": "development", "proposal_kind": "visible_linework_review_only", "backend": "grayscale_ridge_v1_skeleton_v1", "pixel_length": 24.385, "point_count": 4, "confidence": 0.7114, "review_status": "unreviewed"}, "geometry": {"type": "LineString", "coordinates": [[126.94573564123519, 36.46649794993395], [126.94611157851048, 36.46619154372492], [126.9462055628293, 36.46600003984427], [126.94639353146697, 36.46580853596362]]}}, {"type": "Feature", "properties": {"proposal_id": "visible-line-398", "tile_id": "174-cheongyang-mountain", "sheet_id": "174-cheongyang", "split": "development", "proposal_kind": "visible_linework_review_only", "backend": "grayscale_ridge_v1_skeleton_v1", "pixel_length": 38.284, "point_count": 5, "confidence": 0.8004, "review_status": "unreviewed"}, "geometry": {"type": "LineString", "coordinates": [[126.94582962555401, 36.45244156509429], [126.94592360987284, 36.45217345966138], [126.9462055628293, 36.45198195578073], [126.94658150010461, 36.451828752676214], [126.94700442953932, 36.451484045691046]]}}, {"type": "Feature", "properties": {"proposal_id": "visible-line-399", "tile_id": "174-cheongyang-mountain", "sheet_id": "174-cheongyang", "split": "development", "proposal_kind": "visible_linework_review_only", "backend": "grayscale_ridge_v1_skeleton_v1", "pixel_length": 20.899, "point_count": 4, "confidence": 0.7352, "review_status": "unreviewed"}, "geometry": {"type": "LineString", "coordinates": [[126.94597060203225, 36.4829672836698], [126.94601759419166, 36.48289068211754], [126.94597060203225, 36.482737479013025], [126.9462055628293, 36.482277869699466]]}}, {"type": "Feature", "properties": {"proposal_id": "visible-line-400", "tile_id": "174-cheongyang-mountain", "sheet_id": "174-cheongyang", "split": "development", "proposal_kind": "visible_linework_review_only", "backend": "grayscale_ridge_v1_skeleton_v1", "pixel_length": 26.799, "point_count": 4, "confidence": 0.7221, "review_status": "unreviewed"}, "geometry": {"type": "LineString", "coordinates": [[126.9462055628293, 36.45833988461829], [126.94634653930756, 36.45807177918538], [126.94681646090167, 36.457650470647955], [126.94686345306108, 36.457535568319564]]}}, {"type": "Feature", "properties": {"proposal_id": "visible-line-401", "tile_id": "174-cheongyang-mountain", "sheet_id": "174-cheongyang", "split": "development", "proposal_kind": "visible_linework_review_only", "backend": "grayscale_ridge_v1_skeleton_v1", "pixel_length": 19.142, "point_count": 3, "confidence": 0.6912, "review_status": "unreviewed"}, "geometry": {"type": "LineString", "coordinates": [[126.94625255498872, 36.46802998097915], [126.94676946874226, 36.46760867244172], [126.9469104452205, 36.46760867244172]]}}, {"type": "Feature", "properties": {"proposal_id": "visible-line-402", "tile_id": "174-cheongyang-mountain", "sheet_id": "174-cheongyang", "split": "development", "proposal_kind": "visible_linework_review_only", "backend": "grayscale_ridge_v1_skeleton_v1", "pixel_length": 30.971, "point_count": 7, "confidence": 0.6818, "review_status": "unreviewed"}, "geometry": {"type": "LineString", "coordinates": [[126.94634653930756, 36.488252790775725], [126.94644052362638, 36.488176189223466], [126.94667548442344, 36.488176189223466], [126.94686345306108, 36.48836769310412], [126.94681646090167, 36.48855919698476], [126.94667548442344, 36.48867409931315], [126.94639353146697, 36.48859749776089]]}}, {"type": "Feature", "properties": {"proposal_id": "visible-line-403", "tile_id": "174-cheongyang-mountain", "sheet_id": "174-cheongyang", "split": "development", "proposal_kind": "visible_linework_review_only", "backend": "grayscale_ridge_v1_skeleton_v1", "pixel_length": 40.355, "point_count": 3, "confidence": 0.7408, "review_status": "unreviewed"}, "geometry": {"type": "LineString", "coordinates": [[126.94639353146697, 36.46542552820232], [126.9469104452205, 36.46500421966489], [126.94780329624933, 36.464468008799074]]}}, {"type": "Feature", "properties": {"proposal_id": "visible-line-404", "tile_id": "174-cheongyang-mountain", "sheet_id": "174-cheongyang", "split": "development", "proposal_kind": "visible_linework_review_only", "backend": "grayscale_ridge_v1_skeleton_v1", "pixel_length": 21.971, "point_count": 3, "confidence": 0.7442, "review_status": "unreviewed"}, "geometry": {"type": "LineString", "coordinates": [[126.94644052362638, 36.45144574491491], [126.94709841385814, 36.45102443637749], [126.94723939033638, 36.450986135601354]]}}, {"type": "Feature", "properties": {"proposal_id": "visible-line-405", "tile_id": "174-cheongyang-mountain", "sheet_id": "174-cheongyang", "split": "development", "proposal_kind": "visible_linework_review_only", "backend": "grayscale_ridge_v1_skeleton_v1", "pixel_length": 24.142, "point_count": 4, "confidence": 0.7731, "review_status": "unreviewed"}, "geometry": {"type": "LineString", "coordinates": [[126.9465345079452, 36.46159545058933], [126.94700442953932, 36.46178695446998], [126.94714540601755, 36.46197845835063], [126.94738036681463, 36.46205505990289]]}}, {"type": "Feature", "properties": {"proposal_id": "visible-line-406", "tile_id": "174-cheongyang-mountain", "sheet_id": "174-cheongyang", "split": "development", "proposal_kind": "visible_linework_review_only", "backend": "grayscale_ridge_v1_skeleton_v1", "pixel_length": 25.243, "point_count": 3, "confidence": 0.7205, "review_status": "unreviewed"}, "geometry": {"type": "LineString", "coordinates": [[126.9465345079452, 36.4552758225279], [126.9465345079452, 36.4545098070053], [126.94672247658285, 36.45439490467692]]}}, {"type": "Feature", "properties": {"proposal_id": "visible-line-407", "tile_id": "174-cheongyang-mountain", "sheet_id": "174-cheongyang", "split": "development", "proposal_kind": "visible_linework_review_only", "backend": "grayscale_ridge_v1_skeleton_v1", "pixel_length": 19.314, "point_count": 4, "confidence": 0.6563, "review_status": "unreviewed"}, "geometry": {"type": "LineString", "coordinates": [[126.94658150010461, 36.45918250169315], [126.94681646090167, 36.45922080246928], [126.94719239817697, 36.45891439626024], [126.94728638249579, 36.45891439626024]]}}, {"type": "Feature", "properties": {"proposal_id": "visible-line-408", "tile_id": "174-cheongyang-mountain", "sheet_id": "174-cheongyang", "split": "development", "proposal_kind": "visible_linework_review_only", "backend": "grayscale_ridge_v1_skeleton_v1", "pixel_length": 24.728, "point_count": 3, "confidence": 0.7472, "review_status": "unreviewed"}, "geometry": {"type": "LineString", "coordinates": [[126.94676946874226, 36.45297777596011], [126.94686345306108, 36.45297777596011], [126.94775630408992, 36.45263306897494]]}}, {"type": "Feature", "properties": {"proposal_id": "visible-line-409", "tile_id": "174-cheongyang-mountain", "sheet_id": "174-cheongyang", "split": "development", "proposal_kind": "visible_linework_review_only", "backend": "grayscale_ridge_v1_skeleton_v1", "pixel_length": 23.213, "point_count": 3, "confidence": 0.6688, "review_status": "unreviewed"}, "geometry": {"type": "LineString", "coordinates": [[126.94695743737991, 36.46645964915783], [126.94700442953932, 36.466344746829435], [126.9476623197711, 36.46580853596362]]}}, {"type": "Feature", "properties": {"proposal_id": "visible-line-410", "tile_id": "174-cheongyang-mountain", "sheet_id": "174-cheongyang", "split": "development", "proposal_kind": "visible_linework_review_only", "backend": "grayscale_ridge_v1_skeleton_v1", "pixel_length": 24.213, "point_count": 4, "confidence": 0.7554, "review_status": "unreviewed"}, "geometry": {"type": "LineString", "coordinates": [[126.94709841385814, 36.465961739068135], [126.94742735897404, 36.465693633635226], [126.94756833545227, 36.46546382897845], [126.94780329624933, 36.4652723250978]]}}, {"type": "Feature", "properties": {"proposal_id": "visible-line-411", "tile_id": "174-cheongyang-mountain", "sheet_id": "174-cheongyang", "split": "development", "proposal_kind": "visible_linework_review_only", "backend": "grayscale_ridge_v1_skeleton_v1", "pixel_length": 22.071, "point_count": 4, "confidence": 0.6934, "review_status": "unreviewed"}, "geometry": {"type": "LineString", "coordinates": [[126.94719239817697, 36.45516092019951], [126.9473333746552, 36.454931115542735], [126.9473333746552, 36.454548107781434], [126.94723939033638, 36.45439490467692]]}}, {"type": "Feature", "properties": {"proposal_id": "visible-line-412", "tile_id": "174-cheongyang-mountain", "sheet_id": "174-cheongyang", "split": "development", "proposal_kind": "visible_linework_review_only", "backend": "grayscale_ridge_v1_skeleton_v1", "pixel_length": 22.243, "point_count": 4, "confidence": 0.6952, "review_status": "unreviewed"}, "geometry": {"type": "LineString", "coordinates": [[126.94752134329286, 36.48664415817827], [126.94761532761169, 36.48675906050666], [126.94761532761169, 36.487295271372474], [126.94756833545227, 36.487448474477]]}}, {"type": "Feature", "properties": {"proposal_id": "visible-line-413", "tile_id": "174-cheongyang-mountain", "sheet_id": "174-cheongyang", "split": "development", "proposal_kind": "visible_linework_review_only", "backend": "grayscale_ridge_v1_skeleton_v1", "pixel_length": 18.243, "point_count": 2, "confidence": 0.7885, "review_status": "unreviewed"}, "geometry": {"type": "LineString", "coordinates": [[126.94775630408992, 36.47051953142759], [126.94780329624933, 36.46986841823338]]}}]}