{"type": "FeatureCollection", "name": "candidate_proposals_174-cheongyang-labels", "crs": {"type": "name", "properties": {"name": "urn:ogc:def:crs:EPSG::5132"}}, "features": [{"type": "Feature", "properties": {"proposal_id": "visible-line-1", "tile_id": "174-cheongyang-labels", "sheet_id": "174-cheongyang", "split": "development", "proposal_kind": "visible_linework_review_only", "backend": "grayscale_ridge_v1_skeleton_v1", "pixel_length": 33.556, "point_count": 5, "confidence": 0.7634, "review_status": "unreviewed"}, "geometry": {"type": "LineString", "coordinates": [[126.78207691576787, 36.43261791564196], [126.78240746325767, 36.432310900777665], [126.78245468432765, 36.432195770203556], [126.78245468432765, 36.431735247907106], [126.78231302111773, 36.43150498675889]]}}, {"type": "Feature", "properties": {"proposal_id": "visible-line-2", "tile_id": "174-cheongyang-labels", "sheet_id": "174-cheongyang", "split": "development", "proposal_kind": "visible_linework_review_only", "backend": "grayscale_ridge_v1_skeleton_v1", "pixel_length": 20.0, "point_count": 2, "confidence": 0.8385, "review_status": "unreviewed"}, "geometry": {"type": "LineString", "coordinates": [[126.78207691576787, 36.42973965128918], [126.78207691576787, 36.42897211412844]]}}, {"type": "Feature", "properties": {"proposal_id": "visible-line-3", "tile_id": "174-cheongyang-labels", "sheet_id": "174-cheongyang", "split": "development", "proposal_kind": "visible_linework_review_only", "backend": "grayscale_ridge_v1_skeleton_v1", "pixel_length": 49.042, "point_count": 8, "confidence": 0.7477, "review_status": "unreviewed"}, "geometry": {"type": "LineString", "coordinates": [[126.78207691576787, 36.42839646125789], [126.7823602421877, 36.428166200109665], [126.78250190539761, 36.42793593896144], [126.78250190539761, 36.427475416665], [126.78240746325767, 36.42736028609089], [126.7823602421877, 36.42713002494266], [126.78212413683785, 36.42693814065248], [126.78217135790781, 36.42682301007837]]}}, {"type": "Feature", "properties": {"proposal_id": "visible-line-4", "tile_id": "174-cheongyang-labels", "sheet_id": "174-cheongyang", "split": "development", "proposal_kind": "visible_linework_review_only", "backend": "grayscale_ridge_v1_skeleton_v1", "pixel_length": 19.314, "point_count": 4, "confidence": 0.734, "review_status": "unreviewed"}, "geometry": {"type": "LineString", "coordinates": [[126.78207691576787, 36.4257100811953], [126.78240746325767, 36.42578683491137], [126.7826907896775, 36.42559495062118], [126.78283245288742, 36.42563332747922]]}}, {"type": "Feature", "properties": {"proposal_id": "visible-line-5", "tile_id": "174-cheongyang-labels", "sheet_id": "174-cheongyang", "split": "development", "proposal_kind": "visible_linework_review_only", "backend": "grayscale_ridge_v1_skeleton_v1", "pixel_length": 125.539, "point_count": 15, "confidence": 0.7611, "review_status": "unreviewed"}, "geometry": {"type": "LineString", "coordinates": [[126.78207691576787, 36.42547982004707], [126.78231302111773, 36.42528793575689], [126.78250190539761, 36.42521118204081], [126.7830213371673, 36.425172805182775], [126.78339910572707, 36.425364689472964], [126.78406020070668, 36.42559495062118], [126.78434352712651, 36.42559495062118], [126.78443796926645, 36.42551819690511], [126.78443796926645, 36.425364689472964], [126.78424908498656, 36.425172805182775], [126.78339910572707, 36.42475065974437], [126.78283245288742, 36.42432851430596], [126.78264356860753, 36.42425176058989], [126.78240746325767, 36.42425176058989], [126.78212413683785, 36.424366891164]]}}, {"type": "Feature", "properties": {"proposal_id": "visible-line-6", "tile_id": "174-cheongyang-labels", "sheet_id": "174-cheongyang", "split": "development", "proposal_kind": "visible_linework_review_only", "backend": "grayscale_ridge_v1_skeleton_v1", "pixel_length": 68.598, "point_count": 9, "confidence": 0.7566, "review_status": "unreviewed"}, "geometry": {"type": "LineString", "coordinates": [[126.78212413683785, 36.43564968742688], [126.78226580004775, 36.43557293371081], [126.78254912646759, 36.43557293371081], [126.78264356860753, 36.43572644114296], [126.78311577930725, 36.43603345600725], [126.78321022144719, 36.43653235516174], [126.78344632679705, 36.43672423945192], [126.78377687428684, 36.43680099316799], [126.78420186391659, 36.43706963117425]]}}, {"type": "Feature", "properties": {"proposal_id": "visible-line-7", "tile_id": "174-cheongyang-labels", "sheet_id": "174-cheongyang", "split": "development", "proposal_kind": "visible_linework_review_only", "backend": "grayscale_ridge_v1_skeleton_v1", "pixel_length": 19.071, "point_count": 4, "confidence": 0.7266, "review_status": "unreviewed"}, "geometry": {"type": "LineString", "coordinates": [[126.78212413683785, 36.43507403455633], [126.78217135790781, 36.43503565769829], [126.78264356860753, 36.43503565769829], [126.78292689502736, 36.43518916513044]]}}, {"type": "Feature", "properties": {"proposal_id": "visible-line-8", "tile_id": "174-cheongyang-labels", "sheet_id": "174-cheongyang", "split": "development", "proposal_kind": "visible_linework_review_only", "backend": "grayscale_ridge_v1_skeleton_v1", "pixel_length": 28.213, "point_count": 4, "confidence": 0.7303, "review_status": "unreviewed"}, "geometry": {"type": "LineString", "coordinates": [[126.78212413683785, 36.434152989963444], [126.78254912646759, 36.43376922138307], [126.78283245288742, 36.433692467666994], [126.78311577930725, 36.43353896023485]]}}, {"type": "Feature", "properties": {"proposal_id": "visible-line-9", "tile_id": "174-cheongyang-labels", "sheet_id": "174-cheongyang", "split": "development", "proposal_kind": "visible_linework_review_only", "backend": "grayscale_ridge_v1_skeleton_v1", "pixel_length": 86.154, "point_count": 11, "confidence": 0.6991, "review_status": "unreviewed"}, "geometry": {"type": "LineString", "coordinates": [[126.78212413683785, 36.43353896023485], [126.78217135790781, 36.43350058337681], [126.78254912646759, 36.433462206518776], [126.78287967395738, 36.433193568512515], [126.78287967395738, 36.43311681479644], [126.78316300037721, 36.432809799932144], [126.78358799000696, 36.43250278506785], [126.78415464284662, 36.43254116192588], [126.78457963247637, 36.43277142307411], [126.78472129568628, 36.43277142307411], [126.785193506386, 36.43315519165448]]}}, {"type": "Feature", "properties": {"proposal_id": "visible-line-10", "tile_id": "174-cheongyang-labels", "sheet_id": "174-cheongyang", "split": "development", "proposal_kind": "visible_linework_review_only", "backend": "grayscale_ridge_v1_skeleton_v1", "pixel_length": 43.184, "point_count": 3, "confidence": 0.7547, "review_status": "unreviewed"}, "geometry": {"type": "LineString", "coordinates": [[126.78217135790781, 36.4424040144414], [126.78344632679705, 36.44332505903429], [126.7836824321469, 36.4434401896084]]}}, {"type": "Feature", "properties": {"proposal_id": "visible-line-11", "tile_id": "174-cheongyang-labels", "sheet_id": "174-cheongyang", "split": "development", "proposal_kind": "visible_linework_review_only", "backend": "grayscale_ridge_v1_skeleton_v1", "pixel_length": 33.698, "point_count": 4, "confidence": 0.7759, "review_status": "unreviewed"}, "geometry": {"type": "LineString", "coordinates": [[126.78217135790781, 36.44205862271907], [126.78306855823728, 36.442749406163735], [126.78325744251715, 36.442864536737844], [126.78335188465711, 36.442864536737844]]}}, {"type": "Feature", "properties": {"proposal_id": "visible-line-12", "tile_id": "174-cheongyang-labels", "sheet_id": "174-cheongyang", "split": "development", "proposal_kind": "visible_linework_review_only", "backend": "grayscale_ridge_v1_skeleton_v1", "pixel_length": 25.971, "point_count": 3, "confidence": 0.7745, "review_status": "unreviewed"}, "geometry": {"type": "LineString", "coordinates": [[126.78221857897779, 36.456181306476694], [126.78250190539761, 36.45568240732221], [126.78278523181744, 36.45537539245792]]}}, {"type": "Feature", "properties": {"proposal_id": "visible-line-13", "tile_id": "174-cheongyang-labels", "sheet_id": "174-cheongyang", "split": "development", "proposal_kind": "visible_linework_review_only", "backend": "grayscale_ridge_v1_skeleton_v1", "pixel_length": 18.314, "point_count": 5, "confidence": 0.7958, "review_status": "unreviewed"}, "geometry": {"type": "LineString", "coordinates": [[126.78221857897779, 36.453840318136436], [126.78231302111773, 36.453840318136436], [126.78259634753756, 36.454070579284654], [126.7826907896775, 36.454224086716806], [126.7826907896775, 36.454339217290915]]}}, {"type": "Feature", "properties": {"proposal_id": "visible-line-14", "tile_id": "174-cheongyang-labels", "sheet_id": "174-cheongyang", "split": "development", "proposal_kind": "visible_linework_review_only", "backend": "grayscale_ridge_v1_skeleton_v1", "pixel_length": 19.071, "point_count": 5, "confidence": 0.7285, "review_status": "unreviewed"}, "geometry": {"type": "LineString", "coordinates": [[126.78231302111773, 36.454722985871285], [126.78240746325767, 36.454607855297176], [126.78250190539761, 36.454607855297176], [126.78259634753756, 36.45468460901325], [126.78254912646759, 36.45506837759362]]}}, {"type": "Feature", "properties": {"proposal_id": "visible-line-15", "tile_id": "174-cheongyang-labels", "sheet_id": "174-cheongyang", "split": "development", "proposal_kind": "visible_linework_review_only", "backend": "grayscale_ridge_v1_skeleton_v1", "pixel_length": 19.314, "point_count": 3, "confidence": 0.6784, "review_status": "unreviewed"}, "geometry": {"type": "LineString", "coordinates": [[126.78231302111773, 36.45165283722832], [126.7823602421877, 36.45149932979618], [126.7826907896775, 36.45103880749973]]}}, {"type": "Feature", "properties": {"proposal_id": "visible-line-16", "tile_id": "174-cheongyang-labels", "sheet_id": "174-cheongyang", "split": "development", "proposal_kind": "visible_linework_review_only", "backend": "grayscale_ridge_v1_skeleton_v1", "pixel_length": 35.627, "point_count": 4, "confidence": 0.7433, "review_status": "unreviewed"}, "geometry": {"type": "LineString", "coordinates": [[126.78231302111773, 36.44750813656032], [126.7826907896775, 36.44750813656032], [126.78306855823728, 36.447661643992475], [126.7836824321469, 36.44812216628892]]}}, {"type": "Feature", "properties": {"proposal_id": "visible-line-17", "tile_id": "174-cheongyang-labels", "sheet_id": "174-cheongyang", "split": "development", "proposal_kind": "visible_linework_review_only", "backend": "grayscale_ridge_v1_skeleton_v1", "pixel_length": 18.142, "point_count": 3, "confidence": 0.6889, "review_status": "unreviewed"}, "geometry": {"type": "LineString", "coordinates": [[126.78240746325767, 36.43438325111166], [126.78264356860753, 36.43419136682148], [126.78306855823728, 36.43399948253129]]}}, {"type": "Feature", "properties": {"proposal_id": "visible-line-18", "tile_id": "174-cheongyang-labels", "sheet_id": "174-cheongyang", "split": "development", "proposal_kind": "visible_linework_review_only", "backend": "grayscale_ridge_v1_skeleton_v1", "pixel_length": 20.243, "point_count": 5, "confidence": 0.7071, "review_status": "unreviewed"}, "geometry": {"type": "LineString", "coordinates": [[126.78240746325767, 36.421488626811225], [126.78240746325767, 36.421219988804964], [126.78245468432765, 36.42118161194693], [126.78240746325767, 36.420836220224594], [126.78250190539761, 36.42079784336656]]}}, {"type": "Feature", "properties": {"proposal_id": "visible-line-19", "tile_id": "174-cheongyang-labels", "sheet_id": "174-cheongyang", "split": "development", "proposal_kind": "visible_linework_review_only", "backend": "grayscale_ridge_v1_skeleton_v1", "pixel_length": 21.243, "point_count": 5, "confidence": 0.6984, "review_status": "unreviewed"}, "geometry": {"type": "LineString", "coordinates": [[126.78250190539761, 36.42897211412844], [126.78254912646759, 36.428933737270405], [126.7826907896775, 36.42897211412844], [126.7826907896775, 36.429547766999], [126.78264356860753, 36.42958614385704]]}}, {"type": "Feature", "properties": {"proposal_id": "visible-line-20", "tile_id": "174-cheongyang-labels", "sheet_id": "174-cheongyang", "split": "development", "proposal_kind": "visible_linework_review_only", "backend": "grayscale_ridge_v1_skeleton_v1", "pixel_length": 33.971, "point_count": 10, "confidence": 0.7166, "review_status": "unreviewed"}, "geometry": {"type": "LineString", "coordinates": [[126.78254912646759, 36.426439241498], [126.78273801074748, 36.42647761835604], [126.78273801074748, 36.42655437207211], [126.78287967395738, 36.42666950264622], [126.78287967395738, 36.42674625636229], [126.7830213371673, 36.42693814065248], [126.78316300037721, 36.427014894368554], [126.78330466358713, 36.427014894368554], [126.78339910572707, 36.42709164808463], [126.78363521107693, 36.42713002494266]]}}, {"type": "Feature", "properties": {"proposal_id": "visible-line-21", "tile_id": "174-cheongyang-labels", "sheet_id": "174-cheongyang", "split": "development", "proposal_kind": "visible_linework_review_only", "backend": "grayscale_ridge_v1_skeleton_v1", "pixel_length": 54.314, "point_count": 4, "confidence": 0.7252, "review_status": "unreviewed"}, "geometry": {"type": "LineString", "coordinates": [[126.78259634753756, 36.44666384568351], [126.7840129796367, 36.44666384568351], [126.78439074819647, 36.44658709196744], [126.7850046221061, 36.44635683081921]]}}, {"type": "Feature", "properties": {"proposal_id": "visible-line-22", "tile_id": "174-cheongyang-labels", "sheet_id": "174-cheongyang", "split": "development", "proposal_kind": "visible_linework_review_only", "backend": "grayscale_ridge_v1_skeleton_v1", "pixel_length": 20.828, "point_count": 3, "confidence": 0.7182, "review_status": "unreviewed"}, "geometry": {"type": "LineString", "coordinates": [[126.7826907896775, 36.44462987220755], [126.7826907896775, 36.44397746562092], [126.78283245288742, 36.443900711904845]]}}, {"type": "Feature", "properties": {"proposal_id": "visible-line-23", "tile_id": "174-cheongyang-labels", "sheet_id": "174-cheongyang", "split": "development", "proposal_kind": "visible_linework_review_only", "backend": "grayscale_ridge_v1_skeleton_v1", "pixel_length": 34.799, "point_count": 5, "confidence": 0.722, "review_status": "unreviewed"}, "geometry": {"type": "LineString", "coordinates": [[126.78273801074748, 36.4514225760801], [126.78325744251715, 36.45073179263544], [126.78335188465711, 36.45050153148721], [126.78335188465711, 36.45034802405507], [126.78330466358713, 36.45030964719703]]}}, {"type": "Feature", "properties": {"proposal_id": "visible-line-24", "tile_id": "174-cheongyang-labels", "sheet_id": "174-cheongyang", "split": "development", "proposal_kind": "visible_linework_review_only", "backend": "grayscale_ridge_v1_skeleton_v1", "pixel_length": 21.385, "point_count": 3, "confidence": 0.7419, "review_status": "unreviewed"}, "geometry": {"type": "LineString", "coordinates": [[126.78273801074748, 36.423714484577374], [126.78292689502736, 36.42379123829345], [126.78344632679705, 36.42425176058989]]}}, {"type": "Feature", "properties": {"proposal_id": "visible-line-25", "tile_id": "174-cheongyang-labels", "sheet_id": "174-cheongyang", "split": "development", "proposal_kind": "visible_linework_review_only", "backend": "grayscale_ridge_v1_skeleton_v1", "pixel_length": 30.142, "point_count": 27, "confidence": 0.7272, "review_status": "unreviewed"}, "geometry": {"type": "LineString", "coordinates": [[126.78283245288742, 36.454838116445394], [126.78283245288742, 36.45479973958736], [126.78287967395738, 36.45476136272932], [126.78287967395738, 36.454722985871285], [126.78292689502736, 36.45468460901325], [126.78297411609734, 36.45464623215521], [126.7830213371673, 36.45464623215521], [126.78306855823728, 36.45464623215521], [126.78311577930725, 36.45468460901325], [126.78316300037721, 36.454722985871285], [126.78316300037721, 36.45476136272932], [126.78316300037721, 36.45479973958736], [126.78316300037721, 36.454838116445394], [126.78316300037721, 36.45487649330343], [126.78316300037721, 36.454914870161474], [126.78316300037721, 36.45495324701951], [126.78316300037721, 36.45499162387755], [126.78311577930725, 36.45503000073558], [126.78306855823728, 36.45506837759362], [126.7830213371673, 36.45506837759362], [126.78297411609734, 36.45506837759362], [126.78292689502736, 36.45503000073558], [126.78292689502736, 36.45499162387755], [126.78287967395738, 36.45495324701951], [126.78287967395738, 36.454914870161474], [126.78287967395738, 36.45487649330343], [126.78283245288742, 36.454838116445394]]}}, {"type": "Feature", "properties": {"proposal_id": "visible-line-26", "tile_id": "174-cheongyang-labels", "sheet_id": "174-cheongyang", "split": "development", "proposal_kind": "visible_linework_review_only", "backend": "grayscale_ridge_v1_skeleton_v1", "pixel_length": 22.071, "point_count": 6, "confidence": 0.7119, "review_status": "unreviewed"}, "geometry": {"type": "LineString", "coordinates": [[126.78292689502736, 36.42563332747922], [126.78311577930725, 36.42559495062118], [126.78316300037721, 36.42563332747922], [126.78363521107693, 36.42567170433726], [126.7836824321469, 36.4257100811953], [126.78363521107693, 36.42586358862744]]}}, {"type": "Feature", "properties": {"proposal_id": "visible-line-27", "tile_id": "174-cheongyang-labels", "sheet_id": "174-cheongyang", "split": "development", "proposal_kind": "visible_linework_review_only", "backend": "grayscale_ridge_v1_skeleton_v1", "pixel_length": 27.314, "point_count": 6, "confidence": 0.6664, "review_status": "unreviewed"}, "geometry": {"type": "LineString", "coordinates": [[126.78297411609734, 36.459865484848244], [126.78311577930725, 36.459750354274135], [126.78354076893699, 36.459635223700026], [126.78382409535682, 36.459635223700026], [126.78387131642678, 36.45959684684199], [126.78410742177665, 36.459635223700026]]}}, {"type": "Feature", "properties": {"proposal_id": "visible-line-28", "tile_id": "174-cheongyang-labels", "sheet_id": "174-cheongyang", "split": "development", "proposal_kind": "visible_linework_review_only", "backend": "grayscale_ridge_v1_skeleton_v1", "pixel_length": 20.828, "point_count": 3, "confidence": 0.7091, "review_status": "unreviewed"}, "geometry": {"type": "LineString", "coordinates": [[126.78306855823728, 36.44462987220755], [126.78306855823728, 36.44397746562092], [126.78321022144719, 36.443900711904845]]}}, {"type": "Feature", "properties": {"proposal_id": "visible-line-29", "tile_id": "174-cheongyang-labels", "sheet_id": "174-cheongyang", "split": "development", "proposal_kind": "visible_linework_review_only", "backend": "grayscale_ridge_v1_skeleton_v1", "pixel_length": 46.113, "point_count": 7, "confidence": 0.714, "review_status": "unreviewed"}, "geometry": {"type": "LineString", "coordinates": [[126.78316300037721, 36.4552602618838], [126.78325744251715, 36.4552602618838], [126.78358799000696, 36.455490523032026], [126.78396575856674, 36.45595104532847], [126.78420186391659, 36.45633481390884], [126.78429630605653, 36.45641156762491], [126.78448519033641, 36.45644994448295]]}}, {"type": "Feature", "properties": {"proposal_id": "visible-line-30", "tile_id": "174-cheongyang-labels", "sheet_id": "174-cheongyang", "split": "development", "proposal_kind": "visible_linework_review_only", "backend": "grayscale_ridge_v1_skeleton_v1", "pixel_length": 23.899, "point_count": 6, "confidence": 0.7169, "review_status": "unreviewed"}, "geometry": {"type": "LineString", "coordinates": [[126.78321022144719, 36.42137349623711], [126.78325744251715, 36.42133511937907], [126.78325744251715, 36.420912973940666], [126.78330466358713, 36.42087459708263], [126.78339910572707, 36.42087459708263], [126.7836824321469, 36.42106648137282]]}}, {"type": "Feature", "properties": {"proposal_id": "visible-line-31", "tile_id": "174-cheongyang-labels", "sheet_id": "174-cheongyang", "split": "development", "proposal_kind": "visible_linework_review_only", "backend": "grayscale_ridge_v1_skeleton_v1", "pixel_length": 29.385, "point_count": 5, "confidence": 0.7195, "review_status": "unreviewed"}, "geometry": {"type": "LineString", "coordinates": [[126.78325744251715, 36.43334707594467], [126.78339910572707, 36.43315519165448], [126.7836824321469, 36.43292493050625], [126.78396575856674, 36.43292493050625], [126.78429630605653, 36.433078437938406]]}}, {"type": "Feature", "properties": {"proposal_id": "visible-line-32", "tile_id": "174-cheongyang-labels", "sheet_id": "174-cheongyang", "split": "development", "proposal_kind": "visible_linework_review_only", "backend": "grayscale_ridge_v1_skeleton_v1", "pixel_length": 25.071, "point_count": 5, "confidence": 0.7497, "review_status": "unreviewed"}, "geometry": {"type": "LineString", "coordinates": [[126.78330466358713, 36.45775475765621], [126.78339910572707, 36.45756287336602], [126.78339910572707, 36.45737098907584], [126.78349354786701, 36.45721748164369], [126.78344632679705, 36.45687208992136]]}}, {"type": "Feature", "properties": {"proposal_id": "visible-line-33", "tile_id": "174-cheongyang-labels", "sheet_id": "174-cheongyang", "split": "development", "proposal_kind": "visible_linework_review_only", "backend": "grayscale_ridge_v1_skeleton_v1", "pixel_length": 26.556, "point_count": 6, "confidence": 0.7659, "review_status": "unreviewed"}, "geometry": {"type": "LineString", "coordinates": [[126.78335188465711, 36.43791392205107], [126.78344632679705, 36.43756853032873], [126.78372965321688, 36.437338269180515], [126.78382409535682, 36.437338269180515], [126.78396575856674, 36.437223138606406], [126.78406020070668, 36.437223138606406]]}}, {"type": "Feature", "properties": {"proposal_id": "visible-line-34", "tile_id": "174-cheongyang-labels", "sheet_id": "174-cheongyang", "split": "development", "proposal_kind": "visible_linework_review_only", "backend": "grayscale_ridge_v1_skeleton_v1", "pixel_length": 18.728, "point_count": 3, "confidence": 0.7257, "review_status": "unreviewed"}, "geometry": {"type": "LineString", "coordinates": [[126.78335188465711, 36.434344874253625], [126.78377687428684, 36.43469026597596], [126.78382409535682, 36.43488215026615]]}}, {"type": "Feature", "properties": {"proposal_id": "visible-line-35", "tile_id": "174-cheongyang-labels", "sheet_id": "174-cheongyang", "split": "development", "proposal_kind": "visible_linework_review_only", "backend": "grayscale_ridge_v1_skeleton_v1", "pixel_length": 22.828, "point_count": 3, "confidence": 0.7454, "review_status": "unreviewed"}, "geometry": {"type": "LineString", "coordinates": [[126.78344632679705, 36.44386233504681], [126.78354076893699, 36.443900711904845], [126.78349354786701, 36.444668249065586]]}}, {"type": "Feature", "properties": {"proposal_id": "visible-line-36", "tile_id": "174-cheongyang-labels", "sheet_id": "174-cheongyang", "split": "development", "proposal_kind": "visible_linework_review_only", "backend": "grayscale_ridge_v1_skeleton_v1", "pixel_length": 22.728, "point_count": 3, "confidence": 0.6855, "review_status": "unreviewed"}, "geometry": {"type": "LineString", "coordinates": [[126.78349354786701, 36.45341817269803], [126.7836824321469, 36.45299602725962], [126.78391853749676, 36.452689012395325]]}}, {"type": "Feature", "properties": {"proposal_id": "visible-line-37", "tile_id": "174-cheongyang-labels", "sheet_id": "174-cheongyang", "split": "development", "proposal_kind": "visible_linework_review_only", "backend": "grayscale_ridge_v1_skeleton_v1", "pixel_length": 18.899, "point_count": 4, "confidence": 0.6851, "review_status": "unreviewed"}, "geometry": {"type": "LineString", "coordinates": [[126.78354076893699, 36.436071832865295], [126.78363521107693, 36.436378847729586], [126.78377687428684, 36.4364939783037], [126.7840129796367, 36.436570732019774]]}}, {"type": "Feature", "properties": {"proposal_id": "visible-line-38", "tile_id": "174-cheongyang-labels", "sheet_id": "174-cheongyang", "split": "development", "proposal_kind": "visible_linework_review_only", "backend": "grayscale_ridge_v1_skeleton_v1", "pixel_length": 38.698, "point_count": 4, "confidence": 0.7037, "review_status": "unreviewed"}, "geometry": {"type": "LineString", "coordinates": [[126.7836824321469, 36.43353896023485], [126.78377687428684, 36.433462206518776], [126.78410742177665, 36.43350058337681], [126.7850046221061, 36.43426812053755]]}}, {"type": "Feature", "properties": {"proposal_id": "visible-line-39", "tile_id": "174-cheongyang-labels", "sheet_id": "174-cheongyang", "split": "development", "proposal_kind": "visible_linework_review_only", "backend": "grayscale_ridge_v1_skeleton_v1", "pixel_length": 153.782, "point_count": 20, "confidence": 0.7392, "review_status": "unreviewed"}, "geometry": {"type": "LineString", "coordinates": [[126.78372965321688, 36.43841282120555], [126.78481573782622, 36.438988474076105], [126.78524072745596, 36.439487373230584], [126.78585460136559, 36.43967925752077], [126.78642125420525, 36.43971763437881], [126.78670458062508, 36.43952575008863], [126.78670458062508, 36.43933386579844], [126.78656291741517, 36.43906522779218], [126.78646847527521, 36.438988474076105], [126.78646847527521, 36.43891172036003], [126.78632681206531, 36.43875821292789], [126.78627959099533, 36.43841282120555], [126.78632681206531, 36.43837444434752], [126.78679902276502, 36.43841282120555], [126.78703512811488, 36.4382593137734], [126.78703512811488, 36.43818256005733], [126.7871767913248, 36.43806742948322], [126.78755455988457, 36.43806742948322], [126.78764900202451, 36.437990675767146], [126.78764900202451, 36.437837168334994]]}}, {"type": "Feature", "properties": {"proposal_id": "visible-line-40", "tile_id": "174-cheongyang-labels", "sheet_id": "174-cheongyang", "split": "development", "proposal_kind": "visible_linework_review_only", "backend": "grayscale_ridge_v1_skeleton_v1", "pixel_length": 33.385, "point_count": 6, "confidence": 0.689, "review_status": "unreviewed"}, "geometry": {"type": "LineString", "coordinates": [[126.78377687428684, 36.44988750175862], [126.7840129796367, 36.45015613976488], [126.78396575856674, 36.450578285203285], [126.78391853749676, 36.45061666206132], [126.78424908498656, 36.450846923209546], [126.78424908498656, 36.45092367692562]]}}, {"type": "Feature", "properties": {"proposal_id": "visible-line-41", "tile_id": "174-cheongyang-labels", "sheet_id": "174-cheongyang", "split": "development", "proposal_kind": "visible_linework_review_only", "backend": "grayscale_ridge_v1_skeleton_v1", "pixel_length": 37.87, "point_count": 3, "confidence": 0.7188, "review_status": "unreviewed"}, "geometry": {"type": "LineString", "coordinates": [[126.78377687428684, 36.42444364488007], [126.78491017996616, 36.42501929775063], [126.78509906424604, 36.425249558898855]]}}, {"type": "Feature", "properties": {"proposal_id": "visible-line-42", "tile_id": "174-cheongyang-labels", "sheet_id": "174-cheongyang", "split": "development", "proposal_kind": "visible_linework_review_only", "backend": "grayscale_ridge_v1_skeleton_v1", "pixel_length": 72.113, "point_count": 8, "confidence": 0.7487, "review_status": "unreviewed"}, "geometry": {"type": "LineString", "coordinates": [[126.78410742177665, 36.44773839770855], [126.78420186391659, 36.447661643992475], [126.78429630605653, 36.44731625227014], [126.78457963247637, 36.44708599112192], [126.78476851675624, 36.447009237405844], [126.78609070671544, 36.447009237405844], [126.78632681206531, 36.44712436797995], [126.78665735955511, 36.44746975970229]]}}, {"type": "Feature", "properties": {"proposal_id": "visible-line-43", "tile_id": "174-cheongyang-labels", "sheet_id": "174-cheongyang", "split": "development", "proposal_kind": "visible_linework_review_only", "backend": "grayscale_ridge_v1_skeleton_v1", "pixel_length": 32.627, "point_count": 4, "confidence": 0.7237, "review_status": "unreviewed"}, "geometry": {"type": "LineString", "coordinates": [[126.78420186391659, 36.454914870161474], [126.78434352712651, 36.45514513130969], [126.78486295889618, 36.45568240732221], [126.78495740103614, 36.45591266847043]]}}, {"type": "Feature", "properties": {"proposal_id": "visible-line-44", "tile_id": "174-cheongyang-labels", "sheet_id": "174-cheongyang", "split": "development", "proposal_kind": "visible_linework_review_only", "backend": "grayscale_ridge_v1_skeleton_v1", "pixel_length": 21.657, "point_count": 4, "confidence": 0.7249, "review_status": "unreviewed"}, "geometry": {"type": "LineString", "coordinates": [[126.78429630605653, 36.45126906864795], [126.78448519033641, 36.45126906864795], [126.78457963247637, 36.45119231493188], [126.78448519033641, 36.45065503891936]]}}, {"type": "Feature", "properties": {"proposal_id": "visible-line-45", "tile_id": "174-cheongyang-labels", "sheet_id": "174-cheongyang", "split": "development", "proposal_kind": "visible_linework_review_only", "backend": "grayscale_ridge_v1_skeleton_v1", "pixel_length": 72.882, "point_count": 3, "confidence": 0.7624, "review_status": "unreviewed"}, "geometry": {"type": "LineString", "coordinates": [[126.78429630605653, 36.444015842478954], [126.78627959099533, 36.44547416308436], [126.78675180169505, 36.44589630852277]]}}, {"type": "Feature", "properties": {"proposal_id": "visible-line-46", "tile_id": "174-cheongyang-labels", "sheet_id": "174-cheongyang", "split": "development", "proposal_kind": "visible_linework_review_only", "backend": "grayscale_ridge_v1_skeleton_v1", "pixel_length": 121.882, "point_count": 17, "confidence": 0.7357, "review_status": "unreviewed"}, "geometry": {"type": "LineString", "coordinates": [[126.78429630605653, 36.4434401896084], [126.78462685354633, 36.44320992846018], [126.78481573782622, 36.44278778302177], [126.78505184317608, 36.442557521873546], [126.78514628531602, 36.44228888386729], [126.78547683280581, 36.441866738428885], [126.78547683280581, 36.44171323099673], [126.78552405387579, 36.4416748541387], [126.78576015922565, 36.44152134670655], [126.78609070671544, 36.44152134670655], [126.78613792778542, 36.44155972356459], [126.78632681206531, 36.441482969848515], [126.78694068597494, 36.441482969848515], [126.78727123346474, 36.441291085558326], [126.78760178095453, 36.44117595498422], [126.78779066523443, 36.441022447552065], [126.7879795495143, 36.44075380954581]]}}, {"type": "Feature", "properties": {"proposal_id": "visible-line-47", "tile_id": "174-cheongyang-labels", "sheet_id": "174-cheongyang", "split": "development", "proposal_kind": "visible_linework_review_only", "backend": "grayscale_ridge_v1_skeleton_v1", "pixel_length": 39.527, "point_count": 6, "confidence": 0.7389, "review_status": "unreviewed"}, "geometry": {"type": "LineString", "coordinates": [[126.78443796926645, 36.433193568512515], [126.78495740103614, 36.43361571395092], [126.785193506386, 36.43373084452504], [126.78542961173585, 36.43392272881522], [126.78561849601573, 36.43419136682148], [126.78561849601573, 36.43426812053755]]}}, {"type": "Feature", "properties": {"proposal_id": "visible-line-48", "tile_id": "174-cheongyang-labels", "sheet_id": "174-cheongyang", "split": "development", "proposal_kind": "visible_linework_review_only", "backend": "grayscale_ridge_v1_skeleton_v1", "pixel_length": 176.137, "point_count": 12, "confidence": 0.7493, "review_status": "unreviewed"}, "geometry": {"type": "LineString", "coordinates": [[126.78448519033641, 36.44386233504681], [126.7859962645755, 36.44493688707185], [126.78703512811488, 36.44578117794866], [126.78736567560468, 36.44597306223884], [126.78779066523443, 36.44608819281296], [126.78788510737436, 36.44616494652903], [126.78802677058428, 36.44616494652903], [126.78906563412365, 36.44647196139333], [126.78953784482337, 36.4465487151094], [126.7899628344531, 36.446702222541546], [126.79071837157265, 36.446817353115655], [126.79119058227236, 36.44697086054781]]}}, {"type": "Feature", "properties": {"proposal_id": "visible-line-49", "tile_id": "174-cheongyang-labels", "sheet_id": "174-cheongyang", "split": "development", "proposal_kind": "visible_linework_review_only", "backend": "grayscale_ridge_v1_skeleton_v1", "pixel_length": 18.243, "point_count": 4, "confidence": 0.7179, "review_status": "unreviewed"}, "geometry": {"type": "LineString", "coordinates": [[126.78457963247637, 36.44958048689433], [126.78476851675624, 36.44961886375236], [126.78486295889618, 36.44958048689433], [126.78538239066587, 36.44961886375236]]}}, {"type": "Feature", "properties": {"proposal_id": "visible-line-50", "tile_id": "174-cheongyang-labels", "sheet_id": "174-cheongyang", "split": "development", "proposal_kind": "visible_linework_review_only", "backend": "grayscale_ridge_v1_skeleton_v1", "pixel_length": 44.627, "point_count": 39, "confidence": 0.7424, "review_status": "unreviewed"}, "geometry": {"type": "LineString", "coordinates": [[126.78486295889618, 36.447968658856766], [126.78491017996616, 36.44800703571481], [126.78491017996616, 36.448045412572846], [126.78495740103614, 36.44808378943088], [126.78495740103614, 36.44812216628892], [126.7850046221061, 36.448160543146955], [126.78505184317608, 36.44819892000499], [126.78509906424604, 36.44819892000499], [126.78514628531602, 36.44819892000499], [126.785193506386, 36.44823729686303], [126.78524072745596, 36.44823729686303], [126.78528794852593, 36.44819892000499], [126.78533516959591, 36.44819892000499], [126.78538239066587, 36.448160543146955], [126.78542961173585, 36.44812216628892], [126.78547683280581, 36.44808378943088], [126.78552405387579, 36.448045412572846], [126.78552405387579, 36.44800703571481], [126.78552405387579, 36.447968658856766], [126.78552405387579, 36.44793028199873], [126.78552405387579, 36.44789190514069], [126.78552405387579, 36.44785352828266], [126.78547683280581, 36.44781515142462], [126.78542961173585, 36.447776774566584], [126.78538239066587, 36.44773839770855], [126.78533516959591, 36.44773839770855], [126.78528794852593, 36.44773839770855], [126.78524072745596, 36.44773839770855], [126.785193506386, 36.44773839770855], [126.78514628531602, 36.44773839770855], [126.78509906424604, 36.44773839770855], [126.78505184317608, 36.44773839770855], [126.7850046221061, 36.44773839770855], [126.78495740103614, 36.447776774566584], [126.78491017996616, 36.44781515142462], [126.78491017996616, 36.44785352828266], [126.78491017996616, 36.44789190514069], [126.78491017996616, 36.44793028199873], [126.78486295889618, 36.447968658856766]]}}, {"type": "Feature", "properties": {"proposal_id": "visible-line-51", "tile_id": "174-cheongyang-labels", "sheet_id": "174-cheongyang", "split": "development", "proposal_kind": "visible_linework_review_only", "backend": "grayscale_ridge_v1_skeleton_v1", "pixel_length": 29.456, "point_count": 3, "confidence": 0.6365, "review_status": "unreviewed"}, "geometry": {"type": "LineString", "coordinates": [[126.78486295889618, 36.421488626811225], [126.7850046221061, 36.42168051110141], [126.78571293815568, 36.42233291768804]]}}, {"type": "Feature", "properties": {"proposal_id": "visible-line-52", "tile_id": "174-cheongyang-labels", "sheet_id": "174-cheongyang", "split": "development", "proposal_kind": "visible_linework_review_only", "backend": "grayscale_ridge_v1_skeleton_v1", "pixel_length": 25.071, "point_count": 3, "confidence": 0.7116, "review_status": "unreviewed"}, "geometry": {"type": "LineString", "coordinates": [[126.7850046221061, 36.45449272472306], [126.78547683280581, 36.454454347865024], [126.78609070671544, 36.454607855297176]]}}, {"type": "Feature", "properties": {"proposal_id": "visible-line-53", "tile_id": "174-cheongyang-labels", "sheet_id": "174-cheongyang", "split": "development", "proposal_kind": "visible_linework_review_only", "backend": "grayscale_ridge_v1_skeleton_v1", "pixel_length": 21.899, "point_count": 5, "confidence": 0.7492, "review_status": "unreviewed"}, "geometry": {"type": "LineString", "coordinates": [[126.7850046221061, 36.42897211412844], [126.7850046221061, 36.42878022983826], [126.78509906424604, 36.428549968690035], [126.785193506386, 36.42839646125789], [126.78538239066587, 36.428281330683774]]}}, {"type": "Feature", "properties": {"proposal_id": "visible-line-54", "tile_id": "174-cheongyang-labels", "sheet_id": "174-cheongyang", "split": "development", "proposal_kind": "visible_linework_review_only", "backend": "grayscale_ridge_v1_skeleton_v1", "pixel_length": 205.095, "point_count": 18, "confidence": 0.7896, "review_status": "unreviewed"}, "geometry": {"type": "LineString", "coordinates": [[126.78505184317608, 36.42935588270881], [126.78509906424604, 36.42939425956685], [126.78524072745596, 36.430085043011516], [126.78547683280581, 36.430660695882075], [126.78547683280581, 36.43081420331422], [126.78585460136559, 36.43177362476514], [126.78604348564548, 36.43250278506785], [126.78613792778542, 36.4326562925], [126.78613792778542, 36.43277142307411], [126.78623236992536, 36.43292493050625], [126.78646847527521, 36.433692467666994], [126.78656291741517, 36.43380759824111], [126.78675180169505, 36.43430649739559], [126.78689346490496, 36.43449838168578], [126.78694068597494, 36.43469026597596], [126.78760178095453, 36.43572644114296], [126.7879795495143, 36.43611020972333], [126.78802677058428, 36.43622534029744]]}}, {"type": "Feature", "properties": {"proposal_id": "visible-line-55", "tile_id": "174-cheongyang-labels", "sheet_id": "174-cheongyang", "split": "development", "proposal_kind": "visible_linework_review_only", "backend": "grayscale_ridge_v1_skeleton_v1", "pixel_length": 35.142, "point_count": 3, "confidence": 0.7337, "review_status": "unreviewed"}, "geometry": {"type": "LineString", "coordinates": [[126.78509906424604, 36.446318453961176], [126.78576015922565, 36.44608819281296], [126.78656291741517, 36.445934685380806]]}}, {"type": "Feature", "properties": {"proposal_id": "visible-line-56", "tile_id": "174-cheongyang-labels", "sheet_id": "174-cheongyang", "split": "development", "proposal_kind": "visible_linework_review_only", "backend": "grayscale_ridge_v1_skeleton_v1", "pixel_length": 22.828, "point_count": 4, "confidence": 0.7151, "review_status": "unreviewed"}, "geometry": {"type": "LineString", "coordinates": [[126.78514628531602, 36.42528793575689], [126.78561849601573, 36.42528793575689], [126.7856657170857, 36.425249558898855], [126.7861851488554, 36.42528793575689]]}}, {"type": "Feature", "properties": {"proposal_id": "visible-line-57", "tile_id": "174-cheongyang-labels", "sheet_id": "174-cheongyang", "split": "development", "proposal_kind": "visible_linework_review_only", "backend": "grayscale_ridge_v1_skeleton_v1", "pixel_length": 30.213, "point_count": 5, "confidence": 0.7117, "review_status": "unreviewed"}, "geometry": {"type": "LineString", "coordinates": [[126.785193506386, 36.433193568512515], [126.78528794852593, 36.43334707594467], [126.78580738029562, 36.43380759824111], [126.7859962645755, 36.43376922138307], [126.78594904350554, 36.43361571395092]]}}, {"type": "Feature", "properties": {"proposal_id": "visible-line-58", "tile_id": "174-cheongyang-labels", "sheet_id": "174-cheongyang", "split": "development", "proposal_kind": "visible_linework_review_only", "backend": "grayscale_ridge_v1_skeleton_v1", "pixel_length": 163.61, "point_count": 9, "confidence": 0.7238, "review_status": "unreviewed"}, "geometry": {"type": "LineString", "coordinates": [[126.78524072745596, 36.42801269267752], [126.78547683280581, 36.428166200109665], [126.78580738029562, 36.42801269267752], [126.78746011774462, 36.427475416665], [126.78868786556387, 36.426899763794445], [126.78925451840354, 36.426439241498], [126.78958506589333, 36.42590196548548], [126.78958506589333, 36.424366891164], [126.78963228696331, 36.42432851430596]]}}, {"type": "Feature", "properties": {"proposal_id": "visible-line-59", "tile_id": "174-cheongyang-labels", "sheet_id": "174-cheongyang", "split": "development", "proposal_kind": "visible_linework_review_only", "backend": "grayscale_ridge_v1_skeleton_v1", "pixel_length": 18.485, "point_count": 3, "confidence": 0.7114, "review_status": "unreviewed"}, "geometry": {"type": "LineString", "coordinates": [[126.78538239066587, 36.45529863874184], [126.78561849601573, 36.45568240732221], [126.7856657170857, 36.45591266847043]]}}, {"type": "Feature", "properties": {"proposal_id": "visible-line-60", "tile_id": "174-cheongyang-labels", "sheet_id": "174-cheongyang", "split": "development", "proposal_kind": "visible_linework_review_only", "backend": "grayscale_ridge_v1_skeleton_v1", "pixel_length": 27.899, "point_count": 3, "confidence": 0.6646, "review_status": "unreviewed"}, "geometry": {"type": "LineString", "coordinates": [[126.7856657170857, 36.43050718844992], [126.78590182243556, 36.43108284132048], [126.7859962645755, 36.43146660990085]]}}, {"type": "Feature", "properties": {"proposal_id": "visible-line-61", "tile_id": "174-cheongyang-labels", "sheet_id": "174-cheongyang", "split": "development", "proposal_kind": "visible_linework_review_only", "backend": "grayscale_ridge_v1_skeleton_v1", "pixel_length": 26.627, "point_count": 4, "confidence": 0.6801, "review_status": "unreviewed"}, "geometry": {"type": "LineString", "coordinates": [[126.78571293815568, 36.435304295704555], [126.78604348564548, 36.43553455685277], [126.78637403313527, 36.435688064284925], [126.78665735955511, 36.43591832543314]]}}, {"type": "Feature", "properties": {"proposal_id": "visible-line-62", "tile_id": "174-cheongyang-labels", "sheet_id": "174-cheongyang", "split": "development", "proposal_kind": "visible_linework_review_only", "backend": "grayscale_ridge_v1_skeleton_v1", "pixel_length": 117.125, "point_count": 6, "confidence": 0.7464, "review_status": "unreviewed"}, "geometry": {"type": "LineString", "coordinates": [[126.78576015922565, 36.42831970754181], [126.78642125420525, 36.428051069535556], [126.78760178095453, 36.42770567781322], [126.78892397091374, 36.42709164808463], [126.78963228696331, 36.426515995214075], [126.78986839231317, 36.42601709605959]]}}, {"type": "Feature", "properties": {"proposal_id": "visible-line-63", "tile_id": "174-cheongyang-labels", "sheet_id": "174-cheongyang", "split": "development", "proposal_kind": "visible_linework_review_only", "backend": "grayscale_ridge_v1_skeleton_v1", "pixel_length": 24.385, "point_count": 3, "confidence": 0.6833, "review_status": "unreviewed"}, "geometry": {"type": "LineString", "coordinates": [[126.78590182243556, 36.43660910887781], [126.78651569634519, 36.43710800803229], [126.78656291741517, 36.43729989232248]]}}, {"type": "Feature", "properties": {"proposal_id": "visible-line-64", "tile_id": "174-cheongyang-labels", "sheet_id": "174-cheongyang", "split": "development", "proposal_kind": "visible_linework_review_only", "backend": "grayscale_ridge_v1_skeleton_v1", "pixel_length": 20.314, "point_count": 2, "confidence": 0.7529, "review_status": "unreviewed"}, "geometry": {"type": "LineString", "coordinates": [[126.78594904350554, 36.42935588270881], [126.78632681206531, 36.43000828929544]]}}, {"type": "Feature", "properties": {"proposal_id": "visible-line-65", "tile_id": "174-cheongyang-labels", "sheet_id": "174-cheongyang", "split": "development", "proposal_kind": "visible_linework_review_only", "backend": "grayscale_ridge_v1_skeleton_v1", "pixel_length": 21.657, "point_count": 5, "confidence": 0.7535, "review_status": "unreviewed"}, "geometry": {"type": "LineString", "coordinates": [[126.7859962645755, 36.434843773408105], [126.7859962645755, 36.434460004827734], [126.78609070671544, 36.43430649739559], [126.78609070671544, 36.43419136682148], [126.7859962645755, 36.434076236247364]]}}, {"type": "Feature", "properties": {"proposal_id": "visible-line-66", "tile_id": "174-cheongyang-labels", "sheet_id": "174-cheongyang", "split": "development", "proposal_kind": "visible_linework_review_only", "backend": "grayscale_ridge_v1_skeleton_v1", "pixel_length": 34.627, "point_count": 5, "confidence": 0.7068, "review_status": "unreviewed"}, "geometry": {"type": "LineString", "coordinates": [[126.7859962645755, 36.434843773408105], [126.7861851488554, 36.4351507882724], [126.78665735955511, 36.4354578031367], [126.78694068597494, 36.43553455685277], [126.78703512811488, 36.435688064284925]]}}, {"type": "Feature", "properties": {"proposal_id": "visible-line-67", "tile_id": "174-cheongyang-labels", "sheet_id": "174-cheongyang", "split": "development", "proposal_kind": "visible_linework_review_only", "backend": "grayscale_ridge_v1_skeleton_v1", "pixel_length": 49.142, "point_count": 9, "confidence": 0.7125, "review_status": "unreviewed"}, "geometry": {"type": "LineString", "coordinates": [[126.78613792778542, 36.45004100919077], [126.7861851488554, 36.44988750175862], [126.78642125420525, 36.44988750175862], [126.78665735955511, 36.4499642554747], [126.78741289667465, 36.45004100919077], [126.78755455988457, 36.45011776290684], [126.78750733881459, 36.45034802405507], [126.78741289667465, 36.45042477777114], [126.78722401239476, 36.45042477777114]]}}, {"type": "Feature", "properties": {"proposal_id": "visible-line-68", "tile_id": "174-cheongyang-labels", "sheet_id": "174-cheongyang", "split": "development", "proposal_kind": "visible_linework_review_only", "backend": "grayscale_ridge_v1_skeleton_v1", "pixel_length": 79.355, "point_count": 5, "confidence": 0.7321, "review_status": "unreviewed"}, "geometry": {"type": "LineString", "coordinates": [[126.78623236992536, 36.432195770203556], [126.78675180169505, 36.43361571395092], [126.78694068597494, 36.43388435195718], [126.78703512811488, 36.43419136682148], [126.78741289667465, 36.434843773408105]]}}, {"type": "Feature", "properties": {"proposal_id": "visible-line-69", "tile_id": "174-cheongyang-labels", "sheet_id": "174-cheongyang", "split": "development", "proposal_kind": "visible_linework_review_only", "backend": "grayscale_ridge_v1_skeleton_v1", "pixel_length": 53.284, "point_count": 7, "confidence": 0.7104, "review_status": "unreviewed"}, "geometry": {"type": "LineString", "coordinates": [[126.78651569634519, 36.430276927301705], [126.78675180169505, 36.430660695882075], [126.78679902276502, 36.43085258017226], [126.78694068597494, 36.431044464462445], [126.78708234918484, 36.43138985618477], [126.78731845453471, 36.43169687104907], [126.78746011774462, 36.43200388591337]]}}, {"type": "Feature", "properties": {"proposal_id": "visible-line-70", "tile_id": "174-cheongyang-labels", "sheet_id": "174-cheongyang", "split": "development", "proposal_kind": "visible_linework_review_only", "backend": "grayscale_ridge_v1_skeleton_v1", "pixel_length": 21.385, "point_count": 3, "confidence": 0.6519, "review_status": "unreviewed"}, "geometry": {"type": "LineString", "coordinates": [[126.78661013848513, 36.455221885025765], [126.78708234918484, 36.45564403046417], [126.78722401239476, 36.45583591475436]]}}, {"type": "Feature", "properties": {"proposal_id": "visible-line-71", "tile_id": "174-cheongyang-labels", "sheet_id": "174-cheongyang", "split": "development", "proposal_kind": "visible_linework_review_only", "backend": "grayscale_ridge_v1_skeleton_v1", "pixel_length": 107.426, "point_count": 8, "confidence": 0.7417, "review_status": "unreviewed"}, "geometry": {"type": "LineString", "coordinates": [[126.78665735955511, 36.446126569670994], [126.78703512811488, 36.44608819281296], [126.78760178095453, 36.446318453961176], [126.7891600762636, 36.44674059939958], [126.7894906237534, 36.44677897625762], [126.7899628344531, 36.44693248368977], [126.7904822662228, 36.447009237405844], [126.7911433612024, 36.447201121696025]]}}, {"type": "Feature", "properties": {"proposal_id": "visible-line-72", "tile_id": "174-cheongyang-labels", "sheet_id": "174-cheongyang", "split": "development", "proposal_kind": "visible_linework_review_only", "backend": "grayscale_ridge_v1_skeleton_v1", "pixel_length": 26.899, "point_count": 5, "confidence": 0.7335, "review_status": "unreviewed"}, "geometry": {"type": "LineString", "coordinates": [[126.78689346490496, 36.436455601445665], [126.78689346490496, 36.436186963439404], [126.78708234918484, 36.435879948575106], [126.78727123346474, 36.43595670229118], [126.78731845453471, 36.43614858658137]]}}, {"type": "Feature", "properties": {"proposal_id": "visible-line-73", "tile_id": "174-cheongyang-labels", "sheet_id": "174-cheongyang", "split": "development", "proposal_kind": "visible_linework_review_only", "backend": "grayscale_ridge_v1_skeleton_v1", "pixel_length": 26.899, "point_count": 6, "confidence": 0.7162, "review_status": "unreviewed"}, "geometry": {"type": "LineString", "coordinates": [[126.78712957025482, 36.43791392205107], [126.78712957025482, 36.43776041461892], [126.78731845453471, 36.43737664603855], [126.78731845453471, 36.43726151546444], [126.78741289667465, 36.43710800803229], [126.78755455988457, 36.43706963117425]]}}, {"type": "Feature", "properties": {"proposal_id": "visible-line-74", "tile_id": "174-cheongyang-labels", "sheet_id": "174-cheongyang", "split": "development", "proposal_kind": "visible_linework_review_only", "backend": "grayscale_ridge_v1_skeleton_v1", "pixel_length": 23.314, "point_count": 6, "confidence": 0.7262, "review_status": "unreviewed"}, "geometry": {"type": "LineString", "coordinates": [[126.7871767913248, 36.449426979462174], [126.78727123346474, 36.44938860260414], [126.78731845453471, 36.44927347203003], [126.78746011774462, 36.44915834145592], [126.78788510737436, 36.44911996459788], [126.78802677058428, 36.449043210881804]]}}, {"type": "Feature", "properties": {"proposal_id": "visible-line-75", "tile_id": "174-cheongyang-labels", "sheet_id": "174-cheongyang", "split": "development", "proposal_kind": "visible_linework_review_only", "backend": "grayscale_ridge_v1_skeleton_v1", "pixel_length": 22.071, "point_count": 4, "confidence": 0.7055, "review_status": "unreviewed"}, "geometry": {"type": "LineString", "coordinates": [[126.78769622309447, 36.459251455119656], [126.78783788630439, 36.45917470140358], [126.78793232844434, 36.459251455119656], [126.78788510737436, 36.45982710799021]]}}, {"type": "Feature", "properties": {"proposal_id": "visible-line-76", "tile_id": "174-cheongyang-labels", "sheet_id": "174-cheongyang", "split": "development", "proposal_kind": "visible_linework_review_only", "backend": "grayscale_ridge_v1_skeleton_v1", "pixel_length": 53.184, "point_count": 2, "confidence": 0.7216, "review_status": "unreviewed"}, "geometry": {"type": "LineString", "coordinates": [[126.78769622309447, 36.43227252391963], [126.7889711919837, 36.43388435195718]]}}, {"type": "Feature", "properties": {"proposal_id": "visible-line-77", "tile_id": "174-cheongyang-labels", "sheet_id": "174-cheongyang", "split": "development", "proposal_kind": "visible_linework_review_only", "backend": "grayscale_ridge_v1_skeleton_v1", "pixel_length": 28.243, "point_count": 4, "confidence": 0.6972, "review_status": "unreviewed"}, "geometry": {"type": "LineString", "coordinates": [[126.78774344416445, 36.443900711904845], [126.78779066523443, 36.44393908876288], [126.78779066523443, 36.44474500278166], [126.78802677058428, 36.44482175649773]]}}, {"type": "Feature", "properties": {"proposal_id": "visible-line-78", "tile_id": "174-cheongyang-labels", "sheet_id": "174-cheongyang", "split": "development", "proposal_kind": "visible_linework_review_only", "backend": "grayscale_ridge_v1_skeleton_v1", "pixel_length": 22.971, "point_count": 6, "confidence": 0.6237, "review_status": "unreviewed"}, "geometry": {"type": "LineString", "coordinates": [[126.78788510737436, 36.42421338373185], [126.78802677058428, 36.42413663001578], [126.78821565486416, 36.424290137447926], [126.78826287593414, 36.42444364488007], [126.7881684337942, 36.42452039859615], [126.7879795495143, 36.424366891164]]}}, {"type": "Feature", "properties": {"proposal_id": "visible-line-79", "tile_id": "174-cheongyang-labels", "sheet_id": "174-cheongyang", "split": "development", "proposal_kind": "visible_linework_review_only", "backend": "grayscale_ridge_v1_skeleton_v1", "pixel_length": 28.657, "point_count": 5, "confidence": 0.7536, "review_status": "unreviewed"}, "geometry": {"type": "LineString", "coordinates": [[126.78793232844434, 36.43726151546444], [126.78793232844434, 36.43703125431622], [126.7879795495143, 36.43699287745818], [126.78793232844434, 36.43634047087155], [126.78802677058428, 36.43622534029744]]}}, {"type": "Feature", "properties": {"proposal_id": "visible-line-80", "tile_id": "174-cheongyang-labels", "sheet_id": "174-cheongyang", "split": "development", "proposal_kind": "visible_linework_review_only", "backend": "grayscale_ridge_v1_skeleton_v1", "pixel_length": 46.284, "point_count": 6, "confidence": 0.7833, "review_status": "unreviewed"}, "geometry": {"type": "LineString", "coordinates": [[126.78793232844434, 36.43726151546444], [126.78802677058428, 36.43741502289659], [126.78835731807408, 36.437722037760885], [126.78831009700411, 36.43818256005733], [126.78840453914405, 36.43833606748947], [126.78882952877379, 36.43868145921181]]}}, {"type": "Feature", "properties": {"proposal_id": "visible-line-81", "tile_id": "174-cheongyang-labels", "sheet_id": "174-cheongyang", "split": "development", "proposal_kind": "visible_linework_review_only", "backend": "grayscale_ridge_v1_skeleton_v1", "pixel_length": 114.054, "point_count": 6, "confidence": 0.7448, "review_status": "unreviewed"}, "geometry": {"type": "LineString", "coordinates": [[126.78802677058428, 36.43622534029744], [126.78878230770383, 36.43680099316799], [126.78977395017323, 36.43726151546444], [126.79109614013242, 36.43764528404481], [126.79175723511203, 36.43776041461892], [126.79251277223158, 36.437990675767146]]}}, {"type": "Feature", "properties": {"proposal_id": "visible-line-82", "tile_id": "174-cheongyang-labels", "sheet_id": "174-cheongyang", "split": "development", "proposal_kind": "visible_linework_review_only", "backend": "grayscale_ridge_v1_skeleton_v1", "pixel_length": 30.314, "point_count": 3, "confidence": 0.6843, "review_status": "unreviewed"}, "geometry": {"type": "LineString", "coordinates": [[126.78807399165424, 36.447968658856766], [126.78892397091374, 36.448045412572846], [126.78934896054348, 36.448275673721064]]}}, {"type": "Feature", "properties": {"proposal_id": "visible-line-83", "tile_id": "174-cheongyang-labels", "sheet_id": "174-cheongyang", "split": "development", "proposal_kind": "visible_linework_review_only", "backend": "grayscale_ridge_v1_skeleton_v1", "pixel_length": 36.556, "point_count": 4, "confidence": 0.7001, "review_status": "unreviewed"}, "geometry": {"type": "LineString", "coordinates": [[126.78812121272422, 36.44900483402377], [126.78854620235397, 36.44900483402377], [126.78906563412365, 36.44888970344966], [126.78953784482337, 36.44850593486929]]}}, {"type": "Feature", "properties": {"proposal_id": "visible-line-84", "tile_id": "174-cheongyang-labels", "sheet_id": "174-cheongyang", "split": "development", "proposal_kind": "visible_linework_review_only", "backend": "grayscale_ridge_v1_skeleton_v1", "pixel_length": 27.456, "point_count": 2, "confidence": 0.8177, "review_status": "unreviewed"}, "geometry": {"type": "LineString", "coordinates": [[126.7881684337942, 36.44037004096544], [126.78906563412365, 36.439640880662736]]}}, {"type": "Feature", "properties": {"proposal_id": "visible-line-85", "tile_id": "174-cheongyang-labels", "sheet_id": "174-cheongyang", "split": "development", "proposal_kind": "visible_linework_review_only", "backend": "grayscale_ridge_v1_skeleton_v1", "pixel_length": 26.728, "point_count": 9, "confidence": 0.718, "review_status": "unreviewed"}, "geometry": {"type": "LineString", "coordinates": [[126.78821565486416, 36.45725585850173], [126.78826287593414, 36.45721748164369], [126.788498981284, 36.45721748164369], [126.78854620235397, 36.45725585850173], [126.78868786556387, 36.457140727927616], [126.78868786556387, 36.456948843637434], [126.78873508663385, 36.4569104667794], [126.78887674984377, 36.4569104667794], [126.78901841305368, 36.45706397421154]]}}, {"type": "Feature", "properties": {"proposal_id": "visible-line-86", "tile_id": "174-cheongyang-labels", "sheet_id": "174-cheongyang", "split": "development", "proposal_kind": "visible_linework_review_only", "backend": "grayscale_ridge_v1_skeleton_v1", "pixel_length": 70.497, "point_count": 5, "confidence": 0.71, "review_status": "unreviewed"}, "geometry": {"type": "LineString", "coordinates": [[126.78821565486416, 36.435995079149215], [126.78887674984377, 36.43653235516174], [126.78934896054348, 36.43680099316799], [126.79038782408286, 36.437223138606406], [126.79086003478257, 36.437338269180515]]}}, {"type": "Feature", "properties": {"proposal_id": "visible-line-87", "tile_id": "174-cheongyang-labels", "sheet_id": "174-cheongyang", "split": "development", "proposal_kind": "visible_linework_review_only", "backend": "grayscale_ridge_v1_skeleton_v1", "pixel_length": 20.828, "point_count": 4, "confidence": 0.6827, "review_status": "unreviewed"}, "geometry": {"type": "LineString", "coordinates": [[126.78835731807408, 36.45176796780243], [126.78835731807408, 36.45149932979618], [126.78840453914405, 36.45146095293814], [126.78835731807408, 36.45100043064169]]}}, {"type": "Feature", "properties": {"proposal_id": "visible-line-88", "tile_id": "174-cheongyang-labels", "sheet_id": "174-cheongyang", "split": "development", "proposal_kind": "visible_linework_review_only", "backend": "grayscale_ridge_v1_skeleton_v1", "pixel_length": 24.071, "point_count": 4, "confidence": 0.7315, "review_status": "unreviewed"}, "geometry": {"type": "LineString", "coordinates": [[126.78840453914405, 36.45644994448295], [126.78864064449391, 36.45641156762491], [126.78901841305368, 36.456258060192766], [126.78944340268342, 36.456258060192766]]}}, {"type": "Feature", "properties": {"proposal_id": "visible-line-89", "tile_id": "174-cheongyang-labels", "sheet_id": "174-cheongyang", "split": "development", "proposal_kind": "visible_linework_review_only", "backend": "grayscale_ridge_v1_skeleton_v1", "pixel_length": 31.485, "point_count": 6, "confidence": 0.6775, "review_status": "unreviewed"}, "geometry": {"type": "LineString", "coordinates": [[126.78868786556387, 36.44397746562092], [126.78878230770383, 36.443900711904845], [126.78892397091374, 36.44393908876288], [126.78892397091374, 36.44474500278166], [126.78882952877379, 36.44482175649773], [126.78878230770383, 36.444783379639695]]}}, {"type": "Feature", "properties": {"proposal_id": "visible-line-90", "tile_id": "174-cheongyang-labels", "sheet_id": "174-cheongyang", "split": "development", "proposal_kind": "visible_linework_review_only", "backend": "grayscale_ridge_v1_skeleton_v1", "pixel_length": 32.657, "point_count": 6, "confidence": 0.7642, "review_status": "unreviewed"}, "geometry": {"type": "LineString", "coordinates": [[126.78873508663385, 36.459635223700026], [126.78873508663385, 36.459251455119656], [126.78882952877379, 36.45917470140358], [126.78892397091374, 36.45913632454554], [126.78953784482337, 36.45913632454554], [126.78958506589333, 36.45928983197769]]}}, {"type": "Feature", "properties": {"proposal_id": "visible-line-91", "tile_id": "174-cheongyang-labels", "sheet_id": "174-cheongyang", "split": "development", "proposal_kind": "visible_linework_review_only", "backend": "grayscale_ridge_v1_skeleton_v1", "pixel_length": 50.941, "point_count": 7, "confidence": 0.7465, "review_status": "unreviewed"}, "geometry": {"type": "LineString", "coordinates": [[126.7891600762636, 36.439640880662736], [126.78944340268342, 36.439909518669], [126.78977395017323, 36.44056192525562], [126.7899628344531, 36.440715432687774], [126.7902933819429, 36.44083056326188], [126.7904822662228, 36.44098407069403], [126.7904822662228, 36.44106082441011]]}}, {"type": "Feature", "properties": {"proposal_id": "visible-line-92", "tile_id": "174-cheongyang-labels", "sheet_id": "174-cheongyang", "split": "development", "proposal_kind": "visible_linework_review_only", "backend": "grayscale_ridge_v1_skeleton_v1", "pixel_length": 35.456, "point_count": 6, "confidence": 0.7101, "review_status": "unreviewed"}, "geometry": {"type": "LineString", "coordinates": [[126.7894906237534, 36.450194516622915], [126.78953784482337, 36.45023289348095], [126.78977395017323, 36.45015613976488], [126.79034060301288, 36.44973399432647], [126.79024616087294, 36.4496572406104], [126.78986839231317, 36.44973399432647]]}}, {"type": "Feature", "properties": {"proposal_id": "visible-line-93", "tile_id": "174-cheongyang-labels", "sheet_id": "174-cheongyang", "split": "development", "proposal_kind": "visible_linework_review_only", "backend": "grayscale_ridge_v1_skeleton_v1", "pixel_length": 21.657, "point_count": 4, "confidence": 0.7513, "review_status": "unreviewed"}, "geometry": {"type": "LineString", "coordinates": [[126.78963228696331, 36.45188309837655], [126.78977395017323, 36.45169121408636], [126.78977395017323, 36.45119231493188], [126.78972672910325, 36.45111556121581]]}}, {"type": "Feature", "properties": {"proposal_id": "visible-line-94", "tile_id": "174-cheongyang-labels", "sheet_id": "174-cheongyang", "split": "development", "proposal_kind": "visible_linework_review_only", "backend": "grayscale_ridge_v1_skeleton_v1", "pixel_length": 94.799, "point_count": 12, "confidence": 0.7304, "review_status": "unreviewed"}, "geometry": {"type": "LineString", "coordinates": [[126.78963228696331, 36.42417500687382], [126.78967950803327, 36.42413663001578], [126.78963228696331, 36.42394474572559], [126.78967950803327, 36.423906368867556], [126.78972672910325, 36.42359935400326], [126.79001005552308, 36.42306207799074], [126.79005727659305, 36.42271668626841], [126.79010449766302, 36.42267830941037], [126.79010449766302, 36.42114323508889], [126.790151718733, 36.421104858230855], [126.790151718733, 36.42079784336656], [126.79019893980296, 36.42075946650852]]}}, {"type": "Feature", "properties": {"proposal_id": "visible-line-95", "tile_id": "174-cheongyang-labels", "sheet_id": "174-cheongyang", "split": "development", "proposal_kind": "visible_linework_review_only", "backend": "grayscale_ridge_v1_skeleton_v1", "pixel_length": 21.485, "point_count": 4, "confidence": 0.7569, "review_status": "unreviewed"}, "geometry": {"type": "LineString", "coordinates": [[126.78982117124319, 36.44911996459788], [126.7899628344531, 36.44927347203003], [126.790151718733, 36.4493502257461], [126.79067115050267, 36.449311848888065]]}}, {"type": "Feature", "properties": {"proposal_id": "visible-line-96", "tile_id": "174-cheongyang-labels", "sheet_id": "174-cheongyang", "split": "development", "proposal_kind": "visible_linework_review_only", "backend": "grayscale_ridge_v1_skeleton_v1", "pixel_length": 38.627, "point_count": 6, "confidence": 0.7457, "review_status": "unreviewed"}, "geometry": {"type": "LineString", "coordinates": [[126.78986839231317, 36.4424040144414], [126.78986839231317, 36.44213537643514], [126.79019893980296, 36.441789984712806], [126.79034060301288, 36.44155972356459], [126.7904822662228, 36.44144459299048], [126.79081281371259, 36.44132946241636]]}}, {"type": "Feature", "properties": {"proposal_id": "visible-line-97", "tile_id": "174-cheongyang-labels", "sheet_id": "174-cheongyang", "split": "development", "proposal_kind": "visible_linework_review_only", "backend": "grayscale_ridge_v1_skeleton_v1", "pixel_length": 95.983, "point_count": 9, "confidence": 0.704, "review_status": "unreviewed"}, "geometry": {"type": "LineString", "coordinates": [[126.78986839231317, 36.4424040144414], [126.79024616087294, 36.443133174744105], [126.79057670836274, 36.44328668217625], [126.79081281371259, 36.44347856646644], [126.79086003478257, 36.44359369704055], [126.7914739086922, 36.444015842478954], [126.79161557190211, 36.44432285734325], [126.79208778260183, 36.44459149534951], [126.79218222474177, 36.44512877136203]]}}, {"type": "Feature", "properties": {"proposal_id": "visible-line-98", "tile_id": "174-cheongyang-labels", "sheet_id": "174-cheongyang", "split": "development", "proposal_kind": "visible_linework_review_only", "backend": "grayscale_ridge_v1_skeleton_v1", "pixel_length": 22.243, "point_count": 5, "confidence": 0.7323, "review_status": "unreviewed"}, "geometry": {"type": "LineString", "coordinates": [[126.78991561338314, 36.42417500687382], [126.7899628344531, 36.42421338373185], [126.7899628344531, 36.424865790318485], [126.79001005552308, 36.42490416717652], [126.7899628344531, 36.424980920892594]]}}, {"type": "Feature", "properties": {"proposal_id": "visible-line-99", "tile_id": "174-cheongyang-labels", "sheet_id": "174-cheongyang", "split": "development", "proposal_kind": "visible_linework_review_only", "backend": "grayscale_ridge_v1_skeleton_v1", "pixel_length": 25.485, "point_count": 4, "confidence": 0.6956, "review_status": "unreviewed"}, "geometry": {"type": "LineString", "coordinates": [[126.79005727659305, 36.42379123829345], [126.79024616087294, 36.42317720856485], [126.79034060301288, 36.42310045484878], [126.79057670836274, 36.42310045484878]]}}, {"type": "Feature", "properties": {"proposal_id": "visible-line-100", "tile_id": "174-cheongyang-labels", "sheet_id": "174-cheongyang", "split": "development", "proposal_kind": "visible_linework_review_only", "backend": "grayscale_ridge_v1_skeleton_v1", "pixel_length": 21.385, "point_count": 3, "confidence": 0.7227, "review_status": "unreviewed"}, "geometry": {"type": "LineString", "coordinates": [[126.79019893980296, 36.424865790318485], [126.79076559264263, 36.42444364488007], [126.79086003478257, 36.424290137447926]]}}, {"type": "Feature", "properties": {"proposal_id": "visible-line-101", "tile_id": "174-cheongyang-labels", "sheet_id": "174-cheongyang", "split": "development", "proposal_kind": "visible_linework_review_only", "backend": "grayscale_ridge_v1_skeleton_v1", "pixel_length": 24.414, "point_count": 3, "confidence": 0.6558, "review_status": "unreviewed"}, "geometry": {"type": "LineString", "coordinates": [[126.79043504515282, 36.42194914910767], [126.79043504515282, 36.42106648137282], [126.7904822662228, 36.42102810451478]]}}, {"type": "Feature", "properties": {"proposal_id": "visible-line-102", "tile_id": "174-cheongyang-labels", "sheet_id": "174-cheongyang", "split": "development", "proposal_kind": "visible_linework_review_only", "backend": "grayscale_ridge_v1_skeleton_v1", "pixel_length": 19.314, "point_count": 5, "confidence": 0.7031, "review_status": "unreviewed"}, "geometry": {"type": "LineString", "coordinates": [[126.79062392943271, 36.43541942627866], [126.79071837157265, 36.435496179994736], [126.79086003478257, 36.43541942627866], [126.79081281371259, 36.43518916513044], [126.79100169799248, 36.43503565769829]]}}, {"type": "Feature", "properties": {"proposal_id": "visible-line-103", "tile_id": "174-cheongyang-labels", "sheet_id": "174-cheongyang", "split": "development", "proposal_kind": "visible_linework_review_only", "backend": "grayscale_ridge_v1_skeleton_v1", "pixel_length": 18.657, "point_count": 4, "confidence": 0.7218, "review_status": "unreviewed"}, "geometry": {"type": "LineString", "coordinates": [[126.79076559264263, 36.434344874253625], [126.79086003478257, 36.4344216279697], [126.7912850244123, 36.4344216279697], [126.79137946655226, 36.43419136682148]]}}, {"type": "Feature", "properties": {"proposal_id": "visible-line-104", "tile_id": "174-cheongyang-labels", "sheet_id": "174-cheongyang", "split": "development", "proposal_kind": "visible_linework_review_only", "backend": "grayscale_ridge_v1_skeleton_v1", "pixel_length": 27.213, "point_count": 2, "confidence": 0.7602, "review_status": "unreviewed"}, "geometry": {"type": "LineString", "coordinates": [[126.79081281371259, 36.448275673721064], [126.79152112976217, 36.44746975970229]]}}, {"type": "Feature", "properties": {"proposal_id": "visible-line-105", "tile_id": "174-cheongyang-labels", "sheet_id": "174-cheongyang", "split": "development", "proposal_kind": "visible_linework_review_only", "backend": "grayscale_ridge_v1_skeleton_v1", "pixel_length": 117.296, "point_count": 15, "confidence": 0.7548, "review_status": "unreviewed"}, "geometry": {"type": "LineString", "coordinates": [[126.79086003478257, 36.44117595498422], [126.79100169799248, 36.44113757812618], [126.7914739086922, 36.44067705582974], [126.79175723511203, 36.44067705582974], [126.79204056153185, 36.440907316977956], [126.7921350036718, 36.44106082441011], [126.7921350036718, 36.441291085558326], [126.79222944581174, 36.44144459299048], [126.79222944581174, 36.44155972356459], [126.79232388795168, 36.44171323099673], [126.79270165651145, 36.44205862271907], [126.79284331972137, 36.442557521873546], [126.79340997256102, 36.44305642102803], [126.79350441470098, 36.443248305318214], [126.79355163577094, 36.44359369704055]]}}, {"type": "Feature", "properties": {"proposal_id": "visible-line-106", "tile_id": "174-cheongyang-labels", "sheet_id": "174-cheongyang", "split": "development", "proposal_kind": "visible_linework_review_only", "backend": "grayscale_ridge_v1_skeleton_v1", "pixel_length": 19.243, "point_count": 2, "confidence": 0.6966, "review_status": "unreviewed"}, "geometry": {"type": "LineString", "coordinates": [[126.79109614013242, 36.434229743679516], [126.79123780334234, 36.43353896023485]]}}, {"type": "Feature", "properties": {"proposal_id": "visible-line-107", "tile_id": "174-cheongyang-labels", "sheet_id": "174-cheongyang", "split": "development", "proposal_kind": "visible_linework_review_only", "backend": "grayscale_ridge_v1_skeleton_v1", "pixel_length": 61.841, "point_count": 9, "confidence": 0.765, "review_status": "unreviewed"}, "geometry": {"type": "LineString", "coordinates": [[126.79142668762222, 36.449810748042545], [126.79171001404205, 36.450079386048806], [126.79185167725197, 36.45030964719703], [126.79189889832195, 36.45050153148721], [126.7921350036718, 36.45061666206132], [126.79251277223158, 36.45030964719703], [126.79260721437151, 36.45011776290684], [126.79289054079133, 36.44988750175862], [126.79317386721117, 36.44977237118451]]}}, {"type": "Feature", "properties": {"proposal_id": "visible-line-108", "tile_id": "174-cheongyang-labels", "sheet_id": "174-cheongyang", "split": "development", "proposal_kind": "visible_linework_review_only", "backend": "grayscale_ridge_v1_skeleton_v1", "pixel_length": 26.971, "point_count": 4, "confidence": 0.7095, "review_status": "unreviewed"}, "geometry": {"type": "LineString", "coordinates": [[126.79171001404205, 36.45503000073558], [126.79185167725197, 36.45503000073558], [126.79241833009162, 36.455221885025765], [126.79274887758143, 36.455490523032026]]}}, {"type": "Feature", "properties": {"proposal_id": "visible-line-109", "tile_id": "174-cheongyang-labels", "sheet_id": "174-cheongyang", "split": "development", "proposal_kind": "visible_linework_review_only", "backend": "grayscale_ridge_v1_skeleton_v1", "pixel_length": 48.142, "point_count": 7, "confidence": 0.7359, "review_status": "unreviewed"}, "geometry": {"type": "LineString", "coordinates": [[126.79171001404205, 36.44693248368977], [126.79175723511203, 36.446894106831735], [126.79175723511203, 36.44647196139333], [126.79185167725197, 36.44635683081921], [126.79185167725197, 36.44608819281296], [126.79218222474177, 36.4455125399424], [126.79218222474177, 36.44524390193614]]}}, {"type": "Feature", "properties": {"proposal_id": "visible-line-110", "tile_id": "174-cheongyang-labels", "sheet_id": "174-cheongyang", "split": "development", "proposal_kind": "visible_linework_review_only", "backend": "grayscale_ridge_v1_skeleton_v1", "pixel_length": 18.657, "point_count": 5, "confidence": 0.7124, "review_status": "unreviewed"}, "geometry": {"type": "LineString", "coordinates": [[126.79189889832195, 36.433845975099146], [126.7922766668817, 36.43388435195718], [126.79237110902166, 36.43380759824111], [126.79237110902166, 36.43365409080896], [126.79222944581174, 36.43361571395092]]}}, {"type": "Feature", "properties": {"proposal_id": "visible-line-111", "tile_id": "174-cheongyang-labels", "sheet_id": "174-cheongyang", "split": "development", "proposal_kind": "visible_linework_review_only", "backend": "grayscale_ridge_v1_skeleton_v1", "pixel_length": 19.728, "point_count": 4, "confidence": 0.7776, "review_status": "unreviewed"}, "geometry": {"type": "LineString", "coordinates": [[126.79189889832195, 36.432119016487476], [126.79194611939191, 36.431927132197295], [126.79218222474177, 36.431735247907106], [126.7924655511616, 36.431620117333]]}}, {"type": "Feature", "properties": {"proposal_id": "visible-line-112", "tile_id": "174-cheongyang-labels", "sheet_id": "174-cheongyang", "split": "development", "proposal_kind": "visible_linework_review_only", "backend": "grayscale_ridge_v1_skeleton_v1", "pixel_length": 59.042, "point_count": 4, "confidence": 0.7418, "review_status": "unreviewed"}, "geometry": {"type": "LineString", "coordinates": [[126.79204056153185, 36.44743138284425], [126.7941182886106, 36.44800703571481], [126.79425995182051, 36.44808378943088], [126.79425995182051, 36.448275673721064]]}}, {"type": "Feature", "properties": {"proposal_id": "visible-line-113", "tile_id": "174-cheongyang-labels", "sheet_id": "174-cheongyang", "split": "development", "proposal_kind": "visible_linework_review_only", "backend": "grayscale_ridge_v1_skeleton_v1", "pixel_length": 171.296, "point_count": 20, "confidence": 0.7688, "review_status": "unreviewed"}, "geometry": {"type": "LineString", "coordinates": [[126.7921350036718, 36.44723949855407], [126.79241833009162, 36.447277875412105], [126.79255999330154, 36.44735462912818], [126.79274887758143, 36.44735462912818], [126.79284331972137, 36.44743138284425], [126.79421273075054, 36.447776774566584], [126.79435439396046, 36.44785352828266], [126.79454327824034, 36.44785352828266], [126.79586546819954, 36.44823729686303], [126.79600713140945, 36.44823729686303], [126.79624323675931, 36.448352427437136], [126.79662100531908, 36.44839080429518], [126.79671544745904, 36.44846755801125], [126.79714043708877, 36.448544311727325], [126.79728210029869, 36.4486210654434], [126.79822652169811, 36.44885132659162], [126.79836818490803, 36.448928080307695], [126.79850984811794, 36.448928080307695], [126.79884039560774, 36.449043210881804], [126.79926538523749, 36.44911996459788]]}}, {"type": "Feature", "properties": {"proposal_id": "visible-line-114", "tile_id": "174-cheongyang-labels", "sheet_id": "174-cheongyang", "split": "development", "proposal_kind": "visible_linework_review_only", "backend": "grayscale_ridge_v1_skeleton_v1", "pixel_length": 28.485, "point_count": 3, "confidence": 0.715, "review_status": "unreviewed"}, "geometry": {"type": "LineString", "coordinates": [[126.79232388795168, 36.4594049625518], [126.79293776186131, 36.459251455119656], [126.79355163577094, 36.45917470140358]]}}, {"type": "Feature", "properties": {"proposal_id": "visible-line-115", "tile_id": "174-cheongyang-labels", "sheet_id": "174-cheongyang", "split": "development", "proposal_kind": "visible_linework_review_only", "backend": "grayscale_ridge_v1_skeleton_v1", "pixel_length": 176.137, "point_count": 16, "confidence": 0.7603, "review_status": "unreviewed"}, "geometry": {"type": "LineString", "coordinates": [[126.79265443544148, 36.438105806341255], [126.79298498293129, 36.438105806341255], [126.7931266461412, 36.43818256005733], [126.79355163577094, 36.4382593137734], [126.79482660466017, 36.43875821292789], [126.79553492070974, 36.439103604650214], [126.79652656317914, 36.43967925752077], [126.79671544745904, 36.43971763437881], [126.79680988959898, 36.43979438809488], [126.79690433173892, 36.43979438809488], [126.79714043708877, 36.439909518669], [126.79747098457857, 36.44010140295918], [126.79836818490803, 36.44079218640385], [126.79865151132786, 36.44094569383599], [126.79926538523749, 36.44117595498422], [126.7994070484474, 36.44117595498422]]}}, {"type": "Feature", "properties": {"proposal_id": "visible-line-116", "tile_id": "174-cheongyang-labels", "sheet_id": "174-cheongyang", "split": "development", "proposal_kind": "visible_linework_review_only", "backend": "grayscale_ridge_v1_skeleton_v1", "pixel_length": 19.071, "point_count": 5, "confidence": 0.719, "review_status": "unreviewed"}, "geometry": {"type": "LineString", "coordinates": [[126.79289054079133, 36.43353896023485], [126.79289054079133, 36.4333854528027], [126.79303220400125, 36.43323194537055], [126.79303220400125, 36.433078437938406], [126.7932683093511, 36.43300168422233]]}}, {"type": "Feature", "properties": {"proposal_id": "visible-line-117", "tile_id": "174-cheongyang-labels", "sheet_id": "174-cheongyang", "split": "development", "proposal_kind": "visible_linework_review_only", "backend": "grayscale_ridge_v1_skeleton_v1", "pixel_length": 34.071, "point_count": 6, "confidence": 0.7272, "review_status": "unreviewed"}, "geometry": {"type": "LineString", "coordinates": [[126.79340997256102, 36.44416934991111], [126.79340997256102, 36.444015842478954], [126.79350441470098, 36.44393908876288], [126.79369329898086, 36.443900711904845], [126.79459049931032, 36.443900711904845], [126.79468494145026, 36.444015842478954]]}}, {"type": "Feature", "properties": {"proposal_id": "visible-line-118", "tile_id": "174-cheongyang-labels", "sheet_id": "174-cheongyang", "split": "development", "proposal_kind": "visible_linework_review_only", "backend": "grayscale_ridge_v1_skeleton_v1", "pixel_length": 174.213, "point_count": 20, "confidence": 0.7215, "review_status": "unreviewed"}, "geometry": {"type": "LineString", "coordinates": [[126.79364607791088, 36.427475416665], [126.79369329898086, 36.427398662948924], [126.79369329898086, 36.42705327122659], [126.79364607791088, 36.427014894368554], [126.79364607791088, 36.42590196548548], [126.79369329898086, 36.42578683491137], [126.79364607791088, 36.425748458053334], [126.79364607791088, 36.42547982004707], [126.79369329898086, 36.42544144318904], [126.79369329898086, 36.424597152312224], [126.79374052005083, 36.42455877545419], [126.79374052005083, 36.423637730861294], [126.7937877411208, 36.42359935400326], [126.7937877411208, 36.423253962280924], [126.79383496219077, 36.42321558542289], [126.79388218326073, 36.42214103339785], [126.79392940433071, 36.42210265653981], [126.79392940433071, 36.42191077224963], [126.79397662540069, 36.421872395391595], [126.79416550968057, 36.42102810451478]]}}, {"type": "Feature", "properties": {"proposal_id": "visible-line-119", "tile_id": "174-cheongyang-labels", "sheet_id": "174-cheongyang", "split": "development", "proposal_kind": "visible_linework_review_only", "backend": "grayscale_ridge_v1_skeleton_v1", "pixel_length": 48.243, "point_count": 5, "confidence": 0.751, "review_status": "unreviewed"}, "geometry": {"type": "LineString", "coordinates": [[126.79364607791088, 36.427475416665], [126.79369329898086, 36.42751379352303], [126.79369329898086, 36.42908724470255], [126.79374052005083, 36.429125621560594], [126.79369329898086, 36.42927912899274]]}}, {"type": "Feature", "properties": {"proposal_id": "visible-line-120", "tile_id": "174-cheongyang-labels", "sheet_id": "174-cheongyang", "split": "development", "proposal_kind": "visible_linework_review_only", "backend": "grayscale_ridge_v1_skeleton_v1", "pixel_length": 127.071, "point_count": 9, "confidence": 0.7314, "review_status": "unreviewed"}, "geometry": {"type": "LineString", "coordinates": [[126.79369329898086, 36.43426812053755], [126.79369329898086, 36.430468811591886], [126.79374052005083, 36.43043043473385], [126.79374052005083, 36.430276927301705], [126.79369329898086, 36.43023855044366], [126.79369329898086, 36.430085043011516], [126.79374052005083, 36.43004666615348], [126.79369329898086, 36.429509390140964], [126.79374052005083, 36.42947101328292]]}}, {"type": "Feature", "properties": {"proposal_id": "visible-line-121", "tile_id": "174-cheongyang-labels", "sheet_id": "174-cheongyang", "split": "development", "proposal_kind": "visible_linework_review_only", "backend": "grayscale_ridge_v1_skeleton_v1", "pixel_length": 80.385, "point_count": 9, "confidence": 0.7421, "review_status": "unreviewed"}, "geometry": {"type": "LineString", "coordinates": [[126.79369329898086, 36.43426812053755], [126.79374052005083, 36.43430649739559], [126.79374052005083, 36.434728642833996], [126.7937877411208, 36.43476701969203], [126.79374052005083, 36.43538104942063], [126.79383496219077, 36.4354578031367], [126.79388218326073, 36.435611310568845], [126.79392940433071, 36.43641722458762], [126.79421273075054, 36.437146384890326]]}}, {"type": "Feature", "properties": {"proposal_id": "visible-line-122", "tile_id": "174-cheongyang-labels", "sheet_id": "174-cheongyang", "split": "development", "proposal_kind": "visible_linework_review_only", "backend": "grayscale_ridge_v1_skeleton_v1", "pixel_length": 30.385, "point_count": 4, "confidence": 0.7035, "review_status": "unreviewed"}, "geometry": {"type": "LineString", "coordinates": [[126.79374052005083, 36.45257388182121], [126.79430717289048, 36.4527657661114], [126.79459049931032, 36.45299602725962], [126.79468494145026, 36.45326466526588]]}}, {"type": "Feature", "properties": {"proposal_id": "visible-line-123", "tile_id": "174-cheongyang-labels", "sheet_id": "174-cheongyang", "split": "development", "proposal_kind": "visible_linework_review_only", "backend": "grayscale_ridge_v1_skeleton_v1", "pixel_length": 29.728, "point_count": 6, "confidence": 0.7075, "review_status": "unreviewed"}, "geometry": {"type": "LineString", "coordinates": [[126.79383496219077, 36.45180634466047], [126.79383496219077, 36.45149932979618], [126.79397662540069, 36.45123069178992], [126.79416550968057, 36.45107718435777], [126.79435439396046, 36.45100043064169], [126.79449605717038, 36.45100043064169]]}}, {"type": "Feature", "properties": {"proposal_id": "visible-line-124", "tile_id": "174-cheongyang-labels", "sheet_id": "174-cheongyang", "split": "development", "proposal_kind": "visible_linework_review_only", "backend": "grayscale_ridge_v1_skeleton_v1", "pixel_length": 63.243, "point_count": 5, "confidence": 0.7356, "review_status": "unreviewed"}, "geometry": {"type": "LineString", "coordinates": [[126.79392940433071, 36.427014894368554], [126.79397662540069, 36.42705327122659], [126.79397662540069, 36.42916399841863], [126.79402384647065, 36.42920237527667], [126.79397662540069, 36.42939425956685]]}}, {"type": "Feature", "properties": {"proposal_id": "visible-line-125", "tile_id": "174-cheongyang-labels", "sheet_id": "174-cheongyang", "split": "development", "proposal_kind": "visible_linework_review_only", "backend": "grayscale_ridge_v1_skeleton_v1", "pixel_length": 143.799, "point_count": 17, "confidence": 0.7252, "review_status": "unreviewed"}, "geometry": {"type": "LineString", "coordinates": [[126.79392940433071, 36.427014894368554], [126.79397662540069, 36.42697651751052], [126.79397662540069, 36.42647761835604], [126.79392940433071, 36.426439241498], [126.79397662540069, 36.42620898034978], [126.79392940433071, 36.42617060349174], [126.79392940433071, 36.42597871920155], [126.79397662540069, 36.425940342343516], [126.79397662540069, 36.4250960514667], [126.79402384647065, 36.42505767460867], [126.79397662540069, 36.42490416717652], [126.79402384647065, 36.42382961515148], [126.79407106754063, 36.42379123829345], [126.79407106754063, 36.42336909285504], [126.7941182886106, 36.423330715997004], [126.79416550968057, 36.42214103339785], [126.79430717289048, 36.42171888795944]]}}, {"type": "Feature", "properties": {"proposal_id": "visible-line-126", "tile_id": "174-cheongyang-labels", "sheet_id": "174-cheongyang", "split": "development", "proposal_kind": "visible_linework_review_only", "backend": "grayscale_ridge_v1_skeleton_v1", "pixel_length": 102.414, "point_count": 3, "confidence": 0.7354, "review_status": "unreviewed"}, "geometry": {"type": "LineString", "coordinates": [[126.79397662540069, 36.43438325111166], [126.79397662540069, 36.430583942165995], [126.79402384647065, 36.430468811591886]]}}, {"type": "Feature", "properties": {"proposal_id": "visible-line-127", "tile_id": "174-cheongyang-labels", "sheet_id": "174-cheongyang", "split": "development", "proposal_kind": "visible_linework_review_only", "backend": "grayscale_ridge_v1_skeleton_v1", "pixel_length": 116.497, "point_count": 11, "confidence": 0.7614, "review_status": "unreviewed"}, "geometry": {"type": "LineString", "coordinates": [[126.79397662540069, 36.43438325111166], [126.79402384647065, 36.4344216279697], [126.7941182886106, 36.435879948575106], [126.79416550968057, 36.43591832543314], [126.79421273075054, 36.436378847729586], [126.79430717289048, 36.43668586259388], [126.79440161503042, 36.43680099316799], [126.79440161503042, 36.43691612374211], [126.79473216252023, 36.43737664603855], [126.79553492070974, 36.437990675767146], [126.79581824712957, 36.43814418319929]]}}, {"type": "Feature", "properties": {"proposal_id": "visible-line-128", "tile_id": "174-cheongyang-labels", "sheet_id": "174-cheongyang", "split": "development", "proposal_kind": "visible_linework_review_only", "backend": "grayscale_ridge_v1_skeleton_v1", "pixel_length": 19.0, "point_count": 2, "confidence": 0.6359, "review_status": "unreviewed"}, "geometry": {"type": "LineString", "coordinates": [[126.79397662540069, 36.43031530415974], [126.79397662540069, 36.42958614385704]]}}, {"type": "Feature", "properties": {"proposal_id": "visible-line-129", "tile_id": "174-cheongyang-labels", "sheet_id": "174-cheongyang", "split": "development", "proposal_kind": "visible_linework_review_only", "backend": "grayscale_ridge_v1_skeleton_v1", "pixel_length": 100.125, "point_count": 8, "confidence": 0.7549, "review_status": "unreviewed"}, "geometry": {"type": "LineString", "coordinates": [[126.79407106754063, 36.45000263233273], [126.79416550968057, 36.44992587861666], [126.79449605717038, 36.44988750175862], [126.79520437321995, 36.44958048689433], [126.79558214177972, 36.44961886375236], [126.79624323675931, 36.45011776290684], [126.79666822638906, 36.45065503891936], [126.79756542671852, 36.45130744550599]]}}, {"type": "Feature", "properties": {"proposal_id": "visible-line-130", "tile_id": "174-cheongyang-labels", "sheet_id": "174-cheongyang", "split": "development", "proposal_kind": "visible_linework_review_only", "backend": "grayscale_ridge_v1_skeleton_v1", "pixel_length": 24.657, "point_count": 4, "confidence": 0.7441, "review_status": "unreviewed"}, "geometry": {"type": "LineString", "coordinates": [[126.79430717289048, 36.42164213424337], [126.79435439396046, 36.42133511937907], [126.79449605717038, 36.4209513507987], [126.79449605717038, 36.42075946650852]]}}, {"type": "Feature", "properties": {"proposal_id": "visible-line-131", "tile_id": "174-cheongyang-labels", "sheet_id": "174-cheongyang", "split": "development", "proposal_kind": "visible_linework_review_only", "backend": "grayscale_ridge_v1_skeleton_v1", "pixel_length": 24.556, "point_count": 6, "confidence": 0.6637, "review_status": "unreviewed"}, "geometry": {"type": "LineString", "coordinates": [[126.7944488361004, 36.44152134670655], [126.79454327824034, 36.441406216132435], [126.79487382573014, 36.441214331842254], [126.79501548894005, 36.441214331842254], [126.79525159428991, 36.4413678392744], [126.79525159428991, 36.44144459299048]]}}, {"type": "Feature", "properties": {"proposal_id": "visible-line-132", "tile_id": "174-cheongyang-labels", "sheet_id": "174-cheongyang", "split": "development", "proposal_kind": "visible_linework_review_only", "backend": "grayscale_ridge_v1_skeleton_v1", "pixel_length": 59.497, "point_count": 6, "confidence": 0.7756, "review_status": "unreviewed"}, "geometry": {"type": "LineString", "coordinates": [[126.7944488361004, 36.437530153470696], [126.79459049931032, 36.437530153470696], [126.79506271001003, 36.4379522989091], [126.7957710260596, 36.43845119806359], [126.79629045782929, 36.438873343501996], [126.79633767889926, 36.43906522779218]]}}, {"type": "Feature", "properties": {"proposal_id": "visible-line-133", "tile_id": "174-cheongyang-labels", "sheet_id": "174-cheongyang", "split": "development", "proposal_kind": "visible_linework_review_only", "backend": "grayscale_ridge_v1_skeleton_v1", "pixel_length": 114.255, "point_count": 12, "confidence": 0.7909, "review_status": "unreviewed"}, "geometry": {"type": "LineString", "coordinates": [[126.79449605717038, 36.44839080429518], [126.79459049931032, 36.44819892000499], [126.79492104680011, 36.44819892000499], [126.7957710260596, 36.448429181153216], [126.79591268926951, 36.44850593486929], [126.79624323675931, 36.448544311727325], [126.79647934210917, 36.448659442301434], [126.79699877387885, 36.44877457287555], [126.79714043708877, 36.44885132659162], [126.79756542671852, 36.448928080307695], [126.79770708992844, 36.44900483402377], [126.79912372202757, 36.4493502257461]]}}, {"type": "Feature", "properties": {"proposal_id": "visible-line-134", "tile_id": "174-cheongyang-labels", "sheet_id": "174-cheongyang", "split": "development", "proposal_kind": "visible_linework_review_only", "backend": "grayscale_ridge_v1_skeleton_v1", "pixel_length": 20.728, "point_count": 5, "confidence": 0.7684, "review_status": "unreviewed"}, "geometry": {"type": "LineString", "coordinates": [[126.79454327824034, 36.44202024586103], [126.7947793835902, 36.44190511528692], [126.79492104680011, 36.44190511528692], [126.79515715214997, 36.4420969995771], [126.79529881535989, 36.44202024586103]]}}, {"type": "Feature", "properties": {"proposal_id": "visible-line-135", "tile_id": "174-cheongyang-labels", "sheet_id": "174-cheongyang", "split": "development", "proposal_kind": "visible_linework_review_only", "backend": "grayscale_ridge_v1_skeleton_v1", "pixel_length": 22.728, "point_count": 3, "confidence": 0.7755, "review_status": "unreviewed"}, "geometry": {"type": "LineString", "coordinates": [[126.79473216252023, 36.428434838115926], [126.79482660466017, 36.428051069535556], [126.79520437321995, 36.42774405467126]]}}, {"type": "Feature", "properties": {"proposal_id": "visible-line-136", "tile_id": "174-cheongyang-labels", "sheet_id": "174-cheongyang", "split": "development", "proposal_kind": "visible_linework_review_only", "backend": "grayscale_ridge_v1_skeleton_v1", "pixel_length": 46.213, "point_count": 7, "confidence": 0.7156, "review_status": "unreviewed"}, "geometry": {"type": "LineString", "coordinates": [[126.79482660466017, 36.430583942165995], [126.79487382573014, 36.43043043473385], [126.79515715214997, 36.430276927301705], [126.79539325749982, 36.430276927301705], [126.79591268926951, 36.43050718844992], [126.79605435247943, 36.43062231902403], [126.79657378424912, 36.430660695882075]]}}, {"type": "Feature", "properties": {"proposal_id": "visible-line-137", "tile_id": "174-cheongyang-labels", "sheet_id": "174-cheongyang", "split": "development", "proposal_kind": "visible_linework_review_only", "backend": "grayscale_ridge_v1_skeleton_v1", "pixel_length": 23.142, "point_count": 4, "confidence": 0.7112, "review_status": "unreviewed"}, "geometry": {"type": "LineString", "coordinates": [[126.79482660466017, 36.430583942165995], [126.79501548894005, 36.4310060876044], [126.79515715214997, 36.431044464462445], [126.79539325749982, 36.43123634875263]]}}, {"type": "Feature", "properties": {"proposal_id": "visible-line-138", "tile_id": "174-cheongyang-labels", "sheet_id": "174-cheongyang", "split": "development", "proposal_kind": "visible_linework_review_only", "backend": "grayscale_ridge_v1_skeleton_v1", "pixel_length": 62.698, "point_count": 10, "confidence": 0.7775, "review_status": "unreviewed"}, "geometry": {"type": "LineString", "coordinates": [[126.79492104680011, 36.42920237527667], [126.79492104680011, 36.42901049098648], [126.79501548894005, 36.42885698355433], [126.79520437321995, 36.42870347612218], [126.79520437321995, 36.428511591832], [126.79510993108, 36.42839646125789], [126.79510993108, 36.42824295382574], [126.79534603642986, 36.428051069535556], [126.79562936284968, 36.428051069535556], [126.79647934210917, 36.428358084399854]]}}, {"type": "Feature", "properties": {"proposal_id": "visible-line-139", "tile_id": "174-cheongyang-labels", "sheet_id": "174-cheongyang", "split": "development", "proposal_kind": "visible_linework_review_only", "backend": "grayscale_ridge_v1_skeleton_v1", "pixel_length": 68.598, "point_count": 8, "confidence": 0.7261, "review_status": "unreviewed"}, "geometry": {"type": "LineString", "coordinates": [[126.79492104680011, 36.42920237527667], [126.79506271001003, 36.42935588270881], [126.79595991033949, 36.42962452071507], [126.79633767889926, 36.429893158721335], [126.796762668529, 36.430085043011516], [126.79714043708877, 36.43016179672759], [126.79747098457857, 36.430085043011516], [126.79756542671852, 36.43016179672759]]}}, {"type": "Feature", "properties": {"proposal_id": "visible-line-140", "tile_id": "174-cheongyang-labels", "sheet_id": "174-cheongyang", "split": "development", "proposal_kind": "visible_linework_review_only", "backend": "grayscale_ridge_v1_skeleton_v1", "pixel_length": 145.681, "point_count": 19, "confidence": 0.7674, "review_status": "unreviewed"}, "geometry": {"type": "LineString", "coordinates": [[126.79501548894005, 36.44608819281296], [126.79520437321995, 36.44620332338707], [126.79529881535989, 36.44620332338707], [126.79539325749982, 36.44628007710314], [126.79581824712957, 36.446433584535285], [126.79600713140945, 36.44658709196744], [126.79600713140945, 36.44677897625762], [126.79586546819954, 36.44693248368977], [126.79581824712957, 36.44708599112192], [126.79614879461937, 36.447393005986214], [126.79633767889926, 36.44746975970229], [126.79709321601881, 36.44762326713444], [126.79761264778848, 36.448045412572846], [126.7979431952783, 36.448160543146955], [126.79813207955817, 36.4483140505791], [126.79836818490803, 36.4486210654434], [126.7987459534678, 36.44877457287555], [126.79935982737743, 36.44885132659162], [126.79959593272729, 36.449043210881804]]}}, {"type": "Feature", "properties": {"proposal_id": "visible-line-141", "tile_id": "174-cheongyang-labels", "sheet_id": "174-cheongyang", "split": "development", "proposal_kind": "visible_linework_review_only", "backend": "grayscale_ridge_v1_skeleton_v1", "pixel_length": 29.385, "point_count": 5, "confidence": 0.6963, "review_status": "unreviewed"}, "geometry": {"type": "LineString", "coordinates": [[126.79515715214997, 36.45353330327214], [126.79529881535989, 36.45364843384625], [126.7957710260596, 36.453840318136436], [126.79600713140945, 36.45387869499447], [126.79629045782929, 36.45403220242662]]}}, {"type": "Feature", "properties": {"proposal_id": "visible-line-142", "tile_id": "174-cheongyang-labels", "sheet_id": "174-cheongyang", "split": "development", "proposal_kind": "visible_linework_review_only", "backend": "grayscale_ridge_v1_skeleton_v1", "pixel_length": 19.556, "point_count": 3, "confidence": 0.8091, "review_status": "unreviewed"}, "geometry": {"type": "LineString", "coordinates": [[126.79520437321995, 36.45199822895066], [126.79562936284968, 36.452420374389064], [126.79581824712957, 36.452497128105136]]}}, {"type": "Feature", "properties": {"proposal_id": "visible-line-143", "tile_id": "174-cheongyang-labels", "sheet_id": "174-cheongyang", "split": "development", "proposal_kind": "visible_linework_review_only", "backend": "grayscale_ridge_v1_skeleton_v1", "pixel_length": 21.728, "point_count": 4, "confidence": 0.7148, "review_status": "unreviewed"}, "geometry": {"type": "LineString", "coordinates": [[126.79534603642986, 36.45295765040158], [126.79539325749982, 36.453072780975695], [126.79562936284968, 36.45330304212391], [126.79605435247943, 36.45341817269803]]}}, {"type": "Feature", "properties": {"proposal_id": "visible-line-144", "tile_id": "174-cheongyang-labels", "sheet_id": "174-cheongyang", "split": "development", "proposal_kind": "visible_linework_review_only", "backend": "grayscale_ridge_v1_skeleton_v1", "pixel_length": 20.485, "point_count": 6, "confidence": 0.7311, "review_status": "unreviewed"}, "geometry": {"type": "LineString", "coordinates": [[126.79548769963976, 36.43146660990085], [126.79553492070974, 36.43150498675889], [126.79553492070974, 36.43177362476514], [126.79558214177972, 36.43185037848122], [126.79567658391966, 36.431927132197295], [126.79595991033949, 36.43200388591337]]}}, {"type": "Feature", "properties": {"proposal_id": "visible-line-145", "tile_id": "174-cheongyang-labels", "sheet_id": "174-cheongyang", "split": "development", "proposal_kind": "visible_linework_review_only", "backend": "grayscale_ridge_v1_skeleton_v1", "pixel_length": 49.87, "point_count": 9, "confidence": 0.7477, "review_status": "unreviewed"}, "geometry": {"type": "LineString", "coordinates": [[126.79553492070974, 36.43737664603855], [126.79567658391966, 36.43726151546444], [126.79605435247943, 36.43749177661266], [126.79624323675931, 36.437530153470696], [126.79657378424912, 36.43776041461892], [126.79657378424912, 36.438105806341255], [126.79652656317914, 36.43814418319929], [126.79624323675931, 36.43814418319929], [126.79610157354941, 36.4382593137734]]}}, {"type": "Feature", "properties": {"proposal_id": "visible-line-146", "tile_id": "174-cheongyang-labels", "sheet_id": "174-cheongyang", "split": "development", "proposal_kind": "visible_linework_review_only", "backend": "grayscale_ridge_v1_skeleton_v1", "pixel_length": 29.485, "point_count": 4, "confidence": 0.6863, "review_status": "unreviewed"}, "geometry": {"type": "LineString", "coordinates": [[126.79558214177972, 36.45844554110088], [126.79572380498963, 36.4583687873848], [126.79619601568935, 36.45825365681069], [126.79685711066894, 36.458215279952654]]}}, {"type": "Feature", "properties": {"proposal_id": "visible-line-147", "tile_id": "174-cheongyang-labels", "sheet_id": "174-cheongyang", "split": "development", "proposal_kind": "visible_linework_review_only", "backend": "grayscale_ridge_v1_skeleton_v1", "pixel_length": 18.314, "point_count": 4, "confidence": 0.7314, "review_status": "unreviewed"}, "geometry": {"type": "LineString", "coordinates": [[126.79562936284968, 36.4288186066963], [126.7957710260596, 36.429125621560594], [126.79595991033949, 36.42927912899274], [126.79610157354941, 36.429317505850776]]}}, {"type": "Feature", "properties": {"proposal_id": "visible-line-148", "tile_id": "174-cheongyang-labels", "sheet_id": "174-cheongyang", "split": "development", "proposal_kind": "visible_linework_review_only", "backend": "grayscale_ridge_v1_skeleton_v1", "pixel_length": 22.728, "point_count": 7, "confidence": 0.7514, "review_status": "unreviewed"}, "geometry": {"type": "LineString", "coordinates": [[126.79562936284968, 36.427014894368554], [126.79567658391966, 36.42705327122659], [126.79595991033949, 36.42705327122659], [126.79605435247943, 36.42713002494266], [126.79614879461937, 36.42713002494266], [126.79633767889926, 36.427283532374815], [126.79619601568935, 36.427398662948924]]}}, {"type": "Feature", "properties": {"proposal_id": "visible-line-149", "tile_id": "174-cheongyang-labels", "sheet_id": "174-cheongyang", "split": "development", "proposal_kind": "visible_linework_review_only", "backend": "grayscale_ridge_v1_skeleton_v1", "pixel_length": 21.971, "point_count": 4, "confidence": 0.7436, "review_status": "unreviewed"}, "geometry": {"type": "LineString", "coordinates": [[126.79567658391966, 36.43749177661266], [126.79605435247943, 36.43791392205107], [126.79600713140945, 36.43802905262518], [126.79586546819954, 36.43814418319929]]}}, {"type": "Feature", "properties": {"proposal_id": "visible-line-150", "tile_id": "174-cheongyang-labels", "sheet_id": "174-cheongyang", "split": "development", "proposal_kind": "visible_linework_review_only", "backend": "grayscale_ridge_v1_skeleton_v1", "pixel_length": 22.971, "point_count": 3, "confidence": 0.7131, "review_status": "unreviewed"}, "geometry": {"type": "LineString", "coordinates": [[126.79581824712957, 36.45188309837655], [126.79605435247943, 36.45219011324084], [126.79652656317914, 36.4524587512471]]}}, {"type": "Feature", "properties": {"proposal_id": "visible-line-151", "tile_id": "174-cheongyang-labels", "sheet_id": "174-cheongyang", "split": "development", "proposal_kind": "visible_linework_review_only", "backend": "grayscale_ridge_v1_skeleton_v1", "pixel_length": 40.284, "point_count": 6, "confidence": 0.7368, "review_status": "unreviewed"}, "geometry": {"type": "LineString", "coordinates": [[126.79605435247943, 36.43829769063144], [126.79610157354941, 36.43841282120555], [126.7964321210392, 36.43864308235377], [126.79662100531908, 36.43895009721807], [126.79699877387885, 36.4392954889404], [126.79695155280889, 36.439487373230584]]}}, {"type": "Feature", "properties": {"proposal_id": "visible-line-152", "tile_id": "174-cheongyang-labels", "sheet_id": "174-cheongyang", "split": "development", "proposal_kind": "visible_linework_review_only", "backend": "grayscale_ridge_v1_skeleton_v1", "pixel_length": 30.142, "point_count": 5, "confidence": 0.7479, "review_status": "unreviewed"}, "geometry": {"type": "LineString", "coordinates": [[126.79605435247943, 36.43200388591337], [126.79685711066894, 36.43169687104907], [126.79704599494883, 36.43165849419103], [126.79723487922871, 36.43165849419103], [126.79728210029869, 36.43169687104907]]}}, {"type": "Feature", "properties": {"proposal_id": "visible-line-153", "tile_id": "174-cheongyang-labels", "sheet_id": "174-cheongyang", "split": "development", "proposal_kind": "visible_linework_review_only", "backend": "grayscale_ridge_v1_skeleton_v1", "pixel_length": 26.485, "point_count": 7, "confidence": 0.6836, "review_status": "unreviewed"}, "geometry": {"type": "LineString", "coordinates": [[126.79605435247943, 36.427667300955186], [126.7964321210392, 36.42770567781322], [126.79647934210917, 36.42774405467126], [126.79647934210917, 36.42801269267752], [126.7964321210392, 36.428051069535556], [126.79629045782929, 36.428051069535556], [126.79614879461937, 36.427897562103404]]}}, {"type": "Feature", "properties": {"proposal_id": "visible-line-154", "tile_id": "174-cheongyang-labels", "sheet_id": "174-cheongyang", "split": "development", "proposal_kind": "visible_linework_review_only", "backend": "grayscale_ridge_v1_skeleton_v1", "pixel_length": 42.627, "point_count": 5, "confidence": 0.7339, "review_status": "unreviewed"}, "geometry": {"type": "LineString", "coordinates": [[126.79610157354941, 36.43327032222859], [126.79610157354941, 36.43300168422233], [126.79647934210917, 36.43254116192588], [126.796762668529, 36.43238765449374], [126.79728210029869, 36.43223414706159]]}}, {"type": "Feature", "properties": {"proposal_id": "visible-line-155", "tile_id": "174-cheongyang-labels", "sheet_id": "174-cheongyang", "split": "development", "proposal_kind": "visible_linework_review_only", "backend": "grayscale_ridge_v1_skeleton_v1", "pixel_length": 36.728, "point_count": 6, "confidence": 0.7493, "review_status": "unreviewed"}, "geometry": {"type": "LineString", "coordinates": [[126.79619601568935, 36.45710235106958], [126.79624323675931, 36.45721748164369], [126.7964321210392, 36.457332612217805], [126.79671544745904, 36.457332612217805], [126.79690433173892, 36.45725585850173], [126.79765986885846, 36.457140727927616]]}}, {"type": "Feature", "properties": {"proposal_id": "visible-line-156", "tile_id": "174-cheongyang-labels", "sheet_id": "174-cheongyang", "split": "development", "proposal_kind": "visible_linework_review_only", "backend": "grayscale_ridge_v1_skeleton_v1", "pixel_length": 63.426, "point_count": 4, "confidence": 0.7505, "review_status": "unreviewed"}, "geometry": {"type": "LineString", "coordinates": [[126.79619601568935, 36.45710235106958], [126.79638489996923, 36.456756959347246], [126.796762668529, 36.45644994448295], [126.79836818490803, 36.45575916103829]]}}, {"type": "Feature", "properties": {"proposal_id": "visible-line-157", "tile_id": "174-cheongyang-labels", "sheet_id": "174-cheongyang", "split": "development", "proposal_kind": "visible_linework_review_only", "backend": "grayscale_ridge_v1_skeleton_v1", "pixel_length": 19.657, "point_count": 4, "confidence": 0.7589, "review_status": "unreviewed"}, "geometry": {"type": "LineString", "coordinates": [[126.79633767889926, 36.425556573763146], [126.79638489996923, 36.42559495062118], [126.79638489996923, 36.425940342343516], [126.79652656317914, 36.426247357207814]]}}, {"type": "Feature", "properties": {"proposal_id": "visible-line-158", "tile_id": "174-cheongyang-labels", "sheet_id": "174-cheongyang", "split": "development", "proposal_kind": "visible_linework_review_only", "backend": "grayscale_ridge_v1_skeleton_v1", "pixel_length": 25.556, "point_count": 7, "confidence": 0.7611, "review_status": "unreviewed"}, "geometry": {"type": "LineString", "coordinates": [[126.79633767889926, 36.425556573763146], [126.79647934210917, 36.425403066331], [126.79647934210917, 36.42532631261493], [126.79671544745904, 36.42513442832474], [126.79690433173892, 36.42505767460867], [126.79714043708877, 36.42505767460867], [126.79718765815875, 36.42501929775063]]}}, {"type": "Feature", "properties": {"proposal_id": "visible-line-159", "tile_id": "174-cheongyang-labels", "sheet_id": "174-cheongyang", "split": "development", "proposal_kind": "visible_linework_review_only", "backend": "grayscale_ridge_v1_skeleton_v1", "pixel_length": 29.87, "point_count": 3, "confidence": 0.7124, "review_status": "unreviewed"}, "geometry": {"type": "LineString", "coordinates": [[126.79638489996923, 36.424597152312224], [126.79662100531908, 36.424482021738115], [126.7974237635086, 36.42386799200952]]}}, {"type": "Feature", "properties": {"proposal_id": "visible-line-160", "tile_id": "174-cheongyang-labels", "sheet_id": "174-cheongyang", "split": "development", "proposal_kind": "visible_linework_review_only", "backend": "grayscale_ridge_v1_skeleton_v1", "pixel_length": 22.142, "point_count": 3, "confidence": 0.7472, "review_status": "unreviewed"}, "geometry": {"type": "LineString", "coordinates": [[126.79647934210917, 36.439909518669], [126.79657378424912, 36.44021653353329], [126.79695155280889, 36.44060030211366]]}}, {"type": "Feature", "properties": {"proposal_id": "visible-line-161", "tile_id": "174-cheongyang-labels", "sheet_id": "174-cheongyang", "split": "development", "proposal_kind": "visible_linework_review_only", "backend": "grayscale_ridge_v1_skeleton_v1", "pixel_length": 70.527, "point_count": 8, "confidence": 0.7455, "review_status": "unreviewed"}, "geometry": {"type": "LineString", "coordinates": [[126.79652656317914, 36.43526591884652], [126.79666822638906, 36.435496179994736], [126.79704599494883, 36.435611310568845], [126.79723487922871, 36.435611310568845], [126.79728210029869, 36.43564968742688], [126.7980848584882, 36.43564968742688], [126.79850984811794, 36.435764818001], [126.79912372202757, 36.436378847729586]]}}, {"type": "Feature", "properties": {"proposal_id": "visible-line-162", "tile_id": "174-cheongyang-labels", "sheet_id": "174-cheongyang", "split": "development", "proposal_kind": "visible_linework_review_only", "backend": "grayscale_ridge_v1_skeleton_v1", "pixel_length": 56.527, "point_count": 7, "confidence": 0.7586, "review_status": "unreviewed"}, "geometry": {"type": "LineString", "coordinates": [[126.79652656317914, 36.43526591884652], [126.79685711066894, 36.43488215026615], [126.79765986885846, 36.43449838168578], [126.79813207955817, 36.434460004827734], [126.79836818490803, 36.434536758543814], [126.79850984811794, 36.43465188911792], [126.79850984811794, 36.434728642833996]]}}, {"type": "Feature", "properties": {"proposal_id": "visible-line-163", "tile_id": "174-cheongyang-labels", "sheet_id": "174-cheongyang", "split": "development", "proposal_kind": "visible_linework_review_only", "backend": "grayscale_ridge_v1_skeleton_v1", "pixel_length": 27.142, "point_count": 6, "confidence": 0.6835, "review_status": "unreviewed"}, "geometry": {"type": "LineString", "coordinates": [[126.79662100531908, 36.430468811591886], [126.79671544745904, 36.430583942165995], [126.79714043708877, 36.43043043473385], [126.79737654243863, 36.43043043473385], [126.79751820564854, 36.43031530415974], [126.79756542671852, 36.430200173585625]]}}, {"type": "Feature", "properties": {"proposal_id": "visible-line-164", "tile_id": "174-cheongyang-labels", "sheet_id": "174-cheongyang", "split": "development", "proposal_kind": "visible_linework_review_only", "backend": "grayscale_ridge_v1_skeleton_v1", "pixel_length": 45.426, "point_count": 3, "confidence": 0.7708, "review_status": "unreviewed"}, "geometry": {"type": "LineString", "coordinates": [[126.796762668529, 36.44002464924311], [126.79685711066894, 36.44017815667525], [126.79822652169811, 36.44125270870029]]}}, {"type": "Feature", "properties": {"proposal_id": "visible-line-165", "tile_id": "174-cheongyang-labels", "sheet_id": "174-cheongyang", "split": "development", "proposal_kind": "visible_linework_review_only", "backend": "grayscale_ridge_v1_skeleton_v1", "pixel_length": 19.243, "point_count": 3, "confidence": 0.7478, "review_status": "unreviewed"}, "geometry": {"type": "LineString", "coordinates": [[126.79690433173892, 36.42678463322033], [126.79690433173892, 36.42628573406585], [126.79704599494883, 36.42609384977567]]}}, {"type": "Feature", "properties": {"proposal_id": "visible-line-166", "tile_id": "174-cheongyang-labels", "sheet_id": "174-cheongyang", "split": "development", "proposal_kind": "visible_linework_review_only", "backend": "grayscale_ridge_v1_skeleton_v1", "pixel_length": 27.071, "point_count": 5, "confidence": 0.7658, "review_status": "unreviewed"}, "geometry": {"type": "LineString", "coordinates": [[126.79695155280889, 36.4594049625518], [126.79704599494883, 36.45882930968125], [126.79714043708877, 36.45863742539106], [126.79714043708877, 36.458483917958915], [126.79709321601881, 36.45844554110088]]}}, {"type": "Feature", "properties": {"proposal_id": "visible-line-167", "tile_id": "174-cheongyang-labels", "sheet_id": "174-cheongyang", "split": "development", "proposal_kind": "visible_linework_review_only", "backend": "grayscale_ridge_v1_skeleton_v1", "pixel_length": 36.456, "point_count": 5, "confidence": 0.6978, "review_status": "unreviewed"}, "geometry": {"type": "LineString", "coordinates": [[126.79699877387885, 36.458215279952654], [126.79718765815875, 36.458100149378545], [126.79728210029869, 36.45786988823032], [126.79751820564854, 36.45767800394014], [126.79789597420832, 36.457140727927616]]}}, {"type": "Feature", "properties": {"proposal_id": "visible-line-168", "tile_id": "174-cheongyang-labels", "sheet_id": "174-cheongyang", "split": "development", "proposal_kind": "visible_linework_review_only", "backend": "grayscale_ridge_v1_skeleton_v1", "pixel_length": 156.522, "point_count": 15, "confidence": 0.7556, "review_status": "unreviewed"}, "geometry": {"type": "LineString", "coordinates": [[126.79699877387885, 36.440638678971695], [126.79709321601881, 36.440638678971695], [126.79718765815875, 36.44079218640385], [126.79751820564854, 36.441022447552065], [126.79751820564854, 36.441099201268145], [126.79765986885846, 36.441214331842254], [126.79780153206838, 36.44125270870029], [126.79827374276809, 36.44163647728066], [126.79902927988763, 36.442365637583364], [126.79978481700718, 36.44297966731196], [126.79983203807714, 36.44309479788607], [126.80030424877687, 36.4434401896084], [126.80044591198677, 36.443632073898584], [126.80124867017629, 36.44436123420129], [126.801720880876, 36.44489851021381]]}}, {"type": "Feature", "properties": {"proposal_id": "visible-line-169", "tile_id": "174-cheongyang-labels", "sheet_id": "174-cheongyang", "split": "development", "proposal_kind": "visible_linework_review_only", "backend": "grayscale_ridge_v1_skeleton_v1", "pixel_length": 38.485, "point_count": 7, "confidence": 0.7631, "review_status": "unreviewed"}, "geometry": {"type": "LineString", "coordinates": [[126.79723487922871, 36.45955846998395], [126.79723487922871, 36.45928983197769], [126.79732932136866, 36.45905957082947], [126.79732932136866, 36.45882930968125], [126.7974237635086, 36.45863742539106], [126.7974237635086, 36.45833041052676], [126.79751820564854, 36.45817690309462]]}}, {"type": "Feature", "properties": {"proposal_id": "visible-line-170", "tile_id": "174-cheongyang-labels", "sheet_id": "174-cheongyang", "split": "development", "proposal_kind": "visible_linework_review_only", "backend": "grayscale_ridge_v1_skeleton_v1", "pixel_length": 27.142, "point_count": 6, "confidence": 0.7322, "review_status": "unreviewed"}, "geometry": {"type": "LineString", "coordinates": [[126.79723487922871, 36.42962452071507], [126.79737654243863, 36.42966289757311], [126.79761264778848, 36.42962452071507], [126.79789597420832, 36.429432636424885], [126.79789597420832, 36.42920237527667], [126.7977543109984, 36.42908724470255]]}}, {"type": "Feature", "properties": {"proposal_id": "visible-line-171", "tile_id": "174-cheongyang-labels", "sheet_id": "174-cheongyang", "split": "development", "proposal_kind": "visible_linework_review_only", "backend": "grayscale_ridge_v1_skeleton_v1", "pixel_length": 24.657, "point_count": 5, "confidence": 0.742, "review_status": "unreviewed"}, "geometry": {"type": "LineString", "coordinates": [[126.79728210029869, 36.42501929775063], [126.79756542671852, 36.42501929775063], [126.7979431952783, 36.4250960514667], [126.79803763741823, 36.42505767460867], [126.79836818490803, 36.4250960514667]]}}, {"type": "Feature", "properties": {"proposal_id": "visible-line-172", "tile_id": "174-cheongyang-labels", "sheet_id": "174-cheongyang", "split": "development", "proposal_kind": "visible_linework_review_only", "backend": "grayscale_ridge_v1_skeleton_v1", "pixel_length": 34.485, "point_count": 7, "confidence": 0.7033, "review_status": "unreviewed"}, "geometry": {"type": "LineString", "coordinates": [[126.79732932136866, 36.43376922138307], [126.79751820564854, 36.43388435195718], [126.79770708992844, 36.43388435195718], [126.7977543109984, 36.433845975099146], [126.7979431952783, 36.43388435195718], [126.79879317453778, 36.43388435195718], [126.79884039560774, 36.433845975099146]]}}, {"type": "Feature", "properties": {"proposal_id": "visible-line-173", "tile_id": "174-cheongyang-labels", "sheet_id": "174-cheongyang", "split": "development", "proposal_kind": "visible_linework_review_only", "backend": "grayscale_ridge_v1_skeleton_v1", "pixel_length": 25.899, "point_count": 7, "confidence": 0.7291, "review_status": "unreviewed"}, "geometry": {"type": "LineString", "coordinates": [[126.79732932136866, 36.43169687104907], [126.79751820564854, 36.43169687104907], [126.7977543109984, 36.431812001623186], [126.7977543109984, 36.43196550905533], [126.79765986885846, 36.432119016487476], [126.79751820564854, 36.432195770203556], [126.79737654243863, 36.432195770203556]]}}, {"type": "Feature", "properties": {"proposal_id": "visible-line-174", "tile_id": "174-cheongyang-labels", "sheet_id": "174-cheongyang", "split": "development", "proposal_kind": "visible_linework_review_only", "backend": "grayscale_ridge_v1_skeleton_v1", "pixel_length": 20.657, "point_count": 3, "confidence": 0.7533, "review_status": "unreviewed"}, "geometry": {"type": "LineString", "coordinates": [[126.7974237635086, 36.43350058337681], [126.79747098457857, 36.43353896023485], [126.79832096383807, 36.43365409080896]]}}, {"type": "Feature", "properties": {"proposal_id": "visible-line-175", "tile_id": "174-cheongyang-labels", "sheet_id": "174-cheongyang", "split": "development", "proposal_kind": "visible_linework_review_only", "backend": "grayscale_ridge_v1_skeleton_v1", "pixel_length": 49.314, "point_count": 6, "confidence": 0.7327, "review_status": "unreviewed"}, "geometry": {"type": "LineString", "coordinates": [[126.79756542671852, 36.42985478186329], [126.79784875313834, 36.42985478186329], [126.79836818490803, 36.42973965128918], [126.7989348377477, 36.429701274431146], [126.79926538523749, 36.42958614385704], [126.7997375959372, 36.42962452071507]]}}, {"type": "Feature", "properties": {"proposal_id": "visible-line-176", "tile_id": "174-cheongyang-labels", "sheet_id": "174-cheongyang", "split": "development", "proposal_kind": "visible_linework_review_only", "backend": "grayscale_ridge_v1_skeleton_v1", "pixel_length": 23.071, "point_count": 3, "confidence": 0.7303, "review_status": "unreviewed"}, "geometry": {"type": "LineString", "coordinates": [[126.79770708992844, 36.43138985618477], [126.79813207955817, 36.431351479326736], [126.79869873239784, 36.43119797189459]]}}, {"type": "Feature", "properties": {"proposal_id": "visible-line-177", "tile_id": "174-cheongyang-labels", "sheet_id": "174-cheongyang", "split": "development", "proposal_kind": "visible_linework_review_only", "backend": "grayscale_ridge_v1_skeleton_v1", "pixel_length": 28.799, "point_count": 5, "confidence": 0.7428, "review_status": "unreviewed"}, "geometry": {"type": "LineString", "coordinates": [[126.7977543109984, 36.457831511372284], [126.7979431952783, 36.457524496507986], [126.79827374276809, 36.457140727927616], [126.798415405978, 36.45702559735351], [126.79850984811794, 36.45702559735351]]}}, {"type": "Feature", "properties": {"proposal_id": "visible-line-178", "tile_id": "174-cheongyang-labels", "sheet_id": "174-cheongyang", "split": "development", "proposal_kind": "visible_linework_review_only", "backend": "grayscale_ridge_v1_skeleton_v1", "pixel_length": 33.698, "point_count": 2, "confidence": 0.7633, "review_status": "unreviewed"}, "geometry": {"type": "LineString", "coordinates": [[126.7979431952783, 36.45710235106958], [126.7989348377477, 36.45614292961866]]}}, {"type": "Feature", "properties": {"proposal_id": "visible-line-179", "tile_id": "174-cheongyang-labels", "sheet_id": "174-cheongyang", "split": "development", "proposal_kind": "visible_linework_review_only", "backend": "grayscale_ridge_v1_skeleton_v1", "pixel_length": 22.485, "point_count": 6, "confidence": 0.7111, "review_status": "unreviewed"}, "geometry": {"type": "LineString", "coordinates": [[126.79832096383807, 36.4379522989091], [126.798415405978, 36.43806742948322], [126.79850984811794, 36.43806742948322], [126.79860429025788, 36.437990675767146], [126.79860429025788, 36.43756853032873], [126.79850984811794, 36.43749177661266]]}}, {"type": "Feature", "properties": {"proposal_id": "visible-line-180", "tile_id": "174-cheongyang-labels", "sheet_id": "174-cheongyang", "split": "development", "proposal_kind": "visible_linework_review_only", "backend": "grayscale_ridge_v1_skeleton_v1", "pixel_length": 67.527, "point_count": 8, "confidence": 0.7242, "review_status": "unreviewed"}, "geometry": {"type": "LineString", "coordinates": [[126.79836818490803, 36.43208063962944], [126.79869873239784, 36.43188875533926], [126.79954871165732, 36.43158174047496], [126.7999264802171, 36.431351479326736], [126.79997370128706, 36.43108284132048], [126.79987925914712, 36.4310060876044], [126.79926538523749, 36.4310060876044], [126.79912372202757, 36.431044464462445]]}}, {"type": "Feature", "properties": {"proposal_id": "visible-line-181", "tile_id": "174-cheongyang-labels", "sheet_id": "174-cheongyang", "split": "development", "proposal_kind": "visible_linework_review_only", "backend": "grayscale_ridge_v1_skeleton_v1", "pixel_length": 20.071, "point_count": 4, "confidence": 0.7441, "review_status": "unreviewed"}, "geometry": {"type": "LineString", "coordinates": [[126.79846262704797, 36.45272738925336], [126.79860429025788, 36.45291927354354], [126.79860429025788, 36.45330304212391], [126.7987459534678, 36.45337979583999]]}}, {"type": "Feature", "properties": {"proposal_id": "visible-line-182", "tile_id": "174-cheongyang-labels", "sheet_id": "174-cheongyang", "split": "development", "proposal_kind": "visible_linework_review_only", "backend": "grayscale_ridge_v1_skeleton_v1", "pixel_length": 28.828, "point_count": 4, "confidence": 0.7424, "review_status": "unreviewed"}, "geometry": {"type": "LineString", "coordinates": [[126.79846262704797, 36.42210265653981], [126.79884039560774, 36.42210265653981], [126.7989348377477, 36.42202590282374], [126.7989348377477, 36.42133511937907]]}}, {"type": "Feature", "properties": {"proposal_id": "visible-line-183", "tile_id": "174-cheongyang-labels", "sheet_id": "174-cheongyang", "split": "development", "proposal_kind": "visible_linework_review_only", "backend": "grayscale_ridge_v1_skeleton_v1", "pixel_length": 27.385, "point_count": 3, "confidence": 0.7824, "review_status": "unreviewed"}, "geometry": {"type": "LineString", "coordinates": [[126.79850984811794, 36.45552889989006], [126.7987459534678, 36.45533701559988], [126.79912372202757, 36.45468460901325]]}}, {"type": "Feature", "properties": {"proposal_id": "visible-line-184", "tile_id": "174-cheongyang-labels", "sheet_id": "174-cheongyang", "split": "development", "proposal_kind": "visible_linework_review_only", "backend": "grayscale_ridge_v1_skeleton_v1", "pixel_length": 25.556, "point_count": 5, "confidence": 0.7658, "review_status": "unreviewed"}, "geometry": {"type": "LineString", "coordinates": [[126.79855706918792, 36.434843773408105], [126.79902927988763, 36.43518916513044], [126.79917094309755, 36.43518916513044], [126.79931260630747, 36.43526591884652], [126.79954871165732, 36.43526591884652]]}}, {"type": "Feature", "properties": {"proposal_id": "visible-line-185", "tile_id": "174-cheongyang-labels", "sheet_id": "174-cheongyang", "split": "development", "proposal_kind": "visible_linework_review_only", "backend": "grayscale_ridge_v1_skeleton_v1", "pixel_length": 73.296, "point_count": 4, "confidence": 0.7938, "review_status": "unreviewed"}, "geometry": {"type": "LineString", "coordinates": [[126.79860429025788, 36.45687208992136], [126.79865151132786, 36.456756959347246], [126.79902927988763, 36.45641156762491], [126.80096534375646, 36.45487649330343]]}}, {"type": "Feature", "properties": {"proposal_id": "visible-line-186", "tile_id": "174-cheongyang-labels", "sheet_id": "174-cheongyang", "split": "development", "proposal_kind": "visible_linework_review_only", "backend": "grayscale_ridge_v1_skeleton_v1", "pixel_length": 19.657, "point_count": 4, "confidence": 0.8285, "review_status": "unreviewed"}, "geometry": {"type": "LineString", "coordinates": [[126.7987459534678, 36.4424040144414], [126.79888761667772, 36.442634275589626], [126.79888761667772, 36.443018044169996], [126.79884039560774, 36.44309479788607]]}}, {"type": "Feature", "properties": {"proposal_id": "visible-line-187", "tile_id": "174-cheongyang-labels", "sheet_id": "174-cheongyang", "split": "development", "proposal_kind": "visible_linework_review_only", "backend": "grayscale_ridge_v1_skeleton_v1", "pixel_length": 23.728, "point_count": 4, "confidence": 0.7246, "review_status": "unreviewed"}, "geometry": {"type": "LineString", "coordinates": [[126.7987459534678, 36.43914198150826], [126.79884039560774, 36.43941061951451], [126.79902927988763, 36.43952575008863], [126.79945426951737, 36.439372242656475]]}}, {"type": "Feature", "properties": {"proposal_id": "visible-line-188", "tile_id": "174-cheongyang-labels", "sheet_id": "174-cheongyang", "split": "development", "proposal_kind": "visible_linework_review_only", "backend": "grayscale_ridge_v1_skeleton_v1", "pixel_length": 18.071, "point_count": 4, "confidence": 0.7407, "review_status": "unreviewed"}, "geometry": {"type": "LineString", "coordinates": [[126.7987459534678, 36.42563332747922], [126.7987459534678, 36.42551819690511], [126.79902927988763, 36.425364689472964], [126.79898205881766, 36.4250960514667]]}}, {"type": "Feature", "properties": {"proposal_id": "visible-line-189", "tile_id": "174-cheongyang-labels", "sheet_id": "174-cheongyang", "split": "development", "proposal_kind": "visible_linework_review_only", "backend": "grayscale_ridge_v1_skeleton_v1", "pixel_length": 56.598, "point_count": 8, "confidence": 0.7734, "review_status": "unreviewed"}, "geometry": {"type": "LineString", "coordinates": [[126.79884039560774, 36.45698722049547], [126.79898205881766, 36.4569104667794], [126.79917094309755, 36.4569104667794], [126.79945426951737, 36.45679533620528], [126.79983203807714, 36.45648832134099], [126.80025702770689, 36.455989422186505], [126.80058757519669, 36.45579753789632], [126.80077645947658, 36.45575916103829]]}}, {"type": "Feature", "properties": {"proposal_id": "visible-line-190", "tile_id": "174-cheongyang-labels", "sheet_id": "174-cheongyang", "split": "development", "proposal_kind": "visible_linework_review_only", "backend": "grayscale_ridge_v1_skeleton_v1", "pixel_length": 36.142, "point_count": 6, "confidence": 0.7396, "review_status": "unreviewed"}, "geometry": {"type": "LineString", "coordinates": [[126.79884039560774, 36.43895009721807], [126.7989348377477, 36.43879658978592], [126.79898205881766, 36.438489574921626], [126.79921816416751, 36.43814418319929], [126.79921816416751, 36.43787554519303], [126.79912372202757, 36.437722037760885]]}}, {"type": "Feature", "properties": {"proposal_id": "visible-line-191", "tile_id": "174-cheongyang-labels", "sheet_id": "174-cheongyang", "split": "development", "proposal_kind": "visible_linework_review_only", "backend": "grayscale_ridge_v1_skeleton_v1", "pixel_length": 26.385, "point_count": 4, "confidence": 0.7255, "review_status": "unreviewed"}, "geometry": {"type": "LineString", "coordinates": [[126.7989348377477, 36.430468811591886], [126.79945426951737, 36.430276927301705], [126.79978481700718, 36.43000828929544], [126.79983203807714, 36.429893158721335]]}}, {"type": "Feature", "properties": {"proposal_id": "visible-line-192", "tile_id": "174-cheongyang-labels", "sheet_id": "174-cheongyang", "split": "development", "proposal_kind": "visible_linework_review_only", "backend": "grayscale_ridge_v1_skeleton_v1", "pixel_length": 31.213, "point_count": 6, "confidence": 0.7273, "review_status": "unreviewed"}, "geometry": {"type": "LineString", "coordinates": [[126.79902927988763, 36.43729989232248], [126.79945426951737, 36.43691612374211], [126.79950149058735, 36.436762616309956], [126.79950149058735, 36.43660910887781], [126.79926538523749, 36.43641722458762], [126.79917094309755, 36.43641722458762]]}}, {"type": "Feature", "properties": {"proposal_id": "visible-line-193", "tile_id": "174-cheongyang-labels", "sheet_id": "174-cheongyang", "split": "development", "proposal_kind": "visible_linework_review_only", "backend": "grayscale_ridge_v1_skeleton_v1", "pixel_length": 19.485, "point_count": 3, "confidence": 0.6782, "review_status": "unreviewed"}, "geometry": {"type": "LineString", "coordinates": [[126.7990765009576, 36.45806177252051], [126.79917094309755, 36.4583687873848], [126.79935982737743, 36.45871417910713]]}}, {"type": "Feature", "properties": {"proposal_id": "visible-line-194", "tile_id": "174-cheongyang-labels", "sheet_id": "174-cheongyang", "split": "development", "proposal_kind": "visible_linework_review_only", "backend": "grayscale_ridge_v1_skeleton_v1", "pixel_length": 18.314, "point_count": 3, "confidence": 0.7689, "review_status": "unreviewed"}, "geometry": {"type": "LineString", "coordinates": [[126.79912372202757, 36.4323492776357], [126.79964315379726, 36.43215739334551], [126.79983203807714, 36.432042262771404]]}}, {"type": "Feature", "properties": {"proposal_id": "visible-line-195", "tile_id": "174-cheongyang-labels", "sheet_id": "174-cheongyang", "split": "development", "proposal_kind": "visible_linework_review_only", "backend": "grayscale_ridge_v1_skeleton_v1", "pixel_length": 21.071, "point_count": 5, "confidence": 0.742, "review_status": "unreviewed"}, "geometry": {"type": "LineString", "coordinates": [[126.79917094309755, 36.42609384977567], [126.79931260630747, 36.426247357207814], [126.79931260630747, 36.42666950264622], [126.7994070484474, 36.42674625636229], [126.79950149058735, 36.42674625636229]]}}, {"type": "Feature", "properties": {"proposal_id": "visible-line-196", "tile_id": "174-cheongyang-labels", "sheet_id": "174-cheongyang", "split": "development", "proposal_kind": "visible_linework_review_only", "backend": "grayscale_ridge_v1_skeleton_v1", "pixel_length": 18.556, "point_count": 3, "confidence": 0.7135, "review_status": "unreviewed"}, "geometry": {"type": "LineString", "coordinates": [[126.79935982737743, 36.45921307826162], [126.79978481700718, 36.45959684684199], [126.79997370128706, 36.45967360055806]]}}, {"type": "Feature", "properties": {"proposal_id": "visible-line-197", "tile_id": "174-cheongyang-labels", "sheet_id": "174-cheongyang", "split": "development", "proposal_kind": "visible_linework_review_only", "backend": "grayscale_ridge_v1_skeleton_v1", "pixel_length": 102.87, "point_count": 16, "confidence": 0.7212, "review_status": "unreviewed"}, "geometry": {"type": "LineString", "coordinates": [[126.7994070484474, 36.44946535632021], [126.79959593272729, 36.44938860260414], [126.79964315379726, 36.449426979462174], [126.79983203807714, 36.449426979462174], [126.79997370128706, 36.44950373317825], [126.800068143427, 36.44946535632021], [126.80058757519669, 36.44950373317825], [126.80063479626666, 36.44954211003629], [126.80157921766609, 36.44961886375236], [126.80186254408592, 36.449695617468436], [126.80219309157572, 36.449695617468436], [126.80294862869526, 36.44984912490058], [126.80351528153493, 36.44988750175862], [126.80356250260489, 36.44992587861666], [126.80356250260489, 36.450079386048806], [126.80342083939497, 36.45011776290684]]}}, {"type": "Feature", "properties": {"proposal_id": "visible-line-198", "tile_id": "174-cheongyang-labels", "sheet_id": "174-cheongyang", "split": "development", "proposal_kind": "visible_linework_review_only", "backend": "grayscale_ridge_v1_skeleton_v1", "pixel_length": 153.966, "point_count": 11, "confidence": 0.7598, "review_status": "unreviewed"}, "geometry": {"type": "LineString", "coordinates": [[126.7994070484474, 36.442250507009256], [126.79945426951737, 36.4424040144414], [126.80063479626666, 36.443401812750366], [126.8007292384066, 36.44355532018251], [126.80153199659613, 36.444284480485216], [126.8019097651559, 36.44470662592362], [126.8020514283658, 36.444975263929884], [126.80233475478563, 36.44532065565222], [126.80318473404512, 36.44601143909688], [126.80337361832501, 36.446318453961176], [126.80337361832501, 36.44677897625762]]}}, {"type": "Feature", "properties": {"proposal_id": "visible-line-199", "tile_id": "174-cheongyang-labels", "sheet_id": "174-cheongyang", "split": "development", "proposal_kind": "visible_linework_review_only", "backend": "grayscale_ridge_v1_skeleton_v1", "pixel_length": 18.243, "point_count": 4, "confidence": 0.7338, "review_status": "unreviewed"}, "geometry": {"type": "LineString", "coordinates": [[126.79945426951737, 36.43353896023485], [126.7997375959372, 36.43353896023485], [126.7999264802171, 36.43361571395092], [126.80025702770689, 36.43365409080896]]}}, {"type": "Feature", "properties": {"proposal_id": "visible-line-200", "tile_id": "174-cheongyang-labels", "sheet_id": "174-cheongyang", "split": "development", "proposal_kind": "visible_linework_review_only", "backend": "grayscale_ridge_v1_skeleton_v1", "pixel_length": 26.485, "point_count": 7, "confidence": 0.7286, "review_status": "unreviewed"}, "geometry": {"type": "LineString", "coordinates": [[126.79959593272729, 36.42501929775063], [126.79969037486724, 36.42505767460867], [126.79978481700718, 36.42501929775063], [126.7999264802171, 36.42505767460867], [126.80020980663691, 36.42501929775063], [126.80030424877687, 36.4250960514667], [126.80030424877687, 36.42544144318904]]}}, {"type": "Feature", "properties": {"proposal_id": "visible-line-201", "tile_id": "174-cheongyang-labels", "sheet_id": "174-cheongyang", "split": "development", "proposal_kind": "visible_linework_review_only", "backend": "grayscale_ridge_v1_skeleton_v1", "pixel_length": 18.243, "point_count": 5, "confidence": 0.6928, "review_status": "unreviewed"}, "geometry": {"type": "LineString", "coordinates": [[126.79959593272729, 36.42475065974437], [126.79959593272729, 36.42463552917026], [126.7997375959372, 36.42455877545419], [126.80016258556695, 36.42455877545419], [126.80025702770689, 36.42452039859615]]}}, {"type": "Feature", "properties": {"proposal_id": "visible-line-202", "tile_id": "174-cheongyang-labels", "sheet_id": "174-cheongyang", "split": "development", "proposal_kind": "visible_linework_review_only", "backend": "grayscale_ridge_v1_skeleton_v1", "pixel_length": 87.569, "point_count": 10, "confidence": 0.7658, "review_status": "unreviewed"}, "geometry": {"type": "LineString", "coordinates": [[126.79969037486724, 36.44961886375236], [126.79983203807714, 36.44992587861666], [126.80025702770689, 36.45027127033899], [126.80049313305675, 36.45061666206132], [126.80087090161652, 36.45092367692562], [126.80101256482644, 36.45119231493188], [126.80124867017629, 36.4514225760801], [126.80134311231623, 36.45180634466047], [126.80157921766609, 36.45207498266673], [126.80162643873606, 36.452305243814955]]}}, {"type": "Feature", "properties": {"proposal_id": "visible-line-203", "tile_id": "174-cheongyang-labels", "sheet_id": "174-cheongyang", "split": "development", "proposal_kind": "visible_linework_review_only", "backend": "grayscale_ridge_v1_skeleton_v1", "pixel_length": 89.598, "point_count": 12, "confidence": 0.7252, "review_status": "unreviewed"}, "geometry": {"type": "LineString", "coordinates": [[126.79969037486724, 36.432694669358035], [126.79987925914712, 36.43288655364822], [126.800068143427, 36.4329633073643], [126.80049313305675, 36.433078437938406], [126.8007292384066, 36.433078437938406], [126.8009181226865, 36.43315519165448], [126.80143755445617, 36.43311681479644], [126.8020514283658, 36.43288655364822], [126.80257086013549, 36.43288655364822], [126.80299584976524, 36.43315519165448], [126.80313751297516, 36.43334707594467], [126.80313751297516, 36.43342382966074]]}}, {"type": "Feature", "properties": {"proposal_id": "visible-line-204", "tile_id": "174-cheongyang-labels", "sheet_id": "174-cheongyang", "split": "development", "proposal_kind": "visible_linework_review_only", "backend": "grayscale_ridge_v1_skeleton_v1", "pixel_length": 38.042, "point_count": 7, "confidence": 0.7819, "review_status": "unreviewed"}, "geometry": {"type": "LineString", "coordinates": [[126.79983203807714, 36.433961105673255], [126.79997370128706, 36.433961105673255], [126.80025702770689, 36.434076236247364], [126.80044591198677, 36.434076236247364], [126.80058757519669, 36.434152989963444], [126.80058757519669, 36.434229743679516], [126.80002092235704, 36.434728642833996]]}}, {"type": "Feature", "properties": {"proposal_id": "visible-line-205", "tile_id": "174-cheongyang-labels", "sheet_id": "174-cheongyang", "split": "development", "proposal_kind": "visible_linework_review_only", "backend": "grayscale_ridge_v1_skeleton_v1", "pixel_length": 36.556, "point_count": 8, "confidence": 0.7319, "review_status": "unreviewed"}, "geometry": {"type": "LineString", "coordinates": [[126.79983203807714, 36.42375286143541], [126.79987925914712, 36.423637730861294], [126.80011536449697, 36.42356097714522], [126.80035146984683, 36.42379123829345], [126.80039869091681, 36.4240598762997], [126.80035146984683, 36.424098253157744], [126.80035146984683, 36.42444364488007], [126.80030424877687, 36.424482021738115]]}}, {"type": "Feature", "properties": {"proposal_id": "visible-line-206", "tile_id": "174-cheongyang-labels", "sheet_id": "174-cheongyang", "split": "development", "proposal_kind": "visible_linework_review_only", "backend": "grayscale_ridge_v1_skeleton_v1", "pixel_length": 115.468, "point_count": 15, "confidence": 0.7574, "review_status": "unreviewed"}, "geometry": {"type": "LineString", "coordinates": [[126.79987925914712, 36.423138831706815], [126.800068143427, 36.42298532427467], [126.80020980663691, 36.42298532427467], [126.80035146984683, 36.423138831706815], [126.80054035412672, 36.423138831706815], [126.8010597858964, 36.422755063126445], [126.80186254408592, 36.422755063126445], [126.80214587050575, 36.42267830941037], [126.80242919692557, 36.42244804826215], [126.80280696548535, 36.42194914910767], [126.80299584976524, 36.42179564167552], [126.8030430708352, 36.421603757385334], [126.80342083939497, 36.42133511937907], [126.80365694474483, 36.42133511937907], [126.8038930500947, 36.421219988804964]]}}, {"type": "Feature", "properties": {"proposal_id": "visible-line-207", "tile_id": "174-cheongyang-labels", "sheet_id": "174-cheongyang", "split": "development", "proposal_kind": "visible_linework_review_only", "backend": "grayscale_ridge_v1_skeleton_v1", "pixel_length": 23.243, "point_count": 5, "confidence": 0.7482, "review_status": "unreviewed"}, "geometry": {"type": "LineString", "coordinates": [[126.80020980663691, 36.44923509517199], [126.80025702770689, 36.44927347203003], [126.80068201733663, 36.44927347203003], [126.8007292384066, 36.449311848888065], [126.80124867017629, 36.4493502257461]]}}, {"type": "Feature", "properties": {"proposal_id": "visible-line-208", "tile_id": "174-cheongyang-labels", "sheet_id": "174-cheongyang", "split": "development", "proposal_kind": "visible_linework_review_only", "backend": "grayscale_ridge_v1_skeleton_v1", "pixel_length": 18.828, "point_count": 4, "confidence": 0.7346, "review_status": "unreviewed"}, "geometry": {"type": "LineString", "coordinates": [[126.80044591198677, 36.433692467666994], [126.80049313305675, 36.43373084452504], [126.80120144910632, 36.43373084452504], [126.80129589124627, 36.433692467666994]]}}, {"type": "Feature", "properties": {"proposal_id": "visible-line-209", "tile_id": "174-cheongyang-labels", "sheet_id": "174-cheongyang", "split": "development", "proposal_kind": "visible_linework_review_only", "backend": "grayscale_ridge_v1_skeleton_v1", "pixel_length": 26.971, "point_count": 5, "confidence": 0.6902, "review_status": "unreviewed"}, "geometry": {"type": "LineString", "coordinates": [[126.80063479626666, 36.42916399841863], [126.80087090161652, 36.42927912899274], [126.80115422803635, 36.429509390140964], [126.80115422803635, 36.42973965128918], [126.80101256482644, 36.42993153557937]]}}, {"type": "Feature", "properties": {"proposal_id": "visible-line-210", "tile_id": "174-cheongyang-labels", "sheet_id": "174-cheongyang", "split": "development", "proposal_kind": "visible_linework_review_only", "backend": "grayscale_ridge_v1_skeleton_v1", "pixel_length": 24.071, "point_count": 5, "confidence": 0.7345, "review_status": "unreviewed"}, "geometry": {"type": "LineString", "coordinates": [[126.8007292384066, 36.45648832134099], [126.8007292384066, 36.456258060192766], [126.80087090161652, 36.45610455276062], [126.8010597858964, 36.45602779904454], [126.80143755445617, 36.45602779904454]]}}, {"type": "Feature", "properties": {"proposal_id": "visible-line-211", "tile_id": "174-cheongyang-labels", "sheet_id": "174-cheongyang", "split": "development", "proposal_kind": "visible_linework_review_only", "backend": "grayscale_ridge_v1_skeleton_v1", "pixel_length": 24.385, "point_count": 3, "confidence": 0.7084, "review_status": "unreviewed"}, "geometry": {"type": "LineString", "coordinates": [[126.8007292384066, 36.43043043473385], [126.80134311231623, 36.43092933388833], [126.80139033338621, 36.43112121817852]]}}, {"type": "Feature", "properties": {"proposal_id": "visible-line-212", "tile_id": "174-cheongyang-labels", "sheet_id": "174-cheongyang", "split": "development", "proposal_kind": "visible_linework_review_only", "backend": "grayscale_ridge_v1_skeleton_v1", "pixel_length": 31.314, "point_count": 7, "confidence": 0.7492, "review_status": "unreviewed"}, "geometry": {"type": "LineString", "coordinates": [[126.80077645947658, 36.42087459708263], [126.8009181226865, 36.4209513507987], [126.80115422803635, 36.42098972765674], [126.80124867017629, 36.42106648137282], [126.801720880876, 36.42102810451478], [126.80186254408592, 36.421104858230855], [126.80209864943578, 36.421104858230855]]}}, {"type": "Feature", "properties": {"proposal_id": "visible-line-213", "tile_id": "174-cheongyang-labels", "sheet_id": "174-cheongyang", "split": "development", "proposal_kind": "visible_linework_review_only", "backend": "grayscale_ridge_v1_skeleton_v1", "pixel_length": 18.556, "point_count": 2, "confidence": 0.7448, "review_status": "unreviewed"}, "geometry": {"type": "LineString", "coordinates": [[126.80087090161652, 36.45668020563117], [126.80143755445617, 36.45717910478565]]}}, {"type": "Feature", "properties": {"proposal_id": "visible-line-214", "tile_id": "174-cheongyang-labels", "sheet_id": "174-cheongyang", "split": "development", "proposal_kind": "visible_linework_review_only", "backend": "grayscale_ridge_v1_skeleton_v1", "pixel_length": 119.326, "point_count": 12, "confidence": 0.7609, "review_status": "unreviewed"}, "geometry": {"type": "LineString", "coordinates": [[126.80096534375646, 36.45568240732221], [126.80148477552615, 36.455605653606135], [126.80176810194598, 36.45541376931595], [126.80186254408592, 36.45468460901325], [126.80209864943578, 36.454454347865024], [126.80261808120547, 36.45426246357484], [126.80327917618506, 36.45430084043288], [126.80351528153493, 36.45437759414895], [126.8038930500947, 36.45441597100699], [126.8042235975845, 36.454224086716806], [126.80464858721423, 36.45364843384625], [126.80464858721423, 36.453571680130175]]}}, {"type": "Feature", "properties": {"proposal_id": "visible-line-215", "tile_id": "174-cheongyang-labels", "sheet_id": "174-cheongyang", "split": "development", "proposal_kind": "visible_linework_review_only", "backend": "grayscale_ridge_v1_skeleton_v1", "pixel_length": 18.899, "point_count": 4, "confidence": 0.7522, "review_status": "unreviewed"}, "geometry": {"type": "LineString", "coordinates": [[126.80101256482644, 36.424098253157744], [126.8010597858964, 36.42394474572559], [126.80124867017629, 36.42379123829345], [126.80162643873606, 36.423714484577374]]}}, {"type": "Feature", "properties": {"proposal_id": "visible-line-216", "tile_id": "174-cheongyang-labels", "sheet_id": "174-cheongyang", "split": "development", "proposal_kind": "visible_linework_review_only", "backend": "grayscale_ridge_v1_skeleton_v1", "pixel_length": 25.828, "point_count": 3, "confidence": 0.744, "review_status": "unreviewed"}, "geometry": {"type": "LineString", "coordinates": [[126.80115422803635, 36.42705327122659], [126.80115422803635, 36.42628573406585], [126.80139033338621, 36.42620898034978]]}}, {"type": "Feature", "properties": {"proposal_id": "visible-line-217", "tile_id": "174-cheongyang-labels", "sheet_id": "174-cheongyang", "split": "development", "proposal_kind": "visible_linework_review_only", "backend": "grayscale_ridge_v1_skeleton_v1", "pixel_length": 43.213, "point_count": 8, "confidence": 0.7278, "review_status": "unreviewed"}, "geometry": {"type": "LineString", "coordinates": [[126.80124867017629, 36.430468811591886], [126.80157921766609, 36.43043043473385], [126.80176810194598, 36.430583942165995], [126.80195698622586, 36.430660695882075], [126.80252363906553, 36.430775826456184], [126.80261808120547, 36.43085258017226], [126.80261808120547, 36.430967710746366], [126.80238197585561, 36.43108284132048]]}}, {"type": "Feature", "properties": {"proposal_id": "visible-line-218", "tile_id": "174-cheongyang-labels", "sheet_id": "174-cheongyang", "split": "development", "proposal_kind": "visible_linework_review_only", "backend": "grayscale_ridge_v1_skeleton_v1", "pixel_length": 32.213, "point_count": 5, "confidence": 0.7471, "review_status": "unreviewed"}, "geometry": {"type": "LineString", "coordinates": [[126.80124867017629, 36.42501929775063], [126.80176810194598, 36.425556573763146], [126.80176810194598, 36.4257100811953], [126.80167365980603, 36.42578683491137], [126.80139033338621, 36.42586358862744]]}}, {"type": "Feature", "properties": {"proposal_id": "visible-line-219", "tile_id": "174-cheongyang-labels", "sheet_id": "174-cheongyang", "split": "development", "proposal_kind": "visible_linework_review_only", "backend": "grayscale_ridge_v1_skeleton_v1", "pixel_length": 27.899, "point_count": 5, "confidence": 0.7554, "review_status": "unreviewed"}, "geometry": {"type": "LineString", "coordinates": [[126.80153199659613, 36.4333854528027], [126.80200420729584, 36.43327032222859], [126.80233475478563, 36.43327032222859], [126.80252363906553, 36.4333854528027], [126.80257086013549, 36.43353896023485]]}}, {"type": "Feature", "properties": {"proposal_id": "visible-line-220", "tile_id": "174-cheongyang-labels", "sheet_id": "174-cheongyang", "split": "development", "proposal_kind": "visible_linework_review_only", "backend": "grayscale_ridge_v1_skeleton_v1", "pixel_length": 42.456, "point_count": 5, "confidence": 0.728, "review_status": "unreviewed"}, "geometry": {"type": "LineString", "coordinates": [[126.80153199659613, 36.424673906028296], [126.801720880876, 36.424980920892594], [126.80233475478563, 36.425556573763146], [126.80238197585561, 36.42563332747922], [126.80238197585561, 36.42601709605959]]}}, {"type": "Feature", "properties": {"proposal_id": "visible-line-221", "tile_id": "174-cheongyang-labels", "sheet_id": "174-cheongyang", "split": "development", "proposal_kind": "visible_linework_review_only", "backend": "grayscale_ridge_v1_skeleton_v1", "pixel_length": 65.326, "point_count": 4, "confidence": 0.8086, "review_status": "unreviewed"}, "geometry": {"type": "LineString", "coordinates": [[126.80157921766609, 36.454339217290915], [126.80285418655532, 36.45322628840784], [126.8032319551151, 36.452689012395325], [126.80332639725503, 36.452420374389064]]}}, {"type": "Feature", "properties": {"proposal_id": "visible-line-222", "tile_id": "174-cheongyang-labels", "sheet_id": "174-cheongyang", "split": "development", "proposal_kind": "visible_linework_review_only", "backend": "grayscale_ridge_v1_skeleton_v1", "pixel_length": 29.87, "point_count": 2, "confidence": 0.8142, "review_status": "unreviewed"}, "geometry": {"type": "LineString", "coordinates": [[126.80162643873606, 36.45403220242662], [126.80252363906553, 36.453187911549804]]}}, {"type": "Feature", "properties": {"proposal_id": "visible-line-223", "tile_id": "174-cheongyang-labels", "sheet_id": "174-cheongyang", "split": "development", "proposal_kind": "visible_linework_review_only", "backend": "grayscale_ridge_v1_skeleton_v1", "pixel_length": 62.556, "point_count": 8, "confidence": 0.7339, "review_status": "unreviewed"}, "geometry": {"type": "LineString", "coordinates": [[126.801720880876, 36.449426979462174], [126.8030430708352, 36.44958048689433], [126.80332639725503, 36.4496572406104], [126.80346806046495, 36.44961886375236], [126.80356250260489, 36.44954211003629], [126.80351528153493, 36.44915834145592], [126.80346806046495, 36.44911996459788], [126.80346806046495, 36.448812949733586]]}}, {"type": "Feature", "properties": {"proposal_id": "visible-line-224", "tile_id": "174-cheongyang-labels", "sheet_id": "174-cheongyang", "split": "development", "proposal_kind": "visible_linework_review_only", "backend": "grayscale_ridge_v1_skeleton_v1", "pixel_length": 18.657, "point_count": 7, "confidence": 0.6706, "review_status": "unreviewed"}, "geometry": {"type": "LineString", "coordinates": [[126.80176810194598, 36.448160543146955], [126.80181532301594, 36.44808378943088], [126.80195698622586, 36.44808378943088], [126.8020514283658, 36.44819892000499], [126.8020514283658, 36.448352427437136], [126.80200420729584, 36.44839080429518], [126.80181532301594, 36.44839080429518]]}}, {"type": "Feature", "properties": {"proposal_id": "visible-line-225", "tile_id": "174-cheongyang-labels", "sheet_id": "174-cheongyang", "split": "development", "proposal_kind": "visible_linework_review_only", "backend": "grayscale_ridge_v1_skeleton_v1", "pixel_length": 18.314, "point_count": 5, "confidence": 0.6811, "review_status": "unreviewed"}, "geometry": {"type": "LineString", "coordinates": [[126.80176810194598, 36.445934685380806], [126.80181532301594, 36.44578117794866], [126.80195698622586, 36.44578117794866], [126.80214587050575, 36.445934685380806], [126.80233475478563, 36.4458195548067]]}}, {"type": "Feature", "properties": {"proposal_id": "visible-line-226", "tile_id": "174-cheongyang-labels", "sheet_id": "174-cheongyang", "split": "development", "proposal_kind": "visible_linework_review_only", "backend": "grayscale_ridge_v1_skeleton_v1", "pixel_length": 70.841, "point_count": 7, "confidence": 0.7591, "review_status": "unreviewed"}, "geometry": {"type": "LineString", "coordinates": [[126.80176810194598, 36.440254910391324], [126.8019097651559, 36.44017815667525], [126.8022403126457, 36.440139779817216], [126.80242919692557, 36.44006302610114], [126.8037041658148, 36.43933386579844], [126.80431803972444, 36.43906522779218], [126.80450692400433, 36.43906522779218]]}}, {"type": "Feature", "properties": {"proposal_id": "visible-line-227", "tile_id": "174-cheongyang-labels", "sheet_id": "174-cheongyang", "split": "development", "proposal_kind": "visible_linework_review_only", "backend": "grayscale_ridge_v1_skeleton_v1", "pixel_length": 27.899, "point_count": 7, "confidence": 0.7068, "review_status": "unreviewed"}, "geometry": {"type": "LineString", "coordinates": [[126.80186254408592, 36.43933386579844], [126.80181532301594, 36.4392954889404], [126.8019097651559, 36.43914198150826], [126.80228753371567, 36.43914198150826], [126.80233475478563, 36.43918035836629], [126.80257086013549, 36.43918035836629], [126.8027125233454, 36.43941061951451]]}}, {"type": "Feature", "properties": {"proposal_id": "visible-line-228", "tile_id": "174-cheongyang-labels", "sheet_id": "174-cheongyang", "split": "development", "proposal_kind": "visible_linework_review_only", "backend": "grayscale_ridge_v1_skeleton_v1", "pixel_length": 21.556, "point_count": 4, "confidence": 0.7488, "review_status": "unreviewed"}, "geometry": {"type": "LineString", "coordinates": [[126.80186254408592, 36.44512877136203], [126.80195698622586, 36.445282278794174], [126.80238197585561, 36.44570442423259], [126.80238197585561, 36.44578117794866]]}}, {"type": "Feature", "properties": {"proposal_id": "visible-line-229", "tile_id": "174-cheongyang-labels", "sheet_id": "174-cheongyang", "split": "development", "proposal_kind": "visible_linework_review_only", "backend": "grayscale_ridge_v1_skeleton_v1", "pixel_length": 27.728, "point_count": 5, "confidence": 0.7732, "review_status": "unreviewed"}, "geometry": {"type": "LineString", "coordinates": [[126.80186254408592, 36.42705327122659], [126.80200420729584, 36.426899763794445], [126.80209864943578, 36.42666950264622], [126.8020514283658, 36.426324110923886], [126.8019097651559, 36.426132226633705]]}}, {"type": "Feature", "properties": {"proposal_id": "visible-line-230", "tile_id": "174-cheongyang-labels", "sheet_id": "174-cheongyang", "split": "development", "proposal_kind": "visible_linework_review_only", "backend": "grayscale_ridge_v1_skeleton_v1", "pixel_length": 46.87, "point_count": 40, "confidence": 0.7665, "review_status": "unreviewed"}, "geometry": {"type": "LineString", "coordinates": [[126.80209864943578, 36.447393005986214], [126.80209864943578, 36.44735462912818], [126.80209864943578, 36.44731625227014], [126.80209864943578, 36.447277875412105], [126.80209864943578, 36.44723949855407], [126.80214587050575, 36.447201121696025], [126.80219309157572, 36.44716274483799], [126.8022403126457, 36.44712436797995], [126.80228753371567, 36.44708599112192], [126.80233475478563, 36.44704761426388], [126.80238197585561, 36.44704761426388], [126.80242919692557, 36.44704761426388], [126.80247641799555, 36.44704761426388], [126.80252363906553, 36.44704761426388], [126.80257086013549, 36.44704761426388], [126.80261808120547, 36.44708599112192], [126.80266530227543, 36.44712436797995], [126.8027125233454, 36.44716274483799], [126.8027125233454, 36.447201121696025], [126.80275974441538, 36.44723949855407], [126.80275974441538, 36.447277875412105], [126.80275974441538, 36.44731625227014], [126.80275974441538, 36.44735462912818], [126.80275974441538, 36.447393005986214], [126.80275974441538, 36.44743138284425], [126.8027125233454, 36.44746975970229], [126.80266530227543, 36.44750813656032], [126.80261808120547, 36.44754651341836], [126.80257086013549, 36.447584890276396], [126.80252363906553, 36.447584890276396], [126.80247641799555, 36.44762326713444], [126.80242919692557, 36.44762326713444], [126.80238197585561, 36.44762326713444], [126.80233475478563, 36.447584890276396], [126.80228753371567, 36.447584890276396], [126.8022403126457, 36.44754651341836], [126.80219309157572, 36.44750813656032], [126.80219309157572, 36.44746975970229], [126.80214587050575, 36.44743138284425], [126.80209864943578, 36.447393005986214]]}}, {"type": "Feature", "properties": {"proposal_id": "visible-line-231", "tile_id": "174-cheongyang-labels", "sheet_id": "174-cheongyang", "split": "development", "proposal_kind": "visible_linework_review_only", "backend": "grayscale_ridge_v1_skeleton_v1", "pixel_length": 34.971, "point_count": 7, "confidence": 0.7719, "review_status": "unreviewed"}, "geometry": {"type": "LineString", "coordinates": [[126.80219309157572, 36.43868145921181], [126.80252363906553, 36.438873343501996], [126.8027125233454, 36.43891172036003], [126.8030430708352, 36.438873343501996], [126.80337361832501, 36.43875821292789], [126.80346806046495, 36.43868145921181], [126.80360972367487, 36.43868145921181]]}}, {"type": "Feature", "properties": {"proposal_id": "visible-line-232", "tile_id": "174-cheongyang-labels", "sheet_id": "174-cheongyang", "split": "development", "proposal_kind": "visible_linework_review_only", "backend": "grayscale_ridge_v1_skeleton_v1", "pixel_length": 24.071, "point_count": 4, "confidence": 0.7577, "review_status": "unreviewed"}, "geometry": {"type": "LineString", "coordinates": [[126.80238197585561, 36.42620898034978], [126.80247641799555, 36.42636248778192], [126.80261808120547, 36.426439241498], [126.80332639725503, 36.42640086463996]]}}, {"type": "Feature", "properties": {"proposal_id": "visible-line-233", "tile_id": "174-cheongyang-labels", "sheet_id": "174-cheongyang", "split": "development", "proposal_kind": "visible_linework_review_only", "backend": "grayscale_ridge_v1_skeleton_v1", "pixel_length": 19.728, "point_count": 4, "confidence": 0.7285, "review_status": "unreviewed"}, "geometry": {"type": "LineString", "coordinates": [[126.80238197585561, 36.424098253157744], [126.8027125233454, 36.42444364488007], [126.8029014076253, 36.42452039859615], [126.8030430708352, 36.42452039859615]]}}, {"type": "Feature", "properties": {"proposal_id": "visible-line-234", "tile_id": "174-cheongyang-labels", "sheet_id": "174-cheongyang", "split": "development", "proposal_kind": "visible_linework_review_only", "backend": "grayscale_ridge_v1_skeleton_v1", "pixel_length": 49.627, "point_count": 6, "confidence": 0.7653, "review_status": "unreviewed"}, "geometry": {"type": "LineString", "coordinates": [[126.80261808120547, 36.453072780975695], [126.80266530227543, 36.45291927354354], [126.80294862869526, 36.45265063553729], [126.80299584976524, 36.4524587512471], [126.80318473404512, 36.4521517363828], [126.80337361832501, 36.4514225760801]]}}, {"type": "Feature", "properties": {"proposal_id": "visible-line-235", "tile_id": "174-cheongyang-labels", "sheet_id": "174-cheongyang", "split": "development", "proposal_kind": "visible_linework_review_only", "backend": "grayscale_ridge_v1_skeleton_v1", "pixel_length": 22.971, "point_count": 3, "confidence": 0.7872, "review_status": "unreviewed"}, "geometry": {"type": "LineString", "coordinates": [[126.80261808120547, 36.44060030211366], [126.80266530227543, 36.44044679468151], [126.80332639725503, 36.44002464924311]]}}, {"type": "Feature", "properties": {"proposal_id": "visible-line-236", "tile_id": "174-cheongyang-labels", "sheet_id": "174-cheongyang", "split": "development", "proposal_kind": "visible_linework_review_only", "backend": "grayscale_ridge_v1_skeleton_v1", "pixel_length": 22.556, "point_count": 4, "confidence": 0.7075, "review_status": "unreviewed"}, "geometry": {"type": "LineString", "coordinates": [[126.80285418655532, 36.45871417910713], [126.80299584976524, 36.458867686539286], [126.80342083939497, 36.45902119397143], [126.80365694474483, 36.45917470140358]]}}, {"type": "Feature", "properties": {"proposal_id": "visible-line-237", "tile_id": "174-cheongyang-labels", "sheet_id": "174-cheongyang", "split": "development", "proposal_kind": "visible_linework_review_only", "backend": "grayscale_ridge_v1_skeleton_v1", "pixel_length": 32.556, "point_count": 4, "confidence": 0.7504, "review_status": "unreviewed"}, "geometry": {"type": "LineString", "coordinates": [[126.80285418655532, 36.431620117333], [126.80365694474483, 36.43138985618477], [126.80384582902472, 36.43123634875263], [126.80379860795475, 36.430967710746366]]}}, {"type": "Feature", "properties": {"proposal_id": "visible-line-238", "tile_id": "174-cheongyang-labels", "sheet_id": "174-cheongyang", "split": "development", "proposal_kind": "visible_linework_review_only", "backend": "grayscale_ridge_v1_skeleton_v1", "pixel_length": 19.485, "point_count": 5, "confidence": 0.7671, "review_status": "unreviewed"}, "geometry": {"type": "LineString", "coordinates": [[126.80285418655532, 36.42563332747922], [126.8029014076253, 36.425748458053334], [126.8030430708352, 36.42586358862744], [126.80327917618506, 36.425940342343516], [126.80356250260489, 36.425940342343516]]}}, {"type": "Feature", "properties": {"proposal_id": "visible-line-239", "tile_id": "174-cheongyang-labels", "sheet_id": "174-cheongyang", "split": "development", "proposal_kind": "visible_linework_review_only", "backend": "grayscale_ridge_v1_skeleton_v1", "pixel_length": 33.385, "point_count": 4, "confidence": 0.8011, "review_status": "unreviewed"}, "geometry": {"type": "LineString", "coordinates": [[126.80294862869526, 36.442557521873546], [126.80309029190518, 36.44267265244766], [126.80332639725503, 36.443018044169996], [126.80356250260489, 36.443632073898584]]}}, {"type": "Feature", "properties": {"proposal_id": "visible-line-240", "tile_id": "174-cheongyang-labels", "sheet_id": "174-cheongyang", "split": "development", "proposal_kind": "visible_linework_review_only", "backend": "grayscale_ridge_v1_skeleton_v1", "pixel_length": 21.142, "point_count": 4, "confidence": 0.7076, "review_status": "unreviewed"}, "geometry": {"type": "LineString", "coordinates": [[126.80299584976524, 36.4326562925], [126.80313751297516, 36.432694669358035], [126.80351528153493, 36.43300168422233], [126.80356250260489, 36.43323194537055]]}}, {"type": "Feature", "properties": {"proposal_id": "visible-line-241", "tile_id": "174-cheongyang-labels", "sheet_id": "174-cheongyang", "split": "development", "proposal_kind": "visible_linework_review_only", "backend": "grayscale_ridge_v1_skeleton_v1", "pixel_length": 41.456, "point_count": 5, "confidence": 0.7347, "review_status": "unreviewed"}, "geometry": {"type": "LineString", "coordinates": [[126.80299584976524, 36.42310045484878], [126.80299584976524, 36.422755063126445], [126.80309029190518, 36.42256317883626], [126.8037041658148, 36.421987525965704], [126.80384582902472, 36.42179564167552]]}}, {"type": "Feature", "properties": {"proposal_id": "visible-line-242", "tile_id": "174-cheongyang-labels", "sheet_id": "174-cheongyang", "split": "development", "proposal_kind": "visible_linework_review_only", "backend": "grayscale_ridge_v1_skeleton_v1", "pixel_length": 18.728, "point_count": 5, "confidence": 0.7407, "review_status": "unreviewed"}, "geometry": {"type": "LineString", "coordinates": [[126.80309029190518, 36.45583591475436], [126.80313751297516, 36.45572078418025], [126.80346806046495, 36.45545214617399], [126.80346806046495, 36.45529863874184], [126.80351528153493, 36.4552602618838]]}}, {"type": "Feature", "properties": {"proposal_id": "visible-line-243", "tile_id": "174-cheongyang-labels", "sheet_id": "174-cheongyang", "split": "development", "proposal_kind": "visible_linework_review_only", "backend": "grayscale_ridge_v1_skeleton_v1", "pixel_length": 38.728, "point_count": 7, "confidence": 0.6876, "review_status": "unreviewed"}, "geometry": {"type": "LineString", "coordinates": [[126.80309029190518, 36.44731625227014], [126.8032319551151, 36.44746975970229], [126.80318473404512, 36.44770002085051], [126.80332639725503, 36.44789190514069], [126.80332639725503, 36.44819892000499], [126.80342083939497, 36.448429181153216], [126.80342083939497, 36.448659442301434]]}}, {"type": "Feature", "properties": {"proposal_id": "visible-line-244", "tile_id": "174-cheongyang-labels", "sheet_id": "174-cheongyang", "split": "development", "proposal_kind": "visible_linework_review_only", "backend": "grayscale_ridge_v1_skeleton_v1", "pixel_length": 314.978, "point_count": 37, "confidence": 0.7802, "review_status": "unreviewed"}, "geometry": {"type": "LineString", "coordinates": [[126.80309029190518, 36.43584157171707], [126.80313751297516, 36.435496179994736], [126.80332639725503, 36.435112411414366], [126.80332639725503, 36.43449838168578], [126.80337361832501, 36.43438325111166], [126.8037041658148, 36.434076236247364], [126.80384582902472, 36.43403785938933], [126.80412915544456, 36.433845975099146], [126.80412915544456, 36.433577337092885], [126.8040347133046, 36.43342382966074], [126.80398749223464, 36.43300168422233], [126.80337361832501, 36.43246440820981], [126.8032319551151, 36.432195770203556], [126.8032319551151, 36.43208063962944], [126.80346806046495, 36.431812001623186], [126.8042235975845, 36.431543363616925], [126.80431803972444, 36.431428233042816], [126.80431803972444, 36.431159595036554], [126.80427081865446, 36.43112121817852], [126.80427081865446, 36.43085258017226], [126.8042235975845, 36.43081420331422], [126.80427081865446, 36.430392057875814], [126.80417637651452, 36.43023855044366], [126.80384582902472, 36.42996991243741], [126.80356250260489, 36.42985478186329], [126.80332639725503, 36.42966289757311], [126.80332639725503, 36.42935588270881], [126.80365694474483, 36.429048867844514], [126.80412915544456, 36.4288186066963], [126.80460136614427, 36.428434838115926], [126.80493191363406, 36.42831970754181], [126.80559300861367, 36.428358084399854], [126.80615966145332, 36.42862672240611], [126.80634854573321, 36.428665099264144], [126.80649020894313, 36.428549968690035], [126.80649020894313, 36.428166200109665], [126.80658465108307, 36.42793593896144]]}}, {"type": "Feature", "properties": {"proposal_id": "visible-line-245", "tile_id": "174-cheongyang-labels", "sheet_id": "174-cheongyang", "split": "development", "proposal_kind": "visible_linework_review_only", "backend": "grayscale_ridge_v1_skeleton_v1", "pixel_length": 22.728, "point_count": 3, "confidence": 0.7618, "review_status": "unreviewed"}, "geometry": {"type": "LineString", "coordinates": [[126.80313751297516, 36.45844554110088], [126.80342083939497, 36.45863742539106], [126.8040347133046, 36.45879093282321]]}}, {"type": "Feature", "properties": {"proposal_id": "visible-line-246", "tile_id": "174-cheongyang-labels", "sheet_id": "174-cheongyang", "split": "development", "proposal_kind": "visible_linework_review_only", "backend": "grayscale_ridge_v1_skeleton_v1", "pixel_length": 20.314, "point_count": 4, "confidence": 0.7503, "review_status": "unreviewed"}, "geometry": {"type": "LineString", "coordinates": [[126.80318473404512, 36.43016179672759], [126.8037041658148, 36.43035368101778], [126.80379860795475, 36.43043043473385], [126.80384582902472, 36.430583942165995]]}}, {"type": "Feature", "properties": {"proposal_id": "visible-line-247", "tile_id": "174-cheongyang-labels", "sheet_id": "174-cheongyang", "split": "development", "proposal_kind": "visible_linework_review_only", "backend": "grayscale_ridge_v1_skeleton_v1", "pixel_length": 18.142, "point_count": 4, "confidence": 0.7527, "review_status": "unreviewed"}, "geometry": {"type": "LineString", "coordinates": [[126.8032319551151, 36.45767800394014], [126.80360972367487, 36.45737098907584], [126.80360972367487, 36.45729423535977], [126.80346806046495, 36.45717910478565]]}}, {"type": "Feature", "properties": {"proposal_id": "visible-line-248", "tile_id": "174-cheongyang-labels", "sheet_id": "174-cheongyang", "split": "development", "proposal_kind": "visible_linework_review_only", "backend": "grayscale_ridge_v1_skeleton_v1", "pixel_length": 22.243, "point_count": 2, "confidence": 0.7549, "review_status": "unreviewed"}, "geometry": {"type": "LineString", "coordinates": [[126.80342083939497, 36.45130744550599], [126.80356250260489, 36.45050153148721]]}}, {"type": "Feature", "properties": {"proposal_id": "visible-line-249", "tile_id": "174-cheongyang-labels", "sheet_id": "174-cheongyang", "split": "development", "proposal_kind": "visible_linework_review_only", "backend": "grayscale_ridge_v1_skeleton_v1", "pixel_length": 23.243, "point_count": 5, "confidence": 0.7049, "review_status": "unreviewed"}, "geometry": {"type": "LineString", "coordinates": [[126.80342083939497, 36.44697086054781], [126.80346806046495, 36.447009237405844], [126.8037041658148, 36.447009237405844], [126.80379860795475, 36.44708599112192], [126.80379860795475, 36.44762326713444]]}}, {"type": "Feature", "properties": {"proposal_id": "visible-line-250", "tile_id": "174-cheongyang-labels", "sheet_id": "174-cheongyang", "split": "development", "proposal_kind": "visible_linework_review_only", "backend": "grayscale_ridge_v1_skeleton_v1", "pixel_length": 22.485, "point_count": 4, "confidence": 0.6775, "review_status": "unreviewed"}, "geometry": {"type": "LineString", "coordinates": [[126.80342083939497, 36.44585793166473], [126.80375138688478, 36.44597306223884], [126.8037041658148, 36.44635683081921], [126.80356250260489, 36.446433584535285]]}}, {"type": "Feature", "properties": {"proposal_id": "visible-line-251", "tile_id": "174-cheongyang-labels", "sheet_id": "174-cheongyang", "split": "development", "proposal_kind": "visible_linework_review_only", "backend": "grayscale_ridge_v1_skeleton_v1", "pixel_length": 87.74, "point_count": 8, "confidence": 0.7011, "review_status": "unreviewed"}, "geometry": {"type": "LineString", "coordinates": [[126.80342083939497, 36.42298532427467], [126.80351528153493, 36.42267830941037], [126.80436526079441, 36.42183401853356], [126.80464858721423, 36.42171888795944], [126.80483747149412, 36.42171888795944], [126.80564022968363, 36.421987525965704], [126.80578189289355, 36.421872395391595], [126.8060179982434, 36.42141187309515]]}}, {"type": "Feature", "properties": {"proposal_id": "visible-line-252", "tile_id": "174-cheongyang-labels", "sheet_id": "174-cheongyang", "split": "development", "proposal_kind": "visible_linework_review_only", "backend": "grayscale_ridge_v1_skeleton_v1", "pixel_length": 21.556, "point_count": 2, "confidence": 0.7312, "review_status": "unreviewed"}, "geometry": {"type": "LineString", "coordinates": [[126.80351528153493, 36.439909518669], [126.80431803972444, 36.439487373230584]]}}, {"type": "Feature", "properties": {"proposal_id": "visible-line-253", "tile_id": "174-cheongyang-labels", "sheet_id": "174-cheongyang", "split": "development", "proposal_kind": "visible_linework_review_only", "backend": "grayscale_ridge_v1_skeleton_v1", "pixel_length": 46.728, "point_count": 6, "confidence": 0.7143, "review_status": "unreviewed"}, "geometry": {"type": "LineString", "coordinates": [[126.80356250260489, 36.45176796780243], [126.80365694474483, 36.45157608351225], [126.8037041658148, 36.451153938073844], [126.80379860795475, 36.45092367692562], [126.80384582902472, 36.45023289348095], [126.80398749223464, 36.45011776290684]]}}, {"type": "Feature", "properties": {"proposal_id": "visible-line-254", "tile_id": "174-cheongyang-labels", "sheet_id": "174-cheongyang", "split": "development", "proposal_kind": "visible_linework_review_only", "backend": "grayscale_ridge_v1_skeleton_v1", "pixel_length": 33.385, "point_count": 6, "confidence": 0.6932, "review_status": "unreviewed"}, "geometry": {"type": "LineString", "coordinates": [[126.80356250260489, 36.42636248778192], [126.80375138688478, 36.426324110923886], [126.80417637651452, 36.42636248778192], [126.80441248186438, 36.42655437207211], [126.80460136614427, 36.42682301007837], [126.80474302935419, 36.426899763794445]]}}, {"type": "Feature", "properties": {"proposal_id": "visible-line-255", "tile_id": "174-cheongyang-labels", "sheet_id": "174-cheongyang", "split": "development", "proposal_kind": "visible_linework_review_only", "backend": "grayscale_ridge_v1_skeleton_v1", "pixel_length": 49.556, "point_count": 10, "confidence": 0.7617, "review_status": "unreviewed"}, "geometry": {"type": "LineString", "coordinates": [[126.80360972367487, 36.44823729686303], [126.80360972367487, 36.44800703571481], [126.8037041658148, 36.44793028199873], [126.80408193437458, 36.44793028199873], [126.80412915544456, 36.447968658856766], [126.80431803972444, 36.44846755801125], [126.80431803972444, 36.448659442301434], [126.80441248186438, 36.448812949733586], [126.80441248186438, 36.44896645716573], [126.80450692400433, 36.449043210881804]]}}, {"type": "Feature", "properties": {"proposal_id": "visible-line-256", "tile_id": "174-cheongyang-labels", "sheet_id": "174-cheongyang", "split": "development", "proposal_kind": "visible_linework_review_only", "backend": "grayscale_ridge_v1_skeleton_v1", "pixel_length": 18.243, "point_count": 3, "confidence": 0.7684, "review_status": "unreviewed"}, "geometry": {"type": "LineString", "coordinates": [[126.80360972367487, 36.44382395818877], [126.80375138688478, 36.444284480485216], [126.80375138688478, 36.4444763647754]]}}, {"type": "Feature", "properties": {"proposal_id": "visible-line-257", "tile_id": "174-cheongyang-labels", "sheet_id": "174-cheongyang", "split": "development", "proposal_kind": "visible_linework_review_only", "backend": "grayscale_ridge_v1_skeleton_v1", "pixel_length": 23.142, "point_count": 3, "confidence": 0.6594, "review_status": "unreviewed"}, "geometry": {"type": "LineString", "coordinates": [[126.80360972367487, 36.4250960514667], [126.80398749223464, 36.424865790318485], [126.80450692400433, 36.42471228288633]]}}, {"type": "Feature", "properties": {"proposal_id": "visible-line-258", "tile_id": "174-cheongyang-labels", "sheet_id": "174-cheongyang", "split": "development", "proposal_kind": "visible_linework_review_only", "backend": "grayscale_ridge_v1_skeleton_v1", "pixel_length": 54.385, "point_count": 6, "confidence": 0.7718, "review_status": "unreviewed"}, "geometry": {"type": "LineString", "coordinates": [[126.80379860795475, 36.44489851021381], [126.80384582902472, 36.44493688707185], [126.8038930500947, 36.445666047374544], [126.8040347133046, 36.44616494652903], [126.80427081865446, 36.44658709196744], [126.80445970293435, 36.44674059939958]]}}, {"type": "Feature", "properties": {"proposal_id": "visible-line-259", "tile_id": "174-cheongyang-labels", "sheet_id": "174-cheongyang", "split": "development", "proposal_kind": "visible_linework_review_only", "backend": "grayscale_ridge_v1_skeleton_v1", "pixel_length": 35.728, "point_count": 6, "confidence": 0.7428, "review_status": "unreviewed"}, "geometry": {"type": "LineString", "coordinates": [[126.80379860795475, 36.4385663286377], [126.8040347133046, 36.438489574921626], [126.80427081865446, 36.438489574921626], [126.80441248186438, 36.438604705495734], [126.80474302935419, 36.43871983606984], [126.80530968219384, 36.43868145921181]]}}, {"type": "Feature", "properties": {"proposal_id": "visible-line-260", "tile_id": "174-cheongyang-labels", "sheet_id": "174-cheongyang", "split": "development", "proposal_kind": "visible_linework_review_only", "backend": "grayscale_ridge_v1_skeleton_v1", "pixel_length": 29.899, "point_count": 8, "confidence": 0.7524, "review_status": "unreviewed"}, "geometry": {"type": "LineString", "coordinates": [[126.80384582902472, 36.44938860260414], [126.80384582902472, 36.44927347203003], [126.80394027116466, 36.44919671831396], [126.8042235975845, 36.44919671831396], [126.80427081865446, 36.44923509517199], [126.80445970293435, 36.44919671831396], [126.80455414507429, 36.44927347203003], [126.80460136614427, 36.44961886375236]]}}, {"type": "Feature", "properties": {"proposal_id": "visible-line-261", "tile_id": "174-cheongyang-labels", "sheet_id": "174-cheongyang", "split": "development", "proposal_kind": "visible_linework_review_only", "backend": "grayscale_ridge_v1_skeleton_v1", "pixel_length": 28.243, "point_count": 4, "confidence": 0.7291, "review_status": "unreviewed"}, "geometry": {"type": "LineString", "coordinates": [[126.80384582902472, 36.447661643992475], [126.80479025042415, 36.447661643992475], [126.80497913470404, 36.447584890276396], [126.80512079791396, 36.44762326713444]]}}, {"type": "Feature", "properties": {"proposal_id": "visible-line-262", "tile_id": "174-cheongyang-labels", "sheet_id": "174-cheongyang", "split": "development", "proposal_kind": "visible_linework_review_only", "backend": "grayscale_ridge_v1_skeleton_v1", "pixel_length": 22.971, "point_count": 4, "confidence": 0.7315, "review_status": "unreviewed"}, "geometry": {"type": "LineString", "coordinates": [[126.80384582902472, 36.4323492776357], [126.80398749223464, 36.432579538783926], [126.8042235975845, 36.43277142307411], [126.80441248186438, 36.43304006108037]]}}, {"type": "Feature", "properties": {"proposal_id": "visible-line-263", "tile_id": "174-cheongyang-labels", "sheet_id": "174-cheongyang", "split": "development", "proposal_kind": "visible_linework_review_only", "backend": "grayscale_ridge_v1_skeleton_v1", "pixel_length": 22.971, "point_count": 2, "confidence": 0.7383, "review_status": "unreviewed"}, "geometry": {"type": "LineString", "coordinates": [[126.80384582902472, 36.422946947416634], [126.80441248186438, 36.422256163971966]]}}, {"type": "Feature", "properties": {"proposal_id": "visible-line-264", "tile_id": "174-cheongyang-labels", "sheet_id": "174-cheongyang", "split": "development", "proposal_kind": "visible_linework_review_only", "backend": "grayscale_ridge_v1_skeleton_v1", "pixel_length": 77.77, "point_count": 16, "confidence": 0.7438, "review_status": "unreviewed"}, "geometry": {"type": "LineString", "coordinates": [[126.80408193437458, 36.44259589873159], [126.80427081865446, 36.44259589873159], [126.80441248186438, 36.44251914501551], [126.80460136614427, 36.44251914501551], [126.80469580828421, 36.44259589873159], [126.80431803972444, 36.44305642102803], [126.80431803972444, 36.44328668217625], [126.80441248186438, 36.44347856646644], [126.80464858721423, 36.443632073898584], [126.80493191363406, 36.443632073898584], [126.80497913470404, 36.44359369704055], [126.8052152400539, 36.44359369704055], [126.80526246112386, 36.443632073898584], [126.80526246112386, 36.4437472044727], [126.80507357684398, 36.44393908876288], [126.80497913470404, 36.44413097305307]]}}, {"type": "Feature", "properties": {"proposal_id": "visible-line-265", "tile_id": "174-cheongyang-labels", "sheet_id": "174-cheongyang", "split": "development", "proposal_kind": "visible_linework_review_only", "backend": "grayscale_ridge_v1_skeleton_v1", "pixel_length": 27.485, "point_count": 4, "confidence": 0.7486, "review_status": "unreviewed"}, "geometry": {"type": "LineString", "coordinates": [[126.80412915544456, 36.43622534029744], [126.80455414507429, 36.43611020972333], [126.80507357684398, 36.43611020972333], [126.80530968219384, 36.43622534029744]]}}, {"type": "Feature", "properties": {"proposal_id": "visible-line-266", "tile_id": "174-cheongyang-labels", "sheet_id": "174-cheongyang", "split": "development", "proposal_kind": "visible_linework_review_only", "backend": "grayscale_ridge_v1_skeleton_v1", "pixel_length": 22.971, "point_count": 5, "confidence": 0.7044, "review_status": "unreviewed"}, "geometry": {"type": "LineString", "coordinates": [[126.80412915544456, 36.42973965128918], [126.80427081865446, 36.42993153557937], [126.80450692400433, 36.43012341986955], [126.80469580828421, 36.43035368101778], [126.80469580828421, 36.43043043473385]]}}, {"type": "Feature", "properties": {"proposal_id": "visible-line-267", "tile_id": "174-cheongyang-labels", "sheet_id": "174-cheongyang", "split": "development", "proposal_kind": "visible_linework_review_only", "backend": "grayscale_ridge_v1_skeleton_v1", "pixel_length": 33.627, "point_count": 4, "confidence": 0.7759, "review_status": "unreviewed"}, "geometry": {"type": "LineString", "coordinates": [[126.80417637651452, 36.42920237527667], [126.80493191363406, 36.428665099264144], [126.80516801898392, 36.42858834554807], [126.80545134540375, 36.42858834554807]]}}, {"type": "Feature", "properties": {"proposal_id": "visible-line-268", "tile_id": "174-cheongyang-labels", "sheet_id": "174-cheongyang", "split": "development", "proposal_kind": "visible_linework_review_only", "backend": "grayscale_ridge_v1_skeleton_v1", "pixel_length": 19.485, "point_count": 5, "confidence": 0.7963, "review_status": "unreviewed"}, "geometry": {"type": "LineString", "coordinates": [[126.80427081865446, 36.44094569383599], [126.80441248186438, 36.44086894011992], [126.80455414507429, 36.441022447552065], [126.80455414507429, 36.44132946241636], [126.80450692400433, 36.441406216132435]]}}, {"type": "Feature", "properties": {"proposal_id": "visible-line-269", "tile_id": "174-cheongyang-labels", "sheet_id": "174-cheongyang", "split": "development", "proposal_kind": "visible_linework_review_only", "backend": "grayscale_ridge_v1_skeleton_v1", "pixel_length": 74.083, "point_count": 9, "confidence": 0.7478, "review_status": "unreviewed"}, "geometry": {"type": "LineString", "coordinates": [[126.80427081865446, 36.42559495062118], [126.8048846925641, 36.42582521176941], [126.80516801898392, 36.42609384977567], [126.80530968219384, 36.42640086463996], [126.80549856647373, 36.42655437207211], [126.80587633503349, 36.42670787950426], [126.8062068825233, 36.42693814065248], [126.80639576680318, 36.4271684018007], [126.80634854573321, 36.42743703980696]]}}, {"type": "Feature", "properties": {"proposal_id": "visible-line-270", "tile_id": "174-cheongyang-labels", "sheet_id": "174-cheongyang", "split": "development", "proposal_kind": "visible_linework_review_only", "backend": "grayscale_ridge_v1_skeleton_v1", "pixel_length": 20.728, "point_count": 4, "confidence": 0.7715, "review_status": "unreviewed"}, "geometry": {"type": "LineString", "coordinates": [[126.80436526079441, 36.45572078418025], [126.80469580828421, 36.45591266847043], [126.80493191363406, 36.455989422186505], [126.80516801898392, 36.45591266847043]]}}, {"type": "Feature", "properties": {"proposal_id": "visible-line-271", "tile_id": "174-cheongyang-labels", "sheet_id": "174-cheongyang", "split": "development", "proposal_kind": "visible_linework_review_only", "backend": "grayscale_ridge_v1_skeleton_v1", "pixel_length": 37.698, "point_count": 5, "confidence": 0.7424, "review_status": "unreviewed"}, "geometry": {"type": "LineString", "coordinates": [[126.80450692400433, 36.44635683081921], [126.80460136614427, 36.446510338251365], [126.80493191363406, 36.44677897625762], [126.80507357684398, 36.446817353115655], [126.80578189289355, 36.44723949855407]]}}, {"type": "Feature", "properties": {"proposal_id": "visible-line-272", "tile_id": "174-cheongyang-labels", "sheet_id": "174-cheongyang", "split": "development", "proposal_kind": "visible_linework_review_only", "backend": "grayscale_ridge_v1_skeleton_v1", "pixel_length": 30.799, "point_count": 4, "confidence": 0.7382, "review_status": "unreviewed"}, "geometry": {"type": "LineString", "coordinates": [[126.80455414507429, 36.42609384977567], [126.80469580828421, 36.42620898034978], [126.80493191363406, 36.42666950264622], [126.80540412433378, 36.426899763794445]]}}, {"type": "Feature", "properties": {"proposal_id": "visible-line-273", "tile_id": "174-cheongyang-labels", "sheet_id": "174-cheongyang", "split": "development", "proposal_kind": "visible_linework_review_only", "backend": "grayscale_ridge_v1_skeleton_v1", "pixel_length": 25.071, "point_count": 4, "confidence": 0.7167, "review_status": "unreviewed"}, "geometry": {"type": "LineString", "coordinates": [[126.80464858721423, 36.45253550496317], [126.80483747149412, 36.45314953469177], [126.80483747149412, 36.45337979583999], [126.80479025042415, 36.45341817269803]]}}, {"type": "Feature", "properties": {"proposal_id": "visible-line-274", "tile_id": "174-cheongyang-labels", "sheet_id": "174-cheongyang", "split": "development", "proposal_kind": "visible_linework_review_only", "backend": "grayscale_ridge_v1_skeleton_v1", "pixel_length": 23.071, "point_count": 6, "confidence": 0.7537, "review_status": "unreviewed"}, "geometry": {"type": "LineString", "coordinates": [[126.80464858721423, 36.43902685093414], [126.805026355774, 36.438988474076105], [126.80507357684398, 36.43895009721807], [126.80535690326381, 36.43895009721807], [126.80554578754369, 36.43891172036003], [126.80564022968363, 36.43883496664396]]}}, {"type": "Feature", "properties": {"proposal_id": "visible-line-275", "tile_id": "174-cheongyang-labels", "sheet_id": "174-cheongyang", "split": "development", "proposal_kind": "visible_linework_review_only", "backend": "grayscale_ridge_v1_skeleton_v1", "pixel_length": 20.728, "point_count": 4, "confidence": 0.7346, "review_status": "unreviewed"}, "geometry": {"type": "LineString", "coordinates": [[126.80464858721423, 36.429893158721335], [126.80497913470404, 36.430276927301705], [126.80507357684398, 36.43043043473385], [126.80507357684398, 36.43054556530796]]}}, {"type": "Feature", "properties": {"proposal_id": "visible-line-276", "tile_id": "174-cheongyang-labels", "sheet_id": "174-cheongyang", "split": "development", "proposal_kind": "visible_linework_review_only", "backend": "grayscale_ridge_v1_skeleton_v1", "pixel_length": 60.527, "point_count": 52, "confidence": 0.7486, "review_status": "unreviewed"}, "geometry": {"type": "LineString", "coordinates": [[126.80464858721423, 36.42310045484878], [126.80464858721423, 36.42306207799074], [126.80469580828421, 36.423023701132706], [126.80469580828421, 36.42298532427467], [126.80474302935419, 36.422946947416634], [126.80479025042415, 36.42290857055859], [126.80483747149412, 36.422870193700554], [126.8048846925641, 36.422870193700554], [126.80493191363406, 36.422870193700554], [126.80497913470404, 36.422870193700554], [126.805026355774, 36.422870193700554], [126.80507357684398, 36.422870193700554], [126.80512079791396, 36.42290857055859], [126.80516801898392, 36.42290857055859], [126.8052152400539, 36.422946947416634], [126.80526246112386, 36.422946947416634], [126.80530968219384, 36.422946947416634], [126.80535690326381, 36.42298532427467], [126.80540412433378, 36.423023701132706], [126.80545134540375, 36.42306207799074], [126.80549856647373, 36.42306207799074], [126.80554578754369, 36.42310045484878], [126.80559300861367, 36.423138831706815], [126.80564022968363, 36.42317720856485], [126.80564022968363, 36.42321558542289], [126.80564022968363, 36.423253962280924], [126.80564022968363, 36.42329233913896], [126.80564022968363, 36.423330715997004], [126.80564022968363, 36.42336909285504], [126.80559300861367, 36.42340746971308], [126.80554578754369, 36.42344584657111], [126.80549856647373, 36.42344584657111], [126.80545134540375, 36.42344584657111], [126.80540412433378, 36.42348422342915], [126.80535690326381, 36.42348422342915], [126.80530968219384, 36.42348422342915], [126.80526246112386, 36.42348422342915], [126.8052152400539, 36.42344584657111], [126.80516801898392, 36.42344584657111], [126.80512079791396, 36.42344584657111], [126.80507357684398, 36.42340746971308], [126.805026355774, 36.42340746971308], [126.80497913470404, 36.42336909285504], [126.80493191363406, 36.42336909285504], [126.8048846925641, 36.42336909285504], [126.80483747149412, 36.423330715997004], [126.80479025042415, 36.42329233913896], [126.80474302935419, 36.423253962280924], [126.80469580828421, 36.42321558542289], [126.80469580828421, 36.42317720856485], [126.80469580828421, 36.423138831706815], [126.80464858721423, 36.42310045484878]]}}, {"type": "Feature", "properties": {"proposal_id": "visible-line-277", "tile_id": "174-cheongyang-labels", "sheet_id": "174-cheongyang", "split": "development", "proposal_kind": "visible_linework_review_only", "backend": "grayscale_ridge_v1_skeleton_v1", "pixel_length": 23.314, "point_count": 4, "confidence": 0.743, "review_status": "unreviewed"}, "geometry": {"type": "LineString", "coordinates": [[126.80469580828421, 36.43334707594467], [126.80497913470404, 36.43388435195718], [126.80497913470404, 36.43403785938933], [126.8048846925641, 36.43411461310541]]}}, {"type": "Feature", "properties": {"proposal_id": "visible-line-278", "tile_id": "174-cheongyang-labels", "sheet_id": "174-cheongyang", "split": "development", "proposal_kind": "visible_linework_review_only", "backend": "grayscale_ridge_v1_skeleton_v1", "pixel_length": 20.0, "point_count": 2, "confidence": 0.7585, "review_status": "unreviewed"}, "geometry": {"type": "LineString", "coordinates": [[126.80479025042415, 36.4586758022491], [126.80479025042415, 36.457908265088356]]}}, {"type": "Feature", "properties": {"proposal_id": "visible-line-279", "tile_id": "174-cheongyang-labels", "sheet_id": "174-cheongyang", "split": "development", "proposal_kind": "visible_linework_review_only", "backend": "grayscale_ridge_v1_skeleton_v1", "pixel_length": 19.314, "point_count": 5, "confidence": 0.7403, "review_status": "unreviewed"}, "geometry": {"type": "LineString", "coordinates": [[126.8048846925641, 36.444399611059325], [126.80497913470404, 36.44459149534951], [126.80512079791396, 36.44470662592362], [126.80535690326381, 36.444783379639695], [126.80549856647373, 36.44474500278166]]}}, {"type": "Feature", "properties": {"proposal_id": "visible-line-280", "tile_id": "174-cheongyang-labels", "sheet_id": "174-cheongyang", "split": "development", "proposal_kind": "visible_linework_review_only", "backend": "grayscale_ridge_v1_skeleton_v1", "pixel_length": 26.799, "point_count": 3, "confidence": 0.7841, "review_status": "unreviewed"}, "geometry": {"type": "LineString", "coordinates": [[126.80493191363406, 36.44704761426388], [126.80549856647373, 36.44731625227014], [126.80587633503349, 36.44762326713444]]}}, {"type": "Feature", "properties": {"proposal_id": "visible-line-281", "tile_id": "174-cheongyang-labels", "sheet_id": "174-cheongyang", "split": "development", "proposal_kind": "visible_linework_review_only", "backend": "grayscale_ridge_v1_skeleton_v1", "pixel_length": 42.728, "point_count": 11, "confidence": 0.7335, "review_status": "unreviewed"}, "geometry": {"type": "LineString", "coordinates": [[126.80507357684398, 36.45000263233273], [126.80507357684398, 36.44988750175862], [126.80526246112386, 36.449810748042545], [126.80540412433378, 36.44984912490058], [126.80545134540375, 36.449810748042545], [126.80606521931338, 36.44977237118451], [126.80611244038336, 36.449810748042545], [126.80639576680318, 36.449810748042545], [126.8065374300131, 36.44988750175862], [126.80658465108307, 36.44992587861666], [126.80658465108307, 36.450079386048806]]}}, {"type": "Feature", "properties": {"proposal_id": "visible-line-282", "tile_id": "174-cheongyang-labels", "sheet_id": "174-cheongyang", "split": "development", "proposal_kind": "visible_linework_review_only", "backend": "grayscale_ridge_v1_skeleton_v1", "pixel_length": 24.142, "point_count": 3, "confidence": 0.6777, "review_status": "unreviewed"}, "geometry": {"type": "LineString", "coordinates": [[126.80507357684398, 36.42993153557937], [126.80549856647373, 36.430468811591886], [126.80545134540375, 36.43069907274011]]}}, {"type": "Feature", "properties": {"proposal_id": "visible-line-283", "tile_id": "174-cheongyang-labels", "sheet_id": "174-cheongyang", "split": "development", "proposal_kind": "visible_linework_review_only", "backend": "grayscale_ridge_v1_skeleton_v1", "pixel_length": 68.87, "point_count": 62, "confidence": 0.7718, "review_status": "unreviewed"}, "geometry": {"type": "LineString", "coordinates": [[126.80516801898392, 36.45161446037029], [126.80516801898392, 36.45157608351225], [126.80516801898392, 36.451537706654214], [126.80516801898392, 36.45149932979618], [126.80516801898392, 36.45146095293814], [126.8052152400539, 36.4514225760801], [126.80526246112386, 36.45138419922206], [126.80530968219384, 36.45138419922206], [126.80535690326381, 36.451345822364026], [126.80540412433378, 36.451345822364026], [126.80545134540375, 36.451345822364026], [126.80549856647373, 36.45130744550599], [126.80554578754369, 36.45130744550599], [126.80559300861367, 36.45130744550599], [126.80564022968363, 36.45130744550599], [126.80568745075361, 36.45130744550599], [126.80573467182359, 36.45130744550599], [126.80578189289355, 36.45130744550599], [126.80582911396353, 36.45130744550599], [126.80587633503349, 36.45130744550599], [126.80592355610347, 36.45130744550599], [126.80597077717344, 36.45130744550599], [126.8060179982434, 36.45130744550599], [126.80606521931338, 36.45130744550599], [126.80611244038336, 36.45130744550599], [126.80615966145332, 36.451345822364026], [126.8062068825233, 36.451345822364026], [126.80625410359326, 36.45138419922206], [126.80630132466324, 36.45138419922206], [126.80634854573321, 36.4514225760801], [126.80634854573321, 36.45146095293814], [126.80639576680318, 36.45149932979618], [126.80639576680318, 36.451537706654214], [126.80639576680318, 36.45157608351225], [126.80639576680318, 36.45161446037029], [126.80639576680318, 36.45165283722832], [126.80634854573321, 36.45169121408636], [126.80630132466324, 36.451729590944396], [126.80625410359326, 36.451729590944396], [126.8062068825233, 36.45176796780243], [126.80615966145332, 36.45180634466047], [126.80611244038336, 36.45180634466047], [126.80606521931338, 36.45180634466047], [126.8060179982434, 36.45180634466047], [126.80597077717344, 36.45184472151851], [126.80592355610347, 36.45184472151851], [126.80587633503349, 36.45184472151851], [126.80582911396353, 36.45184472151851], [126.80578189289355, 36.45184472151851], [126.80573467182359, 36.45184472151851], [126.80568745075361, 36.45184472151851], [126.80564022968363, 36.45180634466047], [126.80559300861367, 36.45180634466047], [126.80554578754369, 36.45180634466047], [126.80549856647373, 36.45180634466047], [126.80545134540375, 36.45180634466047], [126.80540412433378, 36.45176796780243], [126.80535690326381, 36.45176796780243], [126.80530968219384, 36.451729590944396], [126.80526246112386, 36.45169121408636], [126.8052152400539, 36.45165283722832], [126.80516801898392, 36.45161446037029]]}}, {"type": "Feature", "properties": {"proposal_id": "visible-line-284", "tile_id": "174-cheongyang-labels", "sheet_id": "174-cheongyang", "split": "development", "proposal_kind": "visible_linework_review_only", "backend": "grayscale_ridge_v1_skeleton_v1", "pixel_length": 31.385, "point_count": 4, "confidence": 0.759, "review_status": "unreviewed"}, "geometry": {"type": "LineString", "coordinates": [[126.80516801898392, 36.448928080307695], [126.8052152400539, 36.44888970344966], [126.80540412433378, 36.44888970344966], [126.80639576680318, 36.4493502257461]]}}, {"type": "Feature", "properties": {"proposal_id": "visible-line-285", "tile_id": "174-cheongyang-labels", "sheet_id": "174-cheongyang", "split": "development", "proposal_kind": "visible_linework_review_only", "backend": "grayscale_ridge_v1_skeleton_v1", "pixel_length": 24.071, "point_count": 4, "confidence": 0.7327, "review_status": "unreviewed"}, "geometry": {"type": "LineString", "coordinates": [[126.80516801898392, 36.44305642102803], [126.80578189289355, 36.44317155160214], [126.80587633503349, 36.44328668217625], [126.80587633503349, 36.443516943324475]]}}, {"type": "Feature", "properties": {"proposal_id": "visible-line-286", "tile_id": "174-cheongyang-labels", "sheet_id": "174-cheongyang", "split": "development", "proposal_kind": "visible_linework_review_only", "backend": "grayscale_ridge_v1_skeleton_v1", "pixel_length": 19.728, "point_count": 4, "confidence": 0.7181, "review_status": "unreviewed"}, "geometry": {"type": "LineString", "coordinates": [[126.80535690326381, 36.42379123829345], [126.80564022968363, 36.42386799200952], [126.80592355610347, 36.424098253157744], [126.80597077717344, 36.42425176058989]]}}, {"type": "Feature", "properties": {"proposal_id": "visible-line-287", "tile_id": "174-cheongyang-labels", "sheet_id": "174-cheongyang", "split": "development", "proposal_kind": "visible_linework_review_only", "backend": "grayscale_ridge_v1_skeleton_v1", "pixel_length": 29.799, "point_count": 5, "confidence": 0.757, "review_status": "unreviewed"}, "geometry": {"type": "LineString", "coordinates": [[126.80545134540375, 36.44858268858536], [126.80559300861367, 36.44873619601751], [126.80568745075361, 36.44873619601751], [126.80592355610347, 36.44888970344966], [126.8065374300131, 36.44915834145592]]}}, {"type": "Feature", "properties": {"proposal_id": "visible-line-288", "tile_id": "174-cheongyang-labels", "sheet_id": "174-cheongyang", "split": "development", "proposal_kind": "visible_linework_review_only", "backend": "grayscale_ridge_v1_skeleton_v1", "pixel_length": 19.657, "point_count": 3, "confidence": 0.7595, "review_status": "unreviewed"}, "geometry": {"type": "LineString", "coordinates": [[126.80554578754369, 36.45326466526588], [126.80568745075361, 36.4534949264141], [126.80564022968363, 36.453955448710545]]}}, {"type": "Feature", "properties": {"proposal_id": "visible-line-289", "tile_id": "174-cheongyang-labels", "sheet_id": "174-cheongyang", "split": "development", "proposal_kind": "visible_linework_review_only", "backend": "grayscale_ridge_v1_skeleton_v1", "pixel_length": 23.657, "point_count": 5, "confidence": 0.6598, "review_status": "unreviewed"}, "geometry": {"type": "LineString", "coordinates": [[126.80559300861367, 36.42528793575689], [126.80597077717344, 36.42528793575689], [126.80611244038336, 36.425172805182775], [126.80615966145332, 36.4250960514667], [126.80615966145332, 36.42475065974437]]}}, {"type": "Feature", "properties": {"proposal_id": "visible-line-290", "tile_id": "174-cheongyang-labels", "sheet_id": "174-cheongyang", "split": "development", "proposal_kind": "visible_linework_review_only", "backend": "grayscale_ridge_v1_skeleton_v1", "pixel_length": 18.142, "point_count": 3, "confidence": 0.8159, "review_status": "unreviewed"}, "geometry": {"type": "LineString", "coordinates": [[126.80564022968363, 36.45668020563117], [126.80606521931338, 36.456258060192766], [126.80611244038336, 36.45614292961866]]}}, {"type": "Feature", "properties": {"proposal_id": "visible-line-291", "tile_id": "174-cheongyang-labels", "sheet_id": "174-cheongyang", "split": "development", "proposal_kind": "visible_linework_review_only", "backend": "grayscale_ridge_v1_skeleton_v1", "pixel_length": 22.971, "point_count": 3, "confidence": 0.6791, "review_status": "unreviewed"}, "geometry": {"type": "LineString", "coordinates": [[126.80578189289355, 36.42958614385704], [126.80625410359326, 36.429893158721335], [126.80644298787315, 36.430200173585625]]}}, {"type": "Feature", "properties": {"proposal_id": "visible-line-292", "tile_id": "174-cheongyang-labels", "sheet_id": "174-cheongyang", "split": "development", "proposal_kind": "visible_linework_review_only", "backend": "grayscale_ridge_v1_skeleton_v1", "pixel_length": 20.556, "point_count": 5, "confidence": 0.7153, "review_status": "unreviewed"}, "geometry": {"type": "LineString", "coordinates": [[126.80578189289355, 36.429048867844514], [126.8060179982434, 36.42920237527667], [126.80611244038336, 36.42935588270881], [126.80630132466324, 36.429509390140964], [126.80644298787315, 36.429547766999]]}}, {"type": "Feature", "properties": {"proposal_id": "visible-line-293", "tile_id": "174-cheongyang-labels", "sheet_id": "174-cheongyang", "split": "development", "proposal_kind": "visible_linework_review_only", "backend": "grayscale_ridge_v1_skeleton_v1", "pixel_length": 23.971, "point_count": 3, "confidence": 0.7282, "review_status": "unreviewed"}, "geometry": {"type": "LineString", "coordinates": [[126.80587633503349, 36.428741852980224], [126.8065374300131, 36.42916399841863], [126.80677353536295, 36.42920237527667]]}}, {"type": "Feature", "properties": {"proposal_id": "visible-line-294", "tile_id": "174-cheongyang-labels", "sheet_id": "174-cheongyang", "split": "development", "proposal_kind": "visible_linework_review_only", "backend": "grayscale_ridge_v1_skeleton_v1", "pixel_length": 143.853, "point_count": 17, "confidence": 0.7832, "review_status": "unreviewed"}, "geometry": {"type": "LineString", "coordinates": [[126.80592355610347, 36.45775475765621], [126.80625410359326, 36.458100149378545], [126.80625410359326, 36.45825365681069], [126.80630132466324, 36.45829203366873], [126.80625410359326, 36.45894444025536], [126.80639576680318, 36.459251455119656], [126.80663187215303, 36.45944333940984], [126.80686797750289, 36.45955846998395], [126.80724574606266, 36.45967360055806], [126.80738740927258, 36.45967360055806], [126.8075290724825, 36.459635223700026], [126.80767073569241, 36.45952009312591], [126.80771795676239, 36.45921307826162], [126.80743463034256, 36.45894444025536], [126.8071985249927, 36.45852229481695], [126.80738740927258, 36.45817690309462], [126.8081901674621, 36.45748611964995]]}}, {"type": "Feature", "properties": {"proposal_id": "visible-line-295", "tile_id": "174-cheongyang-labels", "sheet_id": "174-cheongyang", "split": "development", "proposal_kind": "visible_linework_review_only", "backend": "grayscale_ridge_v1_skeleton_v1", "pixel_length": 44.042, "point_count": 4, "confidence": 0.7783, "review_status": "unreviewed"}, "geometry": {"type": "LineString", "coordinates": [[126.80597077717344, 36.42601709605959], [126.80611244038336, 36.42628573406585], [126.80672631429299, 36.42709164808463], [126.80677353536295, 36.42743703980696]]}}, {"type": "Feature", "properties": {"proposal_id": "visible-line-296", "tile_id": "174-cheongyang-labels", "sheet_id": "174-cheongyang", "split": "development", "proposal_kind": "visible_linework_review_only", "backend": "grayscale_ridge_v1_skeleton_v1", "pixel_length": 31.284, "point_count": 3, "confidence": 0.767, "review_status": "unreviewed"}, "geometry": {"type": "LineString", "coordinates": [[126.8060179982434, 36.448045412572846], [126.80663187215303, 36.448544311727325], [126.80710408285276, 36.448812949733586]]}}, {"type": "Feature", "properties": {"proposal_id": "visible-line-297", "tile_id": "174-cheongyang-labels", "sheet_id": "174-cheongyang", "split": "development", "proposal_kind": "visible_linework_review_only", "backend": "grayscale_ridge_v1_skeleton_v1", "pixel_length": 34.314, "point_count": 3, "confidence": 0.7507, "review_status": "unreviewed"}, "geometry": {"type": "LineString", "coordinates": [[126.80625410359326, 36.45602779904454], [126.80644298787315, 36.45572078418025], [126.80663187215303, 36.454838116445394]]}}, {"type": "Feature", "properties": {"proposal_id": "visible-line-298", "tile_id": "174-cheongyang-labels", "sheet_id": "174-cheongyang", "split": "development", "proposal_kind": "visible_linework_review_only", "backend": "grayscale_ridge_v1_skeleton_v1", "pixel_length": 25.657, "point_count": 5, "confidence": 0.7551, "review_status": "unreviewed"}, "geometry": {"type": "LineString", "coordinates": [[126.80630132466324, 36.42421338373185], [126.80639576680318, 36.42432851430596], [126.80639576680318, 36.424482021738115], [126.80649020894313, 36.424673906028296], [126.80649020894313, 36.42513442832474]]}}, {"type": "Feature", "properties": {"proposal_id": "visible-line-299", "tile_id": "174-cheongyang-labels", "sheet_id": "174-cheongyang", "split": "development", "proposal_kind": "visible_linework_review_only", "backend": "grayscale_ridge_v1_skeleton_v1", "pixel_length": 56.012, "point_count": 7, "confidence": 0.7515, "review_status": "unreviewed"}, "geometry": {"type": "LineString", "coordinates": [[126.80639576680318, 36.44789190514069], [126.80644298787315, 36.44785352828266], [126.80677353536295, 36.44785352828266], [126.8070096407128, 36.447968658856766], [126.8075290724825, 36.448352427437136], [126.80785961997229, 36.44869781915947], [126.80837905174198, 36.44900483402377]]}}, {"type": "Feature", "properties": {"proposal_id": "visible-line-300", "tile_id": "174-cheongyang-labels", "sheet_id": "174-cheongyang", "split": "development", "proposal_kind": "visible_linework_review_only", "backend": "grayscale_ridge_v1_skeleton_v1", "pixel_length": 49.77, "point_count": 4, "confidence": 0.7665, "review_status": "unreviewed"}, "geometry": {"type": "LineString", "coordinates": [[126.8065374300131, 36.447661643992475], [126.80686797750289, 36.447661643992475], [126.80715130392272, 36.447776774566584], [126.80833183067202, 36.44869781915947]]}}, {"type": "Feature", "properties": {"proposal_id": "visible-line-301", "tile_id": "174-cheongyang-labels", "sheet_id": "174-cheongyang", "split": "development", "proposal_kind": "visible_linework_review_only", "backend": "grayscale_ridge_v1_skeleton_v1", "pixel_length": 19.728, "point_count": 4, "confidence": 0.6627, "review_status": "unreviewed"}, "geometry": {"type": "LineString", "coordinates": [[126.80663187215303, 36.42958614385704], [126.8070096407128, 36.429816405005255], [126.80710408285276, 36.42993153557937], [126.80715130392272, 36.43012341986955]]}}, {"type": "Feature", "properties": {"proposal_id": "visible-line-302", "tile_id": "174-cheongyang-labels", "sheet_id": "174-cheongyang", "split": "development", "proposal_kind": "visible_linework_review_only", "backend": "grayscale_ridge_v1_skeleton_v1", "pixel_length": 19.485, "point_count": 5, "confidence": 0.7627, "review_status": "unreviewed"}, "geometry": {"type": "LineString", "coordinates": [[126.80667909322301, 36.45698722049547], [126.80667909322301, 36.45687208992136], [126.80686797750289, 36.45668020563117], [126.80710408285276, 36.45668020563117], [126.80724574606266, 36.45679533620528]]}}, {"type": "Feature", "properties": {"proposal_id": "visible-line-303", "tile_id": "174-cheongyang-labels", "sheet_id": "174-cheongyang", "split": "development", "proposal_kind": "visible_linework_review_only", "backend": "grayscale_ridge_v1_skeleton_v1", "pixel_length": 22.971, "point_count": 6, "confidence": 0.6933, "review_status": "unreviewed"}, "geometry": {"type": "LineString", "coordinates": [[126.80682075643293, 36.44961886375236], [126.80691519857287, 36.44954211003629], [126.80705686178278, 36.44954211003629], [126.80738740927258, 36.449810748042545], [126.80738740927258, 36.44988750175862], [126.80757629355247, 36.45000263233273]]}}, {"type": "Feature", "properties": {"proposal_id": "visible-line-304", "tile_id": "174-cheongyang-labels", "sheet_id": "174-cheongyang", "split": "development", "proposal_kind": "visible_linework_review_only", "backend": "grayscale_ridge_v1_skeleton_v1", "pixel_length": 38.627, "point_count": 5, "confidence": 0.7712, "review_status": "unreviewed"}, "geometry": {"type": "LineString", "coordinates": [[126.80686797750289, 36.45011776290684], [126.80691519857287, 36.45004100919077], [126.80715130392272, 36.45004100919077], [126.80781239890233, 36.45030964719703], [126.80833183067202, 36.45061666206132]]}}, {"type": "Feature", "properties": {"proposal_id": "visible-line-305", "tile_id": "174-cheongyang-labels", "sheet_id": "174-cheongyang", "split": "development", "proposal_kind": "visible_linework_review_only", "backend": "grayscale_ridge_v1_skeleton_v1", "pixel_length": 42.527, "point_count": 5, "confidence": 0.7641, "review_status": "unreviewed"}, "geometry": {"type": "LineString", "coordinates": [[126.80691519857287, 36.44927347203003], [126.80729296713264, 36.449426979462174], [126.80757629355247, 36.4496572406104], [126.80790684104227, 36.45011776290684], [126.80823738853206, 36.45034802405507]]}}, {"type": "Feature", "properties": {"proposal_id": "visible-line-306", "tile_id": "174-cheongyang-labels", "sheet_id": "174-cheongyang", "split": "development", "proposal_kind": "visible_linework_review_only", "backend": "grayscale_ridge_v1_skeleton_v1", "pixel_length": 23.899, "point_count": 5, "confidence": 0.7601, "review_status": "unreviewed"}, "geometry": {"type": "LineString", "coordinates": [[126.80696241964284, 36.423637730861294], [126.8071985249927, 36.42413663001578], [126.8071985249927, 36.42432851430596], [126.80715130392272, 36.424366891164], [126.8071985249927, 36.42444364488007]]}}, {"type": "Feature", "properties": {"proposal_id": "visible-line-307", "tile_id": "174-cheongyang-labels", "sheet_id": "174-cheongyang", "split": "development", "proposal_kind": "visible_linework_review_only", "backend": "grayscale_ridge_v1_skeleton_v1", "pixel_length": 106.497, "point_count": 15, "confidence": 0.741, "review_status": "unreviewed"}, "geometry": {"type": "LineString", "coordinates": [[126.80705686178278, 36.4455125399424], [126.8071985249927, 36.4455125399424], [126.80762351462243, 36.445282278794174], [126.80790684104227, 36.445282278794174], [126.8081901674621, 36.44547416308436], [126.80837905174198, 36.4455125399424], [126.80856793602187, 36.44539740936829], [126.80885126244169, 36.44486013335577], [126.8091818099315, 36.44462987220755], [126.80946513635132, 36.44462987220755], [126.80965402063121, 36.44489851021381], [126.80965402063121, 36.44543578622633], [126.80960679956124, 36.44547416308436], [126.80970124170119, 36.44562767051651], [126.80965402063121, 36.44589630852277]]}}, {"type": "Feature", "properties": {"proposal_id": "visible-line-308", "tile_id": "174-cheongyang-labels", "sheet_id": "174-cheongyang", "split": "development", "proposal_kind": "visible_linework_review_only", "backend": "grayscale_ridge_v1_skeleton_v1", "pixel_length": 23.899, "point_count": 3, "confidence": 0.7478, "review_status": "unreviewed"}, "geometry": {"type": "LineString", "coordinates": [[126.80710408285276, 36.43614858658137], [126.8071985249927, 36.43557293371081], [126.80748185141252, 36.43538104942063]]}}, {"type": "Feature", "properties": {"proposal_id": "visible-line-309", "tile_id": "174-cheongyang-labels", "sheet_id": "174-cheongyang", "split": "development", "proposal_kind": "visible_linework_review_only", "backend": "grayscale_ridge_v1_skeleton_v1", "pixel_length": 24.799, "point_count": 3, "confidence": 0.7027, "review_status": "unreviewed"}, "geometry": {"type": "LineString", "coordinates": [[126.80724574606266, 36.44888970344966], [126.80776517783235, 36.449426979462174], [126.80800128318221, 36.44954211003629]]}}, {"type": "Feature", "properties": {"proposal_id": "visible-line-310", "tile_id": "174-cheongyang-labels", "sheet_id": "174-cheongyang", "split": "development", "proposal_kind": "visible_linework_review_only", "backend": "grayscale_ridge_v1_skeleton_v1", "pixel_length": 19.899, "point_count": 4, "confidence": 0.7471, "review_status": "unreviewed"}, "geometry": {"type": "LineString", "coordinates": [[126.80724574606266, 36.43895009721807], [126.80767073569241, 36.43879658978592], [126.80776517783235, 36.43871983606984], [126.80804850425218, 36.43868145921181]]}}, {"type": "Feature", "properties": {"proposal_id": "visible-line-311", "tile_id": "174-cheongyang-labels", "sheet_id": "174-cheongyang", "split": "development", "proposal_kind": "visible_linework_review_only", "backend": "grayscale_ridge_v1_skeleton_v1", "pixel_length": 27.243, "point_count": 3, "confidence": 0.6745, "review_status": "unreviewed"}, "geometry": {"type": "LineString", "coordinates": [[126.80729296713264, 36.443401812750366], [126.80729296713264, 36.44267265244766], [126.80743463034256, 36.4424040144414]]}}, {"type": "Feature", "properties": {"proposal_id": "visible-line-312", "tile_id": "174-cheongyang-labels", "sheet_id": "174-cheongyang", "split": "development", "proposal_kind": "visible_linework_review_only", "backend": "grayscale_ridge_v1_skeleton_v1", "pixel_length": 18.899, "point_count": 5, "confidence": 0.7253, "review_status": "unreviewed"}, "geometry": {"type": "LineString", "coordinates": [[126.80734018820262, 36.44489851021381], [126.80743463034256, 36.444783379639695], [126.80776517783235, 36.444668249065586], [126.80776517783235, 36.44451474163344], [126.80785961997229, 36.44443798791736]]}}, {"type": "Feature", "properties": {"proposal_id": "visible-line-313", "tile_id": "174-cheongyang-labels", "sheet_id": "174-cheongyang", "split": "development", "proposal_kind": "visible_linework_review_only", "backend": "grayscale_ridge_v1_skeleton_v1", "pixel_length": 142.125, "point_count": 16, "confidence": 0.7419, "review_status": "unreviewed"}, "geometry": {"type": "LineString", "coordinates": [[126.80762351462243, 36.435304295704555], [126.80795406211224, 36.43499728084026], [126.80814294639212, 36.43465188911792], [126.80837905174198, 36.434460004827734], [126.80899292565161, 36.43438325111166], [126.80937069421138, 36.43419136682148], [126.80998456812101, 36.433692467666994], [126.81026789454084, 36.433577337092885], [126.81055122096068, 36.433577337092885], [126.81069288417059, 36.43365409080896], [126.81078732631053, 36.43380759824111], [126.81078732631053, 36.43411461310541], [126.81069288417059, 36.43426812053755], [126.81069288417059, 36.43465188911792], [126.81088176845047, 36.43499728084026], [126.81097621059041, 36.43557293371081]]}}, {"type": "Feature", "properties": {"proposal_id": "visible-line-314", "tile_id": "174-cheongyang-labels", "sheet_id": "174-cheongyang", "split": "development", "proposal_kind": "visible_linework_review_only", "backend": "grayscale_ridge_v1_skeleton_v1", "pixel_length": 36.799, "point_count": 5, "confidence": 0.7251, "review_status": "unreviewed"}, "geometry": {"type": "LineString", "coordinates": [[126.80771795676239, 36.458599048533024], [126.80781239890233, 36.45882930968125], [126.8081901674621, 36.45921307826162], [126.80837905174198, 36.459481716267874], [126.80837905174198, 36.45978873113217]]}}, {"type": "Feature", "properties": {"proposal_id": "visible-line-315", "tile_id": "174-cheongyang-labels", "sheet_id": "174-cheongyang", "split": "development", "proposal_kind": "visible_linework_review_only", "backend": "grayscale_ridge_v1_skeleton_v1", "pixel_length": 59.627, "point_count": 9, "confidence": 0.7357, "review_status": "unreviewed"}, "geometry": {"type": "LineString", "coordinates": [[126.80776517783235, 36.42609384977567], [126.80800128318221, 36.426439241498], [126.80814294639212, 36.42686138693641], [126.80814294639212, 36.42720677865874], [126.80804850425218, 36.42736028609089], [126.80800128318221, 36.42759054723911], [126.80809572532216, 36.42774405467126], [126.80814294639212, 36.428051069535556], [126.80823738853206, 36.42812782325163]]}}, {"type": "Feature", "properties": {"proposal_id": "visible-line-316", "tile_id": "174-cheongyang-labels", "sheet_id": "174-cheongyang", "split": "development", "proposal_kind": "visible_linework_review_only", "backend": "grayscale_ridge_v1_skeleton_v1", "pixel_length": 28.142, "point_count": 3, "confidence": 0.6755, "review_status": "unreviewed"}, "geometry": {"type": "LineString", "coordinates": [[126.80776517783235, 36.42344584657111], [126.8081901674621, 36.424098253157744], [126.80823738853206, 36.424366891164]]}}, {"type": "Feature", "properties": {"proposal_id": "visible-line-317", "tile_id": "174-cheongyang-labels", "sheet_id": "174-cheongyang", "split": "development", "proposal_kind": "visible_linework_review_only", "backend": "grayscale_ridge_v1_skeleton_v1", "pixel_length": 46.456, "point_count": 6, "confidence": 0.7138, "review_status": "unreviewed"}, "geometry": {"type": "LineString", "coordinates": [[126.80781239890233, 36.44259589873159], [126.80828460960204, 36.443133174744105], [126.80828460960204, 36.44328668217625], [126.80809572532216, 36.443516943324475], [126.80790684104227, 36.44397746562092], [126.80790684104227, 36.44409259619503]]}}, {"type": "Feature", "properties": {"proposal_id": "visible-line-318", "tile_id": "174-cheongyang-labels", "sheet_id": "174-cheongyang", "split": "development", "proposal_kind": "visible_linework_review_only", "backend": "grayscale_ridge_v1_skeleton_v1", "pixel_length": 18.556, "point_count": 3, "confidence": 0.7328, "review_status": "unreviewed"}, "geometry": {"type": "LineString", "coordinates": [[126.80785961997229, 36.4257100811953], [126.80828460960204, 36.42609384977567], [126.80837905174198, 36.426247357207814]]}}, {"type": "Feature", "properties": {"proposal_id": "visible-line-319", "tile_id": "174-cheongyang-labels", "sheet_id": "174-cheongyang", "split": "development", "proposal_kind": "visible_linework_review_only", "backend": "grayscale_ridge_v1_skeleton_v1", "pixel_length": 30.971, "point_count": 10, "confidence": 0.7307, "review_status": "unreviewed"}, "geometry": {"type": "LineString", "coordinates": [[126.80804850425218, 36.44482175649773], [126.80809572532216, 36.44462987220755], [126.8081901674621, 36.44455311849148], [126.80828460960204, 36.444399611059325], [126.80828460960204, 36.444284480485216], [126.80837905174198, 36.44420772676914], [126.80837905174198, 36.44409259619503], [126.80828460960204, 36.444015842478954], [126.8081901674621, 36.444015842478954], [126.80804850425218, 36.44413097305307]]}}, {"type": "Feature", "properties": {"proposal_id": "visible-line-320", "tile_id": "174-cheongyang-labels", "sheet_id": "174-cheongyang", "split": "development", "proposal_kind": "visible_linework_review_only", "backend": "grayscale_ridge_v1_skeleton_v1", "pixel_length": 25.899, "point_count": 4, "confidence": 0.7842, "review_status": "unreviewed"}, "geometry": {"type": "LineString", "coordinates": [[126.80809572532216, 36.4555672767481], [126.80828460960204, 36.45595104532847], [126.80823738853206, 36.45633481390884], [126.80814294639212, 36.45644994448295]]}}, {"type": "Feature", "properties": {"proposal_id": "visible-line-321", "tile_id": "174-cheongyang-labels", "sheet_id": "174-cheongyang", "split": "development", "proposal_kind": "visible_linework_review_only", "backend": "grayscale_ridge_v1_skeleton_v1", "pixel_length": 20.314, "point_count": 4, "confidence": 0.7542, "review_status": "unreviewed"}, "geometry": {"type": "LineString", "coordinates": [[126.80814294639212, 36.42152700366926], [126.80837905174198, 36.42179564167552], [126.80866237816181, 36.42179564167552], [126.80880404137173, 36.42164213424337]]}}, {"type": "Feature", "properties": {"proposal_id": "visible-line-322", "tile_id": "174-cheongyang-labels", "sheet_id": "174-cheongyang", "split": "development", "proposal_kind": "visible_linework_review_only", "backend": "grayscale_ridge_v1_skeleton_v1", "pixel_length": 136.811, "point_count": 10, "confidence": 0.7612, "review_status": "unreviewed"}, "geometry": {"type": "LineString", "coordinates": [[126.8081901674621, 36.451537706654214], [126.8085207149519, 36.45169121408636], [126.80885126244169, 36.45199822895066], [126.80889848351167, 36.4521517363828], [126.80889848351167, 36.45314953469177], [126.80946513635132, 36.45399382556858], [126.80955957849127, 36.45479973958736], [126.80970124170119, 36.45503000073558], [126.81022067347087, 36.45552889989006], [126.81036233668078, 36.455989422186505]]}}, {"type": "Feature", "properties": {"proposal_id": "visible-line-323", "tile_id": "174-cheongyang-labels", "sheet_id": "174-cheongyang", "split": "development", "proposal_kind": "visible_linework_review_only", "backend": "grayscale_ridge_v1_skeleton_v1", "pixel_length": 71.77, "point_count": 7, "confidence": 0.8112, "review_status": "unreviewed"}, "geometry": {"type": "LineString", "coordinates": [[126.8081901674621, 36.43054556530796], [126.80823738853206, 36.43031530415974], [126.80880404137173, 36.429816405005255], [126.80885126244169, 36.429701274431146], [126.80880404137173, 36.429432636424885], [126.80833183067202, 36.428741852980224], [126.80828460960204, 36.4282045769677]]}}, {"type": "Feature", "properties": {"proposal_id": "visible-line-324", "tile_id": "174-cheongyang-labels", "sheet_id": "174-cheongyang", "split": "development", "proposal_kind": "visible_linework_review_only", "backend": "grayscale_ridge_v1_skeleton_v1", "pixel_length": 163.51, "point_count": 19, "confidence": 0.7855, "review_status": "unreviewed"}, "geometry": {"type": "LineString", "coordinates": [[126.8081901674621, 36.43054556530796], [126.80833183067202, 36.43073744959815], [126.80847349388192, 36.43081420331422], [126.80894570458165, 36.4313131024687], [126.80913458886153, 36.43127472561066], [126.80955957849127, 36.4310060876044], [126.80974846277115, 36.431044464462445], [126.80993734705105, 36.43119797189459], [126.81036233668078, 36.43188875533926], [126.81059844203064, 36.43200388591337], [126.81069288417059, 36.43200388591337], [126.81092898952045, 36.431812001623186], [126.81097621059041, 36.43165849419103], [126.81097621059041, 36.430583942165995], [126.8111650948703, 36.43035368101778], [126.81135397915018, 36.43031530415974], [126.81168452664, 36.43054556530796], [126.8118261898499, 36.43089095703029], [126.81201507412979, 36.431159595036554]]}}, {"type": "Feature", "properties": {"proposal_id": "visible-line-325", "tile_id": "174-cheongyang-labels", "sheet_id": "174-cheongyang", "split": "development", "proposal_kind": "visible_linework_review_only", "backend": "grayscale_ridge_v1_skeleton_v1", "pixel_length": 20.899, "point_count": 3, "confidence": 0.702, "review_status": "unreviewed"}, "geometry": {"type": "LineString", "coordinates": [[126.8081901674621, 36.42336909285504], [126.80847349388192, 36.42382961515148], [126.8085207149519, 36.4240598762997]]}}, {"type": "Feature", "properties": {"proposal_id": "visible-line-326", "tile_id": "174-cheongyang-labels", "sheet_id": "174-cheongyang", "split": "development", "proposal_kind": "visible_linework_review_only", "backend": "grayscale_ridge_v1_skeleton_v1", "pixel_length": 67.012, "point_count": 9, "confidence": 0.7095, "review_status": "unreviewed"}, "geometry": {"type": "LineString", "coordinates": [[126.80837905174198, 36.432119016487476], [126.80861515709184, 36.4323492776357], [126.80932347314142, 36.43254116192588], [126.8095123574213, 36.43273304621607], [126.8095123574213, 36.43292493050625], [126.80937069421138, 36.43311681479644], [126.80894570458165, 36.433462206518776], [126.80875682030175, 36.43353896023485], [126.80847349388192, 36.433577337092885]]}}, {"type": "Feature", "properties": {"proposal_id": "visible-line-327", "tile_id": "174-cheongyang-labels", "sheet_id": "174-cheongyang", "split": "development", "proposal_kind": "visible_linework_review_only", "backend": "grayscale_ridge_v1_skeleton_v1", "pixel_length": 20.485, "point_count": 3, "confidence": 0.7608, "review_status": "unreviewed"}, "geometry": {"type": "LineString", "coordinates": [[126.80842627281196, 36.42782080838733], [126.80866237816181, 36.42824295382574], [126.80870959923179, 36.428511591832]]}}, {"type": "Feature", "properties": {"proposal_id": "visible-line-328", "tile_id": "174-cheongyang-labels", "sheet_id": "174-cheongyang", "split": "development", "proposal_kind": "visible_linework_review_only", "backend": "grayscale_ridge_v1_skeleton_v1", "pixel_length": 24.728, "point_count": 5, "confidence": 0.7777, "review_status": "unreviewed"}, "geometry": {"type": "LineString", "coordinates": [[126.80842627281196, 36.420721089650485], [126.80861515709184, 36.42087459708263], [126.80866237816181, 36.42102810451478], [126.80885126244169, 36.421258365663], [126.80885126244169, 36.42152700366926]]}}, {"type": "Feature", "properties": {"proposal_id": "visible-line-329", "tile_id": "174-cheongyang-labels", "sheet_id": "174-cheongyang", "split": "development", "proposal_kind": "visible_linework_review_only", "backend": "grayscale_ridge_v1_skeleton_v1", "pixel_length": 34.071, "point_count": 5, "confidence": 0.7661, "review_status": "unreviewed"}, "geometry": {"type": "LineString", "coordinates": [[126.80866237816181, 36.45088530006758], [126.80866237816181, 36.45050153148721], [126.80885126244169, 36.45030964719703], [126.8095123574213, 36.45030964719703], [126.80955957849127, 36.45042477777114]]}}, {"type": "Feature", "properties": {"proposal_id": "visible-line-330", "tile_id": "174-cheongyang-labels", "sheet_id": "174-cheongyang", "split": "development", "proposal_kind": "visible_linework_review_only", "backend": "grayscale_ridge_v1_skeleton_v1", "pixel_length": 70.012, "point_count": 9, "confidence": 0.7087, "review_status": "unreviewed"}, "geometry": {"type": "LineString", "coordinates": [[126.80870959923179, 36.433961105673255], [126.80913458886153, 36.43380759824111], [126.80989012598107, 36.43327032222859], [126.81026789454084, 36.43315519165448], [126.81064566310062, 36.43315519165448], [126.81092898952045, 36.43323194537055], [126.81111787380033, 36.4333854528027], [126.81121231594027, 36.43353896023485], [126.81121231594027, 36.43365409080896]]}}, {"type": "Feature", "properties": {"proposal_id": "visible-line-331", "tile_id": "174-cheongyang-labels", "sheet_id": "174-cheongyang", "split": "development", "proposal_kind": "visible_linework_review_only", "backend": "grayscale_ridge_v1_skeleton_v1", "pixel_length": 23.971, "point_count": 4, "confidence": 0.7565, "review_status": "unreviewed"}, "geometry": {"type": "LineString", "coordinates": [[126.80875682030175, 36.42878022983826], [126.80880404137173, 36.42889536041237], [126.80908736779156, 36.42916399841863], [126.80932347314142, 36.429509390140964]]}}, {"type": "Feature", "properties": {"proposal_id": "visible-line-332", "tile_id": "174-cheongyang-labels", "sheet_id": "174-cheongyang", "split": "development", "proposal_kind": "visible_linework_review_only", "backend": "grayscale_ridge_v1_skeleton_v1", "pixel_length": 26.142, "point_count": 5, "confidence": 0.7129, "review_status": "unreviewed"}, "geometry": {"type": "LineString", "coordinates": [[126.80899292565161, 36.430583942165995], [126.80913458886153, 36.43062231902403], [126.80941791528136, 36.43050718844992], [126.80965402063121, 36.43050718844992], [126.80998456812101, 36.430775826456184]]}}, {"type": "Feature", "properties": {"proposal_id": "visible-line-333", "tile_id": "174-cheongyang-labels", "sheet_id": "174-cheongyang", "split": "development", "proposal_kind": "visible_linework_review_only", "backend": "grayscale_ridge_v1_skeleton_v1", "pixel_length": 22.314, "point_count": 5, "confidence": 0.6861, "review_status": "unreviewed"}, "geometry": {"type": "LineString", "coordinates": [[126.80899292565161, 36.430392057875814], [126.80899292565161, 36.43031530415974], [126.80932347314142, 36.42985478186329], [126.80932347314142, 36.429701274431146], [126.80937069421138, 36.42966289757311]]}}, {"type": "Feature", "properties": {"proposal_id": "visible-line-334", "tile_id": "174-cheongyang-labels", "sheet_id": "174-cheongyang", "split": "development", "proposal_kind": "visible_linework_review_only", "backend": "grayscale_ridge_v1_skeleton_v1", "pixel_length": 33.042, "point_count": 5, "confidence": 0.7344, "review_status": "unreviewed"}, "geometry": {"type": "LineString", "coordinates": [[126.80908736779156, 36.425748458053334], [126.80955957849127, 36.42617060349174], [126.80965402063121, 36.42640086463996], [126.80989012598107, 36.42655437207211], [126.81007901026095, 36.42659274893015]]}}, {"type": "Feature", "properties": {"proposal_id": "visible-line-335", "tile_id": "174-cheongyang-labels", "sheet_id": "174-cheongyang", "split": "development", "proposal_kind": "visible_linework_review_only", "backend": "grayscale_ridge_v1_skeleton_v1", "pixel_length": 20.142, "point_count": 2, "confidence": 0.7945, "review_status": "unreviewed"}, "geometry": {"type": "LineString", "coordinates": [[126.80908736779156, 36.420721089650485], [126.80955957849127, 36.42133511937907]]}}, {"type": "Feature", "properties": {"proposal_id": "visible-line-336", "tile_id": "174-cheongyang-labels", "sheet_id": "174-cheongyang", "split": "development", "proposal_kind": "visible_linework_review_only", "backend": "grayscale_ridge_v1_skeleton_v1", "pixel_length": 18.071, "point_count": 5, "confidence": 0.7232, "review_status": "unreviewed"}, "geometry": {"type": "LineString", "coordinates": [[126.80913458886153, 36.442365637583364], [126.80922903100146, 36.442365637583364], [126.80946513635132, 36.44248076815747], [126.8095123574213, 36.44259589873159], [126.80946513635132, 36.44282615987981]]}}, {"type": "Feature", "properties": {"proposal_id": "visible-line-337", "tile_id": "174-cheongyang-labels", "sheet_id": "174-cheongyang", "split": "development", "proposal_kind": "visible_linework_review_only", "backend": "grayscale_ridge_v1_skeleton_v1", "pixel_length": 91.397, "point_count": 6, "confidence": 0.7611, "review_status": "unreviewed"}, "geometry": {"type": "LineString", "coordinates": [[126.8091818099315, 36.45157608351225], [126.80993734705105, 36.45257388182121], [126.80998456812101, 36.45272738925336], [126.81022067347087, 36.45299602725962], [126.81040955775076, 36.45334141898195], [126.8111650948703, 36.45441597100699]]}}, {"type": "Feature", "properties": {"proposal_id": "visible-line-338", "tile_id": "174-cheongyang-labels", "sheet_id": "174-cheongyang", "split": "development", "proposal_kind": "visible_linework_review_only", "backend": "grayscale_ridge_v1_skeleton_v1", "pixel_length": 26.142, "point_count": 3, "confidence": 0.748, "review_status": "unreviewed"}, "geometry": {"type": "LineString", "coordinates": [[126.8091818099315, 36.42870347612218], [126.80965402063121, 36.42935588270881], [126.80965402063121, 36.429547766999]]}}, {"type": "Feature", "properties": {"proposal_id": "visible-line-339", "tile_id": "174-cheongyang-labels", "sheet_id": "174-cheongyang", "split": "development", "proposal_kind": "visible_linework_review_only", "backend": "grayscale_ridge_v1_skeleton_v1", "pixel_length": 25.142, "point_count": 3, "confidence": 0.7522, "review_status": "unreviewed"}, "geometry": {"type": "LineString", "coordinates": [[126.80927625207144, 36.4594049625518], [126.80979568384113, 36.459481716267874], [126.81022067347087, 36.45982710799021]]}}, {"type": "Feature", "properties": {"proposal_id": "visible-line-340", "tile_id": "174-cheongyang-labels", "sheet_id": "174-cheongyang", "split": "development", "proposal_kind": "visible_linework_review_only", "backend": "grayscale_ridge_v1_skeleton_v1", "pixel_length": 30.142, "point_count": 6, "confidence": 0.6848, "review_status": "unreviewed"}, "geometry": {"type": "LineString", "coordinates": [[126.80927625207144, 36.43177362476514], [126.80965402063121, 36.431812001623186], [126.80974846277115, 36.43188875533926], [126.80989012598107, 36.432195770203556], [126.81012623133093, 36.4323492776357], [126.81026789454084, 36.4323492776357]]}}, {"type": "Feature", "properties": {"proposal_id": "visible-line-341", "tile_id": "174-cheongyang-labels", "sheet_id": "174-cheongyang", "split": "development", "proposal_kind": "visible_linework_review_only", "backend": "grayscale_ridge_v1_skeleton_v1", "pixel_length": 20.556, "point_count": 3, "confidence": 0.731, "review_status": "unreviewed"}, "geometry": {"type": "LineString", "coordinates": [[126.80932347314142, 36.45506837759362], [126.80960679956124, 36.45533701559988], [126.8098429049111, 36.45568240732221]]}}, {"type": "Feature", "properties": {"proposal_id": "visible-line-342", "tile_id": "174-cheongyang-labels", "sheet_id": "174-cheongyang", "split": "development", "proposal_kind": "visible_linework_review_only", "backend": "grayscale_ridge_v1_skeleton_v1", "pixel_length": 20.899, "point_count": 6, "confidence": 0.6786, "review_status": "unreviewed"}, "geometry": {"type": "LineString", "coordinates": [[126.8095123574213, 36.45683371306332], [126.80970124170119, 36.45679533620528], [126.80979568384113, 36.45698722049547], [126.80979568384113, 36.45710235106958], [126.80970124170119, 36.45717910478565], [126.80955957849127, 36.45706397421154]]}}, {"type": "Feature", "properties": {"proposal_id": "visible-line-343", "tile_id": "174-cheongyang-labels", "sheet_id": "174-cheongyang", "split": "development", "proposal_kind": "visible_linework_review_only", "backend": "grayscale_ridge_v1_skeleton_v1", "pixel_length": 102.054, "point_count": 5, "confidence": 0.7702, "review_status": "unreviewed"}, "geometry": {"type": "LineString", "coordinates": [[126.8095123574213, 36.451537706654214], [126.8105039998907, 36.45291927354354], [126.81107065273035, 36.4538019412784], [126.81107065273035, 36.45387869499447], [126.81168452664, 36.454722985871285]]}}, {"type": "Feature", "properties": {"proposal_id": "visible-line-344", "tile_id": "174-cheongyang-labels", "sheet_id": "174-cheongyang", "split": "development", "proposal_kind": "visible_linework_review_only", "backend": "grayscale_ridge_v1_skeleton_v1", "pixel_length": 19.556, "point_count": 3, "confidence": 0.7061, "review_status": "unreviewed"}, "geometry": {"type": "LineString", "coordinates": [[126.80965402063121, 36.425364689472964], [126.80974846277115, 36.42551819690511], [126.8101734524009, 36.425940342343516]]}}, {"type": "Feature", "properties": {"proposal_id": "visible-line-345", "tile_id": "174-cheongyang-labels", "sheet_id": "174-cheongyang", "split": "development", "proposal_kind": "visible_linework_review_only", "backend": "grayscale_ridge_v1_skeleton_v1", "pixel_length": 33.799, "point_count": 5, "confidence": 0.764, "review_status": "unreviewed"}, "geometry": {"type": "LineString", "coordinates": [[126.80965402063121, 36.421603757385334], [126.8098429049111, 36.421987525965704], [126.81003178919099, 36.42217941025589], [126.81055122096068, 36.42240967140411], [126.81064566310062, 36.42240967140411]]}}, {"type": "Feature", "properties": {"proposal_id": "visible-line-346", "tile_id": "174-cheongyang-labels", "sheet_id": "174-cheongyang", "split": "development", "proposal_kind": "visible_linework_review_only", "backend": "grayscale_ridge_v1_skeleton_v1", "pixel_length": 21.142, "point_count": 3, "confidence": 0.776, "review_status": "unreviewed"}, "geometry": {"type": "LineString", "coordinates": [[126.80970124170119, 36.45879093282321], [126.8098429049111, 36.45894444025536], [126.81045677882072, 36.45921307826162]]}}, {"type": "Feature", "properties": {"proposal_id": "visible-line-347", "tile_id": "174-cheongyang-labels", "sheet_id": "174-cheongyang", "split": "development", "proposal_kind": "visible_linework_review_only", "backend": "grayscale_ridge_v1_skeleton_v1", "pixel_length": 20.728, "point_count": 5, "confidence": 0.7444, "review_status": "unreviewed"}, "geometry": {"type": "LineString", "coordinates": [[126.80970124170119, 36.43438325111166], [126.81012623133093, 36.43411461310541], [126.81026789454084, 36.43411461310541], [126.81036233668078, 36.43419136682148], [126.81036233668078, 36.43430649739559]]}}, {"type": "Feature", "properties": {"proposal_id": "visible-line-348", "tile_id": "174-cheongyang-labels", "sheet_id": "174-cheongyang", "split": "development", "proposal_kind": "visible_linework_review_only", "backend": "grayscale_ridge_v1_skeleton_v1", "pixel_length": 19.485, "point_count": 5, "confidence": 0.6619, "review_status": "unreviewed"}, "geometry": {"type": "LineString", "coordinates": [[126.80974846277115, 36.43852795177966], [126.80989012598107, 36.4385663286377], [126.81022067347087, 36.43852795177966], [126.81040955775076, 36.43841282120555], [126.81045677882072, 36.43829769063144]]}}, {"type": "Feature", "properties": {"proposal_id": "visible-line-349", "tile_id": "174-cheongyang-labels", "sheet_id": "174-cheongyang", "split": "development", "proposal_kind": "visible_linework_review_only", "backend": "grayscale_ridge_v1_skeleton_v1", "pixel_length": 105.054, "point_count": 13, "confidence": 0.7316, "review_status": "unreviewed"}, "geometry": {"type": "LineString", "coordinates": [[126.8098429049111, 36.44616494652903], [126.80998456812101, 36.446318453961176], [126.8101734524009, 36.446318453961176], [126.81045677882072, 36.44608819281296], [126.81055122096068, 36.44585793166473], [126.81074010524055, 36.44570442423259], [126.8111650948703, 36.44509039450399], [126.81159008450004, 36.44474500278166], [126.81177896877993, 36.444783379639695], [126.81187341091987, 36.44509039450399], [126.81225117947965, 36.44562767051651], [126.81225117947965, 36.44589630852277], [126.8121567373397, 36.446049815954915]]}}, {"type": "Feature", "properties": {"proposal_id": "visible-line-350", "tile_id": "174-cheongyang-labels", "sheet_id": "174-cheongyang", "split": "development", "proposal_kind": "visible_linework_review_only", "backend": "grayscale_ridge_v1_skeleton_v1", "pixel_length": 18.243, "point_count": 5, "confidence": 0.8074, "review_status": "unreviewed"}, "geometry": {"type": "LineString", "coordinates": [[126.81007901026095, 36.43875821292789], [126.81012623133093, 36.43879658978592], [126.8101734524009, 36.43875821292789], [126.8108345473805, 36.43875821292789], [126.81088176845047, 36.43879658978592]]}}, {"type": "Feature", "properties": {"proposal_id": "visible-line-351", "tile_id": "174-cheongyang-labels", "sheet_id": "174-cheongyang", "split": "development", "proposal_kind": "visible_linework_review_only", "backend": "grayscale_ridge_v1_skeleton_v1", "pixel_length": 19.828, "point_count": 3, "confidence": 0.6724, "review_status": "unreviewed"}, "geometry": {"type": "LineString", "coordinates": [[126.81007901026095, 36.428933737270405], [126.8101734524009, 36.429125621560594], [126.8101734524009, 36.42966289757311]]}}, {"type": "Feature", "properties": {"proposal_id": "visible-line-352", "tile_id": "174-cheongyang-labels", "sheet_id": "174-cheongyang", "split": "development", "proposal_kind": "visible_linework_review_only", "backend": "grayscale_ridge_v1_skeleton_v1", "pixel_length": 43.042, "point_count": 5, "confidence": 0.7538, "review_status": "unreviewed"}, "geometry": {"type": "LineString", "coordinates": [[126.81007901026095, 36.421258365663], [126.8101734524009, 36.4215653805273], [126.81036233668078, 36.421872395391595], [126.81088176845047, 36.42217941025589], [126.81130675808022, 36.42229454083]]}}, {"type": "Feature", "properties": {"proposal_id": "visible-line-353", "tile_id": "174-cheongyang-labels", "sheet_id": "174-cheongyang", "split": "development", "proposal_kind": "visible_linework_review_only", "backend": "grayscale_ridge_v1_skeleton_v1", "pixel_length": 48.255, "point_count": 2, "confidence": 0.7098, "review_status": "unreviewed"}, "geometry": {"type": "LineString", "coordinates": [[126.81026789454084, 36.45146095293814], [126.81187341091987, 36.45272738925336]]}}, {"type": "Feature", "properties": {"proposal_id": "visible-line-354", "tile_id": "174-cheongyang-labels", "sheet_id": "174-cheongyang", "split": "development", "proposal_kind": "visible_linework_review_only", "backend": "grayscale_ridge_v1_skeleton_v1", "pixel_length": 124.113, "point_count": 15, "confidence": 0.783, "review_status": "unreviewed"}, "geometry": {"type": "LineString", "coordinates": [[126.81040955775076, 36.45030964719703], [126.81088176845047, 36.45042477777114], [126.81125953701024, 36.45042477777114], [126.81177896877993, 36.45061666206132], [126.81239284268956, 36.45061666206132], [126.81277061124933, 36.45073179263544], [126.8131483798091, 36.45073179263544], [126.81338448515896, 36.45065503891936], [126.81366781157878, 36.45065503891936], [126.81423446441845, 36.45080854635151], [126.8148011172581, 36.450770169493474], [126.81484833832808, 36.45080854635151], [126.81513166474791, 36.45080854635151], [126.8154622122377, 36.45092367692562], [126.81583998079748, 36.45092367692562]]}}, {"type": "Feature", "properties": {"proposal_id": "visible-line-355", "tile_id": "174-cheongyang-labels", "sheet_id": "174-cheongyang", "split": "development", "proposal_kind": "visible_linework_review_only", "backend": "grayscale_ridge_v1_skeleton_v1", "pixel_length": 20.485, "point_count": 3, "confidence": 0.8124, "review_status": "unreviewed"}, "geometry": {"type": "LineString", "coordinates": [[126.81040955775076, 36.44961886375236], [126.8108345473805, 36.44977237118451], [126.81125953701024, 36.44984912490058]]}}, {"type": "Feature", "properties": {"proposal_id": "visible-line-356", "tile_id": "174-cheongyang-labels", "sheet_id": "174-cheongyang", "split": "development", "proposal_kind": "visible_linework_review_only", "backend": "grayscale_ridge_v1_skeleton_v1", "pixel_length": 24.899, "point_count": 3, "confidence": 0.7652, "review_status": "unreviewed"}, "geometry": {"type": "LineString", "coordinates": [[126.81045677882072, 36.44938860260414], [126.81074010524055, 36.44950373317825], [126.8114956423601, 36.4496572406104]]}}, {"type": "Feature", "properties": {"proposal_id": "visible-line-357", "tile_id": "174-cheongyang-labels", "sheet_id": "174-cheongyang", "split": "development", "proposal_kind": "visible_linework_review_only", "backend": "grayscale_ridge_v1_skeleton_v1", "pixel_length": 53.012, "point_count": 6, "confidence": 0.8024, "review_status": "unreviewed"}, "geometry": {"type": "LineString", "coordinates": [[126.8105039998907, 36.45648832134099], [126.81078732631053, 36.456756959347246], [126.81111787380033, 36.456948843637434], [126.81177896877993, 36.45721748164369], [126.8121567373397, 36.457524496507986], [126.81239284268956, 36.4576396270821]]}}, {"type": "Feature", "properties": {"proposal_id": "visible-line-358", "tile_id": "174-cheongyang-labels", "sheet_id": "174-cheongyang", "split": "development", "proposal_kind": "visible_linework_review_only", "backend": "grayscale_ridge_v1_skeleton_v1", "pixel_length": 47.113, "point_count": 6, "confidence": 0.7487, "review_status": "unreviewed"}, "geometry": {"type": "LineString", "coordinates": [[126.8105039998907, 36.42133511937907], [126.81069288417059, 36.421603757385334], [126.81097621059041, 36.42183401853356], [126.81135397915018, 36.42202590282374], [126.81168452664, 36.42210265653981], [126.8121567373397, 36.42229454083]]}}, {"type": "Feature", "properties": {"proposal_id": "visible-line-359", "tile_id": "174-cheongyang-labels", "sheet_id": "174-cheongyang", "split": "development", "proposal_kind": "visible_linework_review_only", "backend": "grayscale_ridge_v1_skeleton_v1", "pixel_length": 18.314, "point_count": 4, "confidence": 0.8015, "review_status": "unreviewed"}, "geometry": {"type": "LineString", "coordinates": [[126.81055122096068, 36.45932820883573], [126.81078732631053, 36.45955846998395], [126.81088176845047, 36.45978873113217], [126.81102343166039, 36.45982710799021]]}}, {"type": "Feature", "properties": {"proposal_id": "visible-line-360", "tile_id": "174-cheongyang-labels", "sheet_id": "174-cheongyang", "split": "development", "proposal_kind": "visible_linework_review_only", "backend": "grayscale_ridge_v1_skeleton_v1", "pixel_length": 33.799, "point_count": 5, "confidence": 0.7055, "review_status": "unreviewed"}, "geometry": {"type": "LineString", "coordinates": [[126.81055122096068, 36.4323492776357], [126.8108345473805, 36.4323492776357], [126.81111787380033, 36.43223414706159], [126.81168452664, 36.43185037848122], [126.81187341091987, 36.431812001623186]]}}, {"type": "Feature", "properties": {"proposal_id": "visible-line-361", "tile_id": "174-cheongyang-labels", "sheet_id": "174-cheongyang", "split": "development", "proposal_kind": "visible_linework_review_only", "backend": "grayscale_ridge_v1_skeleton_v1", "pixel_length": 20.142, "point_count": 4, "confidence": 0.6835, "review_status": "unreviewed"}, "geometry": {"type": "LineString", "coordinates": [[126.8108345473805, 36.42298532427467], [126.81135397915018, 36.42329233913896], [126.8114956423601, 36.42329233913896], [126.81159008450004, 36.42321558542289]]}}, {"type": "Feature", "properties": {"proposal_id": "visible-line-362", "tile_id": "174-cheongyang-labels", "sheet_id": "174-cheongyang", "split": "development", "proposal_kind": "visible_linework_review_only", "backend": "grayscale_ridge_v1_skeleton_v1", "pixel_length": 21.485, "point_count": 5, "confidence": 0.6561, "review_status": "unreviewed"}, "geometry": {"type": "LineString", "coordinates": [[126.81092898952045, 36.43741502289659], [126.81102343166039, 36.43749177661266], [126.81140120022016, 36.437606907186776], [126.81173174770996, 36.437606907186776], [126.8118261898499, 36.43756853032873]]}}, {"type": "Feature", "properties": {"proposal_id": "visible-line-363", "tile_id": "174-cheongyang-labels", "sheet_id": "174-cheongyang", "split": "development", "proposal_kind": "visible_linework_review_only", "backend": "grayscale_ridge_v1_skeleton_v1", "pixel_length": 104.497, "point_count": 9, "confidence": 0.7438, "review_status": "unreviewed"}, "geometry": {"type": "LineString", "coordinates": [[126.81097621059041, 36.43591832543314], [126.81111787380033, 36.43630209401351], [126.81140120022016, 36.43653235516174], [126.81168452664, 36.43664748573585], [126.81229840054962, 36.43668586259388], [126.81329004301902, 36.436954500600145], [126.81357336943884, 36.43691612374211], [126.81428168548842, 36.436570732019774], [126.81489555939805, 36.436378847729586]]}}, {"type": "Feature", "properties": {"proposal_id": "visible-line-364", "tile_id": "174-cheongyang-labels", "sheet_id": "174-cheongyang", "split": "development", "proposal_kind": "visible_linework_review_only", "backend": "grayscale_ridge_v1_skeleton_v1", "pixel_length": 61.142, "point_count": 10, "confidence": 0.6849, "review_status": "unreviewed"}, "geometry": {"type": "LineString", "coordinates": [[126.81111787380033, 36.457908265088356], [126.81130675808022, 36.45802339566247], [126.81135397915018, 36.45875255596517], [126.81140120022016, 36.45879093282321], [126.81168452664, 36.45879093282321], [126.81177896877993, 36.458867686539286], [126.81173174770996, 36.458982817113395], [126.81177896877993, 36.45902119397143], [126.81177896877993, 36.4597119774161], [126.81163730557002, 36.459750354274135]]}}, {"type": "Feature", "properties": {"proposal_id": "visible-line-365", "tile_id": "174-cheongyang-labels", "sheet_id": "174-cheongyang", "split": "development", "proposal_kind": "visible_linework_review_only", "backend": "grayscale_ridge_v1_skeleton_v1", "pixel_length": 20.314, "point_count": 3, "confidence": 0.7532, "review_status": "unreviewed"}, "geometry": {"type": "LineString", "coordinates": [[126.8111650948703, 36.42601709605959], [126.81135397915018, 36.42617060349174], [126.81196785305981, 36.426324110923886]]}}, {"type": "Feature", "properties": {"proposal_id": "visible-line-366", "tile_id": "174-cheongyang-labels", "sheet_id": "174-cheongyang", "split": "development", "proposal_kind": "visible_linework_review_only", "backend": "grayscale_ridge_v1_skeleton_v1", "pixel_length": 26.556, "point_count": 5, "confidence": 0.7656, "review_status": "unreviewed"}, "geometry": {"type": "LineString", "coordinates": [[126.81121231594027, 36.454531101581104], [126.81130675808022, 36.454607855297176], [126.81130675808022, 36.45468460901325], [126.81154286343008, 36.45499162387755], [126.81173174770996, 36.45537539245792]]}}, {"type": "Feature", "properties": {"proposal_id": "visible-line-367", "tile_id": "174-cheongyang-labels", "sheet_id": "174-cheongyang", "split": "development", "proposal_kind": "visible_linework_review_only", "backend": "grayscale_ridge_v1_skeleton_v1", "pixel_length": 36.971, "point_count": 6, "confidence": 0.7815, "review_status": "unreviewed"}, "geometry": {"type": "LineString", "coordinates": [[126.81135397915018, 36.42152700366926], [126.81140120022016, 36.421258365663], [126.81159008450004, 36.421104858230855], [126.81220395840967, 36.42114323508889], [126.81239284268956, 36.421219988804964], [126.81258172696944, 36.42137349623711]]}}, {"type": "Feature", "properties": {"proposal_id": "visible-line-368", "tile_id": "174-cheongyang-labels", "sheet_id": "174-cheongyang", "split": "development", "proposal_kind": "visible_linework_review_only", "backend": "grayscale_ridge_v1_skeleton_v1", "pixel_length": 45.042, "point_count": 11, "confidence": 0.7812, "review_status": "unreviewed"}, "geometry": {"type": "LineString", "coordinates": [[126.81135397915018, 36.42152700366926], [126.81144842129012, 36.42168051110141], [126.81168452664, 36.42183401853356], [126.81196785305981, 36.42191077224963], [126.8121567373397, 36.42191077224963], [126.81229840054962, 36.421987525965704], [126.81234562161958, 36.42194914910767], [126.81253450589948, 36.42194914910767], [126.81267616910938, 36.42183401853356], [126.81272339017936, 36.42168051110141], [126.81262894803942, 36.42152700366926]]}}, {"type": "Feature", "properties": {"proposal_id": "visible-line-369", "tile_id": "174-cheongyang-labels", "sheet_id": "174-cheongyang", "split": "development", "proposal_kind": "visible_linework_review_only", "backend": "grayscale_ridge_v1_skeleton_v1", "pixel_length": 34.485, "point_count": 5, "confidence": 0.7335, "review_status": "unreviewed"}, "geometry": {"type": "LineString", "coordinates": [[126.81144842129012, 36.44988750175862], [126.81187341091987, 36.44992587861666], [126.81210951626973, 36.45000263233273], [126.81244006375952, 36.45000263233273], [126.81295949552921, 36.45011776290684]]}}, {"type": "Feature", "properties": {"proposal_id": "visible-line-370", "tile_id": "174-cheongyang-labels", "sheet_id": "174-cheongyang", "split": "development", "proposal_kind": "visible_linework_review_only", "backend": "grayscale_ridge_v1_skeleton_v1", "pixel_length": 29.213, "point_count": 2, "confidence": 0.7608, "review_status": "unreviewed"}, "geometry": {"type": "LineString", "coordinates": [[126.8118261898499, 36.45552889989006], [126.81253450589948, 36.45641156762491]]}}, {"type": "Feature", "properties": {"proposal_id": "visible-line-371", "tile_id": "174-cheongyang-labels", "sheet_id": "174-cheongyang", "split": "development", "proposal_kind": "visible_linework_review_only", "backend": "grayscale_ridge_v1_skeleton_v1", "pixel_length": 24.657, "point_count": 3, "confidence": 0.7044, "review_status": "unreviewed"}, "geometry": {"type": "LineString", "coordinates": [[126.81187341091987, 36.432310900777665], [126.81239284268956, 36.432195770203556], [126.81295949552921, 36.43215739334551]]}}, {"type": "Feature", "properties": {"proposal_id": "visible-line-372", "tile_id": "174-cheongyang-labels", "sheet_id": "174-cheongyang", "split": "development", "proposal_kind": "visible_linework_review_only", "backend": "grayscale_ridge_v1_skeleton_v1", "pixel_length": 25.971, "point_count": 5, "confidence": 0.7251, "review_status": "unreviewed"}, "geometry": {"type": "LineString", "coordinates": [[126.81192063198985, 36.4437472044727], [126.81206229519975, 36.44367045075662], [126.81220395840967, 36.44367045075662], [126.8124872848295, 36.44393908876288], [126.81267616910938, 36.44424610362718]]}}, {"type": "Feature", "properties": {"proposal_id": "visible-line-373", "tile_id": "174-cheongyang-labels", "sheet_id": "174-cheongyang", "split": "development", "proposal_kind": "visible_linework_review_only", "backend": "grayscale_ridge_v1_skeleton_v1", "pixel_length": 40.971, "point_count": 6, "confidence": 0.7744, "review_status": "unreviewed"}, "geometry": {"type": "LineString", "coordinates": [[126.81196785305981, 36.44221213015122], [126.81201507412979, 36.44182836157085], [126.81229840054962, 36.441482969848515], [126.81244006375952, 36.441214331842254], [126.81244006375952, 36.44094569383599], [126.81234562161958, 36.44083056326188]]}}, {"type": "Feature", "properties": {"proposal_id": "visible-line-374", "tile_id": "174-cheongyang-labels", "sheet_id": "174-cheongyang", "split": "development", "proposal_kind": "visible_linework_review_only", "backend": "grayscale_ridge_v1_skeleton_v1", "pixel_length": 32.213, "point_count": 2, "confidence": 0.7714, "review_status": "unreviewed"}, "geometry": {"type": "LineString", "coordinates": [[126.81201507412979, 36.45529863874184], [126.81272339017936, 36.4562964370508]]}}, {"type": "Feature", "properties": {"proposal_id": "visible-line-375", "tile_id": "174-cheongyang-labels", "sheet_id": "174-cheongyang", "split": "development", "proposal_kind": "visible_linework_review_only", "backend": "grayscale_ridge_v1_skeleton_v1", "pixel_length": 19.314, "point_count": 3, "confidence": 0.7915, "review_status": "unreviewed"}, "geometry": {"type": "LineString", "coordinates": [[126.81201507412979, 36.44658709196744], [126.81220395840967, 36.44677897625762], [126.81272339017936, 36.44693248368977]]}}, {"type": "Feature", "properties": {"proposal_id": "visible-line-376", "tile_id": "174-cheongyang-labels", "sheet_id": "174-cheongyang", "split": "development", "proposal_kind": "visible_linework_review_only", "backend": "grayscale_ridge_v1_skeleton_v1", "pixel_length": 31.071, "point_count": 5, "confidence": 0.7475, "review_status": "unreviewed"}, "geometry": {"type": "LineString", "coordinates": [[126.81210951626973, 36.44977237118451], [126.81262894803942, 36.449810748042545], [126.81267616910938, 36.44984912490058], [126.8131483798091, 36.44988750175862], [126.8134789272989, 36.4499642554747]]}}, {"type": "Feature", "properties": {"proposal_id": "visible-line-377", "tile_id": "174-cheongyang-labels", "sheet_id": "174-cheongyang", "split": "development", "proposal_kind": "visible_linework_review_only", "backend": "grayscale_ridge_v1_skeleton_v1", "pixel_length": 158.468, "point_count": 19, "confidence": 0.758, "review_status": "unreviewed"}, "geometry": {"type": "LineString", "coordinates": [[126.81210951626973, 36.43127472561066], [126.81229840054962, 36.431428233042816], [126.81244006375952, 36.43146660990085], [126.81267616910938, 36.43146660990085], [126.81272339017936, 36.431428233042816], [126.81272339017936, 36.431351479326736], [126.8124872848295, 36.431159595036554], [126.81220395840967, 36.43073744959815], [126.8121567373397, 36.43035368101778], [126.81225117947965, 36.430200173585625], [126.81295949552921, 36.42962452071507], [126.81291227445925, 36.42847321497396], [126.81305393766915, 36.4282045769677], [126.81338448515896, 36.42797431581948], [126.81399835906859, 36.42797431581948], [126.81404558013855, 36.42801269267752], [126.81437612762836, 36.42801269267752], [126.81442334869833, 36.428051069535556], [126.81499000153799, 36.42801269267752]]}}, {"type": "Feature", "properties": {"proposal_id": "visible-line-378", "tile_id": "174-cheongyang-labels", "sheet_id": "174-cheongyang", "split": "development", "proposal_kind": "visible_linework_review_only", "backend": "grayscale_ridge_v1_skeleton_v1", "pixel_length": 43.385, "point_count": 7, "confidence": 0.7592, "review_status": "unreviewed"}, "geometry": {"type": "LineString", "coordinates": [[126.8121567373397, 36.44244239129944], [126.81220395840967, 36.44248076815747], [126.8124872848295, 36.44248076815747], [126.81291227445925, 36.442250507009256], [126.81319560087907, 36.442173753293176], [126.81329004301902, 36.442250507009256], [126.81319560087907, 36.44278778302177]]}}, {"type": "Feature", "properties": {"proposal_id": "visible-line-379", "tile_id": "174-cheongyang-labels", "sheet_id": "174-cheongyang", "split": "development", "proposal_kind": "visible_linework_review_only", "backend": "grayscale_ridge_v1_skeleton_v1", "pixel_length": 20.142, "point_count": 3, "confidence": 0.7112, "review_status": "unreviewed"}, "geometry": {"type": "LineString", "coordinates": [[126.81220395840967, 36.44297966731196], [126.81277061124933, 36.442634275589626], [126.81295949552921, 36.44259589873159]]}}, {"type": "Feature", "properties": {"proposal_id": "visible-line-380", "tile_id": "174-cheongyang-labels", "sheet_id": "174-cheongyang", "split": "development", "proposal_kind": "visible_linework_review_only", "backend": "grayscale_ridge_v1_skeleton_v1", "pixel_length": 61.698, "point_count": 8, "confidence": 0.7226, "review_status": "unreviewed"}, "geometry": {"type": "LineString", "coordinates": [[126.81229840054962, 36.439947895527034], [126.81310115873913, 36.43979438809488], [126.81329004301902, 36.43971763437881], [126.81362059050882, 36.43971763437881], [126.81395113799861, 36.439909518669], [126.81428168548842, 36.440331664107404], [126.81451779083828, 36.44044679468151], [126.81461223297822, 36.44044679468151]]}}, {"type": "Feature", "properties": {"proposal_id": "visible-line-381", "tile_id": "174-cheongyang-labels", "sheet_id": "174-cheongyang", "split": "development", "proposal_kind": "visible_linework_review_only", "backend": "grayscale_ridge_v1_skeleton_v1", "pixel_length": 34.456, "point_count": 6, "confidence": 0.7141, "review_status": "unreviewed"}, "geometry": {"type": "LineString", "coordinates": [[126.81229840054962, 36.42240967140411], [126.81239284268956, 36.422486425120184], [126.81239284268956, 36.42256317883626], [126.81253450589948, 36.422755063126445], [126.81305393766915, 36.42321558542289], [126.8131483798091, 36.42344584657111]]}}, {"type": "Feature", "properties": {"proposal_id": "visible-line-382", "tile_id": "174-cheongyang-labels", "sheet_id": "174-cheongyang", "split": "development", "proposal_kind": "visible_linework_review_only", "backend": "grayscale_ridge_v1_skeleton_v1", "pixel_length": 21.657, "point_count": 4, "confidence": 0.6979, "review_status": "unreviewed"}, "geometry": {"type": "LineString", "coordinates": [[126.81253450589948, 36.45767800394014], [126.81258172696944, 36.457716380798175], [126.81258172696944, 36.45794664194639], [126.81272339017936, 36.45844554110088]]}}, {"type": "Feature", "properties": {"proposal_id": "visible-line-383", "tile_id": "174-cheongyang-labels", "sheet_id": "174-cheongyang", "split": "development", "proposal_kind": "visible_linework_review_only", "backend": "grayscale_ridge_v1_skeleton_v1", "pixel_length": 33.042, "point_count": 4, "confidence": 0.7316, "review_status": "unreviewed"}, "geometry": {"type": "LineString", "coordinates": [[126.81253450589948, 36.43073744959815], [126.81277061124933, 36.43112121817852], [126.81333726408899, 36.431543363616925], [126.81338448515896, 36.43169687104907]]}}, {"type": "Feature", "properties": {"proposal_id": "visible-line-384", "tile_id": "174-cheongyang-labels", "sheet_id": "174-cheongyang", "split": "development", "proposal_kind": "visible_linework_review_only", "backend": "grayscale_ridge_v1_skeleton_v1", "pixel_length": 20.728, "point_count": 5, "confidence": 0.6767, "review_status": "unreviewed"}, "geometry": {"type": "LineString", "coordinates": [[126.81253450589948, 36.42686138693641], [126.81267616910938, 36.42697651751052], [126.81300671659919, 36.42709164808463], [126.81319560087907, 36.42709164808463], [126.81333726408899, 36.42720677865874]]}}, {"type": "Feature", "properties": {"proposal_id": "visible-line-385", "tile_id": "174-cheongyang-labels", "sheet_id": "174-cheongyang", "split": "development", "proposal_kind": "visible_linework_review_only", "backend": "grayscale_ridge_v1_skeleton_v1", "pixel_length": 18.657, "point_count": 2, "confidence": 0.7185, "review_status": "unreviewed"}, "geometry": {"type": "LineString", "coordinates": [[126.81262894803942, 36.43246440820981], [126.81343170622893, 36.432310900777665]]}}, {"type": "Feature", "properties": {"proposal_id": "visible-line-386", "tile_id": "174-cheongyang-labels", "sheet_id": "174-cheongyang", "split": "development", "proposal_kind": "visible_linework_review_only", "backend": "grayscale_ridge_v1_skeleton_v1", "pixel_length": 174.61, "point_count": 18, "confidence": 0.7702, "review_status": "unreviewed"}, "geometry": {"type": "LineString", "coordinates": [[126.81291227445925, 36.434344874253625], [126.81291227445925, 36.433961105673255], [126.81300671659919, 36.43373084452504], [126.81305393766915, 36.43315519165448], [126.81310115873913, 36.433078437938406], [126.81338448515896, 36.43284817679018], [126.8138094747887, 36.43273304621607], [126.81513166474791, 36.43254116192588], [126.81536777009777, 36.432310900777665], [126.81541499116773, 36.43215739334551], [126.81565109651758, 36.431812001623186], [126.81565109651758, 36.43158174047496], [126.81503722260796, 36.431159595036554], [126.81499000153799, 36.4310060876044], [126.81532054902779, 36.430660695882075], [126.81550943330768, 36.43031530415974], [126.81569831758756, 36.43016179672759], [126.81621774935725, 36.43012341986955]]}}, {"type": "Feature", "properties": {"proposal_id": "visible-line-387", "tile_id": "174-cheongyang-labels", "sheet_id": "174-cheongyang", "split": "development", "proposal_kind": "visible_linework_review_only", "backend": "grayscale_ridge_v1_skeleton_v1", "pixel_length": 30.385, "point_count": 5, "confidence": 0.7979, "review_status": "unreviewed"}, "geometry": {"type": "LineString", "coordinates": [[126.81291227445925, 36.434344874253625], [126.81305393766915, 36.43461351225989], [126.81329004301902, 36.43488215026615], [126.81362059050882, 36.43507403455633], [126.8138094747887, 36.43507403455633]]}}, {"type": "Feature", "properties": {"proposal_id": "visible-line-388", "tile_id": "174-cheongyang-labels", "sheet_id": "174-cheongyang", "split": "development", "proposal_kind": "visible_linework_review_only", "backend": "grayscale_ridge_v1_skeleton_v1", "pixel_length": 318.12, "point_count": 39, "confidence": 0.7572, "review_status": "unreviewed"}, "geometry": {"type": "LineString", "coordinates": [[126.81295949552921, 36.424597152312224], [126.81300671659919, 36.42444364488007], [126.81329004301902, 36.42421338373185], [126.81352614836888, 36.42413663001578], [126.81376225371874, 36.42394474572559], [126.81376225371874, 36.42367610771933], [126.81343170622893, 36.42306207799074], [126.81343170622893, 36.422946947416634], [126.81366781157878, 36.42267830941037], [126.81390391692865, 36.42267830941037], [126.81409280120853, 36.422755063126445], [126.81428168548842, 36.42290857055859], [126.81451779083828, 36.42348422342915], [126.81503722260796, 36.423906368867556], [126.81536777009777, 36.42398312258363], [126.81565109651758, 36.42398312258363], [126.81583998079748, 36.42394474572559], [126.81635941256717, 36.42367610771933], [126.81664273898699, 36.423637730861294], [126.81668996005696, 36.42367610771933], [126.81692606540682, 36.42367610771933], [126.81720939182665, 36.42379123829345], [126.81735105503657, 36.423906368867556], [126.81753993931645, 36.42394474572559], [126.81768160252636, 36.42382961515148], [126.81763438145639, 36.42348422342915], [126.81744549717651, 36.42306207799074], [126.81716217075667, 36.422639932552336], [126.81716217075667, 36.42240967140411], [126.81744549717651, 36.42217941025589], [126.81805937108614, 36.42221778711393], [126.81867324499576, 36.422486425120184], [126.81909823462551, 36.422755063126445], [126.81933433997537, 36.42283181684252], [126.81952322425525, 36.42271668626841], [126.81971210853514, 36.422371294546075], [126.82004265602494, 36.42202590282374], [126.82037320351473, 36.421872395391595], [126.82070375100454, 36.421872395391595]]}}, {"type": "Feature", "properties": {"proposal_id": "visible-line-389", "tile_id": "174-cheongyang-labels", "sheet_id": "174-cheongyang", "split": "development", "proposal_kind": "visible_linework_review_only", "backend": "grayscale_ridge_v1_skeleton_v1", "pixel_length": 51.284, "point_count": 6, "confidence": 0.7358, "review_status": "unreviewed"}, "geometry": {"type": "LineString", "coordinates": [[126.81295949552921, 36.424597152312224], [126.81319560087907, 36.42482741346044], [126.81395113799861, 36.42494254403456], [126.81456501190824, 36.425172805182775], [126.8148011172581, 36.425364689472964], [126.81484833832808, 36.42547982004707]]}}, {"type": "Feature", "properties": {"proposal_id": "visible-line-390", "tile_id": "174-cheongyang-labels", "sheet_id": "174-cheongyang", "split": "development", "proposal_kind": "visible_linework_review_only", "backend": "grayscale_ridge_v1_skeleton_v1", "pixel_length": 28.799, "point_count": 4, "confidence": 0.7358, "review_status": "unreviewed"}, "geometry": {"type": "LineString", "coordinates": [[126.81300671659919, 36.43073744959815], [126.81319560087907, 36.43112121817852], [126.8134789272989, 36.431351479326736], [126.8138094747887, 36.43150498675889]]}}, {"type": "Feature", "properties": {"proposal_id": "visible-line-391", "tile_id": "174-cheongyang-labels", "sheet_id": "174-cheongyang", "split": "development", "proposal_kind": "visible_linework_review_only", "backend": "grayscale_ridge_v1_skeleton_v1", "pixel_length": 20.071, "point_count": 3, "confidence": 0.6883, "review_status": "unreviewed"}, "geometry": {"type": "LineString", "coordinates": [[126.81305393766915, 36.44839080429518], [126.81319560087907, 36.44823729686303], [126.81310115873913, 36.44770002085051]]}}, {"type": "Feature", "properties": {"proposal_id": "visible-line-392", "tile_id": "174-cheongyang-labels", "sheet_id": "174-cheongyang", "split": "development", "proposal_kind": "visible_linework_review_only", "backend": "grayscale_ridge_v1_skeleton_v1", "pixel_length": 46.284, "point_count": 7, "confidence": 0.74, "review_status": "unreviewed"}, "geometry": {"type": "LineString", "coordinates": [[126.81319560087907, 36.45706397421154], [126.81329004301902, 36.457140727927616], [126.81329004301902, 36.45721748164369], [126.81352614836888, 36.45756287336602], [126.8138094747887, 36.45775475765621], [126.8138094747887, 36.45794664194639], [126.81418724334847, 36.458483917958915]]}}, {"type": "Feature", "properties": {"proposal_id": "visible-line-393", "tile_id": "174-cheongyang-labels", "sheet_id": "174-cheongyang", "split": "development", "proposal_kind": "visible_linework_review_only", "backend": "grayscale_ridge_v1_skeleton_v1", "pixel_length": 18.657, "point_count": 3, "confidence": 0.7434, "review_status": "unreviewed"}, "geometry": {"type": "LineString", "coordinates": [[126.81319560087907, 36.42996991243741], [126.81333726408899, 36.42977802814722], [126.81329004301902, 36.429317505850776]]}}, {"type": "Feature", "properties": {"proposal_id": "visible-line-394", "tile_id": "174-cheongyang-labels", "sheet_id": "174-cheongyang", "split": "development", "proposal_kind": "visible_linework_review_only", "backend": "grayscale_ridge_v1_skeleton_v1", "pixel_length": 71.497, "point_count": 4, "confidence": 0.7342, "review_status": "unreviewed"}, "geometry": {"type": "LineString", "coordinates": [[126.81324282194905, 36.4576396270821], [126.81338448515896, 36.45775475765621], [126.81461223297822, 36.45952009312591], [126.81489555939805, 36.45982710799021]]}}, {"type": "Feature", "properties": {"proposal_id": "visible-line-395", "tile_id": "174-cheongyang-labels", "sheet_id": "174-cheongyang", "split": "development", "proposal_kind": "visible_linework_review_only", "backend": "grayscale_ridge_v1_skeleton_v1", "pixel_length": 22.899, "point_count": 4, "confidence": 0.7277, "review_status": "unreviewed"}, "geometry": {"type": "LineString", "coordinates": [[126.81324282194905, 36.429125621560594], [126.81324282194905, 36.428741852980224], [126.81329004301902, 36.42862672240611], [126.81362059050882, 36.42839646125789]]}}, {"type": "Feature", "properties": {"proposal_id": "visible-line-396", "tile_id": "174-cheongyang-labels", "sheet_id": "174-cheongyang", "split": "development", "proposal_kind": "visible_linework_review_only", "backend": "grayscale_ridge_v1_skeleton_v1", "pixel_length": 31.314, "point_count": 5, "confidence": 0.7584, "review_status": "unreviewed"}, "geometry": {"type": "LineString", "coordinates": [[126.81329004301902, 36.45015613976488], [126.81362059050882, 36.45023289348095], [126.81409280120853, 36.45027127033899], [126.81442334869833, 36.45042477777114], [126.81461223297822, 36.450386400913104]]}}, {"type": "Feature", "properties": {"proposal_id": "visible-line-397", "tile_id": "174-cheongyang-labels", "sheet_id": "174-cheongyang", "split": "development", "proposal_kind": "visible_linework_review_only", "backend": "grayscale_ridge_v1_skeleton_v1", "pixel_length": 23.485, "point_count": 4, "confidence": 0.7367, "review_status": "unreviewed"}, "geometry": {"type": "LineString", "coordinates": [[126.81329004301902, 36.42075946650852], [126.81343170622893, 36.42102810451478], [126.8134789272989, 36.42141187309515], [126.81357336943884, 36.4215653805273]]}}, {"type": "Feature", "properties": {"proposal_id": "visible-line-398", "tile_id": "174-cheongyang-labels", "sheet_id": "174-cheongyang", "split": "development", "proposal_kind": "visible_linework_review_only", "backend": "grayscale_ridge_v1_skeleton_v1", "pixel_length": 19.314, "point_count": 4, "confidence": 0.7287, "review_status": "unreviewed"}, "geometry": {"type": "LineString", "coordinates": [[126.81352614836888, 36.432042262771404], [126.81385669585868, 36.43196550905533], [126.81404558013855, 36.431812001623186], [126.81395113799861, 36.431620117333]]}}, {"type": "Feature", "properties": {"proposal_id": "visible-line-399", "tile_id": "174-cheongyang-labels", "sheet_id": "174-cheongyang", "split": "development", "proposal_kind": "visible_linework_review_only", "backend": "grayscale_ridge_v1_skeleton_v1", "pixel_length": 20.142, "point_count": 3, "confidence": 0.7559, "review_status": "unreviewed"}, "geometry": {"type": "LineString", "coordinates": [[126.81352614836888, 36.4310060876044], [126.81376225371874, 36.43123634875263], [126.81423446441845, 36.431428233042816]]}}, {"type": "Feature", "properties": {"proposal_id": "visible-line-400", "tile_id": "174-cheongyang-labels", "sheet_id": "174-cheongyang", "split": "development", "proposal_kind": "visible_linework_review_only", "backend": "grayscale_ridge_v1_skeleton_v1", "pixel_length": 32.799, "point_count": 6, "confidence": 0.7503, "review_status": "unreviewed"}, "geometry": {"type": "LineString", "coordinates": [[126.81362059050882, 36.44405421933699], [126.8138094747887, 36.444284480485216], [126.81414002227851, 36.44432285734325], [126.8144705697683, 36.44409259619503], [126.81461223297822, 36.443900711904845], [126.81461223297822, 36.44382395818877]]}}, {"type": "Feature", "properties": {"proposal_id": "visible-line-401", "tile_id": "174-cheongyang-labels", "sheet_id": "174-cheongyang", "split": "development", "proposal_kind": "visible_linework_review_only", "backend": "grayscale_ridge_v1_skeleton_v1", "pixel_length": 29.071, "point_count": 4, "confidence": 0.6993, "review_status": "unreviewed"}, "geometry": {"type": "LineString", "coordinates": [[126.81371503264876, 36.45004100919077], [126.81399835906859, 36.45004100919077], [126.81442334869833, 36.45015613976488], [126.81499000153799, 36.45023289348095]]}}, {"type": "Feature", "properties": {"proposal_id": "visible-line-402", "tile_id": "174-cheongyang-labels", "sheet_id": "174-cheongyang", "split": "development", "proposal_kind": "visible_linework_review_only", "backend": "grayscale_ridge_v1_skeleton_v1", "pixel_length": 35.485, "point_count": 9, "confidence": 0.7216, "review_status": "unreviewed"}, "geometry": {"type": "LineString", "coordinates": [[126.8138094747887, 36.45111556121581], [126.81385669585868, 36.45107718435777], [126.81404558013855, 36.45111556121581], [126.81404558013855, 36.45169121408636], [126.81399835906859, 36.451729590944396], [126.81404558013855, 36.45176796780243], [126.81404558013855, 36.45203660580869], [126.81395113799861, 36.452113359524766], [126.81385669585868, 36.452113359524766]]}}, {"type": "Feature", "properties": {"proposal_id": "visible-line-403", "tile_id": "174-cheongyang-labels", "sheet_id": "174-cheongyang", "split": "development", "proposal_kind": "visible_linework_review_only", "backend": "grayscale_ridge_v1_skeleton_v1", "pixel_length": 33.556, "point_count": 7, "confidence": 0.6979, "review_status": "unreviewed"}, "geometry": {"type": "LineString", "coordinates": [[126.81385669585868, 36.43603345600725], [126.81428168548842, 36.43584157171707], [126.81465945404818, 36.435764818001], [126.8148011172581, 36.435688064284925], [126.81499000153799, 36.435688064284925], [126.81503722260796, 36.43564968742688], [126.81522610688785, 36.435688064284925]]}}, {"type": "Feature", "properties": {"proposal_id": "visible-line-404", "tile_id": "174-cheongyang-labels", "sheet_id": "174-cheongyang", "split": "development", "proposal_kind": "visible_linework_review_only", "backend": "grayscale_ridge_v1_skeleton_v1", "pixel_length": 20.657, "point_count": 5, "confidence": 0.7188, "review_status": "unreviewed"}, "geometry": {"type": "LineString", "coordinates": [[126.81385669585868, 36.429432636424885], [126.81385669585868, 36.429048867844514], [126.81390391692865, 36.42897211412844], [126.81409280120853, 36.42885698355433], [126.81423446441845, 36.42885698355433]]}}, {"type": "Feature", "properties": {"proposal_id": "visible-line-405", "tile_id": "174-cheongyang-labels", "sheet_id": "174-cheongyang", "split": "development", "proposal_kind": "visible_linework_review_only", "backend": "grayscale_ridge_v1_skeleton_v1", "pixel_length": 47.941, "point_count": 5, "confidence": 0.7734, "review_status": "unreviewed"}, "geometry": {"type": "LineString", "coordinates": [[126.81395113799861, 36.44927347203003], [126.81409280120853, 36.4493502257461], [126.8144705697683, 36.44938860260414], [126.81475389618814, 36.44950373317825], [126.81574553865754, 36.450194516622915]]}}, {"type": "Feature", "properties": {"proposal_id": "visible-line-406", "tile_id": "174-cheongyang-labels", "sheet_id": "174-cheongyang", "split": "development", "proposal_kind": "visible_linework_review_only", "backend": "grayscale_ridge_v1_skeleton_v1", "pixel_length": 22.657, "point_count": 4, "confidence": 0.7303, "review_status": "unreviewed"}, "geometry": {"type": "LineString", "coordinates": [[126.81404558013855, 36.45430084043288], [126.81418724334847, 36.454531101581104], [126.81418724334847, 36.45503000073558], [126.81423446441845, 36.455106754451656]]}}, {"type": "Feature", "properties": {"proposal_id": "visible-line-407", "tile_id": "174-cheongyang-labels", "sheet_id": "174-cheongyang", "split": "development", "proposal_kind": "visible_linework_review_only", "backend": "grayscale_ridge_v1_skeleton_v1", "pixel_length": 25.728, "point_count": 5, "confidence": 0.7061, "review_status": "unreviewed"}, "geometry": {"type": "LineString", "coordinates": [[126.81409280120853, 36.42214103339785], [126.81437612762836, 36.42210265653981], [126.8144705697683, 36.42229454083], [126.81465945404818, 36.42240967140411], [126.8148011172581, 36.42267830941037]]}}, {"type": "Feature", "properties": {"proposal_id": "visible-line-408", "tile_id": "174-cheongyang-labels", "sheet_id": "174-cheongyang", "split": "development", "proposal_kind": "visible_linework_review_only", "backend": "grayscale_ridge_v1_skeleton_v1", "pixel_length": 51.799, "point_count": 6, "confidence": 0.7527, "review_status": "unreviewed"}, "geometry": {"type": "LineString", "coordinates": [[126.81414002227851, 36.45706397421154], [126.81442334869833, 36.456565075057064], [126.8144705697683, 36.4562964370508], [126.81456501190824, 36.45614292961866], [126.81456501190824, 36.455490523032026], [126.81432890655839, 36.45529863874184]]}}, {"type": "Feature", "properties": {"proposal_id": "visible-line-409", "tile_id": "174-cheongyang-labels", "sheet_id": "174-cheongyang", "split": "development", "proposal_kind": "visible_linework_review_only", "backend": "grayscale_ridge_v1_skeleton_v1", "pixel_length": 26.971, "point_count": 5, "confidence": 0.6817, "review_status": "unreviewed"}, "geometry": {"type": "LineString", "coordinates": [[126.81418724334847, 36.43376922138307], [126.81437612762836, 36.43392272881522], [126.81465945404818, 36.43388435195718], [126.81503722260796, 36.43361571395092], [126.81499000153799, 36.43350058337681]]}}, {"type": "Feature", "properties": {"proposal_id": "visible-line-410", "tile_id": "174-cheongyang-labels", "sheet_id": "174-cheongyang", "split": "development", "proposal_kind": "visible_linework_review_only", "backend": "grayscale_ridge_v1_skeleton_v1", "pixel_length": 38.87, "point_count": 2, "confidence": 0.7315, "review_status": "unreviewed"}, "geometry": {"type": "LineString", "coordinates": [[126.81432890655839, 36.45863742539106], [126.81522610688785, 36.45982710799021]]}}, {"type": "Feature", "properties": {"proposal_id": "visible-line-411", "tile_id": "174-cheongyang-labels", "sheet_id": "174-cheongyang", "split": "development", "proposal_kind": "visible_linework_review_only", "backend": "grayscale_ridge_v1_skeleton_v1", "pixel_length": 23.314, "point_count": 6, "confidence": 0.6995, "review_status": "unreviewed"}, "geometry": {"type": "LineString", "coordinates": [[126.81432890655839, 36.439947895527034], [126.81437612762836, 36.43998627238507], [126.81456501190824, 36.43998627238507], [126.81461223297822, 36.439947895527034], [126.8148011172581, 36.439487373230584], [126.81489555939805, 36.43941061951451]]}}, {"type": "Feature", "properties": {"proposal_id": "visible-line-412", "tile_id": "174-cheongyang-labels", "sheet_id": "174-cheongyang", "split": "development", "proposal_kind": "visible_linework_review_only", "backend": "grayscale_ridge_v1_skeleton_v1", "pixel_length": 30.485, "point_count": 5, "confidence": 0.6959, "review_status": "unreviewed"}, "geometry": {"type": "LineString", "coordinates": [[126.81437612762836, 36.45161446037029], [126.81451779083828, 36.45138419922206], [126.81465945404818, 36.4514225760801], [126.81465945404818, 36.45188309837655], [126.81456501190824, 36.4521517363828]]}}, {"type": "Feature", "properties": {"proposal_id": "visible-line-413", "tile_id": "174-cheongyang-labels", "sheet_id": "174-cheongyang", "split": "development", "proposal_kind": "visible_linework_review_only", "backend": "grayscale_ridge_v1_skeleton_v1", "pixel_length": 20.899, "point_count": 5, "confidence": 0.8041, "review_status": "unreviewed"}, "geometry": {"type": "LineString", "coordinates": [[126.81437612762836, 36.434920527124184], [126.8144705697683, 36.434920527124184], [126.81470667511816, 36.43480539655007], [126.81484833832808, 36.43480539655007], [126.81522610688785, 36.43465188911792]]}}, {"type": "Feature", "properties": {"proposal_id": "visible-line-414", "tile_id": "174-cheongyang-labels", "sheet_id": "174-cheongyang", "split": "development", "proposal_kind": "visible_linework_review_only", "backend": "grayscale_ridge_v1_skeleton_v1", "pixel_length": 26.385, "point_count": 4, "confidence": 0.7387, "review_status": "unreviewed"}, "geometry": {"type": "LineString", "coordinates": [[126.81437612762836, 36.43119797189459], [126.81494278046802, 36.43146660990085], [126.81517888581787, 36.43169687104907], [126.81513166474791, 36.431812001623186]]}}, {"type": "Feature", "properties": {"proposal_id": "visible-line-415", "tile_id": "174-cheongyang-labels", "sheet_id": "174-cheongyang", "split": "development", "proposal_kind": "visible_linework_review_only", "backend": "grayscale_ridge_v1_skeleton_v1", "pixel_length": 27.213, "point_count": 4, "confidence": 0.6979, "review_status": "unreviewed"}, "geometry": {"type": "LineString", "coordinates": [[126.81442334869833, 36.424482021738115], [126.81456501190824, 36.42475065974437], [126.81494278046802, 36.42505767460867], [126.81522610688785, 36.42521118204081]]}}, {"type": "Feature", "properties": {"proposal_id": "visible-line-416", "tile_id": "174-cheongyang-labels", "sheet_id": "174-cheongyang", "split": "development", "proposal_kind": "visible_linework_review_only", "backend": "grayscale_ridge_v1_skeleton_v1", "pixel_length": 19.971, "point_count": 3, "confidence": 0.7588, "review_status": "unreviewed"}, "geometry": {"type": "LineString", "coordinates": [[126.81456501190824, 36.43918035836629], [126.81470667511816, 36.43895009721807], [126.81513166474791, 36.438604705495734]]}}, {"type": "Feature", "properties": {"proposal_id": "visible-line-417", "tile_id": "174-cheongyang-labels", "sheet_id": "174-cheongyang", "split": "development", "proposal_kind": "visible_linework_review_only", "backend": "grayscale_ridge_v1_skeleton_v1", "pixel_length": 23.243, "point_count": 4, "confidence": 0.8075, "review_status": "unreviewed"}, "geometry": {"type": "LineString", "coordinates": [[126.81465945404818, 36.455106754451656], [126.81475389618814, 36.45487649330343], [126.81475389618814, 36.45430084043288], [126.81470667511816, 36.45426246357484]]}}, {"type": "Feature", "properties": {"proposal_id": "visible-line-418", "tile_id": "174-cheongyang-labels", "sheet_id": "174-cheongyang", "split": "development", "proposal_kind": "visible_linework_review_only", "backend": "grayscale_ridge_v1_skeleton_v1", "pixel_length": 46.113, "point_count": 6, "confidence": 0.7318, "review_status": "unreviewed"}, "geometry": {"type": "LineString", "coordinates": [[126.81465945404818, 36.4437472044727], [126.81508444367793, 36.44297966731196], [126.81522610688785, 36.442864536737844], [126.81532054902779, 36.442864536737844], [126.81569831758756, 36.44317155160214], [126.81588720186745, 36.443248305318214]]}}, {"type": "Feature", "properties": {"proposal_id": "visible-line-419", "tile_id": "174-cheongyang-labels", "sheet_id": "174-cheongyang", "split": "development", "proposal_kind": "visible_linework_review_only", "backend": "grayscale_ridge_v1_skeleton_v1", "pixel_length": 44.87, "point_count": 4, "confidence": 0.766, "review_status": "unreviewed"}, "geometry": {"type": "LineString", "coordinates": [[126.81475389618814, 36.44037004096544], [126.81517888581787, 36.43944899637255], [126.81555665437764, 36.439103604650214], [126.81574553865754, 36.43902685093414]]}}, {"type": "Feature", "properties": {"proposal_id": "visible-line-420", "tile_id": "174-cheongyang-labels", "sheet_id": "174-cheongyang", "split": "development", "proposal_kind": "visible_linework_review_only", "backend": "grayscale_ridge_v1_skeleton_v1", "pixel_length": 23.828, "point_count": 3, "confidence": 0.7763, "review_status": "unreviewed"}, "geometry": {"type": "LineString", "coordinates": [[126.8148011172581, 36.45257388182121], [126.81489555939805, 36.45261225867925], [126.81484833832808, 36.45341817269803]]}}, {"type": "Feature", "properties": {"proposal_id": "visible-line-421", "tile_id": "174-cheongyang-labels", "sheet_id": "174-cheongyang", "split": "development", "proposal_kind": "visible_linework_review_only", "backend": "grayscale_ridge_v1_skeleton_v1", "pixel_length": 29.728, "point_count": 5, "confidence": 0.7435, "review_status": "unreviewed"}, "geometry": {"type": "LineString", "coordinates": [[126.8148011172581, 36.45042477777114], [126.81560387544762, 36.450578285203285], [126.81574553865754, 36.4506934157774], [126.81593442293742, 36.45073179263544], [126.81602886507736, 36.4506934157774]]}}, {"type": "Feature", "properties": {"proposal_id": "visible-line-422", "tile_id": "174-cheongyang-labels", "sheet_id": "174-cheongyang", "split": "development", "proposal_kind": "visible_linework_review_only", "backend": "grayscale_ridge_v1_skeleton_v1", "pixel_length": 24.657, "point_count": 4, "confidence": 0.7188, "review_status": "unreviewed"}, "geometry": {"type": "LineString", "coordinates": [[126.8148011172581, 36.425940342343516], [126.81494278046802, 36.42605547291763], [126.81513166474791, 36.42609384977567], [126.81588720186745, 36.42609384977567]]}}, {"type": "Feature", "properties": {"proposal_id": "visible-line-423", "tile_id": "174-cheongyang-labels", "sheet_id": "174-cheongyang", "split": "development", "proposal_kind": "visible_linework_review_only", "backend": "grayscale_ridge_v1_skeleton_v1", "pixel_length": 35.627, "point_count": 6, "confidence": 0.7388, "review_status": "unreviewed"}, "geometry": {"type": "LineString", "coordinates": [[126.81489555939805, 36.42686138693641], [126.81494278046802, 36.42674625636229], [126.81508444367793, 36.426631125788184], [126.81583998079748, 36.42636248778192], [126.81607608614733, 36.42617060349174], [126.81607608614733, 36.42609384977567]]}}, {"type": "Feature", "properties": {"proposal_id": "visible-line-424", "tile_id": "174-cheongyang-labels", "sheet_id": "174-cheongyang", "split": "development", "proposal_kind": "visible_linework_review_only", "backend": "grayscale_ridge_v1_skeleton_v1", "pixel_length": 77.083, "point_count": 11, "confidence": 0.771, "review_status": "unreviewed"}, "geometry": {"type": "LineString", "coordinates": [[126.81489555939805, 36.42686138693641], [126.81517888581787, 36.42713002494266], [126.81631219149719, 36.42755217038107], [126.81654829684705, 36.427667300955186], [126.81692606540682, 36.42797431581948], [126.81702050754676, 36.42812782325163], [126.81702050754676, 36.42824295382574], [126.81692606540682, 36.42831970754181], [126.81683162326688, 36.428358084399854], [126.81650107577708, 36.428358084399854], [126.8164538547071, 36.42831970754181]]}}, {"type": "Feature", "properties": {"proposal_id": "visible-line-425", "tile_id": "174-cheongyang-labels", "sheet_id": "174-cheongyang", "split": "development", "proposal_kind": "visible_linework_review_only", "backend": "grayscale_ridge_v1_skeleton_v1", "pixel_length": 18.485, "point_count": 4, "confidence": 0.7052, "review_status": "unreviewed"}, "geometry": {"type": "LineString", "coordinates": [[126.81489555939805, 36.42118161194693], [126.81499000153799, 36.42118161194693], [126.81517888581787, 36.42137349623711], [126.81527332795781, 36.42171888795944]]}}, {"type": "Feature", "properties": {"proposal_id": "visible-line-426", "tile_id": "174-cheongyang-labels", "sheet_id": "174-cheongyang", "split": "development", "proposal_kind": "visible_linework_review_only", "backend": "grayscale_ridge_v1_skeleton_v1", "pixel_length": 20.728, "point_count": 4, "confidence": 0.6773, "review_status": "unreviewed"}, "geometry": {"type": "LineString", "coordinates": [[126.81499000153799, 36.42329233913896], [126.81522610688785, 36.42344584657111], [126.81550943330768, 36.42344584657111], [126.8157927597275, 36.423253962280924]]}}, {"type": "Feature", "properties": {"proposal_id": "visible-line-427", "tile_id": "174-cheongyang-labels", "sheet_id": "174-cheongyang", "split": "development", "proposal_kind": "visible_linework_review_only", "backend": "grayscale_ridge_v1_skeleton_v1", "pixel_length": 28.899, "point_count": 5, "confidence": 0.7192, "review_status": "unreviewed"}, "geometry": {"type": "LineString", "coordinates": [[126.81503722260796, 36.45130744550599], [126.81541499116773, 36.451153938073844], [126.81583998079748, 36.45111556121581], [126.8159816440074, 36.45103880749973], [126.81626497042721, 36.45103880749973]]}}, {"type": "Feature", "properties": {"proposal_id": "visible-line-428", "tile_id": "174-cheongyang-labels", "sheet_id": "174-cheongyang", "split": "development", "proposal_kind": "visible_linework_review_only", "backend": "grayscale_ridge_v1_skeleton_v1", "pixel_length": 19.728, "point_count": 3, "confidence": 0.7889, "review_status": "unreviewed"}, "geometry": {"type": "LineString", "coordinates": [[126.81550943330768, 36.44570442423259], [126.8157927597275, 36.44524390193614], [126.8159816440074, 36.44512877136203]]}}, {"type": "Feature", "properties": {"proposal_id": "visible-line-429", "tile_id": "174-cheongyang-labels", "sheet_id": "174-cheongyang", "split": "development", "proposal_kind": "visible_linework_review_only", "backend": "grayscale_ridge_v1_skeleton_v1", "pixel_length": 55.284, "point_count": 7, "confidence": 0.7467, "review_status": "unreviewed"}, "geometry": {"type": "LineString", "coordinates": [[126.81560387544762, 36.450386400913104], [126.81607608614733, 36.450463154629176], [126.81626497042721, 36.45053990834525], [126.81635941256717, 36.45050153148721], [126.81683162326688, 36.45050153148721], [126.81716217075667, 36.45034802405507], [126.81782326573628, 36.44992587861666]]}}, {"type": "Feature", "properties": {"proposal_id": "visible-line-430", "tile_id": "174-cheongyang-labels", "sheet_id": "174-cheongyang", "split": "development", "proposal_kind": "visible_linework_review_only", "backend": "grayscale_ridge_v1_skeleton_v1", "pixel_length": 19.728, "point_count": 4, "confidence": 0.7158, "review_status": "unreviewed"}, "geometry": {"type": "LineString", "coordinates": [[126.81565109651758, 36.43112121817852], [126.81569831758756, 36.43123634875263], [126.81602886507736, 36.43158174047496], [126.81607608614733, 36.431735247907106]]}}, {"type": "Feature", "properties": {"proposal_id": "visible-line-431", "tile_id": "174-cheongyang-labels", "sheet_id": "174-cheongyang", "split": "development", "proposal_kind": "visible_linework_review_only", "backend": "grayscale_ridge_v1_skeleton_v1", "pixel_length": 20.556, "point_count": 4, "confidence": 0.7202, "review_status": "unreviewed"}, "geometry": {"type": "LineString", "coordinates": [[126.81569831758756, 36.4310060876044], [126.8157927597275, 36.43085258017226], [126.81617052828727, 36.43054556530796], [126.81635941256717, 36.43050718844992]]}}, {"type": "Feature", "properties": {"proposal_id": "visible-line-432", "tile_id": "174-cheongyang-labels", "sheet_id": "174-cheongyang", "split": "development", "proposal_kind": "visible_linework_review_only", "backend": "grayscale_ridge_v1_skeleton_v1", "pixel_length": 20.828, "point_count": 4, "confidence": 0.8303, "review_status": "unreviewed"}, "geometry": {"type": "LineString", "coordinates": [[126.81621774935725, 36.43503565769829], [126.81626497042721, 36.434920527124184], [126.81626497042721, 36.43430649739559], [126.81621774935725, 36.43426812053755]]}}, {"type": "Feature", "properties": {"proposal_id": "visible-line-433", "tile_id": "174-cheongyang-labels", "sheet_id": "174-cheongyang", "split": "development", "proposal_kind": "visible_linework_review_only", "backend": "grayscale_ridge_v1_skeleton_v1", "pixel_length": 30.142, "point_count": 5, "confidence": 0.7466, "review_status": "unreviewed"}, "geometry": {"type": "LineString", "coordinates": [[126.81631219149719, 36.43016179672759], [126.81683162326688, 36.430200173585625], [126.8169732864768, 36.430276927301705], [126.81716217075667, 36.43043043473385], [126.81730383396659, 36.43073744959815]]}}, {"type": "Feature", "properties": {"proposal_id": "visible-line-434", "tile_id": "174-cheongyang-labels", "sheet_id": "174-cheongyang", "split": "development", "proposal_kind": "visible_linework_review_only", "backend": "grayscale_ridge_v1_skeleton_v1", "pixel_length": 100.598, "point_count": 12, "confidence": 0.7532, "review_status": "unreviewed"}, "geometry": {"type": "LineString", "coordinates": [[126.81635941256717, 36.45103880749973], [126.81654829684705, 36.45111556121581], [126.81749271824648, 36.45111556121581], [126.81782326573628, 36.450962053783655], [126.81824825536602, 36.450962053783655], [126.81857880285582, 36.45103880749973], [126.81905101355554, 36.450846923209546], [126.81947600318529, 36.45080854635151], [126.81966488746517, 36.45073179263544], [126.82013709816488, 36.45034802405507], [126.82051486672465, 36.45030964719703], [126.82056208779463, 36.45027127033899]]}}, {"type": "Feature", "properties": {"proposal_id": "visible-line-435", "tile_id": "174-cheongyang-labels", "sheet_id": "174-cheongyang", "split": "development", "proposal_kind": "visible_linework_review_only", "backend": "grayscale_ridge_v1_skeleton_v1", "pixel_length": 50.284, "point_count": 8, "confidence": 0.7574, "review_status": "unreviewed"}, "geometry": {"type": "LineString", "coordinates": [[126.81640663363713, 36.443018044169996], [126.81668996005696, 36.44267265244766], [126.81683162326688, 36.44228888386729], [126.81683162326688, 36.441981869002994], [126.81687884433686, 36.44190511528692], [126.8169732864768, 36.44182836157085], [126.81706772861673, 36.44182836157085], [126.81744549717651, 36.441482969848515]]}}, {"type": "Feature", "properties": {"proposal_id": "visible-line-436", "tile_id": "174-cheongyang-labels", "sheet_id": "174-cheongyang", "split": "development", "proposal_kind": "visible_linework_review_only", "backend": "grayscale_ridge_v1_skeleton_v1", "pixel_length": 32.385, "point_count": 7, "confidence": 0.7671, "review_status": "unreviewed"}, "geometry": {"type": "LineString", "coordinates": [[126.81640663363713, 36.43246440820981], [126.81664273898699, 36.4326562925], [126.81683162326688, 36.4326562925], [126.81702050754676, 36.43254116192588], [126.81706772861673, 36.432310900777665], [126.81683162326688, 36.432119016487476], [126.81673718112694, 36.432119016487476]]}}, {"type": "Feature", "properties": {"proposal_id": "visible-line-437", "tile_id": "174-cheongyang-labels", "sheet_id": "174-cheongyang", "split": "development", "proposal_kind": "visible_linework_review_only", "backend": "grayscale_ridge_v1_skeleton_v1", "pixel_length": 18.0, "point_count": 2, "confidence": 0.7924, "review_status": "unreviewed"}, "geometry": {"type": "LineString", "coordinates": [[126.81668996005696, 36.43480539655007], [126.81668996005696, 36.43411461310541]]}}, {"type": "Feature", "properties": {"proposal_id": "visible-line-438", "tile_id": "174-cheongyang-labels", "sheet_id": "174-cheongyang", "split": "development", "proposal_kind": "visible_linework_review_only", "backend": "grayscale_ridge_v1_skeleton_v1", "pixel_length": 22.657, "point_count": 6, "confidence": 0.743, "review_status": "unreviewed"}, "geometry": {"type": "LineString", "coordinates": [[126.8167844021969, 36.45000263233273], [126.81683162326688, 36.4499642554747], [126.81683162326688, 36.44946535632021], [126.81687884433686, 36.449426979462174], [126.81687884433686, 36.44927347203003], [126.8167844021969, 36.44919671831396]]}}, {"type": "Feature", "properties": {"proposal_id": "visible-line-439", "tile_id": "174-cheongyang-labels", "sheet_id": "174-cheongyang", "split": "development", "proposal_kind": "visible_linework_review_only", "backend": "grayscale_ridge_v1_skeleton_v1", "pixel_length": 22.243, "point_count": 2, "confidence": 0.7681, "review_status": "unreviewed"}, "geometry": {"type": "LineString", "coordinates": [[126.8169732864768, 36.44869781915947], [126.81702050754676, 36.44789190514069]]}}, {"type": "Feature", "properties": {"proposal_id": "visible-line-440", "tile_id": "174-cheongyang-labels", "sheet_id": "174-cheongyang", "split": "development", "proposal_kind": "visible_linework_review_only", "backend": "grayscale_ridge_v1_skeleton_v1", "pixel_length": 18.071, "point_count": 3, "confidence": 0.6992, "review_status": "unreviewed"}, "geometry": {"type": "LineString", "coordinates": [[126.81706772861673, 36.421603757385334], [126.81730383396659, 36.421603757385334], [126.81782326573628, 36.42179564167552]]}}, {"type": "Feature", "properties": {"proposal_id": "visible-line-441", "tile_id": "174-cheongyang-labels", "sheet_id": "174-cheongyang", "split": "development", "proposal_kind": "visible_linework_review_only", "backend": "grayscale_ridge_v1_skeleton_v1", "pixel_length": 31.385, "point_count": 5, "confidence": 0.6979, "review_status": "unreviewed"}, "geometry": {"type": "LineString", "coordinates": [[126.81716217075667, 36.42947101328292], [126.81735105503657, 36.429509390140964], [126.81758716038642, 36.42966289757311], [126.81782326573628, 36.42996991243741], [126.8179649289462, 36.43031530415974]]}}, {"type": "Feature", "properties": {"proposal_id": "visible-line-442", "tile_id": "174-cheongyang-labels", "sheet_id": "174-cheongyang", "split": "development", "proposal_kind": "visible_linework_review_only", "backend": "grayscale_ridge_v1_skeleton_v1", "pixel_length": 26.799, "point_count": 4, "confidence": 0.7242, "review_status": "unreviewed"}, "geometry": {"type": "LineString", "coordinates": [[126.81716217075667, 36.42908724470255], [126.81763438145639, 36.42927912899274], [126.81791770787622, 36.429509390140964], [126.81805937108614, 36.429701274431146]]}}, {"type": "Feature", "properties": {"proposal_id": "visible-line-443", "tile_id": "174-cheongyang-labels", "sheet_id": "174-cheongyang", "split": "development", "proposal_kind": "visible_linework_review_only", "backend": "grayscale_ridge_v1_skeleton_v1", "pixel_length": 18.899, "point_count": 3, "confidence": 0.7668, "review_status": "unreviewed"}, "geometry": {"type": "LineString", "coordinates": [[126.81735105503657, 36.43089095703029], [126.81749271824648, 36.4313131024687], [126.81768160252636, 36.43150498675889]]}}, {"type": "Feature", "properties": {"proposal_id": "visible-line-444", "tile_id": "174-cheongyang-labels", "sheet_id": "174-cheongyang", "split": "development", "proposal_kind": "visible_linework_review_only", "backend": "grayscale_ridge_v1_skeleton_v1", "pixel_length": 25.899, "point_count": 5, "confidence": 0.6938, "review_status": "unreviewed"}, "geometry": {"type": "LineString", "coordinates": [[126.81749271824648, 36.42432851430596], [126.8177760446663, 36.42444364488007], [126.8179649289462, 36.42432851430596], [126.81801215001616, 36.42425176058989], [126.81801215001616, 36.42382961515148]]}}, {"type": "Feature", "properties": {"proposal_id": "visible-line-445", "tile_id": "174-cheongyang-labels", "sheet_id": "174-cheongyang", "split": "development", "proposal_kind": "visible_linework_review_only", "backend": "grayscale_ridge_v1_skeleton_v1", "pixel_length": 25.213, "point_count": 2, "confidence": 0.7665, "review_status": "unreviewed"}, "geometry": {"type": "LineString", "coordinates": [[126.81753993931645, 36.450386400913104], [126.81843713964591, 36.449810748042545]]}}, {"type": "Feature", "properties": {"proposal_id": "visible-line-446", "tile_id": "174-cheongyang-labels", "sheet_id": "174-cheongyang", "split": "development", "proposal_kind": "visible_linework_review_only", "backend": "grayscale_ridge_v1_skeleton_v1", "pixel_length": 59.355, "point_count": 10, "confidence": 0.7598, "review_status": "unreviewed"}, "geometry": {"type": "LineString", "coordinates": [[126.81758716038642, 36.441291085558326], [126.81768160252636, 36.44094569383599], [126.81772882359634, 36.440907316977956], [126.81791770787622, 36.440907316977956], [126.81838991857593, 36.44106082441011], [126.81857880285582, 36.441214331842254], [126.8187676871357, 36.44155972356459], [126.81890935034562, 36.4416748541387], [126.81900379248556, 36.4416748541387], [126.81933433997537, 36.441406216132435]]}}, {"type": "Feature", "properties": {"proposal_id": "visible-line-447", "tile_id": "174-cheongyang-labels", "sheet_id": "174-cheongyang", "split": "development", "proposal_kind": "visible_linework_review_only", "backend": "grayscale_ridge_v1_skeleton_v1", "pixel_length": 20.899, "point_count": 4, "confidence": 0.7368, "review_status": "unreviewed"}, "geometry": {"type": "LineString", "coordinates": [[126.81758716038642, 36.43626371715548], [126.81782326573628, 36.43672423945192], [126.8177760446663, 36.43687774688407], [126.81782326573628, 36.436954500600145]]}}, {"type": "Feature", "properties": {"proposal_id": "visible-line-448", "tile_id": "174-cheongyang-labels", "sheet_id": "174-cheongyang", "split": "development", "proposal_kind": "visible_linework_review_only", "backend": "grayscale_ridge_v1_skeleton_v1", "pixel_length": 51.527, "point_count": 7, "confidence": 0.776, "review_status": "unreviewed"}, "geometry": {"type": "LineString", "coordinates": [[126.81782326573628, 36.43158174047496], [126.8179649289462, 36.43165849419103], [126.81815381322608, 36.431620117333], [126.81881490820568, 36.43112121817852], [126.81905101355554, 36.4310060876044], [126.81947600318529, 36.430967710746366], [126.81980655067508, 36.43108284132048]]}}, {"type": "Feature", "properties": {"proposal_id": "visible-line-449", "tile_id": "174-cheongyang-labels", "sheet_id": "174-cheongyang", "split": "development", "proposal_kind": "visible_linework_review_only", "backend": "grayscale_ridge_v1_skeleton_v1", "pixel_length": 75.882, "point_count": 4, "confidence": 0.7897, "review_status": "unreviewed"}, "geometry": {"type": "LineString", "coordinates": [[126.81801215001616, 36.449810748042545], [126.82018431923485, 36.448275673721064], [126.82056208779463, 36.447968658856766], [126.82056208779463, 36.44789190514069]]}}, {"type": "Feature", "properties": {"proposal_id": "visible-line-450", "tile_id": "174-cheongyang-labels", "sheet_id": "174-cheongyang", "split": "development", "proposal_kind": "visible_linework_review_only", "backend": "grayscale_ridge_v1_skeleton_v1", "pixel_length": 24.142, "point_count": 4, "confidence": 0.7877, "review_status": "unreviewed"}, "geometry": {"type": "LineString", "coordinates": [[126.81801215001616, 36.43050718844992], [126.81815381322608, 36.43050718844992], [126.81862602392579, 36.430200173585625], [126.8189565714156, 36.43012341986955]]}}, {"type": "Feature", "properties": {"proposal_id": "visible-line-451", "tile_id": "174-cheongyang-labels", "sheet_id": "174-cheongyang", "split": "development", "proposal_kind": "visible_linework_review_only", "backend": "grayscale_ridge_v1_skeleton_v1", "pixel_length": 25.728, "point_count": 6, "confidence": 0.7402, "review_status": "unreviewed"}, "geometry": {"type": "LineString", "coordinates": [[126.81801215001616, 36.42916399841863], [126.81838991857593, 36.42935588270881], [126.81872046606574, 36.42939425956685], [126.81881490820568, 36.429317505850776], [126.81881490820568, 36.42916399841863], [126.8187676871357, 36.429125621560594]]}}, {"type": "Feature", "properties": {"proposal_id": "visible-line-452", "tile_id": "174-cheongyang-labels", "sheet_id": "174-cheongyang", "split": "development", "proposal_kind": "visible_linework_review_only", "backend": "grayscale_ridge_v1_skeleton_v1", "pixel_length": 26.799, "point_count": 5, "confidence": 0.733, "review_status": "unreviewed"}, "geometry": {"type": "LineString", "coordinates": [[126.81801215001616, 36.42824295382574], [126.81801215001616, 36.42812782325163], [126.81810659215611, 36.42797431581948], [126.81867324499576, 36.42751379352303], [126.81867324499576, 36.42743703980696]]}}, {"type": "Feature", "properties": {"proposal_id": "visible-line-453", "tile_id": "174-cheongyang-labels", "sheet_id": "174-cheongyang", "split": "development", "proposal_kind": "visible_linework_review_only", "backend": "grayscale_ridge_v1_skeleton_v1", "pixel_length": 18.971, "point_count": 2, "confidence": 0.6821, "review_status": "unreviewed"}, "geometry": {"type": "LineString", "coordinates": [[126.81815381322608, 36.45288089668551], [126.8187676871357, 36.45337979583999]]}}, {"type": "Feature", "properties": {"proposal_id": "visible-line-454", "tile_id": "174-cheongyang-labels", "sheet_id": "174-cheongyang", "split": "development", "proposal_kind": "visible_linework_review_only", "backend": "grayscale_ridge_v1_skeleton_v1", "pixel_length": 21.971, "point_count": 3, "confidence": 0.7532, "review_status": "unreviewed"}, "geometry": {"type": "LineString", "coordinates": [[126.81829547643599, 36.430967710746366], [126.81867324499576, 36.43062231902403], [126.81905101355554, 36.430468811591886]]}}, {"type": "Feature", "properties": {"proposal_id": "visible-line-455", "tile_id": "174-cheongyang-labels", "sheet_id": "174-cheongyang", "split": "development", "proposal_kind": "visible_linework_review_only", "backend": "grayscale_ridge_v1_skeleton_v1", "pixel_length": 40.113, "point_count": 4, "confidence": 0.7223, "review_status": "unreviewed"}, "geometry": {"type": "LineString", "coordinates": [[126.81867324499576, 36.44961886375236], [126.81985377174504, 36.448812949733586], [126.82008987709492, 36.448812949733586], [126.82013709816488, 36.44877457287555]]}}, {"type": "Feature", "properties": {"proposal_id": "visible-line-456", "tile_id": "174-cheongyang-labels", "sheet_id": "174-cheongyang", "split": "development", "proposal_kind": "visible_linework_review_only", "backend": "grayscale_ridge_v1_skeleton_v1", "pixel_length": 21.899, "point_count": 3, "confidence": 0.7249, "review_status": "unreviewed"}, "geometry": {"type": "LineString", "coordinates": [[126.81867324499576, 36.435764818001], [126.81890935034562, 36.436186963439404], [126.81900379248556, 36.4364939783037]]}}, {"type": "Feature", "properties": {"proposal_id": "visible-line-457", "tile_id": "174-cheongyang-labels", "sheet_id": "174-cheongyang", "split": "development", "proposal_kind": "visible_linework_review_only", "backend": "grayscale_ridge_v1_skeleton_v1", "pixel_length": 31.971, "point_count": 5, "confidence": 0.7006, "review_status": "unreviewed"}, "geometry": {"type": "LineString", "coordinates": [[126.81886212927564, 36.43315519165448], [126.8192871189054, 36.43350058337681], [126.81942878211531, 36.43353896023485], [126.81980655067508, 36.433462206518776], [126.82008987709492, 36.43350058337681]]}}, {"type": "Feature", "properties": {"proposal_id": "visible-line-458", "tile_id": "174-cheongyang-labels", "sheet_id": "174-cheongyang", "split": "development", "proposal_kind": "visible_linework_review_only", "backend": "grayscale_ridge_v1_skeleton_v1", "pixel_length": 38.042, "point_count": 6, "confidence": 0.7504, "review_status": "unreviewed"}, "geometry": {"type": "LineString", "coordinates": [[126.81886212927564, 36.42878022983826], [126.81942878211531, 36.4292407521347], [126.81990099281502, 36.42939425956685], [126.82013709816488, 36.42939425956685], [126.82018431923485, 36.429432636424885], [126.8202787613748, 36.42939425956685]]}}, {"type": "Feature", "properties": {"proposal_id": "visible-line-459", "tile_id": "174-cheongyang-labels", "sheet_id": "174-cheongyang", "split": "development", "proposal_kind": "visible_linework_review_only", "backend": "grayscale_ridge_v1_skeleton_v1", "pixel_length": 19.142, "point_count": 4, "confidence": 0.7363, "review_status": "unreviewed"}, "geometry": {"type": "LineString", "coordinates": [[126.81900379248556, 36.42824295382574], [126.81919267676545, 36.42797431581948], [126.81938156104533, 36.42782080838733], [126.81957044532523, 36.42774405467126]]}}, {"type": "Feature", "properties": {"proposal_id": "visible-line-460", "tile_id": "174-cheongyang-labels", "sheet_id": "174-cheongyang", "split": "development", "proposal_kind": "visible_linework_review_only", "backend": "grayscale_ridge_v1_skeleton_v1", "pixel_length": 48.87, "point_count": 7, "confidence": 0.7364, "review_status": "unreviewed"}, "geometry": {"type": "LineString", "coordinates": [[126.81905101355554, 36.42977802814722], [126.81933433997537, 36.42985478186329], [126.81980655067508, 36.43012341986955], [126.82023154030482, 36.430276927301705], [126.82065652993457, 36.430200173585625], [126.82089263528442, 36.430085043011516], [126.8209398563544, 36.43000828929544]]}}, {"type": "Feature", "properties": {"proposal_id": "visible-line-461", "tile_id": "174-cheongyang-labels", "sheet_id": "174-cheongyang", "split": "development", "proposal_kind": "visible_linework_review_only", "backend": "grayscale_ridge_v1_skeleton_v1", "pixel_length": 75.87, "point_count": 13, "confidence": 0.7725, "review_status": "unreviewed"}, "geometry": {"type": "LineString", "coordinates": [[126.81909823462551, 36.43288655364822], [126.81938156104533, 36.433078437938406], [126.81966488746517, 36.43315519165448], [126.81990099281502, 36.43315519165448], [126.819948213885, 36.43311681479644], [126.82060930886459, 36.43311681479644], [126.82070375100454, 36.43315519165448], [126.82089263528442, 36.43311681479644], [126.82112874063428, 36.43300168422233], [126.82131762491417, 36.432809799932144], [126.82136484598414, 36.4326562925], [126.82136484598414, 36.43208063962944], [126.82131762491417, 36.432042262771404]]}}, {"type": "Feature", "properties": {"proposal_id": "visible-line-462", "tile_id": "174-cheongyang-labels", "sheet_id": "174-cheongyang", "split": "development", "proposal_kind": "visible_linework_review_only", "backend": "grayscale_ridge_v1_skeleton_v1", "pixel_length": 29.556, "point_count": 3, "confidence": 0.7784, "review_status": "unreviewed"}, "geometry": {"type": "LineString", "coordinates": [[126.81914545569548, 36.45295765040158], [126.81999543495496, 36.45253550496317], [126.82032598244477, 36.45253550496317]]}}, {"type": "Feature", "properties": {"proposal_id": "visible-line-463", "tile_id": "174-cheongyang-labels", "sheet_id": "174-cheongyang", "split": "development", "proposal_kind": "visible_linework_review_only", "backend": "grayscale_ridge_v1_skeleton_v1", "pixel_length": 54.527, "point_count": 10, "confidence": 0.7518, "review_status": "unreviewed"}, "geometry": {"type": "LineString", "coordinates": [[126.81914545569548, 36.43572644114296], [126.81938156104533, 36.43584157171707], [126.81971210853514, 36.43584157171707], [126.81999543495496, 36.435611310568845], [126.81999543495496, 36.435496179994736], [126.82013709816488, 36.43538104942063], [126.82023154030482, 36.43538104942063], [126.82079819314448, 36.43572644114296], [126.82098707742436, 36.435764818001], [126.82112874063428, 36.43572644114296]]}}, {"type": "Feature", "properties": {"proposal_id": "visible-line-464", "tile_id": "174-cheongyang-labels", "sheet_id": "174-cheongyang", "split": "development", "proposal_kind": "visible_linework_review_only", "backend": "grayscale_ridge_v1_skeleton_v1", "pixel_length": 21.971, "point_count": 3, "confidence": 0.6821, "review_status": "unreviewed"}, "geometry": {"type": "LineString", "coordinates": [[126.8192871189054, 36.45253550496317], [126.81985377174504, 36.452113359524766], [126.82008987709492, 36.45207498266673]]}}, {"type": "Feature", "properties": {"proposal_id": "visible-line-465", "tile_id": "174-cheongyang-labels", "sheet_id": "174-cheongyang", "split": "development", "proposal_kind": "visible_linework_review_only", "backend": "grayscale_ridge_v1_skeleton_v1", "pixel_length": 19.314, "point_count": 4, "confidence": 0.7336, "review_status": "unreviewed"}, "geometry": {"type": "LineString", "coordinates": [[126.8192871189054, 36.421603757385334], [126.81957044532523, 36.42141187309515], [126.81985377174504, 36.42129674252104], [126.82004265602494, 36.42129674252104]]}}, {"type": "Feature", "properties": {"proposal_id": "visible-line-466", "tile_id": "174-cheongyang-labels", "sheet_id": "174-cheongyang", "split": "development", "proposal_kind": "visible_linework_review_only", "backend": "grayscale_ridge_v1_skeleton_v1", "pixel_length": 66.355, "point_count": 10, "confidence": 0.755, "review_status": "unreviewed"}, "geometry": {"type": "LineString", "coordinates": [[126.81933433997537, 36.43979438809488], [126.81947600318529, 36.44021653353329], [126.81957044532523, 36.440331664107404], [126.81957044532523, 36.44044679468151], [126.81980655067508, 36.44067705582974], [126.81999543495496, 36.440715432687774], [126.82056208779463, 36.44037004096544], [126.82084541421445, 36.440331664107404], [126.82103429849434, 36.44044679468151], [126.82108151956432, 36.440715432687774]]}}, {"type": "Feature", "properties": {"proposal_id": "visible-line-467", "tile_id": "174-cheongyang-labels", "sheet_id": "174-cheongyang", "split": "development", "proposal_kind": "visible_linework_review_only", "backend": "grayscale_ridge_v1_skeleton_v1", "pixel_length": 43.213, "point_count": 7, "confidence": 0.7704, "review_status": "unreviewed"}, "geometry": {"type": "LineString", "coordinates": [[126.81947600318529, 36.441291085558326], [126.81980655067508, 36.44125270870029], [126.82004265602494, 36.4413678392744], [126.82037320351473, 36.44132946241636], [126.8207509720745, 36.44117595498422], [126.8209398563544, 36.441022447552065], [126.82103429849434, 36.44079218640385]]}}, {"type": "Feature", "properties": {"proposal_id": "visible-line-468", "tile_id": "174-cheongyang-labels", "sheet_id": "174-cheongyang", "split": "development", "proposal_kind": "visible_linework_review_only", "backend": "grayscale_ridge_v1_skeleton_v1", "pixel_length": 58.213, "point_count": 8, "confidence": 0.7725, "review_status": "unreviewed"}, "geometry": {"type": "LineString", "coordinates": [[126.81957044532523, 36.42597871920155], [126.81971210853514, 36.426132226633705], [126.81999543495496, 36.42620898034978], [126.82079819314448, 36.42620898034978], [126.82084541421445, 36.426247357207814], [126.82131762491417, 36.42628573406585], [126.82174261454391, 36.42655437207211], [126.82178983561388, 36.42674625636229]]}}, {"type": "Feature", "properties": {"proposal_id": "visible-line-469", "tile_id": "174-cheongyang-labels", "sheet_id": "174-cheongyang", "split": "development", "proposal_kind": "visible_linework_review_only", "backend": "grayscale_ridge_v1_skeleton_v1", "pixel_length": 34.799, "point_count": 5, "confidence": 0.7129, "review_status": "unreviewed"}, "geometry": {"type": "LineString", "coordinates": [[126.81961766639519, 36.430276927301705], [126.82018431923485, 36.43062231902403], [126.82037320351473, 36.430660695882075], [126.82084541421445, 36.430583942165995], [126.82098707742436, 36.43050718844992]]}}, {"type": "Feature", "properties": {"proposal_id": "visible-line-470", "tile_id": "174-cheongyang-labels", "sheet_id": "174-cheongyang", "split": "development", "proposal_kind": "visible_linework_review_only", "backend": "grayscale_ridge_v1_skeleton_v1", "pixel_length": 19.071, "point_count": 3, "confidence": 0.7752, "review_status": "unreviewed"}, "geometry": {"type": "LineString", "coordinates": [[126.8197593296051, 36.42471228288633], [126.8202787613748, 36.424673906028296], [126.82056208779463, 36.42452039859615]]}}, {"type": "Feature", "properties": {"proposal_id": "visible-line-471", "tile_id": "174-cheongyang-labels", "sheet_id": "174-cheongyang", "split": "development", "proposal_kind": "visible_linework_review_only", "backend": "grayscale_ridge_v1_skeleton_v1", "pixel_length": 27.971, "point_count": 5, "confidence": 0.6804, "review_status": "unreviewed"}, "geometry": {"type": "LineString", "coordinates": [[126.81985377174504, 36.424366891164], [126.82018431923485, 36.424366891164], [126.82042042458471, 36.42417500687382], [126.82051486672465, 36.42398312258363], [126.8207509720745, 36.42375286143541]]}}, {"type": "Feature", "properties": {"proposal_id": "visible-line-472", "tile_id": "174-cheongyang-labels", "sheet_id": "174-cheongyang", "split": "development", "proposal_kind": "visible_linework_review_only", "backend": "grayscale_ridge_v1_skeleton_v1", "pixel_length": 20.385, "point_count": 2, "confidence": 0.7422, "review_status": "unreviewed"}, "geometry": {"type": "LineString", "coordinates": [[126.81990099281502, 36.43749177661266], [126.82051486672465, 36.43806742948322]]}}, {"type": "Feature", "properties": {"proposal_id": "visible-line-473", "tile_id": "174-cheongyang-labels", "sheet_id": "174-cheongyang", "split": "development", "proposal_kind": "visible_linework_review_only", "backend": "grayscale_ridge_v1_skeleton_v1", "pixel_length": 22.243, "point_count": 3, "confidence": 0.6813, "review_status": "unreviewed"}, "geometry": {"type": "LineString", "coordinates": [[126.819948213885, 36.42682301007837], [126.82079819314448, 36.42678463322033], [126.8209398563544, 36.42686138693641]]}}, {"type": "Feature", "properties": {"proposal_id": "visible-line-474", "tile_id": "174-cheongyang-labels", "sheet_id": "174-cheongyang", "split": "development", "proposal_kind": "visible_linework_review_only", "backend": "grayscale_ridge_v1_skeleton_v1", "pixel_length": 57.113, "point_count": 49, "confidence": 0.7874, "review_status": "unreviewed"}, "geometry": {"type": "LineString", "coordinates": [[126.81999543495496, 36.42831970754181], [126.81999543495496, 36.428281330683774], [126.82004265602494, 36.42824295382574], [126.82004265602494, 36.4282045769677], [126.82004265602494, 36.428166200109665], [126.82008987709492, 36.42812782325163], [126.82013709816488, 36.42808944639359], [126.82018431923485, 36.428051069535556], [126.82023154030482, 36.42801269267752], [126.8202787613748, 36.42797431581948], [126.82032598244477, 36.42797431581948], [126.82037320351473, 36.42793593896144], [126.82042042458471, 36.42793593896144], [126.82046764565467, 36.42793593896144], [126.82051486672465, 36.427897562103404], [126.82056208779463, 36.427897562103404], [126.82060930886459, 36.427897562103404], [126.82065652993457, 36.427897562103404], [126.82070375100454, 36.427897562103404], [126.8207509720745, 36.42785918524537], [126.82079819314448, 36.42785918524537], [126.82084541421445, 36.42785918524537], [126.82089263528442, 36.427897562103404], [126.8209398563544, 36.42793593896144], [126.8209398563544, 36.42797431581948], [126.8209398563544, 36.42801269267752], [126.8209398563544, 36.428051069535556], [126.8209398563544, 36.42808944639359], [126.82089263528442, 36.42812782325163], [126.82089263528442, 36.428166200109665], [126.82084541421445, 36.4282045769677], [126.82079819314448, 36.42824295382574], [126.8207509720745, 36.428281330683774], [126.82070375100454, 36.42831970754181], [126.82065652993457, 36.42831970754181], [126.82060930886459, 36.428358084399854], [126.82056208779463, 36.428358084399854], [126.82051486672465, 36.42839646125789], [126.82046764565467, 36.42839646125789], [126.82042042458471, 36.428434838115926], [126.82037320351473, 36.428434838115926], [126.82032598244477, 36.428434838115926], [126.8202787613748, 36.428434838115926], [126.82023154030482, 36.428434838115926], [126.82018431923485, 36.428434838115926], [126.82013709816488, 36.42839646125789], [126.82008987709492, 36.42839646125789], [126.82004265602494, 36.428358084399854], [126.81999543495496, 36.42831970754181]]}}, {"type": "Feature", "properties": {"proposal_id": "visible-line-475", "tile_id": "174-cheongyang-labels", "sheet_id": "174-cheongyang", "split": "development", "proposal_kind": "visible_linework_review_only", "backend": "grayscale_ridge_v1_skeleton_v1", "pixel_length": 20.728, "point_count": 3, "confidence": 0.6967, "review_status": "unreviewed"}, "geometry": {"type": "LineString", "coordinates": [[126.82004265602494, 36.42329233913896], [126.82018431923485, 36.422946947416634], [126.82051486672465, 36.42267830941037]]}}, {"type": "Feature", "properties": {"proposal_id": "visible-line-476", "tile_id": "174-cheongyang-labels", "sheet_id": "174-cheongyang", "split": "development", "proposal_kind": "visible_linework_review_only", "backend": "grayscale_ridge_v1_skeleton_v1", "pixel_length": 67.527, "point_count": 5, "confidence": 0.755, "review_status": "unreviewed"}, "geometry": {"type": "LineString", "coordinates": [[126.82008987709492, 36.45353330327214], [126.82032598244477, 36.45376356442036], [126.82065652993457, 36.45456947843914], [126.82103429849434, 36.455106754451656], [126.82117596170426, 36.45575916103829]]}}, {"type": "Feature", "properties": {"proposal_id": "visible-line-477", "tile_id": "174-cheongyang-labels", "sheet_id": "174-cheongyang", "split": "development", "proposal_kind": "visible_linework_review_only", "backend": "grayscale_ridge_v1_skeleton_v1", "pixel_length": 18.314, "point_count": 5, "confidence": 0.7184, "review_status": "unreviewed"}, "geometry": {"type": "LineString", "coordinates": [[126.82008987709492, 36.42544144318904], [126.82018431923485, 36.42563332747922], [126.82032598244477, 36.425748458053334], [126.82056208779463, 36.42586358862744], [126.82065652993457, 36.42586358862744]]}}, {"type": "Feature", "properties": {"proposal_id": "visible-line-478", "tile_id": "174-cheongyang-labels", "sheet_id": "174-cheongyang", "split": "development", "proposal_kind": "visible_linework_review_only", "backend": "grayscale_ridge_v1_skeleton_v1", "pixel_length": 21.971, "point_count": 3, "confidence": 0.7678, "review_status": "unreviewed"}, "geometry": {"type": "LineString", "coordinates": [[126.8202787613748, 36.42367610771933], [126.82051486672465, 36.423330715997004], [126.82084541421445, 36.423023701132706]]}}, {"type": "Feature", "properties": {"proposal_id": "visible-line-479", "tile_id": "174-cheongyang-labels", "sheet_id": "174-cheongyang", "split": "development", "proposal_kind": "visible_linework_review_only", "backend": "grayscale_ridge_v1_skeleton_v1", "pixel_length": 23.799, "point_count": 3, "confidence": 0.7633, "review_status": "unreviewed"}, "geometry": {"type": "LineString", "coordinates": [[126.82032598244477, 36.44846755801125], [126.8209398563544, 36.44800703571481], [126.82117596170426, 36.44793028199873]]}}, {"type": "Feature", "properties": {"proposal_id": "visible-line-480", "tile_id": "174-cheongyang-labels", "sheet_id": "174-cheongyang", "split": "development", "proposal_kind": "visible_linework_review_only", "backend": "grayscale_ridge_v1_skeleton_v1", "pixel_length": 24.899, "point_count": 5, "confidence": 0.7789, "review_status": "unreviewed"}, "geometry": {"type": "LineString", "coordinates": [[126.82046764565467, 36.45257388182121], [126.82065652993457, 36.45257388182121], [126.82079819314448, 36.4524587512471], [126.82089263528442, 36.45199822895066], [126.82098707742436, 36.45188309837655]]}}, {"type": "Feature", "properties": {"proposal_id": "visible-line-481", "tile_id": "174-cheongyang-labels", "sheet_id": "174-cheongyang", "split": "development", "proposal_kind": "visible_linework_review_only", "backend": "grayscale_ridge_v1_skeleton_v1", "pixel_length": 21.142, "point_count": 3, "confidence": 0.7279, "review_status": "unreviewed"}, "geometry": {"type": "LineString", "coordinates": [[126.82051486672465, 36.428665099264144], [126.8207509720745, 36.42858834554807], [126.82131762491417, 36.428281330683774]]}}, {"type": "Feature", "properties": {"proposal_id": "visible-line-482", "tile_id": "174-cheongyang-labels", "sheet_id": "174-cheongyang", "split": "development", "proposal_kind": "visible_linework_review_only", "backend": "grayscale_ridge_v1_skeleton_v1", "pixel_length": 70.811, "point_count": 3, "confidence": 0.7633, "review_status": "unreviewed"}, "geometry": {"type": "LineString", "coordinates": [[126.82089263528442, 36.44773839770855], [126.82155373026403, 36.44735462912818], [126.82339535199291, 36.44608819281296]]}}, {"type": "Feature", "properties": {"proposal_id": "visible-line-483", "tile_id": "174-cheongyang-labels", "sheet_id": "174-cheongyang", "split": "development", "proposal_kind": "visible_linework_review_only", "backend": "grayscale_ridge_v1_skeleton_v1", "pixel_length": 19.899, "point_count": 4, "confidence": 0.7641, "review_status": "unreviewed"}, "geometry": {"type": "LineString", "coordinates": [[126.82108151956432, 36.451729590944396], [126.8212704038442, 36.45157608351225], [126.82145928812407, 36.45149932979618], [126.82188427775382, 36.45146095293814]]}}, {"type": "Feature", "properties": {"proposal_id": "visible-line-484", "tile_id": "174-cheongyang-labels", "sheet_id": "174-cheongyang", "split": "development", "proposal_kind": "visible_linework_review_only", "backend": "grayscale_ridge_v1_skeleton_v1", "pixel_length": 26.799, "point_count": 4, "confidence": 0.7866, "review_status": "unreviewed"}, "geometry": {"type": "LineString", "coordinates": [[126.82122318277422, 36.45591266847043], [126.82136484598414, 36.45614292961866], [126.82174261454391, 36.45648832134099], [126.82188427775382, 36.45671858248921]]}}, {"type": "Feature", "properties": {"proposal_id": "visible-line-485", "tile_id": "174-cheongyang-labels", "sheet_id": "174-cheongyang", "split": "development", "proposal_kind": "visible_linework_review_only", "backend": "grayscale_ridge_v1_skeleton_v1", "pixel_length": 24.627, "point_count": 3, "confidence": 0.7356, "review_status": "unreviewed"}, "geometry": {"type": "LineString", "coordinates": [[126.82122318277422, 36.44789190514069], [126.82169539347395, 36.44750813656032], [126.82207316203372, 36.447277875412105]]}}, {"type": "Feature", "properties": {"proposal_id": "visible-line-486", "tile_id": "174-cheongyang-labels", "sheet_id": "174-cheongyang", "split": "development", "proposal_kind": "visible_linework_review_only", "backend": "grayscale_ridge_v1_skeleton_v1", "pixel_length": 24.142, "point_count": 4, "confidence": 0.7516, "review_status": "unreviewed"}, "geometry": {"type": "LineString", "coordinates": [[126.8212704038442, 36.429701274431146], [126.82160095133399, 36.43012341986955], [126.82160095133399, 36.43031530415974], [126.82141206705411, 36.43043043473385]]}}, {"type": "Feature", "properties": {"proposal_id": "visible-line-487", "tile_id": "174-cheongyang-labels", "sheet_id": "174-cheongyang", "split": "development", "proposal_kind": "visible_linework_review_only", "backend": "grayscale_ridge_v1_skeleton_v1", "pixel_length": 187.953, "point_count": 27, "confidence": 0.7665, "review_status": "unreviewed"}, "geometry": {"type": "LineString", "coordinates": [[126.82131762491417, 36.43557293371081], [126.82136484598414, 36.435112411414366], [126.82145928812407, 36.43499728084026], [126.82160095133399, 36.43499728084026], [126.82188427775382, 36.435112411414366], [126.8222620463136, 36.435112411414366], [126.82249815166345, 36.43495890398222], [126.82254537273343, 36.43488215026615], [126.82249815166345, 36.43392272881522], [126.82263981487337, 36.43376922138307], [126.82278147808329, 36.43373084452504], [126.82297036236317, 36.43376922138307], [126.82363145734277, 36.43376922138307], [126.82386756269263, 36.43361571395092], [126.82386756269263, 36.433462206518776], [126.82377312055269, 36.43327032222859], [126.82353701520283, 36.43304006108037], [126.82334813092294, 36.43273304621607], [126.82334813092294, 36.43261791564196], [126.82344257306288, 36.43254116192588], [126.82377312055269, 36.43254116192588], [126.82382034162265, 36.43250278506785], [126.8242453312524, 36.43246440820981], [126.82443421553228, 36.43238765449374], [126.8245758787422, 36.43223414706159], [126.82452865767223, 36.43200388591337], [126.82396200483257, 36.431543363616925]]}}, {"type": "Feature", "properties": {"proposal_id": "visible-line-488", "tile_id": "174-cheongyang-labels", "sheet_id": "174-cheongyang", "split": "development", "proposal_kind": "visible_linework_review_only", "backend": "grayscale_ridge_v1_skeleton_v1", "pixel_length": 21.142, "point_count": 4, "confidence": 0.7556, "review_status": "unreviewed"}, "geometry": {"type": "LineString", "coordinates": [[126.82141206705411, 36.45418570985877], [126.82150650919405, 36.45437759414895], [126.82169539347395, 36.454531101581104], [126.82188427775382, 36.454838116445394]]}}, {"type": "Feature", "properties": {"proposal_id": "visible-line-489", "tile_id": "174-cheongyang-labels", "sheet_id": "174-cheongyang", "split": "development", "proposal_kind": "visible_linework_review_only", "backend": "grayscale_ridge_v1_skeleton_v1", "pixel_length": 27.556, "point_count": 4, "confidence": 0.7915, "review_status": "unreviewed"}, "geometry": {"type": "LineString", "coordinates": [[126.82141206705411, 36.45353330327214], [126.82155373026403, 36.453072780975695], [126.82178983561388, 36.45288089668551], [126.82207316203372, 36.4527657661114]]}}, {"type": "Feature", "properties": {"proposal_id": "visible-line-490", "tile_id": "174-cheongyang-labels", "sheet_id": "174-cheongyang", "split": "development", "proposal_kind": "visible_linework_review_only", "backend": "grayscale_ridge_v1_skeleton_v1", "pixel_length": 19.657, "point_count": 4, "confidence": 0.6844, "review_status": "unreviewed"}, "geometry": {"type": "LineString", "coordinates": [[126.82145928812407, 36.428281330683774], [126.82164817240397, 36.428281330683774], [126.82178983561388, 36.42839646125789], [126.82174261454391, 36.4288186066963]]}}, {"type": "Feature", "properties": {"proposal_id": "visible-line-491", "tile_id": "174-cheongyang-labels", "sheet_id": "174-cheongyang", "split": "development", "proposal_kind": "visible_linework_review_only", "backend": "grayscale_ridge_v1_skeleton_v1", "pixel_length": 24.971, "point_count": 3, "confidence": 0.7373, "review_status": "unreviewed"}, "geometry": {"type": "LineString", "coordinates": [[126.82178983561388, 36.42244804826215], [126.82202594096374, 36.42240967140411], [126.82273425701331, 36.421987525965704]]}}, {"type": "Feature", "properties": {"proposal_id": "visible-line-492", "tile_id": "174-cheongyang-labels", "sheet_id": "174-cheongyang", "split": "development", "proposal_kind": "visible_linework_review_only", "backend": "grayscale_ridge_v1_skeleton_v1", "pixel_length": 21.142, "point_count": 4, "confidence": 0.7142, "review_status": "unreviewed"}, "geometry": {"type": "LineString", "coordinates": [[126.82188427775382, 36.42164213424337], [126.82197871989376, 36.42164213424337], [126.82230926738357, 36.42141187309515], [126.82268703594335, 36.421258365663]]}}, {"type": "Feature", "properties": {"proposal_id": "visible-line-493", "tile_id": "174-cheongyang-labels", "sheet_id": "174-cheongyang", "split": "development", "proposal_kind": "visible_linework_review_only", "backend": "grayscale_ridge_v1_skeleton_v1", "pixel_length": 19.556, "point_count": 4, "confidence": 0.6735, "review_status": "unreviewed"}, "geometry": {"type": "LineString", "coordinates": [[126.8219314988238, 36.45913632454554], [126.82216760417366, 36.459251455119656], [126.82240370952351, 36.45944333940984], [126.82254537273343, 36.459635223700026]]}}, {"type": "Feature", "properties": {"proposal_id": "visible-line-494", "tile_id": "174-cheongyang-labels", "sheet_id": "174-cheongyang", "split": "development", "proposal_kind": "visible_linework_review_only", "backend": "grayscale_ridge_v1_skeleton_v1", "pixel_length": 25.385, "point_count": 5, "confidence": 0.7445, "review_status": "unreviewed"}, "geometry": {"type": "LineString", "coordinates": [[126.8219314988238, 36.456948843637434], [126.82202594096374, 36.457140727927616], [126.8222620463136, 36.457332612217805], [126.82259259380339, 36.45744774279191], [126.82273425701331, 36.45756287336602]]}}, {"type": "Feature", "properties": {"proposal_id": "visible-line-495", "tile_id": "174-cheongyang-labels", "sheet_id": "174-cheongyang", "split": "development", "proposal_kind": "visible_linework_review_only", "backend": "grayscale_ridge_v1_skeleton_v1", "pixel_length": 37.627, "point_count": 4, "confidence": 0.7544, "review_status": "unreviewed"}, "geometry": {"type": "LineString", "coordinates": [[126.82197871989376, 36.45506837759362], [126.82230926738357, 36.45529863874184], [126.82301758343314, 36.455490523032026], [126.82344257306288, 36.45568240732221]]}}, {"type": "Feature", "properties": {"proposal_id": "visible-line-496", "tile_id": "174-cheongyang-labels", "sheet_id": "174-cheongyang", "split": "development", "proposal_kind": "visible_linework_review_only", "backend": "grayscale_ridge_v1_skeleton_v1", "pixel_length": 50.284, "point_count": 7, "confidence": 0.7711, "review_status": "unreviewed"}, "geometry": {"type": "LineString", "coordinates": [[126.82202594096374, 36.44958048689433], [126.82216760417366, 36.44954211003629], [126.82268703594335, 36.44923509517199], [126.82297036236317, 36.44919671831396], [126.82330090985297, 36.44908158773984], [126.82353701520283, 36.448812949733586], [126.82363145734277, 36.44850593486929]]}}, {"type": "Feature", "properties": {"proposal_id": "visible-line-497", "tile_id": "174-cheongyang-labels", "sheet_id": "174-cheongyang", "split": "development", "proposal_kind": "visible_linework_review_only", "backend": "grayscale_ridge_v1_skeleton_v1", "pixel_length": 38.799, "point_count": 8, "confidence": 0.718, "review_status": "unreviewed"}, "geometry": {"type": "LineString", "coordinates": [[126.82202594096374, 36.42889536041237], [126.82212038310368, 36.42878022983826], [126.82212038310368, 36.428665099264144], [126.82240370952351, 36.42847321497396], [126.82249815166345, 36.42847321497396], [126.82273425701331, 36.428665099264144], [126.82282869915325, 36.42889536041237], [126.82282869915325, 36.42920237527667]]}}, {"type": "Feature", "properties": {"proposal_id": "visible-line-498", "tile_id": "174-cheongyang-labels", "sheet_id": "174-cheongyang", "split": "development", "proposal_kind": "visible_linework_review_only", "backend": "grayscale_ridge_v1_skeleton_v1", "pixel_length": 18.485, "point_count": 4, "confidence": 0.7573, "review_status": "unreviewed"}, "geometry": {"type": "LineString", "coordinates": [[126.82207316203372, 36.430583942165995], [126.8222620463136, 36.430468811591886], [126.82235648845354, 36.43031530415974], [126.82240370952351, 36.43000828929544]]}}, {"type": "Feature", "properties": {"proposal_id": "visible-line-499", "tile_id": "174-cheongyang-labels", "sheet_id": "174-cheongyang", "split": "development", "proposal_kind": "visible_linework_review_only", "backend": "grayscale_ridge_v1_skeleton_v1", "pixel_length": 19.556, "point_count": 4, "confidence": 0.6929, "review_status": "unreviewed"}, "geometry": {"type": "LineString", "coordinates": [[126.82207316203372, 36.42202590282374], [126.82221482524362, 36.421987525965704], [126.82263981487337, 36.42164213424337], [126.82278147808329, 36.421603757385334]]}}, {"type": "Feature", "properties": {"proposal_id": "visible-line-500", "tile_id": "174-cheongyang-labels", "sheet_id": "174-cheongyang", "split": "development", "proposal_kind": "visible_linework_review_only", "backend": "grayscale_ridge_v1_skeleton_v1", "pixel_length": 164.894, "point_count": 15, "confidence": 0.7473, "review_status": "unreviewed"}, "geometry": {"type": "LineString", "coordinates": [[126.82216760417366, 36.447201121696025], [126.82315924664306, 36.446510338251365], [126.8239147837626, 36.446049815954915], [126.82452865767223, 36.44558929365847], [126.82471754195211, 36.44547416308436], [126.82485920516203, 36.4455125399424], [126.82485920516203, 36.445666047374544], [126.82429255232238, 36.44616494652903], [126.82415088911246, 36.446433584535285], [126.82410366804248, 36.446702222541546], [126.82363145734277, 36.447201121696025], [126.82353701520283, 36.44743138284425], [126.82353701520283, 36.447968658856766], [126.82348979413285, 36.44800703571481], [126.8235842362728, 36.448429181153216]]}}, {"type": "Feature", "properties": {"proposal_id": "visible-line-501", "tile_id": "174-cheongyang-labels", "sheet_id": "174-cheongyang", "split": "development", "proposal_kind": "visible_linework_review_only", "backend": "grayscale_ridge_v1_skeleton_v1", "pixel_length": 67.184, "point_count": 11, "confidence": 0.7697, "review_status": "unreviewed"}, "geometry": {"type": "LineString", "coordinates": [[126.82249815166345, 36.427667300955186], [126.82263981487337, 36.42755217038107], [126.82339535199291, 36.42736028609089], [126.82367867841275, 36.42713002494266], [126.82367867841275, 36.42697651751052], [126.82363145734277, 36.42693814065248], [126.82367867841275, 36.426899763794445], [126.82367867841275, 36.42666950264622], [126.8235842362728, 36.42655437207211], [126.82330090985297, 36.42636248778192], [126.82282869915325, 36.42620898034978]]}}, {"type": "Feature", "properties": {"proposal_id": "visible-line-502", "tile_id": "174-cheongyang-labels", "sheet_id": "174-cheongyang", "split": "development", "proposal_kind": "visible_linework_review_only", "backend": "grayscale_ridge_v1_skeleton_v1", "pixel_length": 72.527, "point_count": 8, "confidence": 0.7512, "review_status": "unreviewed"}, "geometry": {"type": "LineString", "coordinates": [[126.82273425701331, 36.421987525965704], [126.82301758343314, 36.42179564167552], [126.82339535199291, 36.42179564167552], [126.82372589948271, 36.42202590282374], [126.82386756269263, 36.42221778711393], [126.82400922590254, 36.42256317883626], [126.82410366804248, 36.42344584657111], [126.82429255232238, 36.423637730861294]]}}, {"type": "Feature", "properties": {"proposal_id": "visible-line-503", "tile_id": "174-cheongyang-labels", "sheet_id": "174-cheongyang", "split": "development", "proposal_kind": "visible_linework_review_only", "backend": "grayscale_ridge_v1_skeleton_v1", "pixel_length": 18.142, "point_count": 3, "confidence": 0.7265, "review_status": "unreviewed"}, "geometry": {"type": "LineString", "coordinates": [[126.82334813092294, 36.450578285203285], [126.8235842362728, 36.450770169493474], [126.82400922590254, 36.450962053783655]]}}, {"type": "Feature", "properties": {"proposal_id": "visible-line-504", "tile_id": "174-cheongyang-labels", "sheet_id": "174-cheongyang", "split": "development", "proposal_kind": "visible_linework_review_only", "backend": "grayscale_ridge_v1_skeleton_v1", "pixel_length": 19.485, "point_count": 4, "confidence": 0.7139, "review_status": "unreviewed"}, "geometry": {"type": "LineString", "coordinates": [[126.82339535199291, 36.420912973940666], [126.8235842362728, 36.4209513507987], [126.82377312055269, 36.421104858230855], [126.82419811018242, 36.42106648137282]]}}, {"type": "Feature", "properties": {"proposal_id": "visible-line-505", "tile_id": "174-cheongyang-labels", "sheet_id": "174-cheongyang", "split": "development", "proposal_kind": "visible_linework_review_only", "backend": "grayscale_ridge_v1_skeleton_v1", "pixel_length": 35.698, "point_count": 4, "confidence": 0.7758, "review_status": "unreviewed"}, "geometry": {"type": "LineString", "coordinates": [[126.82353701520283, 36.44597306223884], [126.82415088911246, 36.445550916800435], [126.8245758787422, 36.44532065565222], [126.82476476302209, 36.44512877136203]]}}, {"type": "Feature", "properties": {"proposal_id": "visible-line-506", "tile_id": "174-cheongyang-labels", "sheet_id": "174-cheongyang", "split": "development", "proposal_kind": "visible_linework_review_only", "backend": "grayscale_ridge_v1_skeleton_v1", "pixel_length": 30.799, "point_count": 4, "confidence": 0.7437, "review_status": "unreviewed"}, "geometry": {"type": "LineString", "coordinates": [[126.82367867841275, 36.45579753789632], [126.8239147837626, 36.45602779904454], [126.82415088911246, 36.45652669819903], [126.82433977339234, 36.456756959347246]]}}, {"type": "Feature", "properties": {"proposal_id": "visible-line-507", "tile_id": "174-cheongyang-labels", "sheet_id": "174-cheongyang", "split": "development", "proposal_kind": "visible_linework_review_only", "backend": "grayscale_ridge_v1_skeleton_v1", "pixel_length": 77.64, "point_count": 8, "confidence": 0.7562, "review_status": "unreviewed"}, "geometry": {"type": "LineString", "coordinates": [[126.82367867841275, 36.44846755801125], [126.8242453312524, 36.448045412572846], [126.82433977339234, 36.44785352828266], [126.824906426232, 36.447393005986214], [126.8250480894419, 36.44716274483799], [126.82533141586174, 36.44693248368977], [126.82580362656145, 36.44677897625762], [126.82613417405126, 36.44647196139333]]}}, {"type": "Feature", "properties": {"proposal_id": "visible-line-508", "tile_id": "174-cheongyang-labels", "sheet_id": "174-cheongyang", "split": "development", "proposal_kind": "visible_linework_review_only", "backend": "grayscale_ridge_v1_skeleton_v1", "pixel_length": 80.598, "point_count": 10, "confidence": 0.7444, "review_status": "unreviewed"}, "geometry": {"type": "LineString", "coordinates": [[126.82372589948271, 36.43127472561066], [126.82386756269263, 36.431159595036554], [126.8242453312524, 36.4310060876044], [126.82452865767223, 36.430775826456184], [126.8245758787422, 36.43043043473385], [126.82443421553228, 36.43000828929544], [126.82448143660226, 36.429893158721335], [126.82481198409205, 36.42973965128918], [126.82552030014163, 36.429701274431146], [126.82585084763143, 36.429509390140964]]}}, {"type": "Feature", "properties": {"proposal_id": "visible-line-509", "tile_id": "174-cheongyang-labels", "sheet_id": "174-cheongyang", "split": "development", "proposal_kind": "visible_linework_review_only", "backend": "grayscale_ridge_v1_skeleton_v1", "pixel_length": 21.657, "point_count": 5, "confidence": 0.6831, "review_status": "unreviewed"}, "geometry": {"type": "LineString", "coordinates": [[126.82443421553228, 36.440139779817216], [126.82448143660226, 36.44010140295918], [126.82467032088215, 36.440139779817216], [126.82467032088215, 36.44044679468151], [126.8245758787422, 36.440715432687774]]}}, {"type": "Feature", "properties": {"proposal_id": "visible-line-510", "tile_id": "174-cheongyang-labels", "sheet_id": "174-cheongyang", "split": "development", "proposal_kind": "visible_linework_review_only", "backend": "grayscale_ridge_v1_skeleton_v1", "pixel_length": 19.142, "point_count": 3, "confidence": 0.7078, "review_status": "unreviewed"}, "geometry": {"type": "LineString", "coordinates": [[126.82443421553228, 36.428511591832], [126.82481198409205, 36.42889536041237], [126.824906426232, 36.42908724470255]]}}, {"type": "Feature", "properties": {"proposal_id": "visible-line-511", "tile_id": "174-cheongyang-labels", "sheet_id": "174-cheongyang", "split": "development", "proposal_kind": "visible_linework_review_only", "backend": "grayscale_ridge_v1_skeleton_v1", "pixel_length": 23.485, "point_count": 4, "confidence": 0.7476, "review_status": "unreviewed"}, "geometry": {"type": "LineString", "coordinates": [[126.82467032088215, 36.44501364078792], [126.82471754195211, 36.44459149534951], [126.824906426232, 36.44436123420129], [126.82495364730197, 36.44420772676914]]}}, {"type": "Feature", "properties": {"proposal_id": "visible-line-512", "tile_id": "174-cheongyang-labels", "sheet_id": "174-cheongyang", "split": "development", "proposal_kind": "visible_linework_review_only", "backend": "grayscale_ridge_v1_skeleton_v1", "pixel_length": 18.071, "point_count": 4, "confidence": 0.7832, "review_status": "unreviewed"}, "geometry": {"type": "LineString", "coordinates": [[126.82481198409205, 36.45863742539106], [126.82485920516203, 36.4586758022491], [126.824906426232, 36.45902119397143], [126.8250480894419, 36.459251455119656]]}}, {"type": "Feature", "properties": {"proposal_id": "visible-line-513", "tile_id": "174-cheongyang-labels", "sheet_id": "174-cheongyang", "split": "development", "proposal_kind": "visible_linework_review_only", "backend": "grayscale_ridge_v1_skeleton_v1", "pixel_length": 29.042, "point_count": 4, "confidence": 0.7512, "review_status": "unreviewed"}, "geometry": {"type": "LineString", "coordinates": [[126.82481198409205, 36.44509039450399], [126.824906426232, 36.44509039450399], [126.82509531051188, 36.444975263929884], [126.82585084763143, 36.44443798791736]]}}, {"type": "Feature", "properties": {"proposal_id": "visible-line-514", "tile_id": "174-cheongyang-labels", "sheet_id": "174-cheongyang", "split": "development", "proposal_kind": "visible_linework_review_only", "backend": "grayscale_ridge_v1_skeleton_v1", "pixel_length": 20.314, "point_count": 4, "confidence": 0.7083, "review_status": "unreviewed"}, "geometry": {"type": "LineString", "coordinates": [[126.824906426232, 36.43188875533926], [126.8252369737218, 36.43215739334551], [126.82528419479178, 36.43227252391963], [126.8252369737218, 36.43250278506785]]}}, {"type": "Feature", "properties": {"proposal_id": "visible-line-515", "tile_id": "174-cheongyang-labels", "sheet_id": "174-cheongyang", "split": "development", "proposal_kind": "visible_linework_review_only", "backend": "grayscale_ridge_v1_skeleton_v1", "pixel_length": 32.456, "point_count": 4, "confidence": 0.7707, "review_status": "unreviewed"}, "geometry": {"type": "LineString", "coordinates": [[126.824906426232, 36.42839646125789], [126.82500086837194, 36.428549968690035], [126.82566196335154, 36.42901049098648], [126.82585084763143, 36.42927912899274]]}}, {"type": "Feature", "properties": {"proposal_id": "visible-line-516", "tile_id": "174-cheongyang-labels", "sheet_id": "174-cheongyang", "split": "development", "proposal_kind": "visible_linework_review_only", "backend": "grayscale_ridge_v1_skeleton_v1", "pixel_length": 102.74, "point_count": 12, "confidence": 0.7457, "review_status": "unreviewed"}, "geometry": {"type": "LineString", "coordinates": [[126.824906426232, 36.42839646125789], [126.82509531051188, 36.4282045769677], [126.82561474228157, 36.42797431581948], [126.82594528977137, 36.42770567781322], [126.82603973191131, 36.42755217038107], [126.82603973191131, 36.42724515551678], [126.82585084763143, 36.42670787950426], [126.82594528977137, 36.42647761835604], [126.82618139512122, 36.426324110923886], [126.82693693224077, 36.42617060349174], [126.82717303759063, 36.425940342343516], [126.82717303759063, 36.425748458053334]]}}, {"type": "Feature", "properties": {"proposal_id": "visible-line-517", "tile_id": "174-cheongyang-labels", "sheet_id": "174-cheongyang", "split": "development", "proposal_kind": "visible_linework_review_only", "backend": "grayscale_ridge_v1_skeleton_v1", "pixel_length": 24.971, "point_count": 5, "confidence": 0.7229, "review_status": "unreviewed"}, "geometry": {"type": "LineString", "coordinates": [[126.82500086837194, 36.45717910478565], [126.82547307907166, 36.457524496507986], [126.8255675212116, 36.45767800394014], [126.8255675212116, 36.45786988823032], [126.82552030014163, 36.457908265088356]]}}, {"type": "Feature", "properties": {"proposal_id": "visible-line-518", "tile_id": "174-cheongyang-labels", "sheet_id": "174-cheongyang", "split": "development", "proposal_kind": "visible_linework_review_only", "backend": "grayscale_ridge_v1_skeleton_v1", "pixel_length": 40.355, "point_count": 2, "confidence": 0.7551, "review_status": "unreviewed"}, "geometry": {"type": "LineString", "coordinates": [[126.82500086837194, 36.44532065565222], [126.82641750047108, 36.44436123420129]]}}, {"type": "Feature", "properties": {"proposal_id": "visible-line-519", "tile_id": "174-cheongyang-labels", "sheet_id": "174-cheongyang", "split": "development", "proposal_kind": "visible_linework_review_only", "backend": "grayscale_ridge_v1_skeleton_v1", "pixel_length": 36.971, "point_count": 7, "confidence": 0.7185, "review_status": "unreviewed"}, "geometry": {"type": "LineString", "coordinates": [[126.82500086837194, 36.44413097305307], [126.82514253158186, 36.443900711904845], [126.82514253158186, 36.443632073898584], [126.82518975265182, 36.44359369704055], [126.8252369737218, 36.44328668217625], [126.82533141586174, 36.443133174744105], [126.82561474228157, 36.442941290453916]]}}, {"type": "Feature", "properties": {"proposal_id": "visible-line-520", "tile_id": "174-cheongyang-labels", "sheet_id": "174-cheongyang", "split": "development", "proposal_kind": "visible_linework_review_only", "backend": "grayscale_ridge_v1_skeleton_v1", "pixel_length": 23.728, "point_count": 3, "confidence": 0.6415, "review_status": "unreviewed"}, "geometry": {"type": "LineString", "coordinates": [[126.82537863693172, 36.43376922138307], [126.82552030014163, 36.434152989963444], [126.82580362656145, 36.434536758543814]]}}, {"type": "Feature", "properties": {"proposal_id": "visible-line-521", "tile_id": "174-cheongyang-labels", "sheet_id": "174-cheongyang", "split": "development", "proposal_kind": "visible_linework_review_only", "backend": "grayscale_ridge_v1_skeleton_v1", "pixel_length": 47.255, "point_count": 2, "confidence": 0.7191, "review_status": "unreviewed"}, "geometry": {"type": "LineString", "coordinates": [[126.82552030014163, 36.451537706654214], [126.82707859545069, 36.452804142969434]]}}, {"type": "Feature", "properties": {"proposal_id": "visible-line-522", "tile_id": "174-cheongyang-labels", "sheet_id": "174-cheongyang", "split": "development", "proposal_kind": "visible_linework_review_only", "backend": "grayscale_ridge_v1_skeleton_v1", "pixel_length": 28.071, "point_count": 6, "confidence": 0.7099, "review_status": "unreviewed"}, "geometry": {"type": "LineString", "coordinates": [[126.82561474228157, 36.442941290453916], [126.82570918442151, 36.443133174744105], [126.82570918442151, 36.4434401896084], [126.82575640549149, 36.44347856646644], [126.82575640549149, 36.44378558133074], [126.82566196335154, 36.44393908876288]]}}, {"type": "Feature", "properties": {"proposal_id": "visible-line-523", "tile_id": "174-cheongyang-labels", "sheet_id": "174-cheongyang", "split": "development", "proposal_kind": "visible_linework_review_only", "backend": "grayscale_ridge_v1_skeleton_v1", "pixel_length": 26.799, "point_count": 4, "confidence": 0.7759, "review_status": "unreviewed"}, "geometry": {"type": "LineString", "coordinates": [[126.82561474228157, 36.442941290453916], [126.8258980687014, 36.44251914501551], [126.82613417405126, 36.44232726072533], [126.82637027940112, 36.44221213015122]]}}, {"type": "Feature", "properties": {"proposal_id": "visible-line-524", "tile_id": "174-cheongyang-labels", "sheet_id": "174-cheongyang", "split": "development", "proposal_kind": "visible_linework_review_only", "backend": "grayscale_ridge_v1_skeleton_v1", "pixel_length": 40.899, "point_count": 4, "confidence": 0.7761, "review_status": "unreviewed"}, "geometry": {"type": "LineString", "coordinates": [[126.82561474228157, 36.4240598762997], [126.82566196335154, 36.423714484577374], [126.8258980687014, 36.42329233913896], [126.82594528977137, 36.4226015556943]]}}, {"type": "Feature", "properties": {"proposal_id": "visible-line-525", "tile_id": "174-cheongyang-labels", "sheet_id": "174-cheongyang", "split": "development", "proposal_kind": "visible_linework_review_only", "backend": "grayscale_ridge_v1_skeleton_v1", "pixel_length": 40.77, "point_count": 2, "confidence": 0.7824, "review_status": "unreviewed"}, "geometry": {"type": "LineString", "coordinates": [[126.82594528977137, 36.444399611059325], [126.82736192187052, 36.443401812750366]]}}, {"type": "Feature", "properties": {"proposal_id": "visible-line-526", "tile_id": "174-cheongyang-labels", "sheet_id": "174-cheongyang", "split": "development", "proposal_kind": "visible_linework_review_only", "backend": "grayscale_ridge_v1_skeleton_v1", "pixel_length": 23.899, "point_count": 5, "confidence": 0.7592, "review_status": "unreviewed"}, "geometry": {"type": "LineString", "coordinates": [[126.82599251084135, 36.42244804826215], [126.82603973191131, 36.42229454083], [126.8262286161912, 36.42214103339785], [126.82660638475097, 36.42214103339785], [126.82684249010083, 36.42221778711393]]}}, {"type": "Feature", "properties": {"proposal_id": "visible-line-527", "tile_id": "174-cheongyang-labels", "sheet_id": "174-cheongyang", "split": "development", "proposal_kind": "visible_linework_review_only", "backend": "grayscale_ridge_v1_skeleton_v1", "pixel_length": 20.657, "point_count": 6, "confidence": 0.7278, "review_status": "unreviewed"}, "geometry": {"type": "LineString", "coordinates": [[126.82660638475097, 36.44628007710314], [126.82665360582094, 36.4462417002451], [126.82665360582094, 36.44578117794866], [126.82660638475097, 36.445742801090624], [126.82665360582094, 36.44558929365847], [126.82660638475097, 36.445550916800435]]}}, {"type": "Feature", "properties": {"proposal_id": "visible-line-528", "tile_id": "174-cheongyang-labels", "sheet_id": "174-cheongyang", "split": "development", "proposal_kind": "visible_linework_review_only", "backend": "grayscale_ridge_v1_skeleton_v1", "pixel_length": 54.255, "point_count": 5, "confidence": 0.7603, "review_status": "unreviewed"}, "geometry": {"type": "LineString", "coordinates": [[126.82665360582094, 36.44416934991111], [126.82712581652066, 36.443900711904845], [126.82797579578015, 36.44328668217625], [126.82807023792009, 36.44328668217625], [126.8285424486198, 36.44290291359588]]}}, {"type": "Feature", "properties": {"proposal_id": "visible-line-529", "tile_id": "174-cheongyang-labels", "sheet_id": "174-cheongyang", "split": "development", "proposal_kind": "visible_linework_review_only", "backend": "grayscale_ridge_v1_skeleton_v1", "pixel_length": 20.728, "point_count": 3, "confidence": 0.6394, "review_status": "unreviewed"}, "geometry": {"type": "LineString", "coordinates": [[126.82679526903085, 36.431620117333], [126.8272202586606, 36.431927132197295], [126.82726747973058, 36.43223414706159]]}}, {"type": "Feature", "properties": {"proposal_id": "visible-line-530", "tile_id": "174-cheongyang-labels", "sheet_id": "174-cheongyang", "split": "development", "proposal_kind": "visible_linework_review_only", "backend": "grayscale_ridge_v1_skeleton_v1", "pixel_length": 39.314, "point_count": 5, "confidence": 0.7314, "review_status": "unreviewed"}, "geometry": {"type": "LineString", "coordinates": [[126.82707859545069, 36.42229454083], [126.82750358508044, 36.42229454083], [126.82783413257023, 36.42244804826215], [126.82788135364021, 36.42283181684252], [126.82802301685011, 36.42321558542289]]}}, {"type": "Feature", "properties": {"proposal_id": "visible-line-531", "tile_id": "174-cheongyang-labels", "sheet_id": "174-cheongyang", "split": "development", "proposal_kind": "visible_linework_review_only", "backend": "grayscale_ridge_v1_skeleton_v1", "pixel_length": 23.485, "point_count": 4, "confidence": 0.7405, "review_status": "unreviewed"}, "geometry": {"type": "LineString", "coordinates": [[126.82712581652066, 36.43365409080896], [126.82717303759063, 36.43373084452504], [126.82717303759063, 36.43403785938933], [126.82740914294048, 36.434460004827734]]}}, {"type": "Feature", "properties": {"proposal_id": "visible-line-532", "tile_id": "174-cheongyang-labels", "sheet_id": "174-cheongyang", "split": "development", "proposal_kind": "visible_linework_review_only", "backend": "grayscale_ridge_v1_skeleton_v1", "pixel_length": 21.828, "point_count": 4, "confidence": 0.7139, "review_status": "unreviewed"}, "geometry": {"type": "LineString", "coordinates": [[126.82726747973058, 36.43868145921181], [126.82731470080054, 36.43871983606984], [126.82731470080054, 36.43941061951451], [126.82740914294048, 36.43944899637255]]}}, {"type": "Feature", "properties": {"proposal_id": "visible-line-533", "tile_id": "174-cheongyang-labels", "sheet_id": "174-cheongyang", "split": "development", "proposal_kind": "visible_linework_review_only", "backend": "grayscale_ridge_v1_skeleton_v1", "pixel_length": 21.071, "point_count": 5, "confidence": 0.711, "review_status": "unreviewed"}, "geometry": {"type": "LineString", "coordinates": [[126.82736192187052, 36.453072780975695], [126.82745636401046, 36.453187911549804], [126.82740914294048, 36.45334141898195], [126.82745636401046, 36.45376356442036], [126.82740914294048, 36.4538019412784]]}}, {"type": "Feature", "properties": {"proposal_id": "visible-line-534", "tile_id": "174-cheongyang-labels", "sheet_id": "174-cheongyang", "split": "development", "proposal_kind": "visible_linework_review_only", "backend": "grayscale_ridge_v1_skeleton_v1", "pixel_length": 18.243, "point_count": 4, "confidence": 0.6758, "review_status": "unreviewed"}, "geometry": {"type": "LineString", "coordinates": [[126.82740914294048, 36.43334707594467], [126.82750358508044, 36.433577337092885], [126.82750358508044, 36.43392272881522], [126.8275508061504, 36.43399948253129]]}}, {"type": "Feature", "properties": {"proposal_id": "visible-line-535", "tile_id": "174-cheongyang-labels", "sheet_id": "174-cheongyang", "split": "development", "proposal_kind": "visible_linework_review_only", "backend": "grayscale_ridge_v1_skeleton_v1", "pixel_length": 56.326, "point_count": 3, "confidence": 0.7765, "review_status": "unreviewed"}, "geometry": {"type": "LineString", "coordinates": [[126.82769246936031, 36.44317155160214], [126.82802301685011, 36.44297966731196], [126.82962853322914, 36.44175160785477]]}}, {"type": "Feature", "properties": {"proposal_id": "visible-line-536", "tile_id": "174-cheongyang-labels", "sheet_id": "174-cheongyang", "split": "development", "proposal_kind": "visible_linework_review_only", "backend": "grayscale_ridge_v1_skeleton_v1", "pixel_length": 23.899, "point_count": 3, "confidence": 0.6936, "review_status": "unreviewed"}, "geometry": {"type": "LineString", "coordinates": [[126.82783413257023, 36.45299602725962], [126.82802301685011, 36.45322628840784], [126.82807023792009, 36.4538019412784]]}}, {"type": "Feature", "properties": {"proposal_id": "visible-line-537", "tile_id": "174-cheongyang-labels", "sheet_id": "174-cheongyang", "split": "development", "proposal_kind": "visible_linework_review_only", "backend": "grayscale_ridge_v1_skeleton_v1", "pixel_length": 47.456, "point_count": 41, "confidence": 0.7915, "review_status": "unreviewed"}, "geometry": {"type": "LineString", "coordinates": [[126.82783413257023, 36.4444763647754], [126.82783413257023, 36.44443798791736], [126.82783413257023, 36.444399611059325], [126.82783413257023, 36.44436123420129], [126.82783413257023, 36.44432285734325], [126.82788135364021, 36.444284480485216], [126.82788135364021, 36.44424610362718], [126.82792857471017, 36.44420772676914], [126.82797579578015, 36.44416934991111], [126.82802301685011, 36.44413097305307], [126.82807023792009, 36.44413097305307], [126.82811745899006, 36.44413097305307], [126.82816468006003, 36.44413097305307], [126.82821190113, 36.44413097305307], [126.82825912219997, 36.44413097305307], [126.82830634326994, 36.44413097305307], [126.82835356433992, 36.44416934991111], [126.82840078540988, 36.44416934991111], [126.82844800647986, 36.44420772676914], [126.82849522754984, 36.44424610362718], [126.82849522754984, 36.444284480485216], [126.82849522754984, 36.44432285734325], [126.8285424486198, 36.44436123420129], [126.8285424486198, 36.444399611059325], [126.8285424486198, 36.44443798791736], [126.82849522754984, 36.4444763647754], [126.82849522754984, 36.44451474163344], [126.82844800647986, 36.44455311849148], [126.82840078540988, 36.44459149534951], [126.82835356433992, 36.44462987220755], [126.82830634326994, 36.44462987220755], [126.82825912219997, 36.444668249065586], [126.82821190113, 36.444668249065586], [126.82816468006003, 36.444668249065586], [126.82811745899006, 36.444668249065586], [126.82807023792009, 36.44462987220755], [126.82802301685011, 36.44462987220755], [126.82797579578015, 36.44459149534951], [126.82792857471017, 36.44455311849148], [126.82788135364021, 36.44451474163344], [126.82783413257023, 36.4444763647754]]}}, {"type": "Feature", "properties": {"proposal_id": "visible-line-538", "tile_id": "174-cheongyang-labels", "sheet_id": "174-cheongyang", "split": "development", "proposal_kind": "visible_linework_review_only", "backend": "grayscale_ridge_v1_skeleton_v1", "pixel_length": 30.971, "point_count": 3, "confidence": 0.7429, "review_status": "unreviewed"}, "geometry": {"type": "LineString", "coordinates": [[126.82788135364021, 36.43756853032873], [126.82830634326994, 36.437223138606406], [126.82906188038949, 36.43706963117425]]}}, {"type": "Feature", "properties": {"proposal_id": "visible-line-539", "tile_id": "174-cheongyang-labels", "sheet_id": "174-cheongyang", "split": "development", "proposal_kind": "visible_linework_review_only", "backend": "grayscale_ridge_v1_skeleton_v1", "pixel_length": 20.485, "point_count": 5, "confidence": 0.7249, "review_status": "unreviewed"}, "geometry": {"type": "LineString", "coordinates": [[126.82811745899006, 36.425556573763146], [126.82825912219997, 36.42582521176941], [126.82825912219997, 36.425940342343516], [126.82840078540988, 36.42605547291763], [126.82840078540988, 36.426247357207814]]}}, {"type": "Feature", "properties": {"proposal_id": "visible-line-540", "tile_id": "174-cheongyang-labels", "sheet_id": "174-cheongyang", "split": "development", "proposal_kind": "visible_linework_review_only", "backend": "grayscale_ridge_v1_skeleton_v1", "pixel_length": 62.87, "point_count": 10, "confidence": 0.7629, "review_status": "unreviewed"}, "geometry": {"type": "LineString", "coordinates": [[126.82830634326994, 36.42444364488007], [126.82840078540988, 36.424597152312224], [126.8287313328997, 36.424789036602405], [126.82939242787928, 36.424789036602405], [126.82948687001924, 36.424865790318485], [126.82948687001924, 36.4250960514667], [126.82943964894926, 36.42513442832474], [126.82948687001924, 36.425364689472964], [126.82986463857901, 36.42547982004707], [126.8301951860688, 36.42567170433726]]}}, {"type": "Feature", "properties": {"proposal_id": "visible-line-541", "tile_id": "174-cheongyang-labels", "sheet_id": "174-cheongyang", "split": "development", "proposal_kind": "visible_linework_review_only", "backend": "grayscale_ridge_v1_skeleton_v1", "pixel_length": 58.113, "point_count": 8, "confidence": 0.7488, "review_status": "unreviewed"}, "geometry": {"type": "LineString", "coordinates": [[126.82844800647986, 36.43852795177966], [126.82844800647986, 36.43845119806359], [126.8287313328997, 36.437990675767146], [126.8287313328997, 36.43787554519303], [126.82882577503963, 36.43779879147696], [126.82958131215918, 36.43756853032873], [126.82995908071895, 36.43729989232248], [126.83024240713877, 36.43726151546444]]}}, {"type": "Feature", "properties": {"proposal_id": "visible-line-542", "tile_id": "174-cheongyang-labels", "sheet_id": "174-cheongyang", "split": "development", "proposal_kind": "visible_linework_review_only", "backend": "grayscale_ridge_v1_skeleton_v1", "pixel_length": 29.627, "point_count": 6, "confidence": 0.7459, "review_status": "unreviewed"}, "geometry": {"type": "LineString", "coordinates": [[126.8287313328997, 36.44405421933699], [126.82929798573934, 36.443632073898584], [126.82929798573934, 36.44355532018251], [126.8292035435994, 36.44347856646644], [126.82901465931951, 36.44347856646644], [126.82887299610961, 36.44336343589233]]}}, {"type": "Feature", "properties": {"proposal_id": "visible-line-543", "tile_id": "174-cheongyang-labels", "sheet_id": "174-cheongyang", "split": "development", "proposal_kind": "visible_linework_review_only", "backend": "grayscale_ridge_v1_skeleton_v1", "pixel_length": 37.113, "point_count": 5, "confidence": 0.7632, "review_status": "unreviewed"}, "geometry": {"type": "LineString", "coordinates": [[126.82882577503963, 36.42724515551678], [126.82896743824955, 36.42743703980696], [126.82962853322914, 36.42801269267752], [126.8297229753691, 36.4282045769677], [126.82986463857901, 36.42831970754181]]}}, {"type": "Feature", "properties": {"proposal_id": "visible-line-544", "tile_id": "174-cheongyang-labels", "sheet_id": "174-cheongyang", "split": "development", "proposal_kind": "visible_linework_review_only", "backend": "grayscale_ridge_v1_skeleton_v1", "pixel_length": 24.071, "point_count": 4, "confidence": 0.7872, "review_status": "unreviewed"}, "geometry": {"type": "LineString", "coordinates": [[126.82896743824955, 36.423637730861294], [126.82939242787928, 36.42348422342915], [126.82991185964897, 36.42348422342915], [126.83000630178891, 36.42344584657111]]}}, {"type": "Feature", "properties": {"proposal_id": "visible-line-545", "tile_id": "174-cheongyang-labels", "sheet_id": "174-cheongyang", "split": "development", "proposal_kind": "visible_linework_review_only", "backend": "grayscale_ridge_v1_skeleton_v1", "pixel_length": 19.657, "point_count": 4, "confidence": 0.6902, "review_status": "unreviewed"}, "geometry": {"type": "LineString", "coordinates": [[126.82925076466937, 36.434229743679516], [126.82939242787928, 36.43457513540185], [126.82939242787928, 36.434843773408105], [126.82934520680932, 36.434920527124184]]}}, {"type": "Feature", "properties": {"proposal_id": "visible-line-546", "tile_id": "174-cheongyang-labels", "sheet_id": "174-cheongyang", "split": "development", "proposal_kind": "visible_linework_review_only", "backend": "grayscale_ridge_v1_skeleton_v1", "pixel_length": 18.314, "point_count": 4, "confidence": 0.6846, "review_status": "unreviewed"}, "geometry": {"type": "LineString", "coordinates": [[126.8297229753691, 36.4562964370508], [126.82995908071895, 36.45621968333473], [126.83014796499883, 36.45606617590258], [126.83024240713877, 36.45583591475436]]}}, {"type": "Feature", "properties": {"proposal_id": "visible-line-547", "tile_id": "174-cheongyang-labels", "sheet_id": "174-cheongyang", "split": "development", "proposal_kind": "visible_linework_review_only", "backend": "grayscale_ridge_v1_skeleton_v1", "pixel_length": 18.414, "point_count": 3, "confidence": 0.716, "review_status": "unreviewed"}, "geometry": {"type": "LineString", "coordinates": [[126.82991185964897, 36.429432636424885], [126.82995908071895, 36.42927912899274], [126.82995908071895, 36.428741852980224]]}}]}