{"type": "FeatureCollection", "name": "candidate_proposals_177-nonsan-hydro", "crs": {"type": "name", "properties": {"name": "urn:ogc:def:crs:EPSG::5132"}}, "features": [{"type": "Feature", "properties": {"proposal_id": "visible-line-1", "tile_id": "177-nonsan-hydro", "sheet_id": "177-nonsan", "split": "development", "proposal_kind": "visible_linework_review_only", "backend": "grayscale_ridge_v1_skeleton_v1", "pixel_length": 20.142, "point_count": 2, "confidence": 0.6185, "review_status": "unreviewed"}, "geometry": {"type": "LineString", "coordinates": [[127.00628085313737, 36.22287565300004], [127.00703325496802, 36.2224932948493]]}}, {"type": "Feature", "properties": {"proposal_id": "visible-line-2", "tile_id": "177-nonsan-hydro", "sheet_id": "177-nonsan", "split": "development", "proposal_kind": "visible_linework_review_only", "backend": "grayscale_ridge_v1_skeleton_v1", "pixel_length": 37.314, "point_count": 6, "confidence": 0.5825, "review_status": "unreviewed"}, "geometry": {"type": "LineString", "coordinates": [[127.00632787825178, 36.22142269202725], [127.00661002893828, 36.221346220397095], [127.0069392047392, 36.221346220397095], [127.00703325496802, 36.22142269202725], [127.00773863168426, 36.22138445621217], [127.00787970702751, 36.22153739947247]]}}, {"type": "Feature", "properties": {"proposal_id": "visible-line-3", "tile_id": "177-nonsan-hydro", "sheet_id": "177-nonsan", "split": "development", "proposal_kind": "visible_linework_review_only", "backend": "grayscale_ridge_v1_skeleton_v1", "pixel_length": 42.456, "point_count": 6, "confidence": 0.6059, "review_status": "unreviewed"}, "geometry": {"type": "LineString", "coordinates": [[127.00632787825178, 36.21580202721143], [127.00656300382387, 36.21595497047173], [127.00679812939595, 36.215993206286804], [127.00740945588335, 36.216337328622465], [127.00769160656985, 36.216452036067686], [127.00797375725634, 36.216490271882755]]}}, {"type": "Feature", "properties": {"proposal_id": "visible-line-4", "tile_id": "177-nonsan-hydro", "sheet_id": "177-nonsan", "split": "development", "proposal_kind": "visible_linework_review_only", "backend": "grayscale_ridge_v1_skeleton_v1", "pixel_length": 26.657, "point_count": 5, "confidence": 0.6712, "review_status": "unreviewed"}, "geometry": {"type": "LineString", "coordinates": [[127.00632787825178, 36.20540188551143], [127.00632787825178, 36.20524894225114], [127.00642192848062, 36.205057763175766], [127.00642192848062, 36.20463716920996], [127.00632787825178, 36.204445990134595]]}}, {"type": "Feature", "properties": {"proposal_id": "visible-line-5", "tile_id": "177-nonsan-hydro", "sheet_id": "177-nonsan", "split": "development", "proposal_kind": "visible_linework_review_only", "backend": "grayscale_ridge_v1_skeleton_v1", "pixel_length": 49.385, "point_count": 6, "confidence": 0.6176, "review_status": "unreviewed"}, "geometry": {"type": "LineString", "coordinates": [[127.00632787825178, 36.20417833942908], [127.00656300382387, 36.204445990134595], [127.0066570540527, 36.20463716920996], [127.0066570540527, 36.20509599899084], [127.00637490336621, 36.20570777203202], [127.00637490336621, 36.20586071529231]]}}, {"type": "Feature", "properties": {"proposal_id": "visible-line-6", "tile_id": "177-nonsan-hydro", "sheet_id": "177-nonsan", "split": "development", "proposal_kind": "visible_linework_review_only", "backend": "grayscale_ridge_v1_skeleton_v1", "pixel_length": 37.042, "point_count": 6, "confidence": 0.562, "review_status": "unreviewed"}, "geometry": {"type": "LineString", "coordinates": [[127.00651597870944, 36.19756354342135], [127.00675110428153, 36.19744883597613], [127.00703325496802, 36.19721942108569], [127.00717433031127, 36.19699000619525], [127.00731540565452, 36.196569412229444], [127.00740945588335, 36.19649294059929]]}}, {"type": "Feature", "properties": {"proposal_id": "visible-line-7", "tile_id": "177-nonsan-hydro", "sheet_id": "177-nonsan", "split": "development", "proposal_kind": "visible_linework_review_only", "backend": "grayscale_ridge_v1_skeleton_v1", "pixel_length": 22.799, "point_count": 3, "confidence": 0.7024, "review_status": "unreviewed"}, "geometry": {"type": "LineString", "coordinates": [[127.0066570540527, 36.20100476677797], [127.00698622985361, 36.20131065329856], [127.00740945588335, 36.20157830400407]]}}, {"type": "Feature", "properties": {"proposal_id": "visible-line-8", "tile_id": "177-nonsan-hydro", "sheet_id": "177-nonsan", "split": "development", "proposal_kind": "visible_linework_review_only", "backend": "grayscale_ridge_v1_skeleton_v1", "pixel_length": 28.971, "point_count": 8, "confidence": 0.6273, "review_status": "unreviewed"}, "geometry": {"type": "LineString", "coordinates": [[127.00750350611219, 36.22390802000702], [127.00787970702751, 36.223640369301506], [127.00797375725634, 36.22367860511658], [127.00811483259959, 36.22360213348644], [127.00830293305725, 36.22360213348644], [127.00834995817168, 36.223640369301506], [127.00858508374375, 36.223640369301506], [127.00863210885817, 36.22360213348644]]}}, {"type": "Feature", "properties": {"proposal_id": "visible-line-9", "tile_id": "177-nonsan-hydro", "sheet_id": "177-nonsan", "split": "development", "proposal_kind": "visible_linework_review_only", "backend": "grayscale_ridge_v1_skeleton_v1", "pixel_length": 25.899, "point_count": 5, "confidence": 0.6497, "review_status": "unreviewed"}, "geometry": {"type": "LineString", "coordinates": [[127.00759755634101, 36.22054326828055], [127.00802078237076, 36.220390325020254], [127.00820888282843, 36.22042856083533], [127.00858508374375, 36.220390325020254], [127.00867913397258, 36.22042856083533]]}}, {"type": "Feature", "properties": {"proposal_id": "visible-line-10", "tile_id": "177-nonsan-hydro", "sheet_id": "177-nonsan", "split": "development", "proposal_kind": "visible_linework_review_only", "backend": "grayscale_ridge_v1_skeleton_v1", "pixel_length": 28.556, "point_count": 4, "confidence": 0.6621, "review_status": "unreviewed"}, "geometry": {"type": "LineString", "coordinates": [[127.00820888282843, 36.21652850769783], [127.00858508374375, 36.216490271882755], [127.00914938511674, 36.21614614954709], [127.0093374855744, 36.216107913732024]]}}, {"type": "Feature", "properties": {"proposal_id": "visible-line-11", "tile_id": "177-nonsan-hydro", "sheet_id": "177-nonsan", "split": "development", "proposal_kind": "visible_linework_review_only", "backend": "grayscale_ridge_v1_skeleton_v1", "pixel_length": 21.899, "point_count": 4, "confidence": 0.6647, "review_status": "unreviewed"}, "geometry": {"type": "LineString", "coordinates": [[127.00820888282843, 36.206893082299295], [127.00853805862934, 36.206740139039006], [127.00891425954467, 36.206740139039006], [127.0090553348879, 36.206893082299295]]}}, {"type": "Feature", "properties": {"proposal_id": "visible-line-12", "tile_id": "177-nonsan-hydro", "sheet_id": "177-nonsan", "split": "development", "proposal_kind": "visible_linework_review_only", "backend": "grayscale_ridge_v1_skeleton_v1", "pixel_length": 20.728, "point_count": 3, "confidence": 0.5952, "review_status": "unreviewed"}, "geometry": {"type": "LineString", "coordinates": [[127.0084440084005, 36.232855200734235], [127.00877318420142, 36.232855200734235], [127.00924343534557, 36.2331993230699]]}}, {"type": "Feature", "properties": {"proposal_id": "visible-line-13", "tile_id": "177-nonsan-hydro", "sheet_id": "177-nonsan", "split": "development", "proposal_kind": "visible_linework_review_only", "backend": "grayscale_ridge_v1_skeleton_v1", "pixel_length": 47.941, "point_count": 4, "confidence": 0.6569, "review_status": "unreviewed"}, "geometry": {"type": "LineString", "coordinates": [[127.00858508374375, 36.216222621177245], [127.00882020931583, 36.21614614954709], [127.00961963626091, 36.21564908395114], [127.01037203809156, 36.21530496161547]]}}, {"type": "Feature", "properties": {"proposal_id": "visible-line-14", "tile_id": "177-nonsan-hydro", "sheet_id": "177-nonsan", "split": "development", "proposal_kind": "visible_linework_review_only", "backend": "grayscale_ridge_v1_skeleton_v1", "pixel_length": 21.971, "point_count": 3, "confidence": 0.7022, "review_status": "unreviewed"}, "geometry": {"type": "LineString", "coordinates": [[127.00858508374375, 36.201654775634225], [127.00882020931583, 36.20150183237393], [127.00919641023116, 36.201043002593046]]}}, {"type": "Feature", "properties": {"proposal_id": "visible-line-15", "tile_id": "177-nonsan-hydro", "sheet_id": "177-nonsan", "split": "development", "proposal_kind": "visible_linework_review_only", "backend": "grayscale_ridge_v1_skeleton_v1", "pixel_length": 24.314, "point_count": 4, "confidence": 0.6453, "review_status": "unreviewed"}, "geometry": {"type": "LineString", "coordinates": [[127.00877318420142, 36.22578157494563], [127.00900830977349, 36.22566686750041], [127.00943153580323, 36.22566686750041], [127.00976071160414, 36.22585804657577]]}}, {"type": "Feature", "properties": {"proposal_id": "visible-line-16", "tile_id": "177-nonsan-hydro", "sheet_id": "177-nonsan", "split": "development", "proposal_kind": "visible_linework_review_only", "backend": "grayscale_ridge_v1_skeleton_v1", "pixel_length": 28.385, "point_count": 5, "confidence": 0.6856, "review_status": "unreviewed"}, "geometry": {"type": "LineString", "coordinates": [[127.00886723443024, 36.197792958311794], [127.00900830977349, 36.19756354342135], [127.0093374855744, 36.19725765690077], [127.0093374855744, 36.197066477825395], [127.00914938511674, 36.196951770380174]]}}, {"type": "Feature", "properties": {"proposal_id": "visible-line-17", "tile_id": "177-nonsan-hydro", "sheet_id": "177-nonsan", "split": "development", "proposal_kind": "visible_linework_review_only", "backend": "grayscale_ridge_v1_skeleton_v1", "pixel_length": 18.728, "point_count": 3, "confidence": 0.6588, "review_status": "unreviewed"}, "geometry": {"type": "LineString", "coordinates": [[127.00896128465908, 36.2226462381096], [127.00924343534557, 36.22222564414379], [127.00943153580323, 36.22211093669857]]}}, {"type": "Feature", "properties": {"proposal_id": "visible-line-18", "tile_id": "177-nonsan-hydro", "sheet_id": "177-nonsan", "split": "development", "proposal_kind": "visible_linework_review_only", "backend": "grayscale_ridge_v1_skeleton_v1", "pixel_length": 31.971, "point_count": 6, "confidence": 0.6739, "review_status": "unreviewed"}, "geometry": {"type": "LineString", "coordinates": [[127.00896128465908, 36.22096386224636], [127.00919641023116, 36.22096386224636], [127.00961963626091, 36.221307984582026], [127.00976071160414, 36.221307984582026], [127.00994881206181, 36.221460927842315], [127.01013691251947, 36.22149916365739]]}}, {"type": "Feature", "properties": {"proposal_id": "visible-line-19", "tile_id": "177-nonsan-hydro", "sheet_id": "177-nonsan", "split": "development", "proposal_kind": "visible_linework_review_only", "backend": "grayscale_ridge_v1_skeleton_v1", "pixel_length": 18.485, "point_count": 3, "confidence": 0.6764, "review_status": "unreviewed"}, "geometry": {"type": "LineString", "coordinates": [[127.00914938511674, 36.19641646896915], [127.00929046046, 36.196339997339], [127.0099017869474, 36.196187054078706]]}}, {"type": "Feature", "properties": {"proposal_id": "visible-line-20", "tile_id": "177-nonsan-hydro", "sheet_id": "177-nonsan", "split": "development", "proposal_kind": "visible_linework_review_only", "backend": "grayscale_ridge_v1_skeleton_v1", "pixel_length": 19.243, "point_count": 2, "confidence": 0.7137, "review_status": "unreviewed"}, "geometry": {"type": "LineString", "coordinates": [[127.00929046046, 36.19767825086657], [127.01013691251947, 36.197792958311794]]}}, {"type": "Feature", "properties": {"proposal_id": "visible-line-21", "tile_id": "177-nonsan-hydro", "sheet_id": "177-nonsan", "split": "development", "proposal_kind": "visible_linework_review_only", "backend": "grayscale_ridge_v1_skeleton_v1", "pixel_length": 20.657, "point_count": 6, "confidence": 0.6514, "review_status": "unreviewed"}, "geometry": {"type": "LineString", "coordinates": [[127.00938451068882, 36.226431583801876], [127.00947856091766, 36.22650805543202], [127.00966666137532, 36.22646981961695], [127.00966666137532, 36.22616393309636], [127.00961963626091, 36.22612569728129], [127.00943153580323, 36.22612569728129]]}}, {"type": "Feature", "properties": {"proposal_id": "visible-line-22", "tile_id": "177-nonsan-hydro", "sheet_id": "177-nonsan", "split": "development", "proposal_kind": "visible_linework_review_only", "backend": "grayscale_ridge_v1_skeleton_v1", "pixel_length": 18.314, "point_count": 3, "confidence": 0.5676, "review_status": "unreviewed"}, "geometry": {"type": "LineString", "coordinates": [[127.00971368648973, 36.227158064288275], [127.00994881206181, 36.22757865825408], [127.01013691251947, 36.2276933656993]]}}, {"type": "Feature", "properties": {"proposal_id": "visible-line-23", "tile_id": "177-nonsan-hydro", "sheet_id": "177-nonsan", "split": "development", "proposal_kind": "visible_linework_review_only", "backend": "grayscale_ridge_v1_skeleton_v1", "pixel_length": 19.071, "point_count": 4, "confidence": 0.5678, "review_status": "unreviewed"}, "geometry": {"type": "LineString", "coordinates": [[127.00971368648973, 36.227158064288275], [127.00985476183298, 36.22696688521291], [127.01013691251947, 36.22696688521291], [127.01041906320597, 36.227043356843055]]}}, {"type": "Feature", "properties": {"proposal_id": "visible-line-24", "tile_id": "177-nonsan-hydro", "sheet_id": "177-nonsan", "split": "development", "proposal_kind": "visible_linework_review_only", "backend": "grayscale_ridge_v1_skeleton_v1", "pixel_length": 90.225, "point_count": 6, "confidence": 0.6583, "review_status": "unreviewed"}, "geometry": {"type": "LineString", "coordinates": [[127.00976071160414, 36.21587849884158], [127.01008988740506, 36.215610848136066], [127.0107952641213, 36.21530496161547], [127.01192386686728, 36.21457848112908], [127.0125351933547, 36.214310830423564], [127.01309949472768, 36.21415788716327]]}}, {"type": "Feature", "properties": {"proposal_id": "visible-line-25", "tile_id": "177-nonsan-hydro", "sheet_id": "177-nonsan", "split": "development", "proposal_kind": "visible_linework_review_only", "backend": "grayscale_ridge_v1_skeleton_v1", "pixel_length": 22.728, "point_count": 5, "confidence": 0.658, "review_status": "unreviewed"}, "geometry": {"type": "LineString", "coordinates": [[127.00999583717623, 36.19649294059929], [127.01008988740506, 36.19649294059929], [127.01032501297713, 36.196684119674664], [127.01032501297713, 36.19699000619525], [127.01013691251947, 36.19714294945555]]}}, {"type": "Feature", "properties": {"proposal_id": "visible-line-26", "tile_id": "177-nonsan-hydro", "sheet_id": "177-nonsan", "split": "development", "proposal_kind": "visible_linework_review_only", "backend": "grayscale_ridge_v1_skeleton_v1", "pixel_length": 20.314, "point_count": 3, "confidence": 0.6059, "review_status": "unreviewed"}, "geometry": {"type": "LineString", "coordinates": [[127.01008988740506, 36.1983664955379], [127.0105131134348, 36.198022373202235], [127.01084228923571, 36.198022373202235]]}}, {"type": "Feature", "properties": {"proposal_id": "visible-line-27", "tile_id": "177-nonsan-hydro", "sheet_id": "177-nonsan", "split": "development", "proposal_kind": "visible_linework_review_only", "backend": "grayscale_ridge_v1_skeleton_v1", "pixel_length": 19.899, "point_count": 5, "confidence": 0.5658, "review_status": "unreviewed"}, "geometry": {"type": "LineString", "coordinates": [[127.0101839376339, 36.19939886254488], [127.01023096274831, 36.19920768346952], [127.01037203809156, 36.19905474020922], [127.0105131134348, 36.19905474020922], [127.01065418877805, 36.19924591928459]]}}, {"type": "Feature", "properties": {"proposal_id": "visible-line-28", "tile_id": "177-nonsan-hydro", "sheet_id": "177-nonsan", "split": "development", "proposal_kind": "visible_linework_review_only", "backend": "grayscale_ridge_v1_skeleton_v1", "pixel_length": 24.657, "point_count": 6, "confidence": 0.5936, "review_status": "unreviewed"}, "geometry": {"type": "LineString", "coordinates": [[127.01037203809156, 36.23224342769306], [127.01037203809156, 36.2317463620971], [127.01041906320597, 36.23170812628202], [127.01037203809156, 36.23155518302173], [127.01046608832038, 36.23144047557651], [127.01056013854922, 36.23144047557651]]}}, {"type": "Feature", "properties": {"proposal_id": "visible-line-29", "tile_id": "177-nonsan-hydro", "sheet_id": "177-nonsan", "split": "development", "proposal_kind": "visible_linework_review_only", "backend": "grayscale_ridge_v1_skeleton_v1", "pixel_length": 20.243, "point_count": 2, "confidence": 0.5606, "review_status": "unreviewed"}, "geometry": {"type": "LineString", "coordinates": [[127.01041906320597, 36.224978622829084], [127.01131254037988, 36.225093330274305]]}}, {"type": "Feature", "properties": {"proposal_id": "visible-line-30", "tile_id": "177-nonsan-hydro", "sheet_id": "177-nonsan", "split": "development", "proposal_kind": "visible_linework_review_only", "backend": "grayscale_ridge_v1_skeleton_v1", "pixel_length": 25.899, "point_count": 7, "confidence": 0.7279, "review_status": "unreviewed"}, "geometry": {"type": "LineString", "coordinates": [[127.01046608832038, 36.209454881909224], [127.01065418877805, 36.2094931177243], [127.01070121389246, 36.209454881909224], [127.01088931435012, 36.209454881909224], [127.01103038969337, 36.20937841027908], [127.01117146503663, 36.20918723120371], [127.01117146503663, 36.208957816313266]]}}, {"type": "Feature", "properties": {"proposal_id": "visible-line-31", "tile_id": "177-nonsan-hydro", "sheet_id": "177-nonsan", "split": "development", "proposal_kind": "visible_linework_review_only", "backend": "grayscale_ridge_v1_skeleton_v1", "pixel_length": 40.314, "point_count": 7, "confidence": 0.6906, "review_status": "unreviewed"}, "geometry": {"type": "LineString", "coordinates": [[127.0105131134348, 36.21966384453386], [127.01065418877805, 36.21966384453386], [127.01121849015104, 36.21985502360923], [127.01178279152403, 36.21985502360923], [127.01182981663845, 36.2198932594243], [127.01211196732494, 36.21985502360923], [127.01215899243935, 36.21996973105445]]}}, {"type": "Feature", "properties": {"proposal_id": "visible-line-32", "tile_id": "177-nonsan-hydro", "sheet_id": "177-nonsan", "split": "development", "proposal_kind": "visible_linework_review_only", "backend": "grayscale_ridge_v1_skeleton_v1", "pixel_length": 21.556, "point_count": 4, "confidence": 0.6564, "review_status": "unreviewed"}, "geometry": {"type": "LineString", "coordinates": [[127.01070121389246, 36.19943709835996], [127.01088931435012, 36.199590041620255], [127.01117146503663, 36.19962827743532], [127.01150064083754, 36.19939886254488]]}}, {"type": "Feature", "properties": {"proposal_id": "visible-line-33", "tile_id": "177-nonsan-hydro", "sheet_id": "177-nonsan", "split": "development", "proposal_kind": "visible_linework_review_only", "backend": "grayscale_ridge_v1_skeleton_v1", "pixel_length": 21.971, "point_count": 3, "confidence": 0.5765, "review_status": "unreviewed"}, "geometry": {"type": "LineString", "coordinates": [[127.0107952641213, 36.198634146243414], [127.01103038969337, 36.198940032764], [127.0114065906087, 36.19924591928459]]}}, {"type": "Feature", "properties": {"proposal_id": "visible-line-34", "tile_id": "177-nonsan-hydro", "sheet_id": "177-nonsan", "split": "development", "proposal_kind": "visible_linework_review_only", "backend": "grayscale_ridge_v1_skeleton_v1", "pixel_length": 21.314, "point_count": 5, "confidence": 0.6442, "review_status": "unreviewed"}, "geometry": {"type": "LineString", "coordinates": [[127.01088931435012, 36.20781074186106], [127.01117146503663, 36.207848977676136], [127.01131254037988, 36.207734270230915], [127.01131254037988, 36.207619562785695], [127.01150064083754, 36.207390147895254]]}}, {"type": "Feature", "properties": {"proposal_id": "visible-line-35", "tile_id": "177-nonsan-hydro", "sheet_id": "177-nonsan", "split": "development", "proposal_kind": "visible_linework_review_only", "backend": "grayscale_ridge_v1_skeleton_v1", "pixel_length": 20.485, "point_count": 2, "confidence": 0.6679, "review_status": "unreviewed"}, "geometry": {"type": "LineString", "coordinates": [[127.01126551526546, 36.20823133582687], [127.01211196732494, 36.208460750717315]]}}, {"type": "Feature", "properties": {"proposal_id": "visible-line-36", "tile_id": "177-nonsan-hydro", "sheet_id": "177-nonsan", "split": "development", "proposal_kind": "visible_linework_review_only", "backend": "grayscale_ridge_v1_skeleton_v1", "pixel_length": 60.113, "point_count": 5, "confidence": 0.6633, "review_status": "unreviewed"}, "geometry": {"type": "LineString", "coordinates": [[127.01131254037988, 36.21473142438937], [127.01173576640961, 36.21446377368386], [127.01262924358352, 36.21408141553312], [127.01328759518535, 36.21389023645776], [127.01371082121508, 36.21389023645776]]}}, {"type": "Feature", "properties": {"proposal_id": "visible-line-37", "tile_id": "177-nonsan-hydro", "sheet_id": "177-nonsan", "split": "development", "proposal_kind": "visible_linework_review_only", "backend": "grayscale_ridge_v1_skeleton_v1", "pixel_length": 21.071, "point_count": 5, "confidence": 0.6796, "review_status": "unreviewed"}, "geometry": {"type": "LineString", "coordinates": [[127.0114065906087, 36.23163165465188], [127.01154766595195, 36.231669890466954], [127.01150064083754, 36.231784597912174], [127.01154766595195, 36.23197577698754], [127.01145361572313, 36.232281663508125]]}}, {"type": "Feature", "properties": {"proposal_id": "visible-line-38", "tile_id": "177-nonsan-hydro", "sheet_id": "177-nonsan", "split": "development", "proposal_kind": "visible_linework_review_only", "backend": "grayscale_ridge_v1_skeleton_v1", "pixel_length": 29.899, "point_count": 6, "confidence": 0.6189, "review_status": "unreviewed"}, "geometry": {"type": "LineString", "coordinates": [[127.01145361572313, 36.220237381759965], [127.01154766595195, 36.220122674314744], [127.01182981663845, 36.220122674314744], [127.01206494221053, 36.22019914594489], [127.01244114312586, 36.22019914594489], [127.01262924358352, 36.220352089205186]]}}, {"type": "Feature", "properties": {"proposal_id": "visible-line-39", "tile_id": "177-nonsan-hydro", "sheet_id": "177-nonsan", "split": "development", "proposal_kind": "visible_linework_review_only", "backend": "grayscale_ridge_v1_skeleton_v1", "pixel_length": 26.314, "point_count": 5, "confidence": 0.5747, "review_status": "unreviewed"}, "geometry": {"type": "LineString", "coordinates": [[127.01150064083754, 36.225093330274305], [127.0116887412952, 36.225093330274305], [127.01197089198169, 36.22501685864415], [127.01234709289703, 36.22482567956879], [127.0125822184691, 36.22478744375371]]}}, {"type": "Feature", "properties": {"proposal_id": "visible-line-40", "tile_id": "177-nonsan-hydro", "sheet_id": "177-nonsan", "split": "development", "proposal_kind": "visible_linework_review_only", "backend": "grayscale_ridge_v1_skeleton_v1", "pixel_length": 88.669, "point_count": 11, "confidence": 0.6632, "review_status": "unreviewed"}, "geometry": {"type": "LineString", "coordinates": [[127.01159469106636, 36.207619562785695], [127.01192386686728, 36.20723720463496], [127.01206494221053, 36.20719896881989], [127.01234709289703, 36.20723720463496], [127.01277031892677, 36.20754309115555], [127.01309949472768, 36.20769603441584], [127.01342867052858, 36.20777250604599], [127.01371082121508, 36.20777250604599], [127.01432214770249, 36.20792544930628], [127.01460429838899, 36.2081931000118], [127.01460429838899, 36.208460750717315]]}}, {"type": "Feature", "properties": {"proposal_id": "visible-line-41", "tile_id": "177-nonsan-hydro", "sheet_id": "177-nonsan", "split": "development", "proposal_kind": "visible_linework_review_only", "backend": "grayscale_ridge_v1_skeleton_v1", "pixel_length": 20.899, "point_count": 3, "confidence": 0.5725, "review_status": "unreviewed"}, "geometry": {"type": "LineString", "coordinates": [[127.0116887412952, 36.226202168911435], [127.01178279152403, 36.22627864054158], [127.0125351933547, 36.22646981961695]]}}, {"type": "Feature", "properties": {"proposal_id": "visible-line-42", "tile_id": "177-nonsan-hydro", "sheet_id": "177-nonsan", "split": "development", "proposal_kind": "visible_linework_review_only", "backend": "grayscale_ridge_v1_skeleton_v1", "pixel_length": 34.87, "point_count": 5, "confidence": 0.6643, "review_status": "unreviewed"}, "geometry": {"type": "LineString", "coordinates": [[127.01187684175287, 36.228113959665116], [127.01192386686728, 36.22807572385004], [127.01211196732494, 36.22807572385004], [127.0128643691556, 36.22868749689122], [127.01309949472768, 36.22880220433644]]}}, {"type": "Feature", "properties": {"proposal_id": "visible-line-43", "tile_id": "177-nonsan-hydro", "sheet_id": "177-nonsan", "split": "development", "proposal_kind": "visible_linework_review_only", "backend": "grayscale_ridge_v1_skeleton_v1", "pixel_length": 20.071, "point_count": 5, "confidence": 0.619, "review_status": "unreviewed"}, "geometry": {"type": "LineString", "coordinates": [[127.01192386686728, 36.19714294945555], [127.01192386686728, 36.19699000619525], [127.01201791709612, 36.196913534565105], [127.01239411801144, 36.196951770380174], [127.0125351933547, 36.196837062934954]]}}, {"type": "Feature", "properties": {"proposal_id": "visible-line-44", "tile_id": "177-nonsan-hydro", "sheet_id": "177-nonsan", "split": "development", "proposal_kind": "visible_linework_review_only", "backend": "grayscale_ridge_v1_skeleton_v1", "pixel_length": 45.627, "point_count": 5, "confidence": 0.5723, "review_status": "unreviewed"}, "geometry": {"type": "LineString", "coordinates": [[127.01220601755378, 36.207007789744516], [127.01248816824027, 36.20708426137467], [127.01291139427002, 36.207390147895254], [127.01328759518535, 36.20754309115555], [127.014039997016, 36.207619562785695]]}}, {"type": "Feature", "properties": {"proposal_id": "visible-line-45", "tile_id": "177-nonsan-hydro", "sheet_id": "177-nonsan", "split": "development", "proposal_kind": "visible_linework_review_only", "backend": "grayscale_ridge_v1_skeleton_v1", "pixel_length": 22.142, "point_count": 4, "confidence": 0.6454, "review_status": "unreviewed"}, "geometry": {"type": "LineString", "coordinates": [[127.01220601755378, 36.19890179694893], [127.0125351933547, 36.198748853688635], [127.01262924358352, 36.198748853688635], [127.01305246961326, 36.19851943879819]]}}, {"type": "Feature", "properties": {"proposal_id": "visible-line-46", "tile_id": "177-nonsan-hydro", "sheet_id": "177-nonsan", "split": "development", "proposal_kind": "visible_linework_review_only", "backend": "grayscale_ridge_v1_skeleton_v1", "pixel_length": 31.556, "point_count": 6, "confidence": 0.7017, "review_status": "unreviewed"}, "geometry": {"type": "LineString", "coordinates": [[127.01244114312586, 36.21981678779415], [127.0125351933547, 36.21974031616401], [127.01272329381236, 36.21977855197908], [127.01281734404118, 36.21970208034893], [127.01305246961326, 36.21970208034893], [127.01371082121508, 36.21947266545849]]}}, {"type": "Feature", "properties": {"proposal_id": "visible-line-47", "tile_id": "177-nonsan-hydro", "sheet_id": "177-nonsan", "split": "development", "proposal_kind": "visible_linework_review_only", "backend": "grayscale_ridge_v1_skeleton_v1", "pixel_length": 47.698, "point_count": 9, "confidence": 0.6349, "review_status": "unreviewed"}, "geometry": {"type": "LineString", "coordinates": [[127.01262924358352, 36.196072346633485], [127.01295841938443, 36.19645470478422], [127.01309949472768, 36.196798827119885], [127.01328759518535, 36.196951770380174], [127.01333462029976, 36.19710471364047], [127.01342867052858, 36.197181185270615], [127.01342867052858, 36.197295892715836], [127.01328759518535, 36.19741060016106], [127.01309949472768, 36.19744883597613]]}}, {"type": "Feature", "properties": {"proposal_id": "visible-line-48", "tile_id": "177-nonsan-hydro", "sheet_id": "177-nonsan", "split": "development", "proposal_kind": "visible_linework_review_only", "backend": "grayscale_ridge_v1_skeleton_v1", "pixel_length": 19.556, "point_count": 3, "confidence": 0.5836, "review_status": "unreviewed"}, "geometry": {"type": "LineString", "coordinates": [[127.01267626869793, 36.22601098983607], [127.01291139427002, 36.22624040472651], [127.01333462029976, 36.22646981961695]]}}, {"type": "Feature", "properties": {"proposal_id": "visible-line-49", "tile_id": "177-nonsan-hydro", "sheet_id": "177-nonsan", "split": "development", "proposal_kind": "visible_linework_review_only", "backend": "grayscale_ridge_v1_skeleton_v1", "pixel_length": 20.314, "point_count": 5, "confidence": 0.6495, "review_status": "unreviewed"}, "geometry": {"type": "LineString", "coordinates": [[127.01295841938443, 36.218440298451505], [127.01319354495651, 36.218287355191215], [127.01347569564301, 36.21821088356106], [127.01356974587183, 36.21813441193092], [127.0137578463295, 36.21813441193092]]}}, {"type": "Feature", "properties": {"proposal_id": "visible-line-50", "tile_id": "177-nonsan-hydro", "sheet_id": "177-nonsan", "split": "development", "proposal_kind": "visible_linework_review_only", "backend": "grayscale_ridge_v1_skeleton_v1", "pixel_length": 23.142, "point_count": 6, "confidence": 0.7253, "review_status": "unreviewed"}, "geometry": {"type": "LineString", "coordinates": [[127.0131465198421, 36.220237381759965], [127.01319354495651, 36.220275617575034], [127.01338164541417, 36.220237381759965], [127.01352272075742, 36.220122674314744], [127.01347569564301, 36.2198932594243], [127.01366379610067, 36.21970208034893]]}}, {"type": "Feature", "properties": {"proposal_id": "visible-line-51", "tile_id": "177-nonsan-hydro", "sheet_id": "177-nonsan", "split": "development", "proposal_kind": "visible_linework_review_only", "backend": "grayscale_ridge_v1_skeleton_v1", "pixel_length": 28.142, "point_count": 6, "confidence": 0.5875, "review_status": "unreviewed"}, "geometry": {"type": "LineString", "coordinates": [[127.0131465198421, 36.20173124726437], [127.01328759518535, 36.20161653981915], [127.01352272075742, 36.20157830400407], [127.01361677098626, 36.201654775634225], [127.01366379610067, 36.202037133784955], [127.01385189655834, 36.202151841230176]]}}, {"type": "Feature", "properties": {"proposal_id": "visible-line-52", "tile_id": "177-nonsan-hydro", "sheet_id": "177-nonsan", "split": "development", "proposal_kind": "visible_linework_review_only", "backend": "grayscale_ridge_v1_skeleton_v1", "pixel_length": 24.385, "point_count": 4, "confidence": 0.7653, "review_status": "unreviewed"}, "geometry": {"type": "LineString", "coordinates": [[127.01319354495651, 36.208613693977604], [127.01342867052858, 36.208690165607756], [127.0137578463295, 36.208957816313266], [127.01394594678716, 36.20922546701878]]}}, {"type": "Feature", "properties": {"proposal_id": "visible-line-53", "tile_id": "177-nonsan-hydro", "sheet_id": "177-nonsan", "split": "development", "proposal_kind": "visible_linework_review_only", "backend": "grayscale_ridge_v1_skeleton_v1", "pixel_length": 34.456, "point_count": 4, "confidence": 0.5846, "review_status": "unreviewed"}, "geometry": {"type": "LineString", "coordinates": [[127.01328759518535, 36.20842251490224], [127.01338164541417, 36.20842251490224], [127.01385189655834, 36.208690165607756], [127.01436917281691, 36.20926370283386]]}}, {"type": "Feature", "properties": {"proposal_id": "visible-line-54", "tile_id": "177-nonsan-hydro", "sheet_id": "177-nonsan", "split": "development", "proposal_kind": "visible_linework_review_only", "backend": "grayscale_ridge_v1_skeleton_v1", "pixel_length": 18.485, "point_count": 4, "confidence": 0.6196, "review_status": "unreviewed"}, "geometry": {"type": "LineString", "coordinates": [[127.01366379610067, 36.21725498818423], [127.01389892167275, 36.217216752369154], [127.01399297190159, 36.21714028073901], [127.01441619793133, 36.21702557329379]]}}, {"type": "Feature", "properties": {"proposal_id": "visible-line-55", "tile_id": "177-nonsan-hydro", "sheet_id": "177-nonsan", "split": "development", "proposal_kind": "visible_linework_review_only", "backend": "grayscale_ridge_v1_skeleton_v1", "pixel_length": 33.627, "point_count": 4, "confidence": 0.6471, "review_status": "unreviewed"}, "geometry": {"type": "LineString", "coordinates": [[127.01371082121508, 36.21408141553312], [127.01427512258807, 36.214540245314005], [127.01446322304574, 36.21484613183459], [127.01451024816015, 36.21507554672503]]}}, {"type": "Feature", "properties": {"proposal_id": "visible-line-56", "tile_id": "177-nonsan-hydro", "sheet_id": "177-nonsan", "split": "development", "proposal_kind": "visible_linework_review_only", "backend": "grayscale_ridge_v1_skeleton_v1", "pixel_length": 32.627, "point_count": 5, "confidence": 0.7009, "review_status": "unreviewed"}, "geometry": {"type": "LineString", "coordinates": [[127.01380487144392, 36.226202168911435], [127.01413404724482, 36.22646981961695], [127.01455727327458, 36.22666099869232], [127.01469834861781, 36.22677570613754], [127.01498049930431, 36.22685217776769]]}}, {"type": "Feature", "properties": {"proposal_id": "visible-line-57", "tile_id": "177-nonsan-hydro", "sheet_id": "177-nonsan", "split": "development", "proposal_kind": "visible_linework_review_only", "backend": "grayscale_ridge_v1_skeleton_v1", "pixel_length": 19.314, "point_count": 5, "confidence": 0.5317, "review_status": "unreviewed"}, "geometry": {"type": "LineString", "coordinates": [[127.01380487144392, 36.22566686750041], [127.01408702213041, 36.22585804657577], [127.01427512258807, 36.22593451820592], [127.01451024816015, 36.22593451820592], [127.01455727327458, 36.225972754020994]]}}, {"type": "Feature", "properties": {"proposal_id": "visible-line-58", "tile_id": "177-nonsan-hydro", "sheet_id": "177-nonsan", "split": "development", "proposal_kind": "visible_linework_review_only", "backend": "grayscale_ridge_v1_skeleton_v1", "pixel_length": 23.071, "point_count": 5, "confidence": 0.6873, "review_status": "unreviewed"}, "geometry": {"type": "LineString", "coordinates": [[127.01385189655834, 36.22180505017798], [127.01399297190159, 36.22165210691769], [127.01399297190159, 36.221193277136805], [127.01394594678716, 36.22107856969158], [127.01385189655834, 36.22104033387651]]}}, {"type": "Feature", "properties": {"proposal_id": "visible-line-59", "tile_id": "177-nonsan-hydro", "sheet_id": "177-nonsan", "split": "development", "proposal_kind": "visible_linework_review_only", "backend": "grayscale_ridge_v1_skeleton_v1", "pixel_length": 20.485, "point_count": 5, "confidence": 0.5742, "review_status": "unreviewed"}, "geometry": {"type": "LineString", "coordinates": [[127.01394594678716, 36.22279918136989], [127.014039997016, 36.222913888815114], [127.014039997016, 36.22310506789048], [127.01413404724482, 36.22333448278092], [127.01432214770249, 36.223410954411065]]}}, {"type": "Feature", "properties": {"proposal_id": "visible-line-60", "tile_id": "177-nonsan-hydro", "sheet_id": "177-nonsan", "split": "development", "proposal_kind": "visible_linework_review_only", "backend": "grayscale_ridge_v1_skeleton_v1", "pixel_length": 20.071, "point_count": 3, "confidence": 0.6039, "review_status": "unreviewed"}, "geometry": {"type": "LineString", "coordinates": [[127.014039997016, 36.21408141553312], [127.01436917281691, 36.2139667080879], [127.01488644907548, 36.21389023645776]]}}, {"type": "Feature", "properties": {"proposal_id": "visible-line-61", "tile_id": "177-nonsan-hydro", "sheet_id": "177-nonsan", "split": "development", "proposal_kind": "visible_linework_review_only", "backend": "grayscale_ridge_v1_skeleton_v1", "pixel_length": 19.071, "point_count": 2, "confidence": 0.5682, "review_status": "unreviewed"}, "geometry": {"type": "LineString", "coordinates": [[127.01418107235925, 36.227272771733496], [127.01441619793133, 36.22792278058974]]}}, {"type": "Feature", "properties": {"proposal_id": "visible-line-62", "tile_id": "177-nonsan-hydro", "sheet_id": "177-nonsan", "split": "development", "proposal_kind": "visible_linework_review_only", "backend": "grayscale_ridge_v1_skeleton_v1", "pixel_length": 25.213, "point_count": 3, "confidence": 0.6016, "review_status": "unreviewed"}, "geometry": {"type": "LineString", "coordinates": [[127.01451024816015, 36.2291463266721], [127.01455727327458, 36.22926103411732], [127.01526264999082, 36.229834571343424]]}}, {"type": "Feature", "properties": {"proposal_id": "visible-line-63", "tile_id": "177-nonsan-hydro", "sheet_id": "177-nonsan", "split": "development", "proposal_kind": "visible_linework_review_only", "backend": "grayscale_ridge_v1_skeleton_v1", "pixel_length": 69.113, "point_count": 61, "confidence": 0.6995, "review_status": "unreviewed"}, "geometry": {"type": "LineString", "coordinates": [[127.01479239884665, 36.22906985504195], [127.01479239884665, 36.22903161922688], [127.01479239884665, 36.228993383411805], [127.01479239884665, 36.22895514759673], [127.01479239884665, 36.22891691178166], [127.01483942396106, 36.228878675966584], [127.01483942396106, 36.22884044015151], [127.01488644907548, 36.22880220433644], [127.01488644907548, 36.22876396852136], [127.0149334741899, 36.22872573270629], [127.0149334741899, 36.22868749689122], [127.01498049930431, 36.22864926107614], [127.01502752441873, 36.22861102526107], [127.01502752441873, 36.228572789446], [127.01507454953315, 36.22853455363092], [127.01512157464757, 36.228496317815846], [127.01516859976198, 36.228496317815846], [127.01521562487639, 36.228496317815846], [127.01526264999082, 36.228496317815846], [127.01530967510523, 36.228496317815846], [127.01535670021964, 36.228496317815846], [127.01540372533405, 36.228496317815846], [127.01545075044848, 36.22853455363092], [127.01549777556289, 36.22853455363092], [127.0155448006773, 36.228572789446], [127.01559182579172, 36.228572789446], [127.01563885090614, 36.22861102526107], [127.01568587602056, 36.22861102526107], [127.01573290113497, 36.22864926107614], [127.01577992624938, 36.22868749689122], [127.01577992624938, 36.22872573270629], [127.0158269513638, 36.22876396852136], [127.0158269513638, 36.22880220433644], [127.0158269513638, 36.22884044015151], [127.0158269513638, 36.228878675966584], [127.0158269513638, 36.22891691178166], [127.0158269513638, 36.22895514759673], [127.0158269513638, 36.228993383411805], [127.01577992624938, 36.22903161922688], [127.01573290113497, 36.22906985504195], [127.01568587602056, 36.229108090857025], [127.01563885090614, 36.2291463266721], [127.01559182579172, 36.2291463266721], [127.0155448006773, 36.2291463266721], [127.01549777556289, 36.2291463266721], [127.01545075044848, 36.2291463266721], [127.01540372533405, 36.2291463266721], [127.01535670021964, 36.22918456248717], [127.01530967510523, 36.22918456248717], [127.01526264999082, 36.22918456248717], [127.01521562487639, 36.22918456248717], [127.01516859976198, 36.229222798302246], [127.01512157464757, 36.229222798302246], [127.01507454953315, 36.229222798302246], [127.01502752441873, 36.229222798302246], [127.01498049930431, 36.229222798302246], [127.0149334741899, 36.22918456248717], [127.01488644907548, 36.22918456248717], [127.01483942396106, 36.2291463266721], [127.01483942396106, 36.229108090857025], [127.01479239884665, 36.22906985504195]]}}, {"type": "Feature", "properties": {"proposal_id": "visible-line-64", "tile_id": "177-nonsan-hydro", "sheet_id": "177-nonsan", "split": "development", "proposal_kind": "visible_linework_review_only", "backend": "grayscale_ridge_v1_skeleton_v1", "pixel_length": 25.385, "point_count": 4, "confidence": 0.6672, "review_status": "unreviewed"}, "geometry": {"type": "LineString", "coordinates": [[127.01483942396106, 36.21002841913533], [127.01526264999082, 36.21025783402577], [127.01559182579172, 36.210525484731285], [127.01559182579172, 36.21067842799158]]}}, {"type": "Feature", "properties": {"proposal_id": "visible-line-65", "tile_id": "177-nonsan-hydro", "sheet_id": "177-nonsan", "split": "development", "proposal_kind": "visible_linework_review_only", "backend": "grayscale_ridge_v1_skeleton_v1", "pixel_length": 20.556, "point_count": 4, "confidence": 0.5862, "review_status": "unreviewed"}, "geometry": {"type": "LineString", "coordinates": [[127.0149334741899, 36.23426992589195], [127.01535670021964, 36.23461404822761], [127.01535670021964, 36.234805227302985], [127.01526264999082, 36.23488169893313]]}}, {"type": "Feature", "properties": {"proposal_id": "visible-line-66", "tile_id": "177-nonsan-hydro", "sheet_id": "177-nonsan", "split": "development", "proposal_kind": "visible_linework_review_only", "backend": "grayscale_ridge_v1_skeleton_v1", "pixel_length": 22.657, "point_count": 4, "confidence": 0.5756, "review_status": "unreviewed"}, "geometry": {"type": "LineString", "coordinates": [[127.01507454953315, 36.233122851439745], [127.01521562487639, 36.23339050214526], [127.01521562487639, 36.23381109611107], [127.01526264999082, 36.23392580355629]]}}, {"type": "Feature", "properties": {"proposal_id": "visible-line-67", "tile_id": "177-nonsan-hydro", "sheet_id": "177-nonsan", "split": "development", "proposal_kind": "visible_linework_review_only", "backend": "grayscale_ridge_v1_skeleton_v1", "pixel_length": 45.87, "point_count": 7, "confidence": 0.6571, "review_status": "unreviewed"}, "geometry": {"type": "LineString", "coordinates": [[127.01521562487639, 36.21568731976621], [127.01545075044848, 36.21587849884158], [127.0155448006773, 36.21603144210187], [127.01559182579172, 36.216337328622465], [127.01568587602056, 36.216452036067686], [127.01573290113497, 36.21664321514305], [127.0161091020503, 36.21714028073901]]}}, {"type": "Feature", "properties": {"proposal_id": "visible-line-68", "tile_id": "177-nonsan-hydro", "sheet_id": "177-nonsan", "split": "development", "proposal_kind": "visible_linework_review_only", "backend": "grayscale_ridge_v1_skeleton_v1", "pixel_length": 24.728, "point_count": 5, "confidence": 0.6143, "review_status": "unreviewed"}, "geometry": {"type": "LineString", "coordinates": [[127.01549777556289, 36.20257243519599], [127.01563885090614, 36.20249596356584], [127.01577992624938, 36.20257243519599], [127.01577992624938, 36.20280185008643], [127.0155448006773, 36.20314597242209]]}}, {"type": "Feature", "properties": {"proposal_id": "visible-line-69", "tile_id": "177-nonsan-hydro", "sheet_id": "177-nonsan", "split": "development", "proposal_kind": "visible_linework_review_only", "backend": "grayscale_ridge_v1_skeleton_v1", "pixel_length": 19.314, "point_count": 5, "confidence": 0.5119, "review_status": "unreviewed"}, "geometry": {"type": "LineString", "coordinates": [[127.0161561271647, 36.222416823219156], [127.0161561271647, 36.22234035158901], [127.01634422762238, 36.22211093669857], [127.01657935319446, 36.222072700883494], [127.01672042853771, 36.222187408328715]]}}, {"type": "Feature", "properties": {"proposal_id": "visible-line-70", "tile_id": "177-nonsan-hydro", "sheet_id": "177-nonsan", "split": "development", "proposal_kind": "visible_linework_review_only", "backend": "grayscale_ridge_v1_skeleton_v1", "pixel_length": 38.971, "point_count": 5, "confidence": 0.6746, "review_status": "unreviewed"}, "geometry": {"type": "LineString", "coordinates": [[127.01625017739354, 36.217446167259595], [127.01629720250796, 36.21752263888974], [127.01634422762238, 36.21821088356106], [127.01648530296562, 36.218402062636436], [127.01690852899537, 36.218669713341946]]}}, {"type": "Feature", "properties": {"proposal_id": "visible-line-71", "tile_id": "177-nonsan-hydro", "sheet_id": "177-nonsan", "split": "development", "proposal_kind": "visible_linework_review_only", "backend": "grayscale_ridge_v1_skeleton_v1", "pixel_length": 20.556, "point_count": 3, "confidence": 0.6948, "review_status": "unreviewed"}, "geometry": {"type": "LineString", "coordinates": [[127.01629720250796, 36.21144314429305], [127.01667340342328, 36.21194020988901], [127.01681447876653, 36.21205491733423]]}}, {"type": "Feature", "properties": {"proposal_id": "visible-line-72", "tile_id": "177-nonsan-hydro", "sheet_id": "177-nonsan", "split": "development", "proposal_kind": "visible_linework_review_only", "backend": "grayscale_ridge_v1_skeleton_v1", "pixel_length": 18.728, "point_count": 3, "confidence": 0.6243, "review_status": "unreviewed"}, "geometry": {"type": "LineString", "coordinates": [[127.0163912527368, 36.23040810856953], [127.01643827785121, 36.230178693679086], [127.01681447876653, 36.229834571343424]]}}, {"type": "Feature", "properties": {"proposal_id": "visible-line-73", "tile_id": "177-nonsan-hydro", "sheet_id": "177-nonsan", "split": "development", "proposal_kind": "visible_linework_review_only", "backend": "grayscale_ridge_v1_skeleton_v1", "pixel_length": 28.385, "point_count": 5, "confidence": 0.642, "review_status": "unreviewed"}, "geometry": {"type": "LineString", "coordinates": [[127.01653232808005, 36.19943709835996], [127.01719067968186, 36.199092976024296], [127.0172847299107, 36.199092976024296], [127.01737878013952, 36.19916944765444], [127.01747283036836, 36.19936062672981]]}}, {"type": "Feature", "properties": {"proposal_id": "visible-line-74", "tile_id": "177-nonsan-hydro", "sheet_id": "177-nonsan", "split": "development", "proposal_kind": "visible_linework_review_only", "backend": "grayscale_ridge_v1_skeleton_v1", "pixel_length": 19.657, "point_count": 5, "confidence": 0.6124, "review_status": "unreviewed"}, "geometry": {"type": "LineString", "coordinates": [[127.01681447876653, 36.23446110496732], [127.01681447876653, 36.23426992589195], [127.01690852899537, 36.23415521844673], [127.01690852899537, 36.23392580355629], [127.01681447876653, 36.233772860296]]}}, {"type": "Feature", "properties": {"proposal_id": "visible-line-75", "tile_id": "177-nonsan-hydro", "sheet_id": "177-nonsan", "split": "development", "proposal_kind": "visible_linework_review_only", "backend": "grayscale_ridge_v1_skeleton_v1", "pixel_length": 23.899, "point_count": 5, "confidence": 0.7157, "review_status": "unreviewed"}, "geometry": {"type": "LineString", "coordinates": [[127.01690852899537, 36.23346697377541], [127.01723770479627, 36.2336199170357], [127.0176139057116, 36.2336199170357], [127.01770795594044, 36.23354344540556], [127.0178960563981, 36.23350520959048]]}}, {"type": "Feature", "properties": {"proposal_id": "visible-line-76", "tile_id": "177-nonsan-hydro", "sheet_id": "177-nonsan", "split": "development", "proposal_kind": "visible_linework_review_only", "backend": "grayscale_ridge_v1_skeleton_v1", "pixel_length": 61.87, "point_count": 12, "confidence": 0.661, "review_status": "unreviewed"}, "geometry": {"type": "LineString", "coordinates": [[127.01709662945304, 36.21889912823239], [127.01733175502511, 36.21912854312283], [127.01737878013952, 36.21935795801327], [127.01747283036836, 36.219510901273566], [127.01747283036836, 36.21970208034893], [127.01756688059719, 36.21993149523937], [127.01756688059719, 36.220122674314744], [127.01766093082603, 36.220275617575034], [127.01766093082603, 36.22042856083533], [127.0178960563981, 36.22081091898607], [127.0178960563981, 36.22088739061621], [127.01799010662694, 36.22096386224636]]}}, {"type": "Feature", "properties": {"proposal_id": "visible-line-77", "tile_id": "177-nonsan-hydro", "sheet_id": "177-nonsan", "split": "development", "proposal_kind": "visible_linework_review_only", "backend": "grayscale_ridge_v1_skeleton_v1", "pixel_length": 23.657, "point_count": 6, "confidence": 0.6783, "review_status": "unreviewed"}, "geometry": {"type": "LineString", "coordinates": [[127.01733175502511, 36.23327579470004], [127.01737878013952, 36.2331993230699], [127.01733175502511, 36.23316108725482], [127.01737878013952, 36.233008143994525], [127.01737878013952, 36.23251107839857], [127.01747283036836, 36.2324728425835]]}}, {"type": "Feature", "properties": {"proposal_id": "visible-line-78", "tile_id": "177-nonsan-hydro", "sheet_id": "177-nonsan", "split": "development", "proposal_kind": "visible_linework_review_only", "backend": "grayscale_ridge_v1_skeleton_v1", "pixel_length": 26.485, "point_count": 4, "confidence": 0.6375, "review_status": "unreviewed"}, "geometry": {"type": "LineString", "coordinates": [[127.01780200616928, 36.22864926107614], [127.0178960563981, 36.22834337455556], [127.0178960563981, 36.228152195480185], [127.01808415685576, 36.22773160151438]]}}, {"type": "Feature", "properties": {"proposal_id": "visible-line-79", "tile_id": "177-nonsan-hydro", "sheet_id": "177-nonsan", "split": "development", "proposal_kind": "visible_linework_review_only", "backend": "grayscale_ridge_v1_skeleton_v1", "pixel_length": 54.941, "point_count": 8, "confidence": 0.6565, "review_status": "unreviewed"}, "geometry": {"type": "LineString", "coordinates": [[127.01794308151251, 36.21182550244379], [127.01799010662694, 36.211366672662905], [127.01827225731343, 36.21106078614231], [127.01860143311434, 36.21083137125187], [127.018789533572, 36.21086960706695], [127.018789533572, 36.21102255032724], [127.01855440799993, 36.21121372940261], [127.01841333265668, 36.211404908477974]]}}, {"type": "Feature", "properties": {"proposal_id": "visible-line-80", "tile_id": "177-nonsan-hydro", "sheet_id": "177-nonsan", "split": "development", "proposal_kind": "visible_linework_review_only", "backend": "grayscale_ridge_v1_skeleton_v1", "pixel_length": 26.485, "point_count": 7, "confidence": 0.654, "review_status": "unreviewed"}, "geometry": {"type": "LineString", "coordinates": [[127.01794308151251, 36.199704749065475], [127.01813118197018, 36.199819456510696], [127.01831928242784, 36.199819456510696], [127.01836630754227, 36.199857692325764], [127.01855440799993, 36.199857692325764], [127.01874250845759, 36.19978122069562], [127.0190716842585, 36.19978122069562]]}}, {"type": "Feature", "properties": {"proposal_id": "visible-line-81", "tile_id": "177-nonsan-hydro", "sheet_id": "177-nonsan", "split": "development", "proposal_kind": "visible_linework_review_only", "backend": "grayscale_ridge_v1_skeleton_v1", "pixel_length": 50.485, "point_count": 5, "confidence": 0.6025, "review_status": "unreviewed"}, "geometry": {"type": "LineString", "coordinates": [[127.01803713174135, 36.22126974876695], [127.01813118197018, 36.22142269202725], [127.0181782070846, 36.22188152180813], [127.01822523219901, 36.2219197576232], [127.01831928242784, 36.22310506789048]]}}, {"type": "Feature", "properties": {"proposal_id": "visible-line-82", "tile_id": "177-nonsan-hydro", "sheet_id": "177-nonsan", "split": "development", "proposal_kind": "visible_linework_review_only", "backend": "grayscale_ridge_v1_skeleton_v1", "pixel_length": 28.485, "point_count": 6, "confidence": 0.5832, "review_status": "unreviewed"}, "geometry": {"type": "LineString", "coordinates": [[127.01846035777109, 36.21301081271106], [127.018789533572, 36.21297257689599], [127.01897763402967, 36.21289610526584], [127.01916573448733, 36.21293434108092], [127.01921275960174, 36.21289610526584], [127.01968301074591, 36.21285786945077]]}}, {"type": "Feature", "properties": {"proposal_id": "visible-line-83", "tile_id": "177-nonsan-hydro", "sheet_id": "177-nonsan", "split": "development", "proposal_kind": "visible_linework_review_only", "backend": "grayscale_ridge_v1_skeleton_v1", "pixel_length": 22.828, "point_count": 3, "confidence": 0.6677, "review_status": "unreviewed"}, "geometry": {"type": "LineString", "coordinates": [[127.01846035777109, 36.198137080647456], [127.01846035777109, 36.19741060016106], [127.01860143311434, 36.19733412853091]]}}, {"type": "Feature", "properties": {"proposal_id": "visible-line-84", "tile_id": "177-nonsan-hydro", "sheet_id": "177-nonsan", "split": "development", "proposal_kind": "visible_linework_review_only", "backend": "grayscale_ridge_v1_skeleton_v1", "pixel_length": 21.485, "point_count": 5, "confidence": 0.5533, "review_status": "unreviewed"}, "geometry": {"type": "LineString", "coordinates": [[127.01883655868642, 36.20272537845628], [127.01883655868642, 36.20261067101106], [127.01916573448733, 36.20241949193569], [127.01949491028824, 36.20241949193569], [127.01958896051707, 36.20245772775077]]}}, {"type": "Feature", "properties": {"proposal_id": "visible-line-85", "tile_id": "177-nonsan-hydro", "sheet_id": "177-nonsan", "split": "development", "proposal_kind": "visible_linework_review_only", "backend": "grayscale_ridge_v1_skeleton_v1", "pixel_length": 22.556, "point_count": 3, "confidence": 0.7005, "review_status": "unreviewed"}, "geometry": {"type": "LineString", "coordinates": [[127.01925978471617, 36.21461671694415], [127.01949491028824, 36.21503731090996], [127.01982408608916, 36.215266725800404]]}}, {"type": "Feature", "properties": {"proposal_id": "visible-line-86", "tile_id": "177-nonsan-hydro", "sheet_id": "177-nonsan", "split": "development", "proposal_kind": "visible_linework_review_only", "backend": "grayscale_ridge_v1_skeleton_v1", "pixel_length": 76.385, "point_count": 10, "confidence": 0.695, "review_status": "unreviewed"}, "geometry": {"type": "LineString", "coordinates": [[127.01968301074591, 36.23514934963865], [127.01977706097473, 36.23514934963865], [127.0199651614324, 36.235034642193426], [127.02071756326306, 36.234805227302985], [127.02123483952163, 36.234805227302985], [127.02128186463605, 36.23476699148791], [127.02189319112345, 36.234805227302985], [127.02194021623787, 36.234843463118054], [127.02297476875502, 36.234843463118054], [127.02302179386943, 36.234805227302985]]}}, {"type": "Feature", "properties": {"proposal_id": "visible-line-87", "tile_id": "177-nonsan-hydro", "sheet_id": "177-nonsan", "split": "development", "proposal_kind": "visible_linework_review_only", "backend": "grayscale_ridge_v1_skeleton_v1", "pixel_length": 48.284, "point_count": 7, "confidence": 0.6062, "review_status": "unreviewed"}, "geometry": {"type": "LineString", "coordinates": [[127.0202473121189, 36.21293434108092], [127.02043541257656, 36.21289610526584], [127.0208586386063, 36.21262845456033], [127.02142293997929, 36.21239903966989], [127.02151699020813, 36.21239903966989], [127.02198724135229, 36.21216962477945], [127.02212831669553, 36.21216962477945]]}}, {"type": "Feature", "properties": {"proposal_id": "visible-line-88", "tile_id": "177-nonsan-hydro", "sheet_id": "177-nonsan", "split": "development", "proposal_kind": "visible_linework_review_only", "backend": "grayscale_ridge_v1_skeleton_v1", "pixel_length": 18.657, "point_count": 4, "confidence": 0.5497, "review_status": "unreviewed"}, "geometry": {"type": "LineString", "coordinates": [[127.02067053814864, 36.20792544930628], [127.02076458837747, 36.20765779860077], [127.02076458837747, 36.207390147895254], [127.02067053814864, 36.20727544045003]]}}, {"type": "Feature", "properties": {"proposal_id": "visible-line-89", "tile_id": "177-nonsan-hydro", "sheet_id": "177-nonsan", "split": "development", "proposal_kind": "visible_linework_review_only", "backend": "grayscale_ridge_v1_skeleton_v1", "pixel_length": 24.243, "point_count": 4, "confidence": 0.6897, "review_status": "unreviewed"}, "geometry": {"type": "LineString", "coordinates": [[127.0208586386063, 36.21545790487577], [127.0211407892928, 36.21545790487577], [127.02118781440721, 36.215496140690846], [127.02194021623787, 36.21557261232099]]}}, {"type": "Feature", "properties": {"proposal_id": "visible-line-90", "tile_id": "177-nonsan-hydro", "sheet_id": "177-nonsan", "split": "development", "proposal_kind": "visible_linework_review_only", "backend": "grayscale_ridge_v1_skeleton_v1", "pixel_length": 46.213, "point_count": 5, "confidence": 0.6128, "review_status": "unreviewed"}, "geometry": {"type": "LineString", "coordinates": [[127.0211407892928, 36.20524894225114], [127.0211407892928, 36.20490481991548], [127.02118781440721, 36.2048665841004], [127.02123483952163, 36.20448422594966], [127.02184616600904, 36.203719509648195]]}}, {"type": "Feature", "properties": {"proposal_id": "visible-line-91", "tile_id": "177-nonsan-hydro", "sheet_id": "177-nonsan", "split": "development", "proposal_kind": "visible_linework_review_only", "backend": "grayscale_ridge_v1_skeleton_v1", "pixel_length": 23.485, "point_count": 3, "confidence": 0.5788, "review_status": "unreviewed"}, "geometry": {"type": "LineString", "coordinates": [[127.02123483952163, 36.20800192093643], [127.02128186463605, 36.207619562785695], [127.02151699020813, 36.20719896881989]]}}, {"type": "Feature", "properties": {"proposal_id": "visible-line-92", "tile_id": "177-nonsan-hydro", "sheet_id": "177-nonsan", "split": "development", "proposal_kind": "visible_linework_review_only", "backend": "grayscale_ridge_v1_skeleton_v1", "pixel_length": 26.485, "point_count": 3, "confidence": 0.6058, "review_status": "unreviewed"}, "geometry": {"type": "LineString", "coordinates": [[127.02123483952163, 36.205784243662166], [127.02151699020813, 36.206396016703344], [127.02151699020813, 36.20670190322393]]}}, {"type": "Feature", "properties": {"proposal_id": "visible-line-93", "tile_id": "177-nonsan-hydro", "sheet_id": "177-nonsan", "split": "development", "proposal_kind": "visible_linework_review_only", "backend": "grayscale_ridge_v1_skeleton_v1", "pixel_length": 20.828, "point_count": 3, "confidence": 0.5365, "review_status": "unreviewed"}, "geometry": {"type": "LineString", "coordinates": [[127.02236344226762, 36.203987160353705], [127.02250451761086, 36.20391068872356], [127.02330394455593, 36.20391068872356]]}}, {"type": "Feature", "properties": {"proposal_id": "visible-line-94", "tile_id": "177-nonsan-hydro", "sheet_id": "177-nonsan", "split": "development", "proposal_kind": "visible_linework_review_only", "backend": "grayscale_ridge_v1_skeleton_v1", "pixel_length": 102.154, "point_count": 13, "confidence": 0.6933, "review_status": "unreviewed"}, "geometry": {"type": "LineString", "coordinates": [[127.02278666829736, 36.21473142438937], [127.02302179386943, 36.214769660204446], [127.02330394455593, 36.2146931885743], [127.02377419570008, 36.21450200949893], [127.02424444684425, 36.21419612297834], [127.02452659753075, 36.21408141553312], [127.02466767287399, 36.21408141553312], [127.02480874821724, 36.21400494390298], [127.02494982356049, 36.21400494390298], [127.02551412493348, 36.21385200064268], [127.02621950164972, 36.213469642491944], [127.02659570256505, 36.213316699231655], [127.02683082813712, 36.213316699231655]]}}, {"type": "Feature", "properties": {"proposal_id": "visible-line-95", "tile_id": "177-nonsan-hydro", "sheet_id": "177-nonsan", "split": "development", "proposal_kind": "visible_linework_review_only", "backend": "grayscale_ridge_v1_skeleton_v1", "pixel_length": 31.456, "point_count": 3, "confidence": 0.6533, "review_status": "unreviewed"}, "geometry": {"type": "LineString", "coordinates": [[127.02278666829736, 36.214425537868784], [127.02339799478476, 36.21385200064268], [127.02382122081451, 36.213660821567316]]}}, {"type": "Feature", "properties": {"proposal_id": "visible-line-96", "tile_id": "177-nonsan-hydro", "sheet_id": "177-nonsan", "split": "development", "proposal_kind": "visible_linework_review_only", "backend": "grayscale_ridge_v1_skeleton_v1", "pixel_length": 23.728, "point_count": 2, "confidence": 0.6534, "review_status": "unreviewed"}, "geometry": {"type": "LineString", "coordinates": [[127.02283369341177, 36.21614614954709], [127.02325691944152, 36.21691086584857]]}}, {"type": "Feature", "properties": {"proposal_id": "visible-line-97", "tile_id": "177-nonsan-hydro", "sheet_id": "177-nonsan", "split": "development", "proposal_kind": "visible_linework_review_only", "backend": "grayscale_ridge_v1_skeleton_v1", "pixel_length": 20.971, "point_count": 3, "confidence": 0.6819, "review_status": "unreviewed"}, "geometry": {"type": "LineString", "coordinates": [[127.02288071852618, 36.21522848998533], [127.02330394455593, 36.215496140690846], [127.02353907012801, 36.21576379139636]]}}, {"type": "Feature", "properties": {"proposal_id": "visible-line-98", "tile_id": "177-nonsan-hydro", "sheet_id": "177-nonsan", "split": "development", "proposal_kind": "visible_linework_review_only", "backend": "grayscale_ridge_v1_skeleton_v1", "pixel_length": 18.657, "point_count": 3, "confidence": 0.5991, "review_status": "unreviewed"}, "geometry": {"type": "LineString", "coordinates": [[127.02302179386943, 36.213699057382385], [127.02316286921268, 36.2133931708618], [127.0232098943271, 36.21304904852614]]}}, {"type": "Feature", "properties": {"proposal_id": "visible-line-99", "tile_id": "177-nonsan-hydro", "sheet_id": "177-nonsan", "split": "development", "proposal_kind": "visible_linework_review_only", "backend": "grayscale_ridge_v1_skeleton_v1", "pixel_length": 35.213, "point_count": 6, "confidence": 0.5626, "review_status": "unreviewed"}, "geometry": {"type": "LineString", "coordinates": [[127.02311584409827, 36.211519615923194], [127.0232098943271, 36.21144314429305], [127.02353907012801, 36.211366672662905], [127.02415039661541, 36.21109902195739], [127.02424444684425, 36.21109902195739], [127.02447957241633, 36.21094607869709]]}}, {"type": "Feature", "properties": {"proposal_id": "visible-line-100", "tile_id": "177-nonsan-hydro", "sheet_id": "177-nonsan", "split": "development", "proposal_kind": "visible_linework_review_only", "backend": "grayscale_ridge_v1_skeleton_v1", "pixel_length": 57.527, "point_count": 8, "confidence": 0.7008, "review_status": "unreviewed"}, "geometry": {"type": "LineString", "coordinates": [[127.0232098943271, 36.23476699148791], [127.02344501989919, 36.234690519857764], [127.02377419570008, 36.23446110496732], [127.024103371501, 36.2343463975221], [127.02452659753075, 36.23411698263166], [127.02485577333165, 36.234078746816586], [127.02532602447582, 36.23388756774122], [127.02546709981907, 36.23388756774122]]}}, {"type": "Feature", "properties": {"proposal_id": "visible-line-101", "tile_id": "177-nonsan-hydro", "sheet_id": "177-nonsan", "split": "development", "proposal_kind": "visible_linework_review_only", "backend": "grayscale_ridge_v1_skeleton_v1", "pixel_length": 18.485, "point_count": 3, "confidence": 0.6932, "review_status": "unreviewed"}, "geometry": {"type": "LineString", "coordinates": [[127.02325691944152, 36.23499640637835], [127.02363312035685, 36.234919934748206], [127.02400932127217, 36.23476699148791]]}}, {"type": "Feature", "properties": {"proposal_id": "visible-line-102", "tile_id": "177-nonsan-hydro", "sheet_id": "177-nonsan", "split": "development", "proposal_kind": "visible_linework_review_only", "backend": "grayscale_ridge_v1_skeleton_v1", "pixel_length": 126.811, "point_count": 14, "confidence": 0.6518, "review_status": "unreviewed"}, "geometry": {"type": "LineString", "coordinates": [[127.0234920450136, 36.23514934963865], [127.02447957241633, 36.23488169893313], [127.02480874821724, 36.23472875567283], [127.02537304959023, 36.234575812412544], [127.0256081751623, 36.23446110496732], [127.0258433007344, 36.23442286915225], [127.02607842630647, 36.23430816170703], [127.02631355187854, 36.23426992589195], [127.02640760210738, 36.234193454261806], [127.02654867745063, 36.234193454261806], [127.02720702905245, 36.23392580355629], [127.02767728019661, 36.23381109611107], [127.02847670714168, 36.23350520959048], [127.02861778248493, 36.23350520959048]]}}, {"type": "Feature", "properties": {"proposal_id": "visible-line-103", "tile_id": "177-nonsan-hydro", "sheet_id": "177-nonsan", "split": "development", "proposal_kind": "visible_linework_review_only", "backend": "grayscale_ridge_v1_skeleton_v1", "pixel_length": 21.657, "point_count": 7, "confidence": 0.6605, "review_status": "unreviewed"}, "geometry": {"type": "LineString", "coordinates": [[127.0234920450136, 36.1987870895037], [127.0234920450136, 36.198634146243414], [127.02353907012801, 36.19859591042834], [127.02353907012801, 36.19844296716804], [127.0234920450136, 36.19840473135297], [127.02353907012801, 36.19809884483238], [127.0234920450136, 36.198022373202235]]}}, {"type": "Feature", "properties": {"proposal_id": "visible-line-104", "tile_id": "177-nonsan-hydro", "sheet_id": "177-nonsan", "split": "development", "proposal_kind": "visible_linework_review_only", "backend": "grayscale_ridge_v1_skeleton_v1", "pixel_length": 20.414, "point_count": 2, "confidence": 0.6971, "review_status": "unreviewed"}, "geometry": {"type": "LineString", "coordinates": [[127.02353907012801, 36.21018136239562], [127.02358609524242, 36.20941664609415]]}}, {"type": "Feature", "properties": {"proposal_id": "visible-line-105", "tile_id": "177-nonsan-hydro", "sheet_id": "177-nonsan", "split": "development", "proposal_kind": "visible_linework_review_only", "backend": "grayscale_ridge_v1_skeleton_v1", "pixel_length": 24.556, "point_count": 4, "confidence": 0.6702, "review_status": "unreviewed"}, "geometry": {"type": "LineString", "coordinates": [[127.02358609524242, 36.21794323285555], [127.02382122081451, 36.218287355191215], [127.02386824592892, 36.218440298451505], [127.024103371501, 36.21870794915702]]}}, {"type": "Feature", "properties": {"proposal_id": "visible-line-106", "tile_id": "177-nonsan-hydro", "sheet_id": "177-nonsan", "split": "development", "proposal_kind": "visible_linework_review_only", "backend": "grayscale_ridge_v1_skeleton_v1", "pixel_length": 26.556, "point_count": 3, "confidence": 0.6078, "review_status": "unreviewed"}, "geometry": {"type": "LineString", "coordinates": [[127.02396229615775, 36.21687263003349], [127.024103371501, 36.21717851655408], [127.02447957241633, 36.21771381796511]]}}, {"type": "Feature", "properties": {"proposal_id": "visible-line-107", "tile_id": "177-nonsan-hydro", "sheet_id": "177-nonsan", "split": "development", "proposal_kind": "visible_linework_review_only", "backend": "grayscale_ridge_v1_skeleton_v1", "pixel_length": 55.012, "point_count": 4, "confidence": 0.7527, "review_status": "unreviewed"}, "geometry": {"type": "LineString", "coordinates": [[127.02396229615775, 36.216375564437534], [127.02494982356049, 36.21752263888974], [127.02537304959023, 36.21779028959526], [127.02556115004789, 36.21775205378018]]}}, {"type": "Feature", "properties": {"proposal_id": "visible-line-108", "tile_id": "177-nonsan-hydro", "sheet_id": "177-nonsan", "split": "development", "proposal_kind": "visible_linework_review_only", "backend": "grayscale_ridge_v1_skeleton_v1", "pixel_length": 51.042, "point_count": 6, "confidence": 0.658, "review_status": "unreviewed"}, "geometry": {"type": "LineString", "coordinates": [[127.02424444684425, 36.234690519857764], [127.02447957241633, 36.23465228404269], [127.02518494913257, 36.23438463333717], [127.02565520027673, 36.23426992589195], [127.02574925050556, 36.234193454261806], [127.02631355187854, 36.23404051100151]]}}, {"type": "Feature", "properties": {"proposal_id": "visible-line-109", "tile_id": "177-nonsan-hydro", "sheet_id": "177-nonsan", "split": "development", "proposal_kind": "visible_linework_review_only", "backend": "grayscale_ridge_v1_skeleton_v1", "pixel_length": 27.971, "point_count": 2, "confidence": 0.6116, "review_status": "unreviewed"}, "geometry": {"type": "LineString", "coordinates": [[127.02429147195866, 36.211251965217684], [127.02537304959023, 36.2107931354368]]}}, {"type": "Feature", "properties": {"proposal_id": "visible-line-110", "tile_id": "177-nonsan-hydro", "sheet_id": "177-nonsan", "split": "development", "proposal_kind": "visible_linework_review_only", "backend": "grayscale_ridge_v1_skeleton_v1", "pixel_length": 33.799, "point_count": 4, "confidence": 0.6195, "review_status": "unreviewed"}, "geometry": {"type": "LineString", "coordinates": [[127.02433849707309, 36.229222798302246], [127.02504387378931, 36.22891691178166], [127.02546709981907, 36.22880220433644], [127.02565520027673, 36.22868749689122]]}}, {"type": "Feature", "properties": {"proposal_id": "visible-line-111", "tile_id": "177-nonsan-hydro", "sheet_id": "177-nonsan", "split": "development", "proposal_kind": "visible_linework_review_only", "backend": "grayscale_ridge_v1_skeleton_v1", "pixel_length": 23.485, "point_count": 5, "confidence": 0.6522, "review_status": "unreviewed"}, "geometry": {"type": "LineString", "coordinates": [[127.02433849707309, 36.209340174464], [127.02443254730191, 36.20941664609415], [127.02452659753075, 36.20964606098459], [127.02452659753075, 36.20999018332025], [127.02443254730191, 36.21014312658055]]}}, {"type": "Feature", "properties": {"proposal_id": "visible-line-112", "tile_id": "177-nonsan-hydro", "sheet_id": "177-nonsan", "split": "development", "proposal_kind": "visible_linework_review_only", "backend": "grayscale_ridge_v1_skeleton_v1", "pixel_length": 56.799, "point_count": 7, "confidence": 0.6822, "review_status": "unreviewed"}, "geometry": {"type": "LineString", "coordinates": [[127.02447957241633, 36.21652850769783], [127.02457362264516, 36.216375564437534], [127.02518494913257, 36.216375564437534], [127.02612545142088, 36.21664321514305], [127.0264546272218, 36.21668145095813], [127.02664272767946, 36.21656674351291], [127.02659570256505, 36.216452036067686]]}}, {"type": "Feature", "properties": {"proposal_id": "visible-line-113", "tile_id": "177-nonsan-hydro", "sheet_id": "177-nonsan", "split": "development", "proposal_kind": "visible_linework_review_only", "backend": "grayscale_ridge_v1_skeleton_v1", "pixel_length": 48.698, "point_count": 6, "confidence": 0.6069, "review_status": "unreviewed"}, "geometry": {"type": "LineString", "coordinates": [[127.02452659753075, 36.218057940300774], [127.02462064775958, 36.2180197044857], [127.02490279844608, 36.218325591006284], [127.02494982356049, 36.21847853426658], [127.02504387378931, 36.218555005896725], [127.02556115004789, 36.21947266545849]]}}, {"type": "Feature", "properties": {"proposal_id": "visible-line-114", "tile_id": "177-nonsan-hydro", "sheet_id": "177-nonsan", "split": "development", "proposal_kind": "visible_linework_review_only", "backend": "grayscale_ridge_v1_skeleton_v1", "pixel_length": 45.142, "point_count": 6, "confidence": 0.6162, "review_status": "unreviewed"}, "geometry": {"type": "LineString", "coordinates": [[127.02457362264516, 36.21603144210187], [127.02546709981907, 36.216222621177245], [127.02574925050556, 36.216222621177245], [127.02612545142088, 36.216337328622465], [127.02636057699297, 36.216337328622465], [127.02650165233621, 36.21641380025261]]}}, {"type": "Feature", "properties": {"proposal_id": "visible-line-115", "tile_id": "177-nonsan-hydro", "sheet_id": "177-nonsan", "split": "development", "proposal_kind": "visible_linework_review_only", "backend": "grayscale_ridge_v1_skeleton_v1", "pixel_length": 24.899, "point_count": 4, "confidence": 0.6897, "review_status": "unreviewed"}, "geometry": {"type": "LineString", "coordinates": [[127.02466767287399, 36.21970208034893], [127.02480874821724, 36.220007966869524], [127.02490279844608, 36.220466796650406], [127.0249968486749, 36.22054326828055]]}}, {"type": "Feature", "properties": {"proposal_id": "visible-line-116", "tile_id": "177-nonsan-hydro", "sheet_id": "177-nonsan", "split": "development", "proposal_kind": "visible_linework_review_only", "backend": "grayscale_ridge_v1_skeleton_v1", "pixel_length": 25.627, "point_count": 3, "confidence": 0.6457, "review_status": "unreviewed"}, "geometry": {"type": "LineString", "coordinates": [[127.02476172310283, 36.21691086584857], [127.02532602447582, 36.21740793144452], [127.02551412493348, 36.21763734633496]]}}, {"type": "Feature", "properties": {"proposal_id": "visible-line-117", "tile_id": "177-nonsan-hydro", "sheet_id": "177-nonsan", "split": "development", "proposal_kind": "visible_linework_review_only", "backend": "grayscale_ridge_v1_skeleton_v1", "pixel_length": 20.314, "point_count": 2, "confidence": 0.6026, "review_status": "unreviewed"}, "geometry": {"type": "LineString", "coordinates": [[127.02476172310283, 36.21083137125187], [127.02556115004789, 36.210525484731285]]}}, {"type": "Feature", "properties": {"proposal_id": "visible-line-118", "tile_id": "177-nonsan-hydro", "sheet_id": "177-nonsan", "split": "development", "proposal_kind": "visible_linework_review_only", "backend": "grayscale_ridge_v1_skeleton_v1", "pixel_length": 33.799, "point_count": 9, "confidence": 0.6362, "review_status": "unreviewed"}, "geometry": {"type": "LineString", "coordinates": [[127.0249968486749, 36.196569412229444], [127.02504387378931, 36.19641646896915], [127.0252789993614, 36.196187054078706], [127.02551412493348, 36.196187054078706], [127.0256081751623, 36.19626352570885], [127.0256081751623, 36.196339997339], [127.02546709981907, 36.19645470478422], [127.02537304959023, 36.19645470478422], [127.02523197424698, 36.19660764804451]]}}, {"type": "Feature", "properties": {"proposal_id": "visible-line-119", "tile_id": "177-nonsan-hydro", "sheet_id": "177-nonsan", "split": "development", "proposal_kind": "visible_linework_review_only", "backend": "grayscale_ridge_v1_skeleton_v1", "pixel_length": 26.142, "point_count": 5, "confidence": 0.6436, "review_status": "unreviewed"}, "geometry": {"type": "LineString", "coordinates": [[127.0252789993614, 36.22149916365739], [127.02542007470464, 36.22165210691769], [127.02565520027673, 36.22211093669857], [127.02565520027673, 36.22222564414379], [127.02551412493348, 36.222302115773935]]}}, {"type": "Feature", "properties": {"proposal_id": "visible-line-120", "tile_id": "177-nonsan-hydro", "sheet_id": "177-nonsan", "split": "development", "proposal_kind": "visible_linework_review_only", "backend": "grayscale_ridge_v1_skeleton_v1", "pixel_length": 20.657, "point_count": 4, "confidence": 0.7133, "review_status": "unreviewed"}, "geometry": {"type": "LineString", "coordinates": [[127.02532602447582, 36.19962827743532], [127.02546709981907, 36.199934163955916], [127.02546709981907, 36.20031652210665], [127.02551412493348, 36.20035475792172]]}}, {"type": "Feature", "properties": {"proposal_id": "visible-line-121", "tile_id": "177-nonsan-hydro", "sheet_id": "177-nonsan", "split": "development", "proposal_kind": "visible_linework_review_only", "backend": "grayscale_ridge_v1_skeleton_v1", "pixel_length": 22.485, "point_count": 4, "confidence": 0.6176, "review_status": "unreviewed"}, "geometry": {"type": "LineString", "coordinates": [[127.02546709981907, 36.20528717806621], [127.0258903258488, 36.20528717806621], [127.02626652676413, 36.20540188551143], [127.02640760210738, 36.20551659295665]]}}, {"type": "Feature", "properties": {"proposal_id": "visible-line-122", "tile_id": "177-nonsan-hydro", "sheet_id": "177-nonsan", "split": "development", "proposal_kind": "visible_linework_review_only", "backend": "grayscale_ridge_v1_skeleton_v1", "pixel_length": 29.042, "point_count": 4, "confidence": 0.6697, "review_status": "unreviewed"}, "geometry": {"type": "LineString", "coordinates": [[127.02551412493348, 36.233849331926145], [127.02556115004789, 36.233772860296], [127.0258903258488, 36.2336199170357], [127.0264546272218, 36.233122851439745]]}}, {"type": "Feature", "properties": {"proposal_id": "visible-line-123", "tile_id": "177-nonsan-hydro", "sheet_id": "177-nonsan", "split": "development", "proposal_kind": "visible_linework_review_only", "backend": "grayscale_ridge_v1_skeleton_v1", "pixel_length": 60.698, "point_count": 8, "confidence": 0.6252, "review_status": "unreviewed"}, "geometry": {"type": "LineString", "coordinates": [[127.02565520027673, 36.213201991786434], [127.02626652676413, 36.21304904852614], [127.02701892859479, 36.2126666903754], [127.02720702905245, 36.212475511300035], [127.02720702905245, 36.2120931531493], [127.02716000393804, 36.21197844570408], [127.02720702905245, 36.21194020988901], [127.02739512951011, 36.21197844570408]]}}, {"type": "Feature", "properties": {"proposal_id": "visible-line-124", "tile_id": "177-nonsan-hydro", "sheet_id": "177-nonsan", "split": "development", "proposal_kind": "visible_linework_review_only", "backend": "grayscale_ridge_v1_skeleton_v1", "pixel_length": 22.314, "point_count": 3, "confidence": 0.6796, "review_status": "unreviewed"}, "geometry": {"type": "LineString", "coordinates": [[127.0258433007344, 36.220390325020254], [127.02598437607764, 36.22077268317099], [127.02621950164972, 36.221116805506654]]}}, {"type": "Feature", "properties": {"proposal_id": "visible-line-125", "tile_id": "177-nonsan-hydro", "sheet_id": "177-nonsan", "split": "development", "proposal_kind": "visible_linework_review_only", "backend": "grayscale_ridge_v1_skeleton_v1", "pixel_length": 24.799, "point_count": 2, "confidence": 0.6598, "review_status": "unreviewed"}, "geometry": {"type": "LineString", "coordinates": [[127.02593735096322, 36.22853455363092], [127.02683082813712, 36.227999252219895]]}}, {"type": "Feature", "properties": {"proposal_id": "visible-line-126", "tile_id": "177-nonsan-hydro", "sheet_id": "177-nonsan", "split": "development", "proposal_kind": "visible_linework_review_only", "backend": "grayscale_ridge_v1_skeleton_v1", "pixel_length": 23.071, "point_count": 4, "confidence": 0.6916, "review_status": "unreviewed"}, "geometry": {"type": "LineString", "coordinates": [[127.02603140119206, 36.19794590157209], [127.02617247653531, 36.19829002390775], [127.02617247653531, 36.19855767461326], [127.02607842630647, 36.198748853688635]]}}, {"type": "Feature", "properties": {"proposal_id": "visible-line-127", "tile_id": "177-nonsan-hydro", "sheet_id": "177-nonsan", "split": "development", "proposal_kind": "visible_linework_review_only", "backend": "grayscale_ridge_v1_skeleton_v1", "pixel_length": 24.485, "point_count": 6, "confidence": 0.6484, "review_status": "unreviewed"}, "geometry": {"type": "LineString", "coordinates": [[127.02636057699297, 36.225093330274305], [127.02650165233621, 36.225322745164746], [127.02650165233621, 36.225590395870256], [127.02654867745063, 36.22562863168533], [127.02654867745063, 36.2258198107607], [127.0264546272218, 36.22593451820592]]}}, {"type": "Feature", "properties": {"proposal_id": "visible-line-128", "tile_id": "177-nonsan-hydro", "sheet_id": "177-nonsan", "split": "development", "proposal_kind": "visible_linework_review_only", "backend": "grayscale_ridge_v1_skeleton_v1", "pixel_length": 80.598, "point_count": 2, "confidence": 0.6728, "review_status": "unreviewed"}, "geometry": {"type": "LineString", "coordinates": [[127.02640760210738, 36.23400227518644], [127.02965233500208, 36.23293167236438]]}}, {"type": "Feature", "properties": {"proposal_id": "visible-line-129", "tile_id": "177-nonsan-hydro", "sheet_id": "177-nonsan", "split": "development", "proposal_kind": "visible_linework_review_only", "backend": "grayscale_ridge_v1_skeleton_v1", "pixel_length": 66.184, "point_count": 7, "confidence": 0.7082, "review_status": "unreviewed"}, "geometry": {"type": "LineString", "coordinates": [[127.02664272767946, 36.23293167236438], [127.02701892859479, 36.23251107839857], [127.0273481043957, 36.23243460676842], [127.0279594308831, 36.232128720247836], [127.02861778248493, 36.232014012802615], [127.028852908057, 36.23186106954232], [127.0290880336291, 36.231784597912174]]}}, {"type": "Feature", "properties": {"proposal_id": "visible-line-130", "tile_id": "177-nonsan-hydro", "sheet_id": "177-nonsan", "split": "development", "proposal_kind": "visible_linework_review_only", "backend": "grayscale_ridge_v1_skeleton_v1", "pixel_length": 23.071, "point_count": 5, "confidence": 0.6164, "review_status": "unreviewed"}, "geometry": {"type": "LineString", "coordinates": [[127.02683082813712, 36.2061666018129], [127.02701892859479, 36.20609013018275], [127.02730107928129, 36.20609013018275], [127.0273481043957, 36.20605189436768], [127.02781835553986, 36.20612836599783]]}}, {"type": "Feature", "properties": {"proposal_id": "visible-line-131", "tile_id": "177-nonsan-hydro", "sheet_id": "177-nonsan", "split": "development", "proposal_kind": "visible_linework_review_only", "backend": "grayscale_ridge_v1_skeleton_v1", "pixel_length": 133.782, "point_count": 15, "confidence": 0.6777, "review_status": "unreviewed"}, "geometry": {"type": "LineString", "coordinates": [[127.02697190348037, 36.213201991786434], [127.02739512951011, 36.21312552015628], [127.02767728019661, 36.21301081271106], [127.02866480759934, 36.212360803854814], [127.02904100851467, 36.21197844570408], [127.02922910897233, 36.21194020988901], [127.02955828477324, 36.21171079499857], [127.03007556103182, 36.211596087553346], [127.03045176194715, 36.211404908477974], [127.03054581217599, 36.211404908477974], [127.03096903820573, 36.21121372940261], [127.03139226423546, 36.211137257772464], [127.0314863144643, 36.21106078614231], [127.03162738980755, 36.21102255032724], [127.0320976409517, 36.21102255032724]]}}, {"type": "Feature", "properties": {"proposal_id": "visible-line-132", "tile_id": "177-nonsan-hydro", "sheet_id": "177-nonsan", "split": "development", "proposal_kind": "visible_linework_review_only", "backend": "grayscale_ridge_v1_skeleton_v1", "pixel_length": 18.142, "point_count": 2, "confidence": 0.6395, "review_status": "unreviewed"}, "geometry": {"type": "LineString", "coordinates": [[127.02701892859479, 36.20016357884636], [127.02753620485336, 36.20066064444231]]}}, {"type": "Feature", "properties": {"proposal_id": "visible-line-133", "tile_id": "177-nonsan-hydro", "sheet_id": "177-nonsan", "split": "development", "proposal_kind": "visible_linework_review_only", "backend": "grayscale_ridge_v1_skeleton_v1", "pixel_length": 32.385, "point_count": 6, "confidence": 0.6148, "review_status": "unreviewed"}, "geometry": {"type": "LineString", "coordinates": [[127.02744215462454, 36.21213138896437], [127.02748917973895, 36.21216962477945], [127.02748917973895, 36.212360803854814], [127.02767728019661, 36.21255198293018], [127.02786538065428, 36.21255198293018], [127.02842968202727, 36.212246096409594]]}}, {"type": "Feature", "properties": {"proposal_id": "visible-line-134", "tile_id": "177-nonsan-hydro", "sheet_id": "177-nonsan", "split": "development", "proposal_kind": "visible_linework_review_only", "backend": "grayscale_ridge_v1_skeleton_v1", "pixel_length": 43.042, "point_count": 6, "confidence": 0.6478, "review_status": "unreviewed"}, "geometry": {"type": "LineString", "coordinates": [[127.02767728019661, 36.22650805543202], [127.02791240576869, 36.22696688521291], [127.0282415815696, 36.22734924336364], [127.02847670714168, 36.22746395080886], [127.0285237322561, 36.22742571499379], [127.02889993317143, 36.22738747917872]]}}, {"type": "Feature", "properties": {"proposal_id": "visible-line-135", "tile_id": "177-nonsan-hydro", "sheet_id": "177-nonsan", "split": "development", "proposal_kind": "visible_linework_review_only", "backend": "grayscale_ridge_v1_skeleton_v1", "pixel_length": 19.485, "point_count": 5, "confidence": 0.6083, "review_status": "unreviewed"}, "geometry": {"type": "LineString", "coordinates": [[127.02791240576869, 36.19928415509966], [127.0279594308831, 36.19932239091474], [127.02833563179844, 36.19928415509966], [127.02842968202727, 36.19936062672981], [127.0285237322561, 36.199590041620255]]}}, {"type": "Feature", "properties": {"proposal_id": "visible-line-136", "tile_id": "177-nonsan-hydro", "sheet_id": "177-nonsan", "split": "development", "proposal_kind": "visible_linework_review_only", "backend": "grayscale_ridge_v1_skeleton_v1", "pixel_length": 49.456, "point_count": 5, "confidence": 0.6008, "review_status": "unreviewed"}, "geometry": {"type": "LineString", "coordinates": [[127.0285237322561, 36.209454881909224], [127.02899398340026, 36.20926370283386], [127.029981510803, 36.20899605212834], [127.03007556103182, 36.2089195804982], [127.03049878706156, 36.2087666372379]]}}, {"type": "Feature", "properties": {"proposal_id": "visible-line-137", "tile_id": "177-nonsan-hydro", "sheet_id": "177-nonsan", "split": "development", "proposal_kind": "visible_linework_review_only", "backend": "grayscale_ridge_v1_skeleton_v1", "pixel_length": 21.414, "point_count": 4, "confidence": 0.7611, "review_status": "unreviewed"}, "geometry": {"type": "LineString", "coordinates": [[127.02894695828584, 36.20337538731253], [127.02894695828584, 36.20322244405224], [127.02899398340026, 36.20318420823716], [127.02899398340026, 36.20257243519599]]}}, {"type": "Feature", "properties": {"proposal_id": "visible-line-138", "tile_id": "177-nonsan-hydro", "sheet_id": "177-nonsan", "split": "development", "proposal_kind": "visible_linework_review_only", "backend": "grayscale_ridge_v1_skeleton_v1", "pixel_length": 48.042, "point_count": 4, "confidence": 0.6921, "review_status": "unreviewed"}, "geometry": {"type": "LineString", "coordinates": [[127.02899398340026, 36.233352266330186], [127.02988746057416, 36.2330463798096], [127.03012258614623, 36.233008143994525], [127.03092201309131, 36.23270225747394]]}}, {"type": "Feature", "properties": {"proposal_id": "visible-line-139", "tile_id": "177-nonsan-hydro", "sheet_id": "177-nonsan", "split": "development", "proposal_kind": "visible_linework_review_only", "backend": "grayscale_ridge_v1_skeleton_v1", "pixel_length": 19.485, "point_count": 4, "confidence": 0.6181, "review_status": "unreviewed"}, "geometry": {"type": "LineString", "coordinates": [[127.0290880336291, 36.1976400150515], [127.0291350587435, 36.19783119412687], [127.02937018431558, 36.198022373202235], [127.02937018431558, 36.19829002390775]]}}, {"type": "Feature", "properties": {"proposal_id": "visible-line-140", "tile_id": "177-nonsan-hydro", "sheet_id": "177-nonsan", "split": "development", "proposal_kind": "visible_linework_review_only", "backend": "grayscale_ridge_v1_skeleton_v1", "pixel_length": 23.556, "point_count": 5, "confidence": 0.631, "review_status": "unreviewed"}, "geometry": {"type": "LineString", "coordinates": [[127.02918208385792, 36.2271198284732], [127.02927613408676, 36.226928649397834], [127.02965233500208, 36.22658452706217], [127.02984043545975, 36.22658452706217], [127.02988746057416, 36.22662276287724]]}}, {"type": "Feature", "properties": {"proposal_id": "visible-line-141", "tile_id": "177-nonsan-hydro", "sheet_id": "177-nonsan", "split": "development", "proposal_kind": "visible_linework_review_only", "backend": "grayscale_ridge_v1_skeleton_v1", "pixel_length": 18.485, "point_count": 2, "confidence": 0.6503, "review_status": "unreviewed"}, "geometry": {"type": "LineString", "coordinates": [[127.02927613408676, 36.20899605212834], [127.03002853591741, 36.2087666372379]]}}, {"type": "Feature", "properties": {"proposal_id": "visible-line-142", "tile_id": "177-nonsan-hydro", "sheet_id": "177-nonsan", "split": "development", "proposal_kind": "visible_linework_review_only", "backend": "grayscale_ridge_v1_skeleton_v1", "pixel_length": 19.071, "point_count": 4, "confidence": 0.6429, "review_status": "unreviewed"}, "geometry": {"type": "LineString", "coordinates": [[127.02937018431558, 36.20368127383312], [127.02960530988766, 36.203604802202975], [127.02974638523091, 36.20368127383312], [127.03016961126066, 36.203719509648195]]}}, {"type": "Feature", "properties": {"proposal_id": "visible-line-143", "tile_id": "177-nonsan-hydro", "sheet_id": "177-nonsan", "split": "development", "proposal_kind": "visible_linework_review_only", "backend": "grayscale_ridge_v1_skeleton_v1", "pixel_length": 26.728, "point_count": 5, "confidence": 0.6587, "review_status": "unreviewed"}, "geometry": {"type": "LineString", "coordinates": [[127.02979341034533, 36.232893436549304], [127.03049878706156, 36.232625785843794], [127.03063986240481, 36.232625785843794], [127.03073391263365, 36.23254931421364], [127.03087498797689, 36.23254931421364]]}}, {"type": "Feature", "properties": {"proposal_id": "visible-line-144", "tile_id": "177-nonsan-hydro", "sheet_id": "177-nonsan", "split": "development", "proposal_kind": "visible_linework_review_only", "backend": "grayscale_ridge_v1_skeleton_v1", "pixel_length": 20.899, "point_count": 3, "confidence": 0.728, "review_status": "unreviewed"}, "geometry": {"type": "LineString", "coordinates": [[127.02979341034533, 36.232166956062905], [127.03021663637507, 36.23220519187798], [127.03063986240481, 36.23243460676842]]}}, {"type": "Feature", "properties": {"proposal_id": "visible-line-145", "tile_id": "177-nonsan-hydro", "sheet_id": "177-nonsan", "split": "development", "proposal_kind": "visible_linework_review_only", "backend": "grayscale_ridge_v1_skeleton_v1", "pixel_length": 40.627, "point_count": 35, "confidence": 0.6815, "review_status": "unreviewed"}, "geometry": {"type": "LineString", "coordinates": [[127.029981510803, 36.20719896881989], [127.029981510803, 36.20716073300481], [127.029981510803, 36.20712249718974], [127.029981510803, 36.20708426137467], [127.029981510803, 36.20704602555959], [127.03002853591741, 36.207007789744516], [127.03007556103182, 36.20696955392945], [127.03012258614623, 36.20693131811437], [127.03016961126066, 36.206893082299295], [127.03021663637507, 36.206893082299295], [127.03026366148949, 36.206893082299295], [127.0303106866039, 36.206893082299295], [127.03035771171832, 36.206893082299295], [127.03040473683274, 36.206893082299295], [127.03045176194715, 36.20693131811437], [127.03049878706156, 36.20696955392945], [127.03054581217599, 36.207007789744516], [127.03054581217599, 36.20704602555959], [127.03054581217599, 36.20708426137467], [127.03054581217599, 36.20712249718974], [127.03054581217599, 36.20716073300481], [127.03054581217599, 36.20719896881989], [127.03049878706156, 36.20723720463496], [127.03045176194715, 36.20727544045003], [127.03040473683274, 36.20731367626511], [127.03035771171832, 36.20735191208018], [127.0303106866039, 36.20735191208018], [127.03026366148949, 36.207390147895254], [127.03021663637507, 36.20735191208018], [127.03016961126066, 36.20735191208018], [127.03012258614623, 36.20731367626511], [127.03007556103182, 36.20731367626511], [127.03002853591741, 36.20727544045003], [127.03002853591741, 36.20723720463496], [127.029981510803, 36.20719896881989]]}}, {"type": "Feature", "properties": {"proposal_id": "visible-line-146", "tile_id": "177-nonsan-hydro", "sheet_id": "177-nonsan", "split": "development", "proposal_kind": "visible_linework_review_only", "backend": "grayscale_ridge_v1_skeleton_v1", "pixel_length": 20.243, "point_count": 4, "confidence": 0.671, "review_status": "unreviewed"}, "geometry": {"type": "LineString", "coordinates": [[127.03002853591741, 36.20333715149746], [127.03007556103182, 36.20326067986731], [127.03002853591741, 36.20322244405224], [127.03007556103182, 36.20261067101106]]}}, {"type": "Feature", "properties": {"proposal_id": "visible-line-147", "tile_id": "177-nonsan-hydro", "sheet_id": "177-nonsan", "split": "development", "proposal_kind": "visible_linework_review_only", "backend": "grayscale_ridge_v1_skeleton_v1", "pixel_length": 19.485, "point_count": 4, "confidence": 0.6248, "review_status": "unreviewed"}, "geometry": {"type": "LineString", "coordinates": [[127.03068688751922, 36.22696688521291], [127.03106308843456, 36.226928649397834], [127.0312041637778, 36.22700512102798], [127.03134523912105, 36.22723453591842]]}}, {"type": "Feature", "properties": {"proposal_id": "visible-line-148", "tile_id": "177-nonsan-hydro", "sheet_id": "177-nonsan", "split": "development", "proposal_kind": "visible_linework_review_only", "backend": "grayscale_ridge_v1_skeleton_v1", "pixel_length": 27.556, "point_count": 6, "confidence": 0.6706, "review_status": "unreviewed"}, "geometry": {"type": "LineString", "coordinates": [[127.03073391263365, 36.19641646896915], [127.03101606332014, 36.196798827119885], [127.03101606332014, 36.196951770380174], [127.03111011354898, 36.197028242010326], [127.03111011354898, 36.19714294945555], [127.03125118889223, 36.197295892715836]]}}, {"type": "Feature", "properties": {"proposal_id": "visible-line-149", "tile_id": "177-nonsan-hydro", "sheet_id": "177-nonsan", "split": "development", "proposal_kind": "visible_linework_review_only", "backend": "grayscale_ridge_v1_skeleton_v1", "pixel_length": 40.284, "point_count": 3, "confidence": 0.698, "review_status": "unreviewed"}, "geometry": {"type": "LineString", "coordinates": [[127.03092201309131, 36.20838427908716], [127.03139226423546, 36.2081931000118], [127.03242681675262, 36.207619562785695]]}}, {"type": "Feature", "properties": {"proposal_id": "visible-line-150", "tile_id": "177-nonsan-hydro", "sheet_id": "177-nonsan", "split": "development", "proposal_kind": "visible_linework_review_only", "backend": "grayscale_ridge_v1_skeleton_v1", "pixel_length": 18.314, "point_count": 4, "confidence": 0.6716, "review_status": "unreviewed"}, "geometry": {"type": "LineString", "coordinates": [[127.03092201309131, 36.196187054078706], [127.03096903820573, 36.19637823315407], [127.0312041637778, 36.196569412229444], [127.03129821400664, 36.19676059130481]]}}, {"type": "Feature", "properties": {"proposal_id": "visible-line-151", "tile_id": "177-nonsan-hydro", "sheet_id": "177-nonsan", "split": "development", "proposal_kind": "visible_linework_review_only", "backend": "grayscale_ridge_v1_skeleton_v1", "pixel_length": 33.627, "point_count": 4, "confidence": 0.6849, "review_status": "unreviewed"}, "geometry": {"type": "LineString", "coordinates": [[127.03101606332014, 36.20853722234746], [127.03134523912105, 36.208460750717315], [127.03167441492197, 36.20823133582687], [127.03228574140937, 36.20792544930628]]}}, {"type": "Feature", "properties": {"proposal_id": "visible-line-152", "tile_id": "177-nonsan-hydro", "sheet_id": "177-nonsan", "split": "development", "proposal_kind": "visible_linework_review_only", "backend": "grayscale_ridge_v1_skeleton_v1", "pixel_length": 20.828, "point_count": 3, "confidence": 0.657, "review_status": "unreviewed"}, "geometry": {"type": "LineString", "coordinates": [[127.03111011354898, 36.201884190524666], [127.03115713866339, 36.20115771003827], [127.0312041637778, 36.20111947422319]]}}, {"type": "Feature", "properties": {"proposal_id": "visible-line-153", "tile_id": "177-nonsan-hydro", "sheet_id": "177-nonsan", "split": "development", "proposal_kind": "visible_linework_review_only", "backend": "grayscale_ridge_v1_skeleton_v1", "pixel_length": 24.485, "point_count": 3, "confidence": 0.6839, "review_status": "unreviewed"}, "geometry": {"type": "LineString", "coordinates": [[127.03125118889223, 36.22666099869232], [127.03186251537963, 36.22662276287724], [127.03228574140937, 36.226431583801876]]}}, {"type": "Feature", "properties": {"proposal_id": "visible-line-154", "tile_id": "177-nonsan-hydro", "sheet_id": "177-nonsan", "split": "development", "proposal_kind": "visible_linework_review_only", "backend": "grayscale_ridge_v1_skeleton_v1", "pixel_length": 39.87, "point_count": 5, "confidence": 0.6472, "review_status": "unreviewed"}, "geometry": {"type": "LineString", "coordinates": [[127.03125118889223, 36.19752530760628], [127.03129821400664, 36.19767825086657], [127.03181549026522, 36.198251788092676], [127.03186251537963, 36.19840473135297], [127.03219169118054, 36.19871061787356]]}}, {"type": "Feature", "properties": {"proposal_id": "visible-line-155", "tile_id": "177-nonsan-hydro", "sheet_id": "177-nonsan", "split": "development", "proposal_kind": "visible_linework_review_only", "backend": "grayscale_ridge_v1_skeleton_v1", "pixel_length": 21.657, "point_count": 8, "confidence": 0.6545, "review_status": "unreviewed"}, "geometry": {"type": "LineString", "coordinates": [[127.03129821400664, 36.22371684093166], [127.03129821400664, 36.22348742604122], [127.03134523912105, 36.22344919022614], [127.03134523912105, 36.223296246965845], [127.03129821400664, 36.223258011150776], [127.03134523912105, 36.2232197753357], [127.03134523912105, 36.22299036044526], [127.03129821400664, 36.22295212463018]]}}, {"type": "Feature", "properties": {"proposal_id": "visible-line-156", "tile_id": "177-nonsan-hydro", "sheet_id": "177-nonsan", "split": "development", "proposal_kind": "visible_linework_review_only", "backend": "grayscale_ridge_v1_skeleton_v1", "pixel_length": 20.728, "point_count": 4, "confidence": 0.6131, "review_status": "unreviewed"}, "geometry": {"type": "LineString", "coordinates": [[127.03143928934989, 36.22570510331548], [127.03181549026522, 36.22601098983607], [127.03181549026522, 36.226202168911435], [127.03167441492197, 36.22627864054158]]}}, {"type": "Feature", "properties": {"proposal_id": "visible-line-157", "tile_id": "177-nonsan-hydro", "sheet_id": "177-nonsan", "split": "development", "proposal_kind": "visible_linework_review_only", "backend": "grayscale_ridge_v1_skeleton_v1", "pixel_length": 31.213, "point_count": 8, "confidence": 0.629, "review_status": "unreviewed"}, "geometry": {"type": "LineString", "coordinates": [[127.0314863144643, 36.228572789446], [127.03181549026522, 36.2284198461857], [127.03190954049404, 36.2284198461857], [127.03205061583729, 36.22830513874048], [127.03219169118054, 36.22834337455556], [127.03228574140937, 36.228266902925405], [127.0323797916382, 36.228266902925405], [127.03261491721028, 36.228496317815846]]}}, {"type": "Feature", "properties": {"proposal_id": "visible-line-158", "tile_id": "177-nonsan-hydro", "sheet_id": "177-nonsan", "split": "development", "proposal_kind": "visible_linework_review_only", "backend": "grayscale_ridge_v1_skeleton_v1", "pixel_length": 39.213, "point_count": 7, "confidence": 0.619, "review_status": "unreviewed"}, "geometry": {"type": "LineString", "coordinates": [[127.0314863144643, 36.20670190322393], [127.03162738980755, 36.20643425251841], [127.03167441492197, 36.2061666018129], [127.03181549026522, 36.20593718692246], [127.03219169118054, 36.205669536216945], [127.0323797916382, 36.205669536216945], [127.03242681675262, 36.20570777203202]]}}, {"type": "Feature", "properties": {"proposal_id": "visible-line-159", "tile_id": "177-nonsan-hydro", "sheet_id": "177-nonsan", "split": "development", "proposal_kind": "visible_linework_review_only", "backend": "grayscale_ridge_v1_skeleton_v1", "pixel_length": 20.899, "point_count": 3, "confidence": 0.6689, "review_status": "unreviewed"}, "geometry": {"type": "LineString", "coordinates": [[127.03162738980755, 36.22490215119893], [127.03190954049404, 36.22505509445923], [127.03247384186703, 36.22516980190445]]}}, {"type": "Feature", "properties": {"proposal_id": "visible-line-160", "tile_id": "177-nonsan-hydro", "sheet_id": "177-nonsan", "split": "development", "proposal_kind": "visible_linework_review_only", "backend": "grayscale_ridge_v1_skeleton_v1", "pixel_length": 32.799, "point_count": 5, "confidence": 0.5763, "review_status": "unreviewed"}, "geometry": {"type": "LineString", "coordinates": [[127.03200359072288, 36.203490094757754], [127.03242681675262, 36.203107736607016], [127.03256789209587, 36.202878321716575], [127.03261491721028, 36.20249596356584], [127.0326619423247, 36.20245772775077]]}}, {"type": "Feature", "properties": {"proposal_id": "visible-line-161", "tile_id": "177-nonsan-hydro", "sheet_id": "177-nonsan", "split": "development", "proposal_kind": "visible_linework_review_only", "backend": "grayscale_ridge_v1_skeleton_v1", "pixel_length": 34.385, "point_count": 6, "confidence": 0.6472, "review_status": "unreviewed"}, "geometry": {"type": "LineString", "coordinates": [[127.0320976409517, 36.23186106954232], [127.03214466606612, 36.231937541172464], [127.03242681675262, 36.231899305357395], [127.03303814324002, 36.23163165465188], [127.03313219346886, 36.23163165465188], [127.03341434415535, 36.23147871139158]]}}, {"type": "Feature", "properties": {"proposal_id": "visible-line-162", "tile_id": "177-nonsan-hydro", "sheet_id": "177-nonsan", "split": "development", "proposal_kind": "visible_linework_review_only", "backend": "grayscale_ridge_v1_skeleton_v1", "pixel_length": 21.899, "point_count": 6, "confidence": 0.6484, "review_status": "unreviewed"}, "geometry": {"type": "LineString", "coordinates": [[127.03214466606612, 36.2074666195254], [127.03233276652378, 36.20731367626511], [127.03252086698146, 36.20731367626511], [127.03261491721028, 36.20723720463496], [127.03261491721028, 36.20693131811437], [127.03256789209587, 36.206893082299295]]}}, {"type": "Feature", "properties": {"proposal_id": "visible-line-163", "tile_id": "177-nonsan-hydro", "sheet_id": "177-nonsan", "split": "development", "proposal_kind": "visible_linework_review_only", "backend": "grayscale_ridge_v1_skeleton_v1", "pixel_length": 48.284, "point_count": 2, "confidence": 0.6952, "review_status": "unreviewed"}, "geometry": {"type": "LineString", "coordinates": [[127.03228574140937, 36.232166956062905], [127.03416674598601, 36.23140223976144]]}}, {"type": "Feature", "properties": {"proposal_id": "visible-line-164", "tile_id": "177-nonsan-hydro", "sheet_id": "177-nonsan", "split": "development", "proposal_kind": "visible_linework_review_only", "backend": "grayscale_ridge_v1_skeleton_v1", "pixel_length": 31.142, "point_count": 6, "confidence": 0.5881, "review_status": "unreviewed"}, "geometry": {"type": "LineString", "coordinates": [[127.03280301766794, 36.22696688521291], [127.03285004278236, 36.22700512102798], [127.0329440930112, 36.22750218662394], [127.03303814324002, 36.22765512988423], [127.03322624369768, 36.2278463089596], [127.03341434415535, 36.227884544774675]]}}, {"type": "Feature", "properties": {"proposal_id": "visible-line-165", "tile_id": "177-nonsan-hydro", "sheet_id": "177-nonsan", "split": "development", "proposal_kind": "visible_linework_review_only", "backend": "grayscale_ridge_v1_skeleton_v1", "pixel_length": 20.314, "point_count": 5, "confidence": 0.7179, "review_status": "unreviewed"}, "geometry": {"type": "LineString", "coordinates": [[127.03289706789678, 36.19882532531878], [127.03289706789678, 36.198748853688635], [127.03322624369768, 36.19851943879819], [127.03341434415535, 36.19851943879819], [127.03360244461301, 36.19859591042834]]}}, {"type": "Feature", "properties": {"proposal_id": "visible-line-166", "tile_id": "177-nonsan-hydro", "sheet_id": "177-nonsan", "split": "development", "proposal_kind": "visible_linework_review_only", "backend": "grayscale_ridge_v1_skeleton_v1", "pixel_length": 33.971, "point_count": 7, "confidence": 0.7231, "review_status": "unreviewed"}, "geometry": {"type": "LineString", "coordinates": [[127.03289706789678, 36.19882532531878], [127.03299111812561, 36.19901650439415], [127.03313219346886, 36.19913121183937], [127.03346136926977, 36.19916944765444], [127.03369649484185, 36.198978268579076], [127.03369649484185, 36.19867238205848], [127.03364946972744, 36.198634146243414]]}}, {"type": "Feature", "properties": {"proposal_id": "visible-line-167", "tile_id": "177-nonsan-hydro", "sheet_id": "177-nonsan", "split": "development", "proposal_kind": "visible_linework_review_only", "backend": "grayscale_ridge_v1_skeleton_v1", "pixel_length": 20.657, "point_count": 4, "confidence": 0.6449, "review_status": "unreviewed"}, "geometry": {"type": "LineString", "coordinates": [[127.03313219346886, 36.21675792258827], [127.0335554194986, 36.21679615840335], [127.03388459529951, 36.21668145095813], [127.03402567064276, 36.21668145095813]]}}, {"type": "Feature", "properties": {"proposal_id": "visible-line-168", "tile_id": "177-nonsan-hydro", "sheet_id": "177-nonsan", "split": "development", "proposal_kind": "visible_linework_review_only", "backend": "grayscale_ridge_v1_skeleton_v1", "pixel_length": 22.657, "point_count": 5, "confidence": 0.7283, "review_status": "unreviewed"}, "geometry": {"type": "LineString", "coordinates": [[127.03322624369768, 36.201922426339735], [127.03327326881211, 36.20184595470959], [127.03322624369768, 36.201807718894514], [127.03327326881211, 36.20119594585334], [127.03336731904093, 36.20115771003827]]}}, {"type": "Feature", "properties": {"proposal_id": "visible-line-169", "tile_id": "177-nonsan-hydro", "sheet_id": "177-nonsan", "split": "development", "proposal_kind": "visible_linework_review_only", "backend": "grayscale_ridge_v1_skeleton_v1", "pixel_length": 20.556, "point_count": 3, "confidence": 0.6521, "review_status": "unreviewed"}, "geometry": {"type": "LineString", "coordinates": [[127.03346136926977, 36.20716073300481], [127.03402567064276, 36.206778374854075], [127.03421377110043, 36.206740139039006]]}}, {"type": "Feature", "properties": {"proposal_id": "visible-line-170", "tile_id": "177-nonsan-hydro", "sheet_id": "177-nonsan", "split": "development", "proposal_kind": "visible_linework_review_only", "backend": "grayscale_ridge_v1_skeleton_v1", "pixel_length": 25.899, "point_count": 8, "confidence": 0.6454, "review_status": "unreviewed"}, "geometry": {"type": "LineString", "coordinates": [[127.0335554194986, 36.197028242010326], [127.03364946972744, 36.196951770380174], [127.0338375701851, 36.196913534565105], [127.03393162041392, 36.197028242010326], [127.03393162041392, 36.197181185270615], [127.03397864552835, 36.19721942108569], [127.03421377110043, 36.19721942108569], [127.03426079621484, 36.19737236434599]]}}, {"type": "Feature", "properties": {"proposal_id": "visible-line-171", "tile_id": "177-nonsan-hydro", "sheet_id": "177-nonsan", "split": "development", "proposal_kind": "visible_linework_review_only", "backend": "grayscale_ridge_v1_skeleton_v1", "pixel_length": 34.971, "point_count": 9, "confidence": 0.661, "review_status": "unreviewed"}, "geometry": {"type": "LineString", "coordinates": [[127.03360244461301, 36.2331993230699], [127.03360244461301, 36.233008143994525], [127.03374351995626, 36.232893436549304], [127.03397864552835, 36.232893436549304], [127.03416674598601, 36.2330463798096], [127.03416674598601, 36.23316108725482], [127.03397864552835, 36.233352266330186], [127.03379054507069, 36.233352266330186], [127.03374351995626, 36.23331403051512]]}}, {"type": "Feature", "properties": {"proposal_id": "visible-line-172", "tile_id": "177-nonsan-hydro", "sheet_id": "177-nonsan", "split": "development", "proposal_kind": "visible_linework_review_only", "backend": "grayscale_ridge_v1_skeleton_v1", "pixel_length": 30.971, "point_count": 4, "confidence": 0.6584, "review_status": "unreviewed"}, "geometry": {"type": "LineString", "coordinates": [[127.03360244461301, 36.23132576813129], [127.03364946972744, 36.23136400394636], [127.0338375701851, 36.23132576813129], [127.03482509758783, 36.230943409980554]]}}, {"type": "Feature", "properties": {"proposal_id": "visible-line-173", "tile_id": "177-nonsan-hydro", "sheet_id": "177-nonsan", "split": "development", "proposal_kind": "visible_linework_review_only", "backend": "grayscale_ridge_v1_skeleton_v1", "pixel_length": 20.657, "point_count": 4, "confidence": 0.6398, "review_status": "unreviewed"}, "geometry": {"type": "LineString", "coordinates": [[127.03360244461301, 36.20888134468312], [127.03360244461301, 36.208728401422825], [127.03379054507069, 36.208346043272094], [127.03379054507069, 36.20815486419672]]}}, {"type": "Feature", "properties": {"proposal_id": "visible-line-174", "tile_id": "177-nonsan-hydro", "sheet_id": "177-nonsan", "split": "development", "proposal_kind": "visible_linework_review_only", "backend": "grayscale_ridge_v1_skeleton_v1", "pixel_length": 39.941, "point_count": 5, "confidence": 0.622, "review_status": "unreviewed"}, "geometry": {"type": "LineString", "coordinates": [[127.03421377110043, 36.22471097212357], [127.03449592178691, 36.22455802886327], [127.03506022315992, 36.22409919908239], [127.03510724827433, 36.22398449163717], [127.03543642407524, 36.223640369301506]]}}, {"type": "Feature", "properties": {"proposal_id": "visible-line-175", "tile_id": "177-nonsan-hydro", "sheet_id": "177-nonsan", "split": "development", "proposal_kind": "visible_linework_review_only", "backend": "grayscale_ridge_v1_skeleton_v1", "pixel_length": 23.799, "point_count": 3, "confidence": 0.6663, "review_status": "unreviewed"}, "geometry": {"type": "LineString", "coordinates": [[127.03435484644368, 36.206510724148565], [127.03454294690134, 36.20643425251841], [127.03520129850315, 36.20597542273753]]}}, {"type": "Feature", "properties": {"proposal_id": "visible-line-176", "tile_id": "177-nonsan-hydro", "sheet_id": "177-nonsan", "split": "development", "proposal_kind": "visible_linework_review_only", "backend": "grayscale_ridge_v1_skeleton_v1", "pixel_length": 18.071, "point_count": 5, "confidence": 0.6743, "review_status": "unreviewed"}, "geometry": {"type": "LineString", "coordinates": [[127.03440187155809, 36.21438730205371], [127.03449592178691, 36.21446377368386], [127.0344488966725, 36.21457848112908], [127.03449592178691, 36.214654952759226], [127.0344488966725, 36.21499907509489]]}}, {"type": "Feature", "properties": {"proposal_id": "visible-line-177", "tile_id": "177-nonsan-hydro", "sheet_id": "177-nonsan", "split": "development", "proposal_kind": "visible_linework_review_only", "backend": "grayscale_ridge_v1_skeleton_v1", "pixel_length": 29.971, "point_count": 9, "confidence": 0.6751, "review_status": "unreviewed"}, "geometry": {"type": "LineString", "coordinates": [[127.03477807247342, 36.22069621154085], [127.03482509758783, 36.220734447355916], [127.03491914781667, 36.22065797572577], [127.03491914781667, 36.22054326828055], [127.03482509758783, 36.22042856083533], [127.03506022315992, 36.220237381759965], [127.03501319804549, 36.22004620268459], [127.03491914781667, 36.21996973105445], [127.03477807247342, 36.21996973105445]]}}, {"type": "Feature", "properties": {"proposal_id": "visible-line-178", "tile_id": "177-nonsan-hydro", "sheet_id": "177-nonsan", "split": "development", "proposal_kind": "visible_linework_review_only", "backend": "grayscale_ridge_v1_skeleton_v1", "pixel_length": 32.456, "point_count": 3, "confidence": 0.6772, "review_status": "unreviewed"}, "geometry": {"type": "LineString", "coordinates": [[127.03477807247342, 36.20605189436768], [127.03529534873199, 36.20570777203202], [127.0359537003338, 36.20536364969636]]}}, {"type": "Feature", "properties": {"proposal_id": "visible-line-179", "tile_id": "177-nonsan-hydro", "sheet_id": "177-nonsan", "split": "development", "proposal_kind": "visible_linework_review_only", "backend": "grayscale_ridge_v1_skeleton_v1", "pixel_length": 21.243, "point_count": 5, "confidence": 0.757, "review_status": "unreviewed"}, "geometry": {"type": "LineString", "coordinates": [[127.03482509758783, 36.2002400504765], [127.03487212270224, 36.200201814661426], [127.03487212270224, 36.19955180580518], [127.03482509758783, 36.1995135699901], [127.03487212270224, 36.199475334175034]]}}, {"type": "Feature", "properties": {"proposal_id": "visible-line-180", "tile_id": "177-nonsan-hydro", "sheet_id": "177-nonsan", "split": "development", "proposal_kind": "visible_linework_review_only", "backend": "grayscale_ridge_v1_skeleton_v1", "pixel_length": 21.071, "point_count": 4, "confidence": 0.5527, "review_status": "unreviewed"}, "geometry": {"type": "LineString", "coordinates": [[127.03487212270224, 36.23499640637835], [127.03496617293108, 36.23472875567283], [127.03496617293108, 36.23442286915225], [127.03510724827433, 36.23426992589195]]}}, {"type": "Feature", "properties": {"proposal_id": "visible-line-181", "tile_id": "177-nonsan-hydro", "sheet_id": "177-nonsan", "split": "development", "proposal_kind": "visible_linework_review_only", "backend": "grayscale_ridge_v1_skeleton_v1", "pixel_length": 20.314, "point_count": 5, "confidence": 0.6344, "review_status": "unreviewed"}, "geometry": {"type": "LineString", "coordinates": [[127.03491914781667, 36.23124929650114], [127.03501319804549, 36.23121106068607], [127.03501319804549, 36.23113458905592], [127.03515427338874, 36.2310198816107], [127.0356245245329, 36.23086693835041]]}}, {"type": "Feature", "properties": {"proposal_id": "visible-line-182", "tile_id": "177-nonsan-hydro", "sheet_id": "177-nonsan", "split": "development", "proposal_kind": "visible_linework_review_only", "backend": "grayscale_ridge_v1_skeleton_v1", "pixel_length": 19.142, "point_count": 4, "confidence": 0.7186, "review_status": "unreviewed"}, "geometry": {"type": "LineString", "coordinates": [[127.03515427338874, 36.20303126497687], [127.03510724827433, 36.202993029161796], [127.03553047430407, 36.202648906826134], [127.03576559987614, 36.202648906826134]]}}, {"type": "Feature", "properties": {"proposal_id": "visible-line-183", "tile_id": "177-nonsan-hydro", "sheet_id": "177-nonsan", "split": "development", "proposal_kind": "visible_linework_review_only", "backend": "grayscale_ridge_v1_skeleton_v1", "pixel_length": 19.071, "point_count": 6, "confidence": 0.678, "review_status": "unreviewed"}, "geometry": {"type": "LineString", "coordinates": [[127.03520129850315, 36.22677570613754], [127.03543642407524, 36.22677570613754], [127.03557749941848, 36.22685217776769], [127.0356245245329, 36.227043356843055], [127.03553047430407, 36.2271198284732], [127.03543642407524, 36.2271198284732]]}}, {"type": "Feature", "properties": {"proposal_id": "visible-line-184", "tile_id": "177-nonsan-hydro", "sheet_id": "177-nonsan", "split": "development", "proposal_kind": "visible_linework_review_only", "backend": "grayscale_ridge_v1_skeleton_v1", "pixel_length": 19.971, "point_count": 2, "confidence": 0.6635, "review_status": "unreviewed"}, "geometry": {"type": "LineString", "coordinates": [[127.03524832361758, 36.20540188551143], [127.0359537003338, 36.204943055730546]]}}, {"type": "Feature", "properties": {"proposal_id": "visible-line-185", "tile_id": "177-nonsan-hydro", "sheet_id": "177-nonsan", "split": "development", "proposal_kind": "visible_linework_review_only", "backend": "grayscale_ridge_v1_skeleton_v1", "pixel_length": 24.385, "point_count": 3, "confidence": 0.6547, "review_status": "unreviewed"}, "geometry": {"type": "LineString", "coordinates": [[127.0353423738464, 36.205898951107386], [127.0359066752194, 36.20563130040187], [127.03623585102031, 36.20540188551143]]}}, {"type": "Feature", "properties": {"proposal_id": "visible-line-186", "tile_id": "177-nonsan-hydro", "sheet_id": "177-nonsan", "split": "development", "proposal_kind": "visible_linework_review_only", "backend": "grayscale_ridge_v1_skeleton_v1", "pixel_length": 35.728, "point_count": 10, "confidence": 0.657, "review_status": "unreviewed"}, "geometry": {"type": "LineString", "coordinates": [[127.03557749941848, 36.23270225747394], [127.03557749941848, 36.23258755002872], [127.03567154964732, 36.23251107839857], [127.03609477567706, 36.23254931421364], [127.0361888259059, 36.23270225747394], [127.0361888259059, 36.23281696491916], [127.03609477567706, 36.232893436549304], [127.0359537003338, 36.232893436549304], [127.0359066752194, 36.23277872910408], [127.03576559987614, 36.232740493289015]]}}, {"type": "Feature", "properties": {"proposal_id": "visible-line-187", "tile_id": "177-nonsan-hydro", "sheet_id": "177-nonsan", "split": "development", "proposal_kind": "visible_linework_review_only", "backend": "grayscale_ridge_v1_skeleton_v1", "pixel_length": 18.728, "point_count": 3, "confidence": 0.665, "review_status": "unreviewed"}, "geometry": {"type": "LineString", "coordinates": [[127.03557749941848, 36.22765512988423], [127.0359066752194, 36.22792278058974], [127.03628287613472, 36.227999252219895]]}}, {"type": "Feature", "properties": {"proposal_id": "visible-line-188", "tile_id": "177-nonsan-hydro", "sheet_id": "177-nonsan", "split": "development", "proposal_kind": "visible_linework_review_only", "backend": "grayscale_ridge_v1_skeleton_v1", "pixel_length": 18.414, "point_count": 2, "confidence": 0.7771, "review_status": "unreviewed"}, "geometry": {"type": "LineString", "coordinates": [[127.0356245245329, 36.222187408328715], [127.03567154964732, 36.22149916365739]]}}, {"type": "Feature", "properties": {"proposal_id": "visible-line-189", "tile_id": "177-nonsan-hydro", "sheet_id": "177-nonsan", "split": "development", "proposal_kind": "visible_linework_review_only", "backend": "grayscale_ridge_v1_skeleton_v1", "pixel_length": 19.899, "point_count": 6, "confidence": 0.6625, "review_status": "unreviewed"}, "geometry": {"type": "LineString", "coordinates": [[127.03571857476173, 36.22750218662394], [127.03585965010498, 36.22750218662394], [127.0359537003338, 36.22742571499379], [127.03614180079147, 36.22738747917872], [127.03623585102031, 36.22746395080886], [127.03614180079147, 36.2276933656993]]}}, {"type": "Feature", "properties": {"proposal_id": "visible-line-190", "tile_id": "177-nonsan-hydro", "sheet_id": "177-nonsan", "split": "development", "proposal_kind": "visible_linework_review_only", "backend": "grayscale_ridge_v1_skeleton_v1", "pixel_length": 20.828, "point_count": 4, "confidence": 0.7005, "review_status": "unreviewed"}, "geometry": {"type": "LineString", "coordinates": [[127.03581262499057, 36.22918456248717], [127.03581262499057, 36.228878675966584], [127.03585965010498, 36.22884044015151], [127.03581262499057, 36.2284198461857]]}}, {"type": "Feature", "properties": {"proposal_id": "visible-line-191", "tile_id": "177-nonsan-hydro", "sheet_id": "177-nonsan", "split": "development", "proposal_kind": "visible_linework_review_only", "backend": "grayscale_ridge_v1_skeleton_v1", "pixel_length": 26.899, "point_count": 3, "confidence": 0.6547, "review_status": "unreviewed"}, "geometry": {"type": "LineString", "coordinates": [[127.03585965010498, 36.22650805543202], [127.03651800170681, 36.226316876356655], [127.03698825285096, 36.22624040472651]]}}, {"type": "Feature", "properties": {"proposal_id": "visible-line-192", "tile_id": "177-nonsan-hydro", "sheet_id": "177-nonsan", "split": "development", "proposal_kind": "visible_linework_review_only", "backend": "grayscale_ridge_v1_skeleton_v1", "pixel_length": 24.728, "point_count": 7, "confidence": 0.6494, "review_status": "unreviewed"}, "geometry": {"type": "LineString", "coordinates": [[127.0359066752194, 36.21190197407393], [127.03604775056264, 36.211749030813635], [127.03628287613472, 36.211749030813635], [127.03642395147797, 36.21167255918349], [127.03661205193563, 36.21171079499857], [127.03661205193563, 36.21178726662871], [127.03647097659238, 36.21190197407393]]}}, {"type": "Feature", "properties": {"proposal_id": "visible-line-193", "tile_id": "177-nonsan-hydro", "sheet_id": "177-nonsan", "split": "development", "proposal_kind": "visible_linework_review_only", "backend": "grayscale_ridge_v1_skeleton_v1", "pixel_length": 20.314, "point_count": 5, "confidence": 0.6257, "review_status": "unreviewed"}, "geometry": {"type": "LineString", "coordinates": [[127.03614180079147, 36.209684296799665], [127.03614180079147, 36.209569589354444], [127.03628287613472, 36.20941664609415], [127.03632990124913, 36.20922546701878], [127.03651800170681, 36.20903428794342]]}}, {"type": "Feature", "properties": {"proposal_id": "visible-line-194", "tile_id": "177-nonsan-hydro", "sheet_id": "177-nonsan", "split": "development", "proposal_kind": "visible_linework_review_only", "backend": "grayscale_ridge_v1_skeleton_v1", "pixel_length": 21.728, "point_count": 3, "confidence": 0.5633, "review_status": "unreviewed"}, "geometry": {"type": "LineString", "coordinates": [[127.03628287613472, 36.20521070643606], [127.03642395147797, 36.20528717806621], [127.03712932819421, 36.2050195273607]]}}, {"type": "Feature", "properties": {"proposal_id": "visible-line-195", "tile_id": "177-nonsan-hydro", "sheet_id": "177-nonsan", "split": "development", "proposal_kind": "visible_linework_review_only", "backend": "grayscale_ridge_v1_skeleton_v1", "pixel_length": 30.042, "point_count": 4, "confidence": 0.7168, "review_status": "unreviewed"}, "geometry": {"type": "LineString", "coordinates": [[127.03642395147797, 36.20196066215481], [127.03689420262214, 36.2022665486754], [127.03703527796537, 36.20230478449047], [127.03745850399513, 36.202648906826134]]}}, {"type": "Feature", "properties": {"proposal_id": "visible-line-196", "tile_id": "177-nonsan-hydro", "sheet_id": "177-nonsan", "split": "development", "proposal_kind": "visible_linework_review_only", "backend": "grayscale_ridge_v1_skeleton_v1", "pixel_length": 29.485, "point_count": 3, "confidence": 0.6612, "review_status": "unreviewed"}, "geometry": {"type": "LineString", "coordinates": [[127.03656502682122, 36.230446344384596], [127.03731742865187, 36.23025516530923], [127.03783470491045, 36.230216929494155]]}}, {"type": "Feature", "properties": {"proposal_id": "visible-line-197", "tile_id": "177-nonsan-hydro", "sheet_id": "177-nonsan", "split": "development", "proposal_kind": "visible_linework_review_only", "backend": "grayscale_ridge_v1_skeleton_v1", "pixel_length": 19.657, "point_count": 3, "confidence": 0.6421, "review_status": "unreviewed"}, "geometry": {"type": "LineString", "coordinates": [[127.0368001523933, 36.230178693679086], [127.0370823030798, 36.230063986233866], [127.03764660445279, 36.23002575041879]]}}, {"type": "Feature", "properties": {"proposal_id": "visible-line-198", "tile_id": "177-nonsan-hydro", "sheet_id": "177-nonsan", "split": "development", "proposal_kind": "visible_linework_review_only", "backend": "grayscale_ridge_v1_skeleton_v1", "pixel_length": 19.899, "point_count": 6, "confidence": 0.7453, "review_status": "unreviewed"}, "geometry": {"type": "LineString", "coordinates": [[127.03684717750771, 36.21698733747871], [127.0370823030798, 36.21691086584857], [127.03727040353746, 36.21694910166364], [127.03736445376629, 36.21706380910886], [127.03736445376629, 36.21717851655408], [127.03727040353746, 36.21725498818423]]}}, {"type": "Feature", "properties": {"proposal_id": "visible-line-199", "tile_id": "177-nonsan-hydro", "sheet_id": "177-nonsan", "split": "development", "proposal_kind": "visible_linework_review_only", "backend": "grayscale_ridge_v1_skeleton_v1", "pixel_length": 25.971, "point_count": 7, "confidence": 0.6378, "review_status": "unreviewed"}, "geometry": {"type": "LineString", "coordinates": [[127.03684717750771, 36.19641646896915], [127.03694122773655, 36.196339997339], [127.0370823030798, 36.196339997339], [127.03712932819421, 36.19649294059929], [127.03731742865187, 36.19664588385959], [127.03731742865187, 36.19672235548973], [127.0370823030798, 36.196951770380174]]}}, {"type": "Feature", "properties": {"proposal_id": "visible-line-200", "tile_id": "177-nonsan-hydro", "sheet_id": "177-nonsan", "split": "development", "proposal_kind": "visible_linework_review_only", "backend": "grayscale_ridge_v1_skeleton_v1", "pixel_length": 18.657, "point_count": 3, "confidence": 0.7227, "review_status": "unreviewed"}, "geometry": {"type": "LineString", "coordinates": [[127.03689420262214, 36.23350520959048], [127.03712932819421, 36.23358168122063], [127.0376936295672, 36.23350520959048]]}}, {"type": "Feature", "properties": {"proposal_id": "visible-line-201", "tile_id": "177-nonsan-hydro", "sheet_id": "177-nonsan", "split": "development", "proposal_kind": "visible_linework_review_only", "backend": "grayscale_ridge_v1_skeleton_v1", "pixel_length": 22.071, "point_count": 4, "confidence": 0.6909, "review_status": "unreviewed"}, "geometry": {"type": "LineString", "coordinates": [[127.03689420262214, 36.230943409980554], [127.03727040353746, 36.230828702535334], [127.03764660445279, 36.230828702535334], [127.03783470491045, 36.23090517416548]]}}, {"type": "Feature", "properties": {"proposal_id": "visible-line-202", "tile_id": "177-nonsan-hydro", "sheet_id": "177-nonsan", "split": "development", "proposal_kind": "visible_linework_review_only", "backend": "grayscale_ridge_v1_skeleton_v1", "pixel_length": 22.071, "point_count": 2, "confidence": 0.5755, "review_status": "unreviewed"}, "geometry": {"type": "LineString", "coordinates": [[127.03689420262214, 36.20490481991548], [127.03783470491045, 36.204713640840104]]}}, {"type": "Feature", "properties": {"proposal_id": "visible-line-203", "tile_id": "177-nonsan-hydro", "sheet_id": "177-nonsan", "split": "development", "proposal_kind": "visible_linework_review_only", "backend": "grayscale_ridge_v1_skeleton_v1", "pixel_length": 40.799, "point_count": 10, "confidence": 0.6971, "review_status": "unreviewed"}, "geometry": {"type": "LineString", "coordinates": [[127.03703527796537, 36.223143303705555], [127.0370823030798, 36.22310506789048], [127.03750552910954, 36.223143303705555], [127.0376936295672, 36.22299036044526], [127.03788173002486, 36.2230668320754], [127.03802280536812, 36.2230668320754], [127.03806983048253, 36.2232197753357], [127.0379757802537, 36.22333448278092], [127.03802280536812, 36.223410954411065], [127.03792875513928, 36.22360213348644]]}}, {"type": "Feature", "properties": {"proposal_id": "visible-line-204", "tile_id": "177-nonsan-hydro", "sheet_id": "177-nonsan", "split": "development", "proposal_kind": "visible_linework_review_only", "backend": "grayscale_ridge_v1_skeleton_v1", "pixel_length": 31.142, "point_count": 10, "confidence": 0.7329, "review_status": "unreviewed"}, "geometry": {"type": "LineString", "coordinates": [[127.03722337842304, 36.19725765690077], [127.03731742865187, 36.197181185270615], [127.03750552910954, 36.197181185270615], [127.03759957933836, 36.19710471364047], [127.03783470491045, 36.19710471364047], [127.03802280536812, 36.19721942108569], [127.03816388071137, 36.19721942108569], [127.03825793094019, 36.19714294945555], [127.03844603139785, 36.19714294945555], [127.03849305651227, 36.197181185270615]]}}, {"type": "Feature", "properties": {"proposal_id": "visible-line-205", "tile_id": "177-nonsan-hydro", "sheet_id": "177-nonsan", "split": "development", "proposal_kind": "visible_linework_review_only", "backend": "grayscale_ridge_v1_skeleton_v1", "pixel_length": 19.657, "point_count": 3, "confidence": 0.7261, "review_status": "unreviewed"}, "geometry": {"type": "LineString", "coordinates": [[127.03731742865187, 36.21044901310114], [127.03778767979604, 36.21044901310114], [127.03816388071137, 36.210296069840844]]}}, {"type": "Feature", "properties": {"proposal_id": "visible-line-206", "tile_id": "177-nonsan-hydro", "sheet_id": "177-nonsan", "split": "development", "proposal_kind": "visible_linework_review_only", "backend": "grayscale_ridge_v1_skeleton_v1", "pixel_length": 24.657, "point_count": 6, "confidence": 0.6044, "review_status": "unreviewed"}, "geometry": {"type": "LineString", "coordinates": [[127.03731742865187, 36.2050195273607], [127.03745850399513, 36.204943055730546], [127.03764660445279, 36.204943055730546], [127.0376936295672, 36.20490481991548], [127.0383049560546, 36.20490481991548], [127.03839900628344, 36.204943055730546]]}}, {"type": "Feature", "properties": {"proposal_id": "visible-line-207", "tile_id": "177-nonsan-hydro", "sheet_id": "177-nonsan", "split": "development", "proposal_kind": "visible_linework_review_only", "backend": "grayscale_ridge_v1_skeleton_v1", "pixel_length": 23.657, "point_count": 6, "confidence": 0.676, "review_status": "unreviewed"}, "geometry": {"type": "LineString", "coordinates": [[127.03736445376629, 36.22184328599305], [127.0374114788807, 36.22180505017798], [127.0374114788807, 36.221460927842315], [127.03750552910954, 36.22138445621217], [127.03788173002486, 36.22138445621217], [127.0379757802537, 36.221346220397095]]}}, {"type": "Feature", "properties": {"proposal_id": "visible-line-208", "tile_id": "177-nonsan-hydro", "sheet_id": "177-nonsan", "split": "development", "proposal_kind": "visible_linework_review_only", "backend": "grayscale_ridge_v1_skeleton_v1", "pixel_length": 42.698, "point_count": 4, "confidence": 0.6732, "review_status": "unreviewed"}, "geometry": {"type": "LineString", "coordinates": [[127.03745850399513, 36.19622528989378], [127.03811685559694, 36.19676059130481], [127.03849305651227, 36.196951770380174], [127.03896330765643, 36.19710471364047]]}}, {"type": "Feature", "properties": {"proposal_id": "visible-line-209", "tile_id": "177-nonsan-hydro", "sheet_id": "177-nonsan", "split": "development", "proposal_kind": "visible_linework_review_only", "backend": "grayscale_ridge_v1_skeleton_v1", "pixel_length": 32.556, "point_count": 10, "confidence": 0.6375, "review_status": "unreviewed"}, "geometry": {"type": "LineString", "coordinates": [[127.03750552910954, 36.232625785843794], [127.03750552910954, 36.23251107839857], [127.03759957933836, 36.23243460676842], [127.03774065468161, 36.23239637095335], [127.03783470491045, 36.2324728425835], [127.03783470491045, 36.232625785843794], [127.03778767979604, 36.232740493289015], [127.03759957933836, 36.232893436549304], [127.03759957933836, 36.233122851439745], [127.03755255422395, 36.23316108725482]]}}, {"type": "Feature", "properties": {"proposal_id": "visible-line-210", "tile_id": "177-nonsan-hydro", "sheet_id": "177-nonsan", "split": "development", "proposal_kind": "visible_linework_review_only", "backend": "grayscale_ridge_v1_skeleton_v1", "pixel_length": 19.828, "point_count": 4, "confidence": 0.7431, "review_status": "unreviewed"}, "geometry": {"type": "LineString", "coordinates": [[127.03755255422395, 36.21018136239562], [127.03755255422395, 36.20983724005996], [127.03759957933836, 36.209799004244886], [127.03755255422395, 36.209454881909224]]}}, {"type": "Feature", "properties": {"proposal_id": "visible-line-211", "tile_id": "177-nonsan-hydro", "sheet_id": "177-nonsan", "split": "development", "proposal_kind": "visible_linework_review_only", "backend": "grayscale_ridge_v1_skeleton_v1", "pixel_length": 27.456, "point_count": 2, "confidence": 0.662, "review_status": "unreviewed"}, "geometry": {"type": "LineString", "coordinates": [[127.03759957933836, 36.202763614271355], [127.03844603139785, 36.20352833057282]]}}, {"type": "Feature", "properties": {"proposal_id": "visible-line-212", "tile_id": "177-nonsan-hydro", "sheet_id": "177-nonsan", "split": "development", "proposal_kind": "visible_linework_review_only", "backend": "grayscale_ridge_v1_skeleton_v1", "pixel_length": 20.485, "point_count": 6, "confidence": 0.6345, "review_status": "unreviewed"}, "geometry": {"type": "LineString", "coordinates": [[127.03783470491045, 36.20807839256658], [127.03792875513928, 36.20807839256658], [127.03802280536812, 36.20815486419672], [127.0379757802537, 36.20826957164194], [127.03802280536812, 36.20853722234746], [127.03821090582578, 36.208613693977604]]}}, {"type": "Feature", "properties": {"proposal_id": "visible-line-213", "tile_id": "177-nonsan-hydro", "sheet_id": "177-nonsan", "split": "development", "proposal_kind": "visible_linework_review_only", "backend": "grayscale_ridge_v1_skeleton_v1", "pixel_length": 41.485, "point_count": 9, "confidence": 0.6325, "review_status": "unreviewed"}, "geometry": {"type": "LineString", "coordinates": [[127.0379757802537, 36.230216929494155], [127.03802280536812, 36.23025516530923], [127.03806983048253, 36.230216929494155], [127.03868115696993, 36.230216929494155], [127.03872818208436, 36.23025516530923], [127.03877520719877, 36.230216929494155], [127.03896330765643, 36.230216929494155], [127.03901033277084, 36.23025516530923], [127.03980975971592, 36.230216929494155]]}}, {"type": "Feature", "properties": {"proposal_id": "visible-line-214", "tile_id": "177-nonsan-hydro", "sheet_id": "177-nonsan", "split": "development", "proposal_kind": "visible_linework_review_only", "backend": "grayscale_ridge_v1_skeleton_v1", "pixel_length": 21.657, "point_count": 4, "confidence": 0.6187, "review_status": "unreviewed"}, "geometry": {"type": "LineString", "coordinates": [[127.03806983048253, 36.222187408328715], [127.03821090582578, 36.222072700883494], [127.03821090582578, 36.221460927842315], [127.03816388071137, 36.22142269202725]]}}, {"type": "Feature", "properties": {"proposal_id": "visible-line-215", "tile_id": "177-nonsan-hydro", "sheet_id": "177-nonsan", "split": "development", "proposal_kind": "visible_linework_review_only", "backend": "grayscale_ridge_v1_skeleton_v1", "pixel_length": 24.142, "point_count": 6, "confidence": 0.5638, "review_status": "unreviewed"}, "geometry": {"type": "LineString", "coordinates": [[127.03811685559694, 36.22666099869232], [127.03825793094019, 36.226813941952614], [127.03835198116903, 36.227043356843055], [127.03849305651227, 36.227158064288275], [127.03849305651227, 36.22731100754857], [127.0385871067411, 36.22742571499379]]}}, {"type": "Feature", "properties": {"proposal_id": "visible-line-216", "tile_id": "177-nonsan-hydro", "sheet_id": "177-nonsan", "split": "development", "proposal_kind": "visible_linework_review_only", "backend": "grayscale_ridge_v1_skeleton_v1", "pixel_length": 22.314, "point_count": 4, "confidence": 0.6253, "review_status": "unreviewed"}, "geometry": {"type": "LineString", "coordinates": [[127.03816388071137, 36.204713640840104], [127.03839900628344, 36.204713640840104], [127.03868115696993, 36.204828348285325], [127.03901033277084, 36.205057763175766]]}}, {"type": "Feature", "properties": {"proposal_id": "visible-line-217", "tile_id": "177-nonsan-hydro", "sheet_id": "177-nonsan", "split": "development", "proposal_kind": "visible_linework_review_only", "backend": "grayscale_ridge_v1_skeleton_v1", "pixel_length": 24.314, "point_count": 4, "confidence": 0.6991, "review_status": "unreviewed"}, "geometry": {"type": "LineString", "coordinates": [[127.03821090582578, 36.229222798302246], [127.03844603139785, 36.22895514759673], [127.03844603139785, 36.22861102526107], [127.0383049560546, 36.2284198461857]]}}, {"type": "Feature", "properties": {"proposal_id": "visible-line-218", "tile_id": "177-nonsan-hydro", "sheet_id": "177-nonsan", "split": "development", "proposal_kind": "visible_linework_review_only", "backend": "grayscale_ridge_v1_skeleton_v1", "pixel_length": 39.113, "point_count": 3, "confidence": 0.6636, "review_status": "unreviewed"}, "geometry": {"type": "LineString", "coordinates": [[127.0383049560546, 36.220275617575034], [127.03924545834293, 36.219625608718786], [127.03971570948708, 36.21943442964342]]}}, {"type": "Feature", "properties": {"proposal_id": "visible-line-219", "tile_id": "177-nonsan-hydro", "sheet_id": "177-nonsan", "split": "development", "proposal_kind": "visible_linework_review_only", "backend": "grayscale_ridge_v1_skeleton_v1", "pixel_length": 25.828, "point_count": 4, "confidence": 0.6415, "review_status": "unreviewed"}, "geometry": {"type": "LineString", "coordinates": [[127.03844603139785, 36.23002575041879], [127.03901033277084, 36.23002575041879], [127.03905735788527, 36.230063986233866], [127.03962165925826, 36.23002575041879]]}}, {"type": "Feature", "properties": {"proposal_id": "visible-line-220", "tile_id": "177-nonsan-hydro", "sheet_id": "177-nonsan", "split": "development", "proposal_kind": "visible_linework_review_only", "backend": "grayscale_ridge_v1_skeleton_v1", "pixel_length": 38.113, "point_count": 4, "confidence": 0.6129, "review_status": "unreviewed"}, "geometry": {"type": "LineString", "coordinates": [[127.03863413185552, 36.205057763175766], [127.03882223231318, 36.20513423480592], [127.03910438299968, 36.20536364969636], [127.03980975971592, 36.20605189436768]]}}, {"type": "Feature", "properties": {"proposal_id": "visible-line-221", "tile_id": "177-nonsan-hydro", "sheet_id": "177-nonsan", "split": "development", "proposal_kind": "visible_linework_review_only", "backend": "grayscale_ridge_v1_skeleton_v1", "pixel_length": 20.657, "point_count": 3, "confidence": 0.6912, "review_status": "unreviewed"}, "geometry": {"type": "LineString", "coordinates": [[127.03901033277084, 36.227158064288275], [127.03957463414383, 36.227272771733496], [127.03990380994475, 36.22723453591842]]}}, {"type": "Feature", "properties": {"proposal_id": "visible-line-222", "tile_id": "177-nonsan-hydro", "sheet_id": "177-nonsan", "split": "development", "proposal_kind": "visible_linework_review_only", "backend": "grayscale_ridge_v1_skeleton_v1", "pixel_length": 18.314, "point_count": 3, "confidence": 0.5767, "review_status": "unreviewed"}, "geometry": {"type": "LineString", "coordinates": [[127.03901033277084, 36.21389023645776], [127.0391984332285, 36.21408141553312], [127.03938653368617, 36.21446377368386]]}}, {"type": "Feature", "properties": {"proposal_id": "visible-line-223", "tile_id": "177-nonsan-hydro", "sheet_id": "177-nonsan", "split": "development", "proposal_kind": "visible_linework_review_only", "backend": "grayscale_ridge_v1_skeleton_v1", "pixel_length": 22.071, "point_count": 6, "confidence": 0.5526, "review_status": "unreviewed"}, "geometry": {"type": "LineString", "coordinates": [[127.03905735788527, 36.233084615624676], [127.03948058391501, 36.2330463798096], [127.03957463414383, 36.2331993230699], [127.03957463414383, 36.233352266330186], [127.03952760902942, 36.23339050214526], [127.03957463414383, 36.23346697377541]]}}, {"type": "Feature", "properties": {"proposal_id": "visible-line-224", "tile_id": "177-nonsan-hydro", "sheet_id": "177-nonsan", "split": "development", "proposal_kind": "visible_linework_review_only", "backend": "grayscale_ridge_v1_skeleton_v1", "pixel_length": 24.142, "point_count": 6, "confidence": 0.6937, "review_status": "unreviewed"}, "geometry": {"type": "LineString", "coordinates": [[127.0391514081141, 36.211366672662905], [127.03924545834293, 36.21129020103275], [127.03924545834293, 36.21121372940261], [127.03952760902942, 36.21098431451217], [127.03980975971592, 36.21090784288202], [127.03999786017359, 36.21090784288202]]}}, {"type": "Feature", "properties": {"proposal_id": "visible-line-225", "tile_id": "177-nonsan-hydro", "sheet_id": "177-nonsan", "split": "development", "proposal_kind": "visible_linework_review_only", "backend": "grayscale_ridge_v1_skeleton_v1", "pixel_length": 22.071, "point_count": 4, "confidence": 0.7089, "review_status": "unreviewed"}, "geometry": {"type": "LineString", "coordinates": [[127.03924545834293, 36.2232197753357], [127.03957463414383, 36.223143303705555], [127.03985678483033, 36.223143303705555], [127.04018596063125, 36.223258011150776]]}}, {"type": "Feature", "properties": {"proposal_id": "visible-line-226", "tile_id": "177-nonsan-hydro", "sheet_id": "177-nonsan", "split": "development", "proposal_kind": "visible_linework_review_only", "backend": "grayscale_ridge_v1_skeleton_v1", "pixel_length": 23.971, "point_count": 3, "confidence": 0.6696, "review_status": "unreviewed"}, "geometry": {"type": "LineString", "coordinates": [[127.03957463414383, 36.22868749689122], [127.03999786017359, 36.22903161922688], [127.04018596063125, 36.22937574156254]]}}, {"type": "Feature", "properties": {"proposal_id": "visible-line-227", "tile_id": "177-nonsan-hydro", "sheet_id": "177-nonsan", "split": "development", "proposal_kind": "visible_linework_review_only", "backend": "grayscale_ridge_v1_skeleton_v1", "pixel_length": 18.899, "point_count": 5, "confidence": 0.7163, "review_status": "unreviewed"}, "geometry": {"type": "LineString", "coordinates": [[127.03980975971592, 36.233237558884966], [127.03995083505916, 36.233084615624676], [127.04018596063125, 36.2330463798096], [127.04032703597449, 36.2331993230699], [127.04032703597449, 36.23331403051512]]}}, {"type": "Feature", "properties": {"proposal_id": "visible-line-228", "tile_id": "177-nonsan-hydro", "sheet_id": "177-nonsan", "split": "development", "proposal_kind": "visible_linework_review_only", "backend": "grayscale_ridge_v1_skeleton_v1", "pixel_length": 23.485, "point_count": 6, "confidence": 0.6112, "review_status": "unreviewed"}, "geometry": {"type": "LineString", "coordinates": [[127.03990380994475, 36.23002575041879], [127.03995083505916, 36.229987514603714], [127.04037406108891, 36.229949278788645], [127.0406562117754, 36.229834571343424], [127.04070323688983, 36.22979633552835], [127.04070323688983, 36.22964339226805]]}}, {"type": "Feature", "properties": {"proposal_id": "visible-line-229", "tile_id": "177-nonsan-hydro", "sheet_id": "177-nonsan", "split": "development", "proposal_kind": "visible_linework_review_only", "backend": "grayscale_ridge_v1_skeleton_v1", "pixel_length": 26.314, "point_count": 6, "confidence": 0.6407, "review_status": "unreviewed"}, "geometry": {"type": "LineString", "coordinates": [[127.03995083505916, 36.2028400859015], [127.04018596063125, 36.202993029161796], [127.04013893551682, 36.20306950079194], [127.04018596063125, 36.20322244405224], [127.04013893551682, 36.20364303801804], [127.04018596063125, 36.20368127383312]]}}, {"type": "Feature", "properties": {"proposal_id": "visible-line-230", "tile_id": "177-nonsan-hydro", "sheet_id": "177-nonsan", "split": "development", "proposal_kind": "visible_linework_review_only", "backend": "grayscale_ridge_v1_skeleton_v1", "pixel_length": 19.728, "point_count": 3, "confidence": 0.576, "review_status": "unreviewed"}, "geometry": {"type": "LineString", "coordinates": [[127.04023298574566, 36.22861102526107], [127.04046811131774, 36.22880220433644], [127.04070323688983, 36.22918456248717]]}}, {"type": "Feature", "properties": {"proposal_id": "visible-line-231", "tile_id": "177-nonsan-hydro", "sheet_id": "177-nonsan", "split": "development", "proposal_kind": "visible_linework_review_only", "backend": "grayscale_ridge_v1_skeleton_v1", "pixel_length": 50.527, "point_count": 7, "confidence": 0.6562, "review_status": "unreviewed"}, "geometry": {"type": "LineString", "coordinates": [[127.04032703597449, 36.21813441193092], [127.04060918666099, 36.2178667612254], [127.0409383624619, 36.21767558215004], [127.04140861360605, 36.217560874704816], [127.04178481452139, 36.21736969562945], [127.04206696520788, 36.217331459814375], [127.04220804055113, 36.217216752369154]]}}, {"type": "Feature", "properties": {"proposal_id": "visible-line-232", "tile_id": "177-nonsan-hydro", "sheet_id": "177-nonsan", "split": "development", "proposal_kind": "visible_linework_review_only", "backend": "grayscale_ridge_v1_skeleton_v1", "pixel_length": 25.314, "point_count": 8, "confidence": 0.5799, "review_status": "unreviewed"}, "geometry": {"type": "LineString", "coordinates": [[127.04037406108891, 36.20272537845628], [127.04046811131774, 36.2028400859015], [127.04046811131774, 36.20303126497687], [127.04056216154657, 36.203107736607016], [127.0406562117754, 36.203107736607016], [127.04075026200424, 36.20303126497687], [127.04075026200424, 36.2028400859015], [127.0406562117754, 36.20272537845628]]}}, {"type": "Feature", "properties": {"proposal_id": "visible-line-233", "tile_id": "177-nonsan-hydro", "sheet_id": "177-nonsan", "split": "development", "proposal_kind": "visible_linework_review_only", "backend": "grayscale_ridge_v1_skeleton_v1", "pixel_length": 21.314, "point_count": 3, "confidence": 0.7193, "review_status": "unreviewed"}, "geometry": {"type": "LineString", "coordinates": [[127.0406562117754, 36.22845808200078], [127.04103241269073, 36.22876396852136], [127.04145563872048, 36.22872573270629]]}}, {"type": "Feature", "properties": {"proposal_id": "visible-line-234", "tile_id": "177-nonsan-hydro", "sheet_id": "177-nonsan", "split": "development", "proposal_kind": "visible_linework_review_only", "backend": "grayscale_ridge_v1_skeleton_v1", "pixel_length": 18.314, "point_count": 3, "confidence": 0.6615, "review_status": "unreviewed"}, "geometry": {"type": "LineString", "coordinates": [[127.04075026200424, 36.22723453591842], [127.04098538757631, 36.22746395080886], [127.04112646291956, 36.22780807314452]]}}, {"type": "Feature", "properties": {"proposal_id": "visible-line-235", "tile_id": "177-nonsan-hydro", "sheet_id": "177-nonsan", "split": "development", "proposal_kind": "visible_linework_review_only", "backend": "grayscale_ridge_v1_skeleton_v1", "pixel_length": 18.142, "point_count": 3, "confidence": 0.6112, "review_status": "unreviewed"}, "geometry": {"type": "LineString", "coordinates": [[127.04089133734749, 36.206510724148565], [127.04122051314839, 36.20681661066915], [127.04150266383489, 36.20693131811437]]}}, {"type": "Feature", "properties": {"proposal_id": "visible-line-236", "tile_id": "177-nonsan-hydro", "sheet_id": "177-nonsan", "split": "development", "proposal_kind": "visible_linework_review_only", "backend": "grayscale_ridge_v1_skeleton_v1", "pixel_length": 33.314, "point_count": 5, "confidence": 0.6366, "review_status": "unreviewed"}, "geometry": {"type": "LineString", "coordinates": [[127.04103241269073, 36.19752530760628], [127.04117348803398, 36.19760177923643], [127.04131456337723, 36.19760177923643], [127.04169076429255, 36.19771648668165], [127.0424431661232, 36.19767825086657]]}}, {"type": "Feature", "properties": {"proposal_id": "visible-line-237", "tile_id": "177-nonsan-hydro", "sheet_id": "177-nonsan", "split": "development", "proposal_kind": "visible_linework_review_only", "backend": "grayscale_ridge_v1_skeleton_v1", "pixel_length": 27.485, "point_count": 5, "confidence": 0.6652, "review_status": "unreviewed"}, "geometry": {"type": "LineString", "coordinates": [[127.04112646291956, 36.207007789744516], [127.04145563872048, 36.20716073300481], [127.04178481452139, 36.20716073300481], [127.0418318396358, 36.20719896881989], [127.04230209077996, 36.20716073300481]]}}, {"type": "Feature", "properties": {"proposal_id": "visible-line-238", "tile_id": "177-nonsan-hydro", "sheet_id": "177-nonsan", "split": "development", "proposal_kind": "visible_linework_review_only", "backend": "grayscale_ridge_v1_skeleton_v1", "pixel_length": 20.728, "point_count": 4, "confidence": 0.6841, "review_status": "unreviewed"}, "geometry": {"type": "LineString", "coordinates": [[127.04122051314839, 36.20830780745702], [127.04136158849164, 36.20830780745702], [127.04164373917814, 36.20849898653238], [127.04201994009347, 36.20865192979268]]}}, {"type": "Feature", "properties": {"proposal_id": "visible-line-239", "tile_id": "177-nonsan-hydro", "sheet_id": "177-nonsan", "split": "development", "proposal_kind": "visible_linework_review_only", "backend": "grayscale_ridge_v1_skeleton_v1", "pixel_length": 23.485, "point_count": 6, "confidence": 0.6248, "review_status": "unreviewed"}, "geometry": {"type": "LineString", "coordinates": [[127.04131456337723, 36.19901650439415], [127.04145563872048, 36.198978268579076], [127.04173778940697, 36.19905474020922], [127.04178481452139, 36.19936062672981], [127.04169076429255, 36.19943709835996], [127.04159671406372, 36.19943709835996]]}}, {"type": "Feature", "properties": {"proposal_id": "visible-line-240", "tile_id": "177-nonsan-hydro", "sheet_id": "177-nonsan", "split": "development", "proposal_kind": "visible_linework_review_only", "backend": "grayscale_ridge_v1_skeleton_v1", "pixel_length": 19.243, "point_count": 4, "confidence": 0.5835, "review_status": "unreviewed"}, "geometry": {"type": "LineString", "coordinates": [[127.04136158849164, 36.21457848112908], [127.04178481452139, 36.21457848112908], [127.04197291497906, 36.214654952759226], [127.04220804055113, 36.21461671694415]]}}, {"type": "Feature", "properties": {"proposal_id": "visible-line-241", "tile_id": "177-nonsan-hydro", "sheet_id": "177-nonsan", "split": "development", "proposal_kind": "visible_linework_review_only", "backend": "grayscale_ridge_v1_skeleton_v1", "pixel_length": 40.941, "point_count": 5, "confidence": 0.7169, "review_status": "unreviewed"}, "geometry": {"type": "LineString", "coordinates": [[127.04150266383489, 36.22929926993239], [127.04192588986463, 36.22891691178166], [127.04197291497906, 36.22880220433644], [127.04234911589438, 36.22845808200078], [127.04263126658087, 36.228113959665116]]}}, {"type": "Feature", "properties": {"proposal_id": "visible-line-242", "tile_id": "177-nonsan-hydro", "sheet_id": "177-nonsan", "split": "development", "proposal_kind": "visible_linework_review_only", "backend": "grayscale_ridge_v1_skeleton_v1", "pixel_length": 28.556, "point_count": 5, "confidence": 0.6411, "review_status": "unreviewed"}, "geometry": {"type": "LineString", "coordinates": [[127.04216101543672, 36.208728401422825], [127.0424431661232, 36.208690165607756], [127.04296044238178, 36.20899605212834], [127.04314854283945, 36.209072523758486], [127.0432896181827, 36.209072523758486]]}}, {"type": "Feature", "properties": {"proposal_id": "visible-line-243", "tile_id": "177-nonsan-hydro", "sheet_id": "177-nonsan", "split": "development", "proposal_kind": "visible_linework_review_only", "backend": "grayscale_ridge_v1_skeleton_v1", "pixel_length": 26.485, "point_count": 4, "confidence": 0.6723, "review_status": "unreviewed"}, "geometry": {"type": "LineString", "coordinates": [[127.04230209077996, 36.23392580355629], [127.04249019123762, 36.233734624480924], [127.04249019123762, 36.233084615624676], [127.0423961410088, 36.233008143994525]]}}, {"type": "Feature", "properties": {"proposal_id": "visible-line-244", "tile_id": "177-nonsan-hydro", "sheet_id": "177-nonsan", "split": "development", "proposal_kind": "visible_linework_review_only", "backend": "grayscale_ridge_v1_skeleton_v1", "pixel_length": 47.071, "point_count": 8, "confidence": 0.6366, "review_status": "unreviewed"}, "geometry": {"type": "LineString", "coordinates": [[127.04230209077996, 36.20735191208018], [127.0423961410088, 36.20731367626511], [127.04277234192412, 36.20731367626511], [127.04281936703853, 36.20727544045003], [127.04305449261062, 36.20731367626511], [127.04310151772503, 36.20727544045003], [127.04432417069984, 36.20727544045003], [127.04441822092868, 36.20723720463496]]}}, {"type": "Feature", "properties": {"proposal_id": "visible-line-245", "tile_id": "177-nonsan-hydro", "sheet_id": "177-nonsan", "split": "development", "proposal_kind": "visible_linework_review_only", "backend": "grayscale_ridge_v1_skeleton_v1", "pixel_length": 46.87, "point_count": 5, "confidence": 0.6444, "review_status": "unreviewed"}, "geometry": {"type": "LineString", "coordinates": [[127.0424431661232, 36.21714028073901], [127.04338366841152, 36.21675792258827], [127.04347771864036, 36.21668145095813], [127.04361879398361, 36.21668145095813], [127.04427714558543, 36.21641380025261]]}}, {"type": "Feature", "properties": {"proposal_id": "visible-line-246", "tile_id": "177-nonsan-hydro", "sheet_id": "177-nonsan", "split": "development", "proposal_kind": "visible_linework_review_only", "backend": "grayscale_ridge_v1_skeleton_v1", "pixel_length": 19.971, "point_count": 2, "confidence": 0.7093, "review_status": "unreviewed"}, "geometry": {"type": "LineString", "coordinates": [[127.04272531680971, 36.22861102526107], [127.0432896181827, 36.228037488034964]]}}, {"type": "Feature", "properties": {"proposal_id": "visible-line-247", "tile_id": "177-nonsan-hydro", "sheet_id": "177-nonsan", "split": "development", "proposal_kind": "visible_linework_review_only", "backend": "grayscale_ridge_v1_skeleton_v1", "pixel_length": 18.485, "point_count": 3, "confidence": 0.6067, "review_status": "unreviewed"}, "geometry": {"type": "LineString", "coordinates": [[127.04277234192412, 36.230063986233866], [127.0430074674962, 36.230216929494155], [127.04352474375477, 36.23014045786401]]}}, {"type": "Feature", "properties": {"proposal_id": "visible-line-248", "tile_id": "177-nonsan-hydro", "sheet_id": "177-nonsan", "split": "development", "proposal_kind": "visible_linework_review_only", "backend": "grayscale_ridge_v1_skeleton_v1", "pixel_length": 45.012, "point_count": 3, "confidence": 0.6878, "review_status": "unreviewed"}, "geometry": {"type": "LineString", "coordinates": [[127.04281936703853, 36.22792278058974], [127.04314854283945, 36.22757865825408], [127.04427714558543, 36.22673747032246]]}}, {"type": "Feature", "properties": {"proposal_id": "visible-line-249", "tile_id": "177-nonsan-hydro", "sheet_id": "177-nonsan", "split": "development", "proposal_kind": "visible_linework_review_only", "backend": "grayscale_ridge_v1_skeleton_v1", "pixel_length": 35.527, "point_count": 3, "confidence": 0.6774, "review_status": "unreviewed"}, "geometry": {"type": "LineString", "coordinates": [[127.04291341726737, 36.228113959665116], [127.0432896181827, 36.22773160151438], [127.04404202001335, 36.227158064288275]]}}, {"type": "Feature", "properties": {"proposal_id": "visible-line-250", "tile_id": "177-nonsan-hydro", "sheet_id": "177-nonsan", "split": "development", "proposal_kind": "visible_linework_review_only", "backend": "grayscale_ridge_v1_skeleton_v1", "pixel_length": 31.828, "point_count": 5, "confidence": 0.676, "review_status": "unreviewed"}, "geometry": {"type": "LineString", "coordinates": [[127.04305449261062, 36.20712249718974], [127.04319556795386, 36.20708426137467], [127.04427714558543, 36.20708426137467], [127.04432417069984, 36.20704602555959], [127.04451227115752, 36.20704602555959]]}}, {"type": "Feature", "properties": {"proposal_id": "visible-line-251", "tile_id": "177-nonsan-hydro", "sheet_id": "177-nonsan", "split": "development", "proposal_kind": "visible_linework_review_only", "backend": "grayscale_ridge_v1_skeleton_v1", "pixel_length": 33.728, "point_count": 7, "confidence": 0.6228, "review_status": "unreviewed"}, "geometry": {"type": "LineString", "coordinates": [[127.04305449261062, 36.20532541388128], [127.04314854283945, 36.20524894225114], [127.04324259306829, 36.20524894225114], [127.04347771864036, 36.20551659295665], [127.04347771864036, 36.20605189436768], [127.04352474375477, 36.2061666018129], [127.04343069352595, 36.20620483762797]]}}, {"type": "Feature", "properties": {"proposal_id": "visible-line-252", "tile_id": "177-nonsan-hydro", "sheet_id": "177-nonsan", "split": "development", "proposal_kind": "visible_linework_review_only", "backend": "grayscale_ridge_v1_skeleton_v1", "pixel_length": 42.355, "point_count": 4, "confidence": 0.6434, "review_status": "unreviewed"}, "geometry": {"type": "LineString", "coordinates": [[127.04366581909802, 36.19783119412687], [127.04380689444127, 36.19786942994194], [127.04488847207284, 36.1987870895037], [127.0450765725305, 36.198863561133855]]}}, {"type": "Feature", "properties": {"proposal_id": "visible-line-253", "tile_id": "177-nonsan-hydro", "sheet_id": "177-nonsan", "split": "development", "proposal_kind": "visible_linework_review_only", "backend": "grayscale_ridge_v1_skeleton_v1", "pixel_length": 20.971, "point_count": 2, "confidence": 0.8191, "review_status": "unreviewed"}, "geometry": {"type": "LineString", "coordinates": [[127.04385391955569, 36.22757865825408], [127.04460632138634, 36.2271198284732]]}}, {"type": "Feature", "properties": {"proposal_id": "visible-line-254", "tile_id": "177-nonsan-hydro", "sheet_id": "177-nonsan", "split": "development", "proposal_kind": "visible_linework_review_only", "backend": "grayscale_ridge_v1_skeleton_v1", "pixel_length": 20.899, "point_count": 5, "confidence": 0.6058, "review_status": "unreviewed"}, "geometry": {"type": "LineString", "coordinates": [[127.04399499489894, 36.20865192979268], [127.04399499489894, 36.20853722234746], [127.04413607024217, 36.20838427908716], [127.04446524604309, 36.20823133582687], [127.04465334650075, 36.20823133582687]]}}, {"type": "Feature", "properties": {"proposal_id": "visible-line-255", "tile_id": "177-nonsan-hydro", "sheet_id": "177-nonsan", "split": "development", "proposal_kind": "visible_linework_review_only", "backend": "grayscale_ridge_v1_skeleton_v1", "pixel_length": 20.828, "point_count": 5, "confidence": 0.7132, "review_status": "unreviewed"}, "geometry": {"type": "LineString", "coordinates": [[127.04427714558543, 36.23381109611107], [127.04427714558543, 36.23350520959048], [127.04432417069984, 36.23346697377541], [127.04432417069984, 36.233084615624676], [127.04427714558543, 36.2330463798096]]}}, {"type": "Feature", "properties": {"proposal_id": "visible-line-256", "tile_id": "177-nonsan-hydro", "sheet_id": "177-nonsan", "split": "development", "proposal_kind": "visible_linework_review_only", "backend": "grayscale_ridge_v1_skeleton_v1", "pixel_length": 103.397, "point_count": 12, "confidence": 0.6668, "review_status": "unreviewed"}, "geometry": {"type": "LineString", "coordinates": [[127.04451227115752, 36.22658452706217], [127.04488847207284, 36.22616393309636], [127.04502954741608, 36.22593451820592], [127.0450765725305, 36.22574333913055], [127.04535872321699, 36.225322745164746], [127.04535872321699, 36.225208037719526], [127.0456408739035, 36.22494038701401], [127.0456408739035, 36.224863915383864], [127.04606409993323, 36.22440508560298], [127.04606409993323, 36.22432861397283], [127.04672245153506, 36.22406096326732], [127.04733377802246, 36.22398449163717]]}}, {"type": "Feature", "properties": {"proposal_id": "visible-line-257", "tile_id": "177-nonsan-hydro", "sheet_id": "177-nonsan", "split": "development", "proposal_kind": "visible_linework_review_only", "backend": "grayscale_ridge_v1_skeleton_v1", "pixel_length": 52.184, "point_count": 7, "confidence": 0.6834, "review_status": "unreviewed"}, "geometry": {"type": "LineString", "coordinates": [[127.04474739672959, 36.23392580355629], [127.04531169810258, 36.23442286915225], [127.0456408739035, 36.234575812412544], [127.04573492413232, 36.234690519857764], [127.04606409993323, 36.234843463118054], [127.04629922550531, 36.23488169893313], [127.04658137619181, 36.235034642193426]]}}, {"type": "Feature", "properties": {"proposal_id": "visible-line-258", "tile_id": "177-nonsan-hydro", "sheet_id": "177-nonsan", "split": "development", "proposal_kind": "visible_linework_review_only", "backend": "grayscale_ridge_v1_skeleton_v1", "pixel_length": 41.527, "point_count": 7, "confidence": 0.6719, "review_status": "unreviewed"}, "geometry": {"type": "LineString", "coordinates": [[127.04484144695842, 36.22237858740408], [127.044794421844, 36.22234035158901], [127.04488847207284, 36.22226387995886], [127.04488847207284, 36.222187408328715], [127.0450765725305, 36.222072700883494], [127.04592302458998, 36.22268447392467], [127.04611112504764, 36.22276094555482]]}}, {"type": "Feature", "properties": {"proposal_id": "visible-line-259", "tile_id": "177-nonsan-hydro", "sheet_id": "177-nonsan", "split": "development", "proposal_kind": "visible_linework_review_only", "backend": "grayscale_ridge_v1_skeleton_v1", "pixel_length": 20.071, "point_count": 5, "confidence": 0.7028, "review_status": "unreviewed"}, "geometry": {"type": "LineString", "coordinates": [[127.044794421844, 36.202763614271355], [127.04531169810258, 36.20268714264121], [127.04535872321699, 36.20272537845628], [127.04554682367466, 36.20272537845628], [127.0456408739035, 36.20280185008643]]}}, {"type": "Feature", "properties": {"proposal_id": "visible-line-260", "tile_id": "177-nonsan-hydro", "sheet_id": "177-nonsan", "split": "development", "proposal_kind": "visible_linework_review_only", "backend": "grayscale_ridge_v1_skeleton_v1", "pixel_length": 73.669, "point_count": 6, "confidence": 0.6981, "review_status": "unreviewed"}, "geometry": {"type": "LineString", "coordinates": [[127.04512359764492, 36.226202168911435], [127.0454057483314, 36.22562863168533], [127.04597004970441, 36.22478744375371], [127.04658137619181, 36.22432861397283], [127.04691055199272, 36.22421390652761], [127.04705162733596, 36.22421390652761]]}}, {"type": "Feature", "properties": {"proposal_id": "visible-line-261", "tile_id": "177-nonsan-hydro", "sheet_id": "177-nonsan", "split": "development", "proposal_kind": "visible_linework_review_only", "backend": "grayscale_ridge_v1_skeleton_v1", "pixel_length": 21.828, "point_count": 4, "confidence": 0.6205, "review_status": "unreviewed"}, "geometry": {"type": "LineString", "coordinates": [[127.04512359764492, 36.20379598127834], [127.04517062275933, 36.203757745463264], [127.04517062275933, 36.20306950079194], [127.04526467298817, 36.20303126497687]]}}, {"type": "Feature", "properties": {"proposal_id": "visible-line-262", "tile_id": "177-nonsan-hydro", "sheet_id": "177-nonsan", "split": "development", "proposal_kind": "visible_linework_review_only", "backend": "grayscale_ridge_v1_skeleton_v1", "pixel_length": 18.071, "point_count": 5, "confidence": 0.6867, "review_status": "unreviewed"}, "geometry": {"type": "LineString", "coordinates": [[127.04517062275933, 36.20865192979268], [127.04517062275933, 36.20842251490224], [127.04526467298817, 36.208346043272094], [127.04554682367466, 36.20830780745702], [127.0456408739035, 36.20838427908716]]}}, {"type": "Feature", "properties": {"proposal_id": "visible-line-263", "tile_id": "177-nonsan-hydro", "sheet_id": "177-nonsan", "split": "development", "proposal_kind": "visible_linework_review_only", "backend": "grayscale_ridge_v1_skeleton_v1", "pixel_length": 22.485, "point_count": 6, "confidence": 0.608, "review_status": "unreviewed"}, "geometry": {"type": "LineString", "coordinates": [[127.04573492413232, 36.233772860296], [127.04587599947557, 36.23358168122063], [127.04587599947557, 36.23331403051512], [127.04582897436116, 36.23327579470004], [127.04582897436116, 36.233122851439745], [127.04573492413232, 36.233008143994525]]}}, {"type": "Feature", "properties": {"proposal_id": "visible-line-264", "tile_id": "177-nonsan-hydro", "sheet_id": "177-nonsan", "split": "development", "proposal_kind": "visible_linework_review_only", "backend": "grayscale_ridge_v1_skeleton_v1", "pixel_length": 18.142, "point_count": 2, "confidence": 0.7893, "review_status": "unreviewed"}, "geometry": {"type": "LineString", "coordinates": [[127.04587599947557, 36.225322745164746], [127.04634625061973, 36.22478744375371]]}}, {"type": "Feature", "properties": {"proposal_id": "visible-line-265", "tile_id": "177-nonsan-hydro", "sheet_id": "177-nonsan", "split": "development", "proposal_kind": "visible_linework_review_only", "backend": "grayscale_ridge_v1_skeleton_v1", "pixel_length": 21.657, "point_count": 7, "confidence": 0.6571, "review_status": "unreviewed"}, "geometry": {"type": "LineString", "coordinates": [[127.04615815016207, 36.20173124726437], [127.04620517527648, 36.20161653981915], [127.04620517527648, 36.20146359655885], [127.04615815016207, 36.201425360743784], [127.04620517527648, 36.20138712492871], [127.04620517527648, 36.20100476677797], [127.04615815016207, 36.2009665309629]]}}, {"type": "Feature", "properties": {"proposal_id": "visible-line-266", "tile_id": "177-nonsan-hydro", "sheet_id": "177-nonsan", "split": "development", "proposal_kind": "visible_linework_review_only", "backend": "grayscale_ridge_v1_skeleton_v1", "pixel_length": 33.899, "point_count": 3, "confidence": 0.6121, "review_status": "unreviewed"}, "geometry": {"type": "LineString", "coordinates": [[127.04629922550531, 36.198978268579076], [127.04676947664947, 36.198978268579076], [127.0477570040522, 36.19924591928459]]}}, {"type": "Feature", "properties": {"proposal_id": "visible-line-267", "tile_id": "177-nonsan-hydro", "sheet_id": "177-nonsan", "split": "development", "proposal_kind": "visible_linework_review_only", "backend": "grayscale_ridge_v1_skeleton_v1", "pixel_length": 24.314, "point_count": 7, "confidence": 0.68, "review_status": "unreviewed"}, "geometry": {"type": "LineString", "coordinates": [[127.0465343510774, 36.233352266330186], [127.04662840130622, 36.23342873796034], [127.04662840130622, 36.2336199170357], [127.04672245153506, 36.23369638866585], [127.04705162733596, 36.2336199170357], [127.04709865245039, 36.23358168122063], [127.04705162733596, 36.23342873796034]]}}, {"type": "Feature", "properties": {"proposal_id": "visible-line-268", "tile_id": "177-nonsan-hydro", "sheet_id": "177-nonsan", "split": "development", "proposal_kind": "visible_linework_review_only", "backend": "grayscale_ridge_v1_skeleton_v1", "pixel_length": 20.899, "point_count": 6, "confidence": 0.677, "review_status": "unreviewed"}, "geometry": {"type": "LineString", "coordinates": [[127.0465343510774, 36.223372718595996], [127.04658137619181, 36.223296246965845], [127.04681650176389, 36.223296246965845], [127.0468635268783, 36.22344919022614], [127.04709865245039, 36.22360213348644], [127.04705162733596, 36.22367860511658]]}}, {"type": "Feature", "properties": {"proposal_id": "visible-line-269", "tile_id": "177-nonsan-hydro", "sheet_id": "177-nonsan", "split": "development", "proposal_kind": "visible_linework_review_only", "backend": "grayscale_ridge_v1_skeleton_v1", "pixel_length": 19.485, "point_count": 5, "confidence": 0.6255, "review_status": "unreviewed"}, "geometry": {"type": "LineString", "coordinates": [[127.04662840130622, 36.20716073300481], [127.04705162733596, 36.20731367626511], [127.04728675290805, 36.20731367626511], [127.04733377802246, 36.20735191208018], [127.0474278282513, 36.20731367626511]]}}, {"type": "Feature", "properties": {"proposal_id": "visible-line-270", "tile_id": "177-nonsan-hydro", "sheet_id": "177-nonsan", "split": "development", "proposal_kind": "visible_linework_review_only", "backend": "grayscale_ridge_v1_skeleton_v1", "pixel_length": 27.899, "point_count": 7, "confidence": 0.6759, "review_status": "unreviewed"}, "geometry": {"type": "LineString", "coordinates": [[127.04667542642063, 36.22964339226805], [127.04681650176389, 36.22949044900776], [127.04733377802246, 36.22945221319269], [127.04738080313687, 36.22941397737761], [127.04756890359454, 36.22945221319269], [127.04756890359454, 36.22960515645298], [127.04752187848013, 36.22964339226805]]}}, {"type": "Feature", "properties": {"proposal_id": "visible-line-271", "tile_id": "177-nonsan-hydro", "sheet_id": "177-nonsan", "split": "development", "proposal_kind": "visible_linework_review_only", "backend": "grayscale_ridge_v1_skeleton_v1", "pixel_length": 21.071, "point_count": 4, "confidence": 0.7041, "review_status": "unreviewed"}, "geometry": {"type": "LineString", "coordinates": [[127.04672245153506, 36.217560874704816], [127.04700460222155, 36.21740793144452], [127.04756890359454, 36.21740793144452], [127.04761592870896, 36.217446167259595]]}}, {"type": "Feature", "properties": {"proposal_id": "visible-line-272", "tile_id": "177-nonsan-hydro", "sheet_id": "177-nonsan", "split": "development", "proposal_kind": "visible_linework_review_only", "backend": "grayscale_ridge_v1_skeleton_v1", "pixel_length": 34.142, "point_count": 7, "confidence": 0.599, "review_status": "unreviewed"}, "geometry": {"type": "LineString", "coordinates": [[127.04709865245039, 36.224366849787906], [127.04756890359454, 36.22421390652761], [127.04770997893779, 36.22421390652761], [127.04785105428104, 36.224366849787906], [127.04785105428104, 36.22455802886327], [127.04780402916663, 36.22459626467835], [127.04789807939545, 36.224863915383864]]}}, {"type": "Feature", "properties": {"proposal_id": "visible-line-273", "tile_id": "177-nonsan-hydro", "sheet_id": "177-nonsan", "split": "development", "proposal_kind": "visible_linework_review_only", "backend": "grayscale_ridge_v1_skeleton_v1", "pixel_length": 20.243, "point_count": 5, "confidence": 0.6292, "review_status": "unreviewed"}, "geometry": {"type": "LineString", "coordinates": [[127.04728675290805, 36.207504855340474], [127.04733377802246, 36.20754309115555], [127.04780402916663, 36.20754309115555], [127.04785105428104, 36.20758132697062], [127.04818023008195, 36.20754309115555]]}}, {"type": "Feature", "properties": {"proposal_id": "visible-line-274", "tile_id": "177-nonsan-hydro", "sheet_id": "177-nonsan", "split": "development", "proposal_kind": "visible_linework_review_only", "backend": "grayscale_ridge_v1_skeleton_v1", "pixel_length": 27.899, "point_count": 7, "confidence": 0.6655, "review_status": "unreviewed"}, "geometry": {"type": "LineString", "coordinates": [[127.04747485336571, 36.221116805506654], [127.0477570040522, 36.22107856969158], [127.04794510450986, 36.22100209806143], [127.04818023008195, 36.22100209806143], [127.04822725519637, 36.22104033387651], [127.04836833053962, 36.22100209806143], [127.0486504812261, 36.22107856969158]]}}, {"type": "Feature", "properties": {"proposal_id": "visible-line-275", "tile_id": "177-nonsan-hydro", "sheet_id": "177-nonsan", "split": "development", "proposal_kind": "visible_linework_review_only", "backend": "grayscale_ridge_v1_skeleton_v1", "pixel_length": 25.899, "point_count": 5, "confidence": 0.6703, "review_status": "unreviewed"}, "geometry": {"type": "LineString", "coordinates": [[127.04770997893779, 36.225093330274305], [127.0480391547387, 36.22516980190445], [127.04832130542519, 36.22516980190445], [127.04860345611169, 36.225093330274305], [127.04879155656936, 36.224978622829084]]}}, {"type": "Feature", "properties": {"proposal_id": "visible-line-276", "tile_id": "177-nonsan-hydro", "sheet_id": "177-nonsan", "split": "development", "proposal_kind": "visible_linework_review_only", "backend": "grayscale_ridge_v1_skeleton_v1", "pixel_length": 20.243, "point_count": 4, "confidence": 0.649, "review_status": "unreviewed"}, "geometry": {"type": "LineString", "coordinates": [[127.04785105428104, 36.19932239091474], [127.04813320496753, 36.19939886254488], [127.0486504812261, 36.19939886254488], [127.04874453145494, 36.19936062672981]]}}, {"type": "Feature", "properties": {"proposal_id": "visible-line-277", "tile_id": "177-nonsan-hydro", "sheet_id": "177-nonsan", "split": "development", "proposal_kind": "visible_linework_review_only", "backend": "grayscale_ridge_v1_skeleton_v1", "pixel_length": 94.142, "point_count": 14, "confidence": 0.6047, "review_status": "unreviewed"}, "geometry": {"type": "LineString", "coordinates": [[127.04789807939545, 36.20735191208018], [127.04827428031078, 36.20735191208018], [127.04832130542519, 36.207390147895254], [127.04860345611169, 36.207390147895254], [127.0489326319126, 36.2074666195254], [127.04930883282793, 36.2074666195254], [127.04959098351442, 36.20754309115555], [127.05001420954417, 36.20754309115555], [127.05006123465859, 36.20758132697062], [127.05133091274782, 36.20758132697062], [127.05137793786223, 36.207619562785695], [127.05151901320548, 36.20758132697062], [127.05184818900639, 36.20765779860077], [127.05213033969288, 36.20765779860077]]}}, {"type": "Feature", "properties": {"proposal_id": "visible-line-278", "tile_id": "177-nonsan-hydro", "sheet_id": "177-nonsan", "split": "development", "proposal_kind": "visible_linework_review_only", "backend": "grayscale_ridge_v1_skeleton_v1", "pixel_length": 20.556, "point_count": 2, "confidence": 0.5972, "review_status": "unreviewed"}, "geometry": {"type": "LineString", "coordinates": [[127.04836833053962, 36.215610848136066], [127.04912073237027, 36.21519025417025]]}}, {"type": "Feature", "properties": {"proposal_id": "visible-line-279", "tile_id": "177-nonsan-hydro", "sheet_id": "177-nonsan", "split": "development", "proposal_kind": "visible_linework_review_only", "backend": "grayscale_ridge_v1_skeleton_v1", "pixel_length": 21.657, "point_count": 4, "confidence": 0.7012, "review_status": "unreviewed"}, "geometry": {"type": "LineString", "coordinates": [[127.04897965702702, 36.211481380108125], [127.04935585794234, 36.21155785173827], [127.0497790839721, 36.21155785173827], [127.04992015931533, 36.211481380108125]]}}, {"type": "Feature", "properties": {"proposal_id": "visible-line-280", "tile_id": "177-nonsan-hydro", "sheet_id": "177-nonsan", "split": "development", "proposal_kind": "visible_linework_review_only", "backend": "grayscale_ridge_v1_skeleton_v1", "pixel_length": 21.142, "point_count": 3, "confidence": 0.6423, "review_status": "unreviewed"}, "geometry": {"type": "LineString", "coordinates": [[127.04897965702702, 36.19932239091474], [127.04954395840001, 36.19901650439415], [127.0497790839721, 36.198940032764]]}}, {"type": "Feature", "properties": {"proposal_id": "visible-line-281", "tile_id": "177-nonsan-hydro", "sheet_id": "177-nonsan", "split": "development", "proposal_kind": "visible_linework_review_only", "backend": "grayscale_ridge_v1_skeleton_v1", "pixel_length": 23.485, "point_count": 6, "confidence": 0.7316, "review_status": "unreviewed"}, "geometry": {"type": "LineString", "coordinates": [[127.04902668214143, 36.2089195804982], [127.04916775748468, 36.208843108868045], [127.04940288305676, 36.208843108868045], [127.04944990817118, 36.208804873052976], [127.04973205885767, 36.208804873052976], [127.05001420954417, 36.2089195804982]]}}, {"type": "Feature", "properties": {"proposal_id": "visible-line-282", "tile_id": "177-nonsan-hydro", "sheet_id": "177-nonsan", "split": "development", "proposal_kind": "visible_linework_review_only", "backend": "grayscale_ridge_v1_skeleton_v1", "pixel_length": 22.243, "point_count": 3, "confidence": 0.6437, "review_status": "unreviewed"}, "geometry": {"type": "LineString", "coordinates": [[127.04907370725586, 36.20765779860077], [127.04968503374326, 36.20769603441584], [127.05006123465859, 36.20777250604599]]}}, {"type": "Feature", "properties": {"proposal_id": "visible-line-283", "tile_id": "177-nonsan-hydro", "sheet_id": "177-nonsan", "split": "development", "proposal_kind": "visible_linework_review_only", "backend": "grayscale_ridge_v1_skeleton_v1", "pixel_length": 19.243, "point_count": 5, "confidence": 0.7284, "review_status": "unreviewed"}, "geometry": {"type": "LineString", "coordinates": [[127.04954395840001, 36.20127241748349], [127.04954395840001, 36.201043002593046], [127.04963800862885, 36.2009665309629], [127.04992015931533, 36.2009665309629], [127.04996718442976, 36.20111947422319]]}}, {"type": "Feature", "properties": {"proposal_id": "visible-line-284", "tile_id": "177-nonsan-hydro", "sheet_id": "177-nonsan", "split": "development", "proposal_kind": "visible_linework_review_only", "backend": "grayscale_ridge_v1_skeleton_v1", "pixel_length": 18.828, "point_count": 4, "confidence": 0.6852, "review_status": "unreviewed"}, "geometry": {"type": "LineString", "coordinates": [[127.04959098351442, 36.20719896881989], [127.04996718442976, 36.20723720463496], [127.05001420954417, 36.20727544045003], [127.05043743557391, 36.20727544045003]]}}, {"type": "Feature", "properties": {"proposal_id": "visible-line-285", "tile_id": "177-nonsan-hydro", "sheet_id": "177-nonsan", "split": "development", "proposal_kind": "visible_linework_review_only", "backend": "grayscale_ridge_v1_skeleton_v1", "pixel_length": 21.657, "point_count": 6, "confidence": 0.6685, "review_status": "unreviewed"}, "geometry": {"type": "LineString", "coordinates": [[127.04968503374326, 36.22344919022614], [127.04968503374326, 36.223181539520624], [127.04973205885767, 36.223143303705555], [127.04968503374326, 36.223028596260335], [127.04973205885767, 36.22272270973974], [127.04968503374326, 36.22268447392467]]}}, {"type": "Feature", "properties": {"proposal_id": "visible-line-286", "tile_id": "177-nonsan-hydro", "sheet_id": "177-nonsan", "split": "development", "proposal_kind": "visible_linework_review_only", "backend": "grayscale_ridge_v1_skeleton_v1", "pixel_length": 21.728, "point_count": 4, "confidence": 0.6706, "review_status": "unreviewed"}, "geometry": {"type": "LineString", "coordinates": [[127.04982610908651, 36.230063986233866], [127.05015528488742, 36.22979633552835], [127.05024933511625, 36.22956692063791], [127.05048446068832, 36.22956692063791]]}}, {"type": "Feature", "properties": {"proposal_id": "visible-line-287", "tile_id": "177-nonsan-hydro", "sheet_id": "177-nonsan", "split": "development", "proposal_kind": "visible_linework_review_only", "backend": "grayscale_ridge_v1_skeleton_v1", "pixel_length": 25.071, "point_count": 3, "confidence": 0.5848, "review_status": "unreviewed"}, "geometry": {"type": "LineString", "coordinates": [[127.04992015931533, 36.198940032764], [127.05043743557391, 36.198940032764], [127.0510017369469, 36.19913121183937]]}}, {"type": "Feature", "properties": {"proposal_id": "visible-line-288", "tile_id": "177-nonsan-hydro", "sheet_id": "177-nonsan", "split": "development", "proposal_kind": "visible_linework_review_only", "backend": "grayscale_ridge_v1_skeleton_v1", "pixel_length": 29.243, "point_count": 5, "confidence": 0.707, "review_status": "unreviewed"}, "geometry": {"type": "LineString", "coordinates": [[127.05001420954417, 36.22344919022614], [127.05006123465859, 36.22268447392467], [127.050108259773, 36.2226462381096], [127.0503904104595, 36.2226462381096], [127.05043743557391, 36.22268447392467]]}}, {"type": "Feature", "properties": {"proposal_id": "visible-line-289", "tile_id": "177-nonsan-hydro", "sheet_id": "177-nonsan", "split": "development", "proposal_kind": "visible_linework_review_only", "backend": "grayscale_ridge_v1_skeleton_v1", "pixel_length": 44.657, "point_count": 6, "confidence": 0.5955, "review_status": "unreviewed"}, "geometry": {"type": "LineString", "coordinates": [[127.05020231000184, 36.20777250604599], [127.05034338534509, 36.20781074186106], [127.0503904104595, 36.20777250604599], [127.05161306343432, 36.20777250604599], [127.05184818900639, 36.207848977676136], [127.05222438992172, 36.207848977676136]]}}, {"type": "Feature", "properties": {"proposal_id": "visible-line-290", "tile_id": "177-nonsan-hydro", "sheet_id": "177-nonsan", "split": "development", "proposal_kind": "visible_linework_review_only", "backend": "grayscale_ridge_v1_skeleton_v1", "pixel_length": 21.142, "point_count": 5, "confidence": 0.6924, "review_status": "unreviewed"}, "geometry": {"type": "LineString", "coordinates": [[127.05076661137483, 36.22234035158901], [127.05081363648924, 36.22222564414379], [127.0510017369469, 36.222072700883494], [127.05104876206131, 36.2219197576232], [127.05123686251899, 36.22169034273276]]}}, {"type": "Feature", "properties": {"proposal_id": "visible-line-291", "tile_id": "177-nonsan-hydro", "sheet_id": "177-nonsan", "split": "development", "proposal_kind": "visible_linework_review_only", "backend": "grayscale_ridge_v1_skeleton_v1", "pixel_length": 19.728, "point_count": 3, "confidence": 0.6122, "review_status": "unreviewed"}, "geometry": {"type": "LineString", "coordinates": [[127.05095471183249, 36.21255198293018], [127.05137793786223, 36.21285786945077], [127.05142496297665, 36.21312552015628]]}}, {"type": "Feature", "properties": {"proposal_id": "visible-line-292", "tile_id": "177-nonsan-hydro", "sheet_id": "177-nonsan", "split": "development", "proposal_kind": "visible_linework_review_only", "backend": "grayscale_ridge_v1_skeleton_v1", "pixel_length": 20.142, "point_count": 2, "confidence": 0.7278, "review_status": "unreviewed"}, "geometry": {"type": "LineString", "coordinates": [[127.0510017369469, 36.22237858740408], [127.05147198809107, 36.22176681436291]]}}, {"type": "Feature", "properties": {"proposal_id": "visible-line-293", "tile_id": "177-nonsan-hydro", "sheet_id": "177-nonsan", "split": "development", "proposal_kind": "visible_linework_review_only", "backend": "grayscale_ridge_v1_skeleton_v1", "pixel_length": 18.828, "point_count": 3, "confidence": 0.6229, "review_status": "unreviewed"}, "geometry": {"type": "LineString", "coordinates": [[127.0512838876334, 36.21404317971805], [127.05203628946406, 36.21400494390298], [127.05213033969288, 36.2139667080879]]}}, {"type": "Feature", "properties": {"proposal_id": "visible-line-294", "tile_id": "177-nonsan-hydro", "sheet_id": "177-nonsan", "split": "development", "proposal_kind": "visible_linework_review_only", "backend": "grayscale_ridge_v1_skeleton_v1", "pixel_length": 36.042, "point_count": 4, "confidence": 0.6906, "review_status": "unreviewed"}, "geometry": {"type": "LineString", "coordinates": [[127.05161306343432, 36.22115504132173], [127.05203628946406, 36.220505032465475], [127.05231844015054, 36.220237381759965], [127.05255356572263, 36.22016091012981]]}}, {"type": "Feature", "properties": {"proposal_id": "visible-line-295", "tile_id": "177-nonsan-hydro", "sheet_id": "177-nonsan", "split": "development", "proposal_kind": "visible_linework_review_only", "backend": "grayscale_ridge_v1_skeleton_v1", "pixel_length": 21.556, "point_count": 2, "confidence": 0.5379, "review_status": "unreviewed"}, "geometry": {"type": "LineString", "coordinates": [[127.05161306343432, 36.2055930645868], [127.05231844015054, 36.20609013018275]]}}, {"type": "Feature", "properties": {"proposal_id": "visible-line-296", "tile_id": "177-nonsan-hydro", "sheet_id": "177-nonsan", "split": "development", "proposal_kind": "visible_linework_review_only", "backend": "grayscale_ridge_v1_skeleton_v1", "pixel_length": 23.314, "point_count": 3, "confidence": 0.6908, "review_status": "unreviewed"}, "geometry": {"type": "LineString", "coordinates": [[127.05166008854873, 36.22662276287724], [127.05194223923522, 36.2263933479868], [127.05208331457847, 36.22589628239085]]}}, {"type": "Feature", "properties": {"proposal_id": "visible-line-297", "tile_id": "177-nonsan-hydro", "sheet_id": "177-nonsan", "split": "development", "proposal_kind": "visible_linework_review_only", "backend": "grayscale_ridge_v1_skeleton_v1", "pixel_length": 56.941, "point_count": 10, "confidence": 0.6301, "review_status": "unreviewed"}, "geometry": {"type": "LineString", "coordinates": [[127.05180116389198, 36.19916944765444], [127.05208331457847, 36.19928415509966], [127.05250654060822, 36.19955180580518], [127.0527416661803, 36.19962827743532], [127.05292976663796, 36.19962827743532], [127.05344704289654, 36.19932239091474], [127.05358811823977, 36.19928415509966], [127.05368216846861, 36.19932239091474], [127.05372919358302, 36.19928415509966], [127.05401134426953, 36.19932239091474]]}}, {"type": "Feature", "properties": {"proposal_id": "visible-line-298", "tile_id": "177-nonsan-hydro", "sheet_id": "177-nonsan", "split": "development", "proposal_kind": "visible_linework_review_only", "backend": "grayscale_ridge_v1_skeleton_v1", "pixel_length": 33.627, "point_count": 4, "confidence": 0.6317, "review_status": "unreviewed"}, "geometry": {"type": "LineString", "coordinates": [[127.05208331457847, 36.22081091898607], [127.05213033969288, 36.22069621154085], [127.05260059083705, 36.22031385339011], [127.05325894243887, 36.220122674314744]]}}, {"type": "Feature", "properties": {"proposal_id": "visible-line-299", "tile_id": "177-nonsan-hydro", "sheet_id": "177-nonsan", "split": "development", "proposal_kind": "visible_linework_review_only", "backend": "grayscale_ridge_v1_skeleton_v1", "pixel_length": 40.556, "point_count": 5, "confidence": 0.6503, "review_status": "unreviewed"}, "geometry": {"type": "LineString", "coordinates": [[127.05222438992172, 36.20769603441584], [127.05278869129471, 36.20777250604599], [127.05307084198121, 36.20788721349121], [127.05377621869745, 36.2080401567515], [127.05391729404069, 36.20811662838165]]}}, {"type": "Feature", "properties": {"proposal_id": "visible-line-300", "tile_id": "177-nonsan-hydro", "sheet_id": "177-nonsan", "split": "development", "proposal_kind": "visible_linework_review_only", "backend": "grayscale_ridge_v1_skeleton_v1", "pixel_length": 27.899, "point_count": 4, "confidence": 0.6413, "review_status": "unreviewed"}, "geometry": {"type": "LineString", "coordinates": [[127.05231844015054, 36.20788721349121], [127.05278869129471, 36.207963685121356], [127.0533529926677, 36.20815486419672], [127.05349406801095, 36.20815486419672]]}}, {"type": "Feature", "properties": {"proposal_id": "visible-line-301", "tile_id": "177-nonsan-hydro", "sheet_id": "177-nonsan", "split": "development", "proposal_kind": "visible_linework_review_only", "backend": "grayscale_ridge_v1_skeleton_v1", "pixel_length": 21.314, "point_count": 4, "confidence": 0.6493, "review_status": "unreviewed"}, "geometry": {"type": "LineString", "coordinates": [[127.05260059083705, 36.22348742604122], [127.05283571640912, 36.22367860511658], [127.05283571640912, 36.2239462558221], [127.05264761595146, 36.224137434897465]]}}, {"type": "Feature", "properties": {"proposal_id": "visible-line-302", "tile_id": "177-nonsan-hydro", "sheet_id": "177-nonsan", "split": "development", "proposal_kind": "visible_linework_review_only", "backend": "grayscale_ridge_v1_skeleton_v1", "pixel_length": 40.971, "point_count": 6, "confidence": 0.683, "review_status": "unreviewed"}, "geometry": {"type": "LineString", "coordinates": [[127.0527416661803, 36.22008443849967], [127.0533529926677, 36.21985502360923], [127.05354109312536, 36.21985502360923], [127.05372919358302, 36.21977855197908], [127.0542464698416, 36.21970208034893], [127.05438754518485, 36.21958737290371]]}}, {"type": "Feature", "properties": {"proposal_id": "visible-line-303", "tile_id": "177-nonsan-hydro", "sheet_id": "177-nonsan", "split": "development", "proposal_kind": "visible_linework_review_only", "backend": "grayscale_ridge_v1_skeleton_v1", "pixel_length": 21.657, "point_count": 2, "confidence": 0.6103, "review_status": "unreviewed"}, "geometry": {"type": "LineString", "coordinates": [[127.05292976663796, 36.213928472272826], [127.05387026892627, 36.21377552901254]]}}, {"type": "Feature", "properties": {"proposal_id": "visible-line-304", "tile_id": "177-nonsan-hydro", "sheet_id": "177-nonsan", "split": "development", "proposal_kind": "visible_linework_review_only", "backend": "grayscale_ridge_v1_skeleton_v1", "pixel_length": 18.485, "point_count": 8, "confidence": 0.6676, "review_status": "unreviewed"}, "geometry": {"type": "LineString", "coordinates": [[127.05321191732445, 36.218325591006284], [127.05321191732445, 36.21821088356106], [127.05330596755329, 36.21813441193092], [127.05340001778211, 36.21813441193092], [127.05349406801095, 36.21821088356106], [127.05349406801095, 36.218287355191215], [127.05340001778211, 36.21836382682136], [127.05325894243887, 36.21836382682136]]}}, {"type": "Feature", "properties": {"proposal_id": "visible-line-305", "tile_id": "177-nonsan-hydro", "sheet_id": "177-nonsan", "split": "development", "proposal_kind": "visible_linework_review_only", "backend": "grayscale_ridge_v1_skeleton_v1", "pixel_length": 25.728, "point_count": 7, "confidence": 0.6827, "review_status": "unreviewed"}, "geometry": {"type": "LineString", "coordinates": [[127.05330596755329, 36.21129020103275], [127.05344704289654, 36.21129020103275], [127.05358811823977, 36.211404908477974], [127.05358811823977, 36.211519615923194], [127.05344704289654, 36.21167255918349], [127.05354109312536, 36.211863738258856], [127.05349406801095, 36.21201668151915]]}}, {"type": "Feature", "properties": {"proposal_id": "visible-line-306", "tile_id": "177-nonsan-hydro", "sheet_id": "177-nonsan", "split": "development", "proposal_kind": "visible_linework_review_only", "backend": "grayscale_ridge_v1_skeleton_v1", "pixel_length": 41.213, "point_count": 9, "confidence": 0.7202, "review_status": "unreviewed"}, "geometry": {"type": "LineString", "coordinates": [[127.05330596755329, 36.20976076842981], [127.0533529926677, 36.20983724005996], [127.05368216846861, 36.20987547587503], [127.05382324381186, 36.20999018332025], [127.05391729404069, 36.21018136239562], [127.05391729404069, 36.21037254147099], [127.05377621869745, 36.21048724891621], [127.05368216846861, 36.21071666380665], [127.05349406801095, 36.21083137125187]]}}, {"type": "Feature", "properties": {"proposal_id": "visible-line-307", "tile_id": "177-nonsan-hydro", "sheet_id": "177-nonsan", "split": "development", "proposal_kind": "visible_linework_review_only", "backend": "grayscale_ridge_v1_skeleton_v1", "pixel_length": 24.485, "point_count": 2, "confidence": 0.6208, "review_status": "unreviewed"}, "geometry": {"type": "LineString", "coordinates": [[127.0533529926677, 36.22008443849967], [127.05438754518485, 36.21985502360923]]}}, {"type": "Feature", "properties": {"proposal_id": "visible-line-308", "tile_id": "177-nonsan-hydro", "sheet_id": "177-nonsan", "split": "development", "proposal_kind": "visible_linework_review_only", "backend": "grayscale_ridge_v1_skeleton_v1", "pixel_length": 22.899, "point_count": 5, "confidence": 0.5696, "review_status": "unreviewed"}, "geometry": {"type": "LineString", "coordinates": [[127.05344704289654, 36.20769603441584], [127.0536351433542, 36.207734270230915], [127.05372919358302, 36.20781074186106], [127.0542464698416, 36.20788721349121], [127.05438754518485, 36.207963685121356]]}}, {"type": "Feature", "properties": {"proposal_id": "visible-line-309", "tile_id": "177-nonsan-hydro", "sheet_id": "177-nonsan", "split": "development", "proposal_kind": "visible_linework_review_only", "backend": "grayscale_ridge_v1_skeleton_v1", "pixel_length": 20.314, "point_count": 4, "confidence": 0.6137, "review_status": "unreviewed"}, "geometry": {"type": "LineString", "coordinates": [[127.05382324381186, 36.21576379139636], [127.05401134426953, 36.216107913732024], [127.05415241961278, 36.216222621177245], [127.05419944472719, 36.21641380025261]]}}]}