{"type": "FeatureCollection", "name": "candidate_proposals_178-gongju-hydro", "crs": {"type": "name", "properties": {"name": "urn:ogc:def:crs:EPSG::5132"}}, "features": [{"type": "Feature", "properties": {"proposal_id": "visible-line-1", "tile_id": "178-gongju-hydro", "sheet_id": "178-gongju", "split": "holdout_test", "proposal_kind": "visible_linework_review_only", "backend": "grayscale_ridge_v1_skeleton_v1", "pixel_length": 77.485, "point_count": 12, "confidence": 0.6245, "review_status": "unreviewed"}, "geometry": {"type": "LineString", "coordinates": [[127.07392076241531, 36.46160325609208], [127.07476923500812, 36.46160325609208], [127.07481637237439, 36.46164170432241], [127.07486350974065, 36.46160325609208], [127.07514633393825, 36.46160325609208], [127.07519347130452, 36.46164170432241], [127.07651331755999, 36.46164170432241], [127.07656045492625, 36.46160325609208], [127.07674900439132, 36.46160325609208], [127.07679614175758, 36.46164170432241], [127.07736179015279, 36.46164170432241], [127.07745606488533, 36.46168015255273]]}}, {"type": "Feature", "properties": {"proposal_id": "visible-line-2", "tile_id": "178-gongju-hydro", "sheet_id": "178-gongju", "split": "holdout_test", "proposal_kind": "visible_linework_review_only", "backend": "grayscale_ridge_v1_skeleton_v1", "pixel_length": 22.142, "point_count": 6, "confidence": 0.73, "review_status": "unreviewed"}, "geometry": {"type": "LineString", "coordinates": [[127.07401503714784, 36.495245457626744], [127.07410931188038, 36.49516856116609], [127.07439213607798, 36.49509166470544], [127.07453354817677, 36.494976320014466], [127.07462782290932, 36.494784078862835], [127.07458068554305, 36.49470718240219]]}}, {"type": "Feature", "properties": {"proposal_id": "visible-line-3", "tile_id": "178-gongju-hydro", "sheet_id": "178-gongju", "split": "holdout_test", "proposal_kind": "visible_linework_review_only", "backend": "grayscale_ridge_v1_skeleton_v1", "pixel_length": 47.799, "point_count": 9, "confidence": 0.7044, "review_status": "unreviewed"}, "geometry": {"type": "LineString", "coordinates": [[127.07401503714784, 36.4901702912238], [127.07410931188038, 36.49009339476315], [127.07495778447318, 36.49013184299347], [127.07533488340331, 36.489978050072175], [127.07547629550211, 36.4898627053812], [127.07547629550211, 36.489747360690224], [127.07538202076958, 36.48967046422957], [127.07519347130452, 36.48963201599924], [127.07514633393825, 36.48955511953859]]}}, {"type": "Feature", "properties": {"proposal_id": "visible-line-4", "tile_id": "178-gongju-hydro", "sheet_id": "178-gongju", "split": "holdout_test", "proposal_kind": "visible_linework_review_only", "backend": "grayscale_ridge_v1_skeleton_v1", "pixel_length": 41.728, "point_count": 6, "confidence": 0.7181, "review_status": "unreviewed"}, "geometry": {"type": "LineString", "coordinates": [[127.07401503714784, 36.47536772254855], [127.07443927344424, 36.47536772254855], [127.07476923500812, 36.47525237785757], [127.07542915813585, 36.4751370331666], [127.07566484496718, 36.47502168847562], [127.07580625706598, 36.47502168847562]]}}, {"type": "Feature", "properties": {"proposal_id": "visible-line-5", "tile_id": "178-gongju-hydro", "sheet_id": "178-gongju", "split": "holdout_test", "proposal_kind": "visible_linework_review_only", "backend": "grayscale_ridge_v1_skeleton_v1", "pixel_length": 45.385, "point_count": 8, "confidence": 0.7032, "review_status": "unreviewed"}, "geometry": {"type": "LineString", "coordinates": [[127.07410931188038, 36.48547960712411], [127.07410931188038, 36.48528736597248], [127.07429786134544, 36.48509512482086], [127.07439213607798, 36.48505667659053], [127.07462782290932, 36.48505667659053], [127.07467496027559, 36.48509512482086], [127.07538202076958, 36.48505667659053], [127.07566484496718, 36.48478753897825]]}}, {"type": "Feature", "properties": {"proposal_id": "visible-line-6", "tile_id": "178-gongju-hydro", "sheet_id": "178-gongju", "split": "holdout_test", "proposal_kind": "visible_linework_review_only", "backend": "grayscale_ridge_v1_skeleton_v1", "pixel_length": 34.556, "point_count": 6, "confidence": 0.7204, "review_status": "unreviewed"}, "geometry": {"type": "LineString", "coordinates": [[127.07458068554305, 36.49443804478991], [127.07467496027559, 36.49436114832926], [127.07472209764185, 36.49397666602601], [127.07491064710692, 36.49378442487438], [127.07509919657198, 36.49378442487438], [127.07552343286838, 36.49393821779568]]}}, {"type": "Feature", "properties": {"proposal_id": "visible-line-7", "tile_id": "178-gongju-hydro", "sheet_id": "178-gongju", "split": "holdout_test", "proposal_kind": "visible_linework_review_only", "backend": "grayscale_ridge_v1_skeleton_v1", "pixel_length": 23.627, "point_count": 2, "confidence": 0.7695, "review_status": "unreviewed"}, "geometry": {"type": "LineString", "coordinates": [[127.07486350974065, 36.46948514330877], [127.07566484496718, 36.46886997162357]]}}, {"type": "Feature", "properties": {"proposal_id": "visible-line-8", "tile_id": "178-gongju-hydro", "sheet_id": "178-gongju", "split": "holdout_test", "proposal_kind": "visible_linework_review_only", "backend": "grayscale_ridge_v1_skeleton_v1", "pixel_length": 43.456, "point_count": 11, "confidence": 0.7189, "review_status": "unreviewed"}, "geometry": {"type": "LineString", "coordinates": [[127.07514633393825, 36.489516671308266], [127.07561770760091, 36.48920908546567], [127.07561770760091, 36.489055292544364], [127.07566484496718, 36.48901684431404], [127.07575911969971, 36.488978396083716], [127.07590053179852, 36.48901684431404], [127.07604194389732, 36.48893994785339], [127.07618335599612, 36.48893994785339], [127.07627763072865, 36.48886305139274], [127.07632476809492, 36.48863236201078], [127.07623049336239, 36.488555465550135]]}}, {"type": "Feature", "properties": {"proposal_id": "visible-line-9", "tile_id": "178-gongju-hydro", "sheet_id": "178-gongju", "split": "holdout_test", "proposal_kind": "visible_linework_review_only", "backend": "grayscale_ridge_v1_skeleton_v1", "pixel_length": 20.485, "point_count": 4, "confidence": 0.711, "review_status": "unreviewed"}, "geometry": {"type": "LineString", "coordinates": [[127.07538202076958, 36.49347683903178], [127.07538202076958, 36.49316925318917], [127.07547629550211, 36.49293856380722], [127.07566484496718, 36.49278477088592]]}}, {"type": "Feature", "properties": {"proposal_id": "visible-line-10", "tile_id": "178-gongju-hydro", "sheet_id": "178-gongju", "split": "holdout_test", "proposal_kind": "visible_linework_review_only", "backend": "grayscale_ridge_v1_skeleton_v1", "pixel_length": 38.556, "point_count": 8, "confidence": 0.6785, "review_status": "unreviewed"}, "geometry": {"type": "LineString", "coordinates": [[127.07566484496718, 36.4839416779111], [127.07566484496718, 36.48371098852915], [127.07575911969971, 36.48348029914719], [127.07608908126359, 36.48324960976524], [127.07627763072865, 36.48324960976524], [127.07637190546119, 36.48332650622589], [127.07641904282745, 36.48340340268654], [127.07641904282745, 36.48367254029882]]}}, {"type": "Feature", "properties": {"proposal_id": "visible-line-11", "tile_id": "178-gongju-hydro", "sheet_id": "178-gongju", "split": "holdout_test", "proposal_kind": "visible_linework_review_only", "backend": "grayscale_ridge_v1_skeleton_v1", "pixel_length": 45.213, "point_count": 7, "confidence": 0.6533, "review_status": "unreviewed"}, "geometry": {"type": "LineString", "coordinates": [[127.07580625706598, 36.47532927431822], [127.07604194389732, 36.475213929627245], [127.07627763072865, 36.475175481396924], [127.07641904282745, 36.47509858493627], [127.07656045492625, 36.47509858493627], [127.07689041649012, 36.47494479201497], [127.07764461435039, 36.47475255086334]]}}, {"type": "Feature", "properties": {"proposal_id": "visible-line-12", "tile_id": "178-gongju-hydro", "sheet_id": "178-gongju", "split": "holdout_test", "proposal_kind": "visible_linework_review_only", "backend": "grayscale_ridge_v1_skeleton_v1", "pixel_length": 121.468, "point_count": 18, "confidence": 0.7364, "review_status": "unreviewed"}, "geometry": {"type": "LineString", "coordinates": [[127.07585339443224, 36.492669426194944], [127.07623049336239, 36.4927463226556], [127.07646618019372, 36.492861667346574], [127.07660759229252, 36.492861667346574], [127.07670186702505, 36.49278477088592], [127.07665472965878, 36.49263097796462], [127.07637190546119, 36.492361840352345], [127.07623049336239, 36.49205425450974], [127.07641904282745, 36.49155442751551], [127.07665472965878, 36.49132373813356], [127.07689041649012, 36.49132373813356], [127.07750320225159, 36.491862013358116], [127.07788030118172, 36.491900461588436], [127.07792743854799, 36.491938909818764], [127.07811598801305, 36.491900461588436], [127.07825740011185, 36.49178511689746], [127.07825740011185, 36.49151597928518], [127.07839881221065, 36.49140063459421]]}}, {"type": "Feature", "properties": {"proposal_id": "visible-line-13", "tile_id": "178-gongju-hydro", "sheet_id": "178-gongju", "split": "holdout_test", "proposal_kind": "visible_linework_review_only", "backend": "grayscale_ridge_v1_skeleton_v1", "pixel_length": 53.355, "point_count": 6, "confidence": 0.7348, "review_status": "unreviewed"}, "geometry": {"type": "LineString", "coordinates": [[127.07604194389732, 36.46856238578096], [127.07660759229252, 36.46810100701706], [127.07703182858891, 36.46794721409576], [127.07750320225159, 36.46794721409576], [127.07764461435039, 36.467985662326086], [127.07806885064679, 36.46829324816869]]}}, {"type": "Feature", "properties": {"proposal_id": "visible-line-14", "tile_id": "178-gongju-hydro", "sheet_id": "178-gongju", "split": "holdout_test", "proposal_kind": "visible_linework_review_only", "backend": "grayscale_ridge_v1_skeleton_v1", "pixel_length": 21.243, "point_count": 4, "confidence": 0.6506, "review_status": "unreviewed"}, "geometry": {"type": "LineString", "coordinates": [[127.07604194389732, 36.458219811823454], [127.07608908126359, 36.4582967082841], [127.07608908126359, 36.45891187996931], [127.07618335599612, 36.45898877642996]]}}, {"type": "Feature", "properties": {"proposal_id": "visible-line-15", "tile_id": "178-gongju-hydro", "sheet_id": "178-gongju", "split": "holdout_test", "proposal_kind": "visible_linework_review_only", "backend": "grayscale_ridge_v1_skeleton_v1", "pixel_length": 21.314, "point_count": 3, "confidence": 0.6504, "review_status": "unreviewed"}, "geometry": {"type": "LineString", "coordinates": [[127.07608908126359, 36.47221496766187], [127.07641904282745, 36.47267634642578], [127.07646618019372, 36.47290703580773]]}}, {"type": "Feature", "properties": {"proposal_id": "visible-line-16", "tile_id": "178-gongju-hydro", "sheet_id": "178-gongju", "split": "holdout_test", "proposal_kind": "visible_linework_review_only", "backend": "grayscale_ridge_v1_skeleton_v1", "pixel_length": 24.899, "point_count": 7, "confidence": 0.6841, "review_status": "unreviewed"}, "geometry": {"type": "LineString", "coordinates": [[127.07627763072865, 36.47482944732399], [127.07637190546119, 36.47482944732399], [127.07660759229252, 36.474714102633016], [127.07674900439132, 36.474714102633016], [127.07689041649012, 36.47463720617237], [127.07707896595518, 36.47463720617237], [127.07731465278653, 36.47456030971172]]}}, {"type": "Feature", "properties": {"proposal_id": "visible-line-17", "tile_id": "178-gongju-hydro", "sheet_id": "178-gongju", "split": "holdout_test", "proposal_kind": "visible_linework_review_only", "backend": "grayscale_ridge_v1_skeleton_v1", "pixel_length": 23.971, "point_count": 5, "confidence": 0.6592, "review_status": "unreviewed"}, "geometry": {"type": "LineString", "coordinates": [[127.07646618019372, 36.48959356776892], [127.07665472965878, 36.48955511953859], [127.07693755385638, 36.48940132661729], [127.077220378054, 36.48917063723534], [127.07726751542026, 36.489055292544364]]}}, {"type": "Feature", "properties": {"proposal_id": "visible-line-18", "tile_id": "178-gongju-hydro", "sheet_id": "178-gongju", "split": "holdout_test", "proposal_kind": "visible_linework_review_only", "backend": "grayscale_ridge_v1_skeleton_v1", "pixel_length": 49.113, "point_count": 7, "confidence": 0.7555, "review_status": "unreviewed"}, "geometry": {"type": "LineString", "coordinates": [[127.07656045492625, 36.4869790881068], [127.07670186702505, 36.48720977748875], [127.07703182858891, 36.4874404668707], [127.07731465278653, 36.487824949173955], [127.07726751542026, 36.488132535016554], [127.07707896595518, 36.48828632793786], [127.07684327912385, 36.48836322439851]]}}, {"type": "Feature", "properties": {"proposal_id": "visible-line-19", "tile_id": "178-gongju-hydro", "sheet_id": "178-gongju", "split": "holdout_test", "proposal_kind": "visible_linework_review_only", "backend": "grayscale_ridge_v1_skeleton_v1", "pixel_length": 20.657, "point_count": 5, "confidence": 0.6478, "review_status": "unreviewed"}, "geometry": {"type": "LineString", "coordinates": [[127.07665472965878, 36.458219811823454], [127.07674900439132, 36.45837360474476], [127.07674900439132, 36.45856584589638], [127.07670186702505, 36.45860429412671], [127.07674900439132, 36.458950328199634]]}}, {"type": "Feature", "properties": {"proposal_id": "visible-line-20", "tile_id": "178-gongju-hydro", "sheet_id": "178-gongju", "split": "holdout_test", "proposal_kind": "visible_linework_review_only", "backend": "grayscale_ridge_v1_skeleton_v1", "pixel_length": 28.071, "point_count": 4, "confidence": 0.6215, "review_status": "unreviewed"}, "geometry": {"type": "LineString", "coordinates": [[127.07674900439132, 36.461334118479805], [127.07750320225159, 36.46141101494046], [127.07769175171666, 36.46148791140111], [127.07797457591425, 36.461526359631435]]}}, {"type": "Feature", "properties": {"proposal_id": "visible-line-21", "tile_id": "178-gongju-hydro", "sheet_id": "178-gongju", "split": "holdout_test", "proposal_kind": "visible_linework_review_only", "backend": "grayscale_ridge_v1_skeleton_v1", "pixel_length": 22.728, "point_count": 4, "confidence": 0.7539, "review_status": "unreviewed"}, "geometry": {"type": "LineString", "coordinates": [[127.07736179015279, 36.48597943411834], [127.07764461435039, 36.486402364651916], [127.07764461435039, 36.48655615757322], [127.07745606488533, 36.486671502264194]]}}, {"type": "Feature", "properties": {"proposal_id": "visible-line-22", "tile_id": "178-gongju-hydro", "sheet_id": "178-gongju", "split": "holdout_test", "proposal_kind": "visible_linework_review_only", "backend": "grayscale_ridge_v1_skeleton_v1", "pixel_length": 21.485, "point_count": 2, "confidence": 0.651, "review_status": "unreviewed"}, "geometry": {"type": "LineString", "coordinates": [[127.07740892751906, 36.47452186148139], [127.07830453747812, 36.47429117209944]]}}, {"type": "Feature", "properties": {"proposal_id": "visible-line-23", "tile_id": "178-gongju-hydro", "sheet_id": "178-gongju", "split": "holdout_test", "proposal_kind": "visible_linework_review_only", "backend": "grayscale_ridge_v1_skeleton_v1", "pixel_length": 25.556, "point_count": 8, "confidence": 0.6544, "review_status": "unreviewed"}, "geometry": {"type": "LineString", "coordinates": [[127.07755033961786, 36.47267634642578], [127.07773888908292, 36.472522553504476], [127.07788030118172, 36.4725610017348], [127.07788030118172, 36.4727147946561], [127.07783316381546, 36.47275324288643], [127.07788030118172, 36.4728685875774], [127.07773888908292, 36.47298393226838], [127.07759747698412, 36.47294548403806]]}}, {"type": "Feature", "properties": {"proposal_id": "visible-line-24", "tile_id": "178-gongju-hydro", "sheet_id": "178-gongju", "split": "holdout_test", "proposal_kind": "visible_linework_review_only", "backend": "grayscale_ridge_v1_skeleton_v1", "pixel_length": 27.142, "point_count": 5, "confidence": 0.6214, "review_status": "unreviewed"}, "geometry": {"type": "LineString", "coordinates": [[127.07773888908292, 36.48555650358476], [127.07792743854799, 36.48540271066346], [127.07806885064679, 36.48517202128151], [127.07811598801305, 36.484749090747925], [127.07802171328052, 36.48467219428728]]}}, {"type": "Feature", "properties": {"proposal_id": "visible-line-25", "tile_id": "178-gongju-hydro", "sheet_id": "178-gongju", "split": "holdout_test", "proposal_kind": "visible_linework_review_only", "backend": "grayscale_ridge_v1_skeleton_v1", "pixel_length": 36.385, "point_count": 6, "confidence": 0.6401, "review_status": "unreviewed"}, "geometry": {"type": "LineString", "coordinates": [[127.07806885064679, 36.461564807861755], [127.0784930869432, 36.46168015255273], [127.07910587270466, 36.46194929016501], [127.07920014743719, 36.46194929016501], [127.07934155953599, 36.462064634855984], [127.07953010900106, 36.462064634855984]]}}, {"type": "Feature", "properties": {"proposal_id": "visible-line-26", "tile_id": "178-gongju-hydro", "sheet_id": "178-gongju", "split": "holdout_test", "proposal_kind": "visible_linework_review_only", "backend": "grayscale_ridge_v1_skeleton_v1", "pixel_length": 26.556, "point_count": 4, "confidence": 0.7066, "review_status": "unreviewed"}, "geometry": {"type": "LineString", "coordinates": [[127.07821026274559, 36.48444150490533], [127.07839881221065, 36.48417236729305], [127.07887018587333, 36.4839416779111], [127.07910587270466, 36.48390322968077]]}}, {"type": "Feature", "properties": {"proposal_id": "visible-line-27", "tile_id": "178-gongju-hydro", "sheet_id": "178-gongju", "split": "holdout_test", "proposal_kind": "visible_linework_review_only", "backend": "grayscale_ridge_v1_skeleton_v1", "pixel_length": 19.414, "point_count": 3, "confidence": 0.7608, "review_status": "unreviewed"}, "geometry": {"type": "LineString", "coordinates": [[127.07821026274559, 36.481211853558], [127.07821026274559, 36.48051978541214], [127.07825740011185, 36.480481337181814]]}}, {"type": "Feature", "properties": {"proposal_id": "visible-line-28", "tile_id": "178-gongju-hydro", "sheet_id": "178-gongju", "split": "holdout_test", "proposal_kind": "visible_linework_review_only", "backend": "grayscale_ridge_v1_skeleton_v1", "pixel_length": 18.828, "point_count": 5, "confidence": 0.6636, "review_status": "unreviewed"}, "geometry": {"type": "LineString", "coordinates": [[127.07835167484438, 36.47725168583449], [127.07839881221065, 36.47713634114351], [127.078634499042, 36.47713634114351], [127.07868163640826, 36.47717478937384], [127.07868163640826, 36.47752082344677]]}}, {"type": "Feature", "properties": {"proposal_id": "visible-line-29", "tile_id": "178-gongju-hydro", "sheet_id": "178-gongju", "split": "holdout_test", "proposal_kind": "visible_linework_review_only", "backend": "grayscale_ridge_v1_skeleton_v1", "pixel_length": 85.912, "point_count": 14, "confidence": 0.7413, "review_status": "unreviewed"}, "geometry": {"type": "LineString", "coordinates": [[127.07835167484438, 36.46840859285967], [127.07854022430946, 36.468485489320315], [127.0787759111408, 36.468485489320315], [127.07910587270466, 36.46883152339324], [127.07934155953599, 36.468908419853896], [127.07976579583239, 36.46856238578096], [127.08009575739626, 36.46852393755064], [127.08023716949506, 36.46840859285967], [127.0803314442276, 36.468062558786734], [127.0804728563264, 36.46794721409576], [127.08070854315773, 36.46787031763511], [127.08094422998906, 36.46767807648349], [127.08108564208787, 36.46771652471381], [127.08108564208787, 36.46783186940478]]}}, {"type": "Feature", "properties": {"proposal_id": "visible-line-30", "tile_id": "178-gongju-hydro", "sheet_id": "178-gongju", "split": "holdout_test", "proposal_kind": "visible_linework_review_only", "backend": "grayscale_ridge_v1_skeleton_v1", "pixel_length": 21.828, "point_count": 5, "confidence": 0.7103, "review_status": "unreviewed"}, "geometry": {"type": "LineString", "coordinates": [[127.07839881221065, 36.47429117209944], [127.07882304850706, 36.47429117209944], [127.07887018587333, 36.47432962032976], [127.07934155953599, 36.47432962032976], [127.07938869690226, 36.47429117209944]]}}, {"type": "Feature", "properties": {"proposal_id": "visible-line-31", "tile_id": "178-gongju-hydro", "sheet_id": "178-gongju", "split": "holdout_test", "proposal_kind": "visible_linework_review_only", "backend": "grayscale_ridge_v1_skeleton_v1", "pixel_length": 135.853, "point_count": 20, "confidence": 0.7413, "review_status": "unreviewed"}, "geometry": {"type": "LineString", "coordinates": [[127.07854022430946, 36.49140063459421], [127.0787759111408, 36.49147753105486], [127.07901159797213, 36.49170822043681], [127.07915301007093, 36.49174666866714], [127.07943583426852, 36.491938909818764], [127.07962438373359, 36.491938909818764], [127.07995434529747, 36.49174666866714], [127.0799072079312, 36.49140063459421], [127.08000148266373, 36.49124684167291], [127.08023716949506, 36.49105460052128], [127.08023716949506, 36.490939255830305], [127.07986007056493, 36.49040098060575], [127.08000148266373, 36.490208739454125], [127.08009575739626, 36.4901702912238], [127.0804728563264, 36.4901702912238], [127.08075568052399, 36.489978050072175], [127.08094422998906, 36.489978050072175], [127.08136846628547, 36.4903240841451], [127.08155701575053, 36.49040098060575], [127.0818869773144, 36.4901702912238]]}}, {"type": "Feature", "properties": {"proposal_id": "visible-line-32", "tile_id": "178-gongju-hydro", "sheet_id": "178-gongju", "split": "holdout_test", "proposal_kind": "visible_linework_review_only", "backend": "grayscale_ridge_v1_skeleton_v1", "pixel_length": 63.426, "point_count": 8, "confidence": 0.7293, "review_status": "unreviewed"}, "geometry": {"type": "LineString", "coordinates": [[127.07868163640826, 36.48348029914719], [127.0787759111408, 36.48348029914719], [127.07924728480346, 36.48324960976524], [127.08004862003, 36.48271133454069], [127.08023716949506, 36.48271133454069], [127.08037858159386, 36.482826679231664], [127.0803314442276, 36.48313426507426], [127.08004862003, 36.48340340268654]]}}, {"type": "Feature", "properties": {"proposal_id": "visible-line-33", "tile_id": "178-gongju-hydro", "sheet_id": "178-gongju", "split": "holdout_test", "proposal_kind": "visible_linework_review_only", "backend": "grayscale_ridge_v1_skeleton_v1", "pixel_length": 114.326, "point_count": 17, "confidence": 0.7155, "review_status": "unreviewed"}, "geometry": {"type": "LineString", "coordinates": [[127.07910587270466, 36.462256876007615], [127.07929442216972, 36.46237222069859], [127.07943583426852, 36.46237222069859], [127.0799072079312, 36.46260291008054], [127.0804728563264, 36.46306428884444], [127.08075568052399, 36.46352566760835], [127.08080281789026, 36.46367946052965], [127.08075568052399, 36.464409976905834], [127.08070854315773, 36.464448425136155], [127.08070854315773, 36.46471756274843], [127.0806142684252, 36.46490980390006], [127.0806142684252, 36.465140493282014], [127.08051999369266, 36.46533273443364], [127.08051999369266, 36.46552497558527], [127.0804728563264, 36.46556342381559], [127.08051999369266, 36.46571721673689], [127.0804728563264, 36.46575566496722]]}}, {"type": "Feature", "properties": {"proposal_id": "visible-line-34", "tile_id": "178-gongju-hydro", "sheet_id": "178-gongju", "split": "holdout_test", "proposal_kind": "visible_linework_review_only", "backend": "grayscale_ridge_v1_skeleton_v1", "pixel_length": 18.828, "point_count": 3, "confidence": 0.639, "review_status": "unreviewed"}, "geometry": {"type": "LineString", "coordinates": [[127.07915301007093, 36.46294894415347], [127.07920014743719, 36.462987392383795], [127.07924728480346, 36.46364101229933]]}}, {"type": "Feature", "properties": {"proposal_id": "visible-line-35", "tile_id": "178-gongju-hydro", "sheet_id": "178-gongju", "split": "holdout_test", "proposal_kind": "visible_linework_review_only", "backend": "grayscale_ridge_v1_skeleton_v1", "pixel_length": 37.799, "point_count": 8, "confidence": 0.7207, "review_status": "unreviewed"}, "geometry": {"type": "LineString", "coordinates": [[127.07920014743719, 36.47825133982295], [127.07943583426852, 36.47844358097458], [127.07943583426852, 36.47855892566555], [127.07967152109985, 36.4786358221262], [127.07962438373359, 36.47886651150815], [127.07934155953599, 36.4790972008901], [127.07929442216972, 36.479250993811405], [127.07934155953599, 36.47928944204173]]}}, {"type": "Feature", "properties": {"proposal_id": "visible-line-36", "tile_id": "178-gongju-hydro", "sheet_id": "178-gongju", "split": "holdout_test", "proposal_kind": "visible_linework_review_only", "backend": "grayscale_ridge_v1_skeleton_v1", "pixel_length": 24.485, "point_count": 6, "confidence": 0.7492, "review_status": "unreviewed"}, "geometry": {"type": "LineString", "coordinates": [[127.07924728480346, 36.47763616813774], [127.07953010900106, 36.47763616813774], [127.07967152109985, 36.47782840928937], [127.07986007056493, 36.47786685751969], [127.0799072079312, 36.47790530575002], [127.07986007056493, 36.47813599513197]]}}, {"type": "Feature", "properties": {"proposal_id": "visible-line-37", "tile_id": "178-gongju-hydro", "sheet_id": "178-gongju", "split": "holdout_test", "proposal_kind": "visible_linework_review_only", "backend": "grayscale_ridge_v1_skeleton_v1", "pixel_length": 65.113, "point_count": 9, "confidence": 0.7477, "review_status": "unreviewed"}, "geometry": {"type": "LineString", "coordinates": [[127.07957724636732, 36.49436114832926], [127.07967152109985, 36.49393821779568], [127.08014289476253, 36.493592183722754], [127.08023716949506, 36.49343839080145], [127.08028430686133, 36.49316925318917], [127.08056713105893, 36.49293856380722], [127.08108564208787, 36.49293856380722], [127.08113277945414, 36.49297701203755], [127.08141560365173, 36.49293856380722]]}}, {"type": "Feature", "properties": {"proposal_id": "visible-line-38", "tile_id": "178-gongju-hydro", "sheet_id": "178-gongju", "split": "holdout_test", "proposal_kind": "visible_linework_review_only", "backend": "grayscale_ridge_v1_skeleton_v1", "pixel_length": 209.853, "point_count": 24, "confidence": 0.7195, "review_status": "unreviewed"}, "geometry": {"type": "LineString", "coordinates": [[127.07957724636732, 36.49436114832926], [127.07971865846612, 36.49447649302024], [127.08037858159386, 36.49443804478991], [127.08042571896013, 36.49439959655958], [127.08193411468066, 36.49447649302024], [127.08249976307587, 36.494284251868606], [127.08311254883733, 36.494284251868606], [127.08363105986626, 36.49451494125056], [127.08381960933134, 36.494745630632515], [127.08381960933134, 36.49486097532349], [127.08372533459881, 36.495014768244786], [127.08320682356987, 36.49532235408739], [127.08311254883733, 36.49532235408739], [127.0830182741048, 36.49539925054804], [127.0825940378084, 36.49555304346934], [127.0823112136108, 36.49555304346934], [127.08193411468066, 36.49562993993], [127.0811799168204, 36.49562993993], [127.08099136735532, 36.49566838816032], [127.0806142684252, 36.49582218108162], [127.08037858159386, 36.49601442223325], [127.07995434529747, 36.496206663384875], [127.07981293319867, 36.49632200807585], [127.0799072079312, 36.496437352766826]]}}, {"type": "Feature", "properties": {"proposal_id": "visible-line-39", "tile_id": "178-gongju-hydro", "sheet_id": "178-gongju", "split": "holdout_test", "proposal_kind": "visible_linework_review_only", "backend": "grayscale_ridge_v1_skeleton_v1", "pixel_length": 29.485, "point_count": 5, "confidence": 0.6581, "review_status": "unreviewed"}, "geometry": {"type": "LineString", "coordinates": [[127.07957724636732, 36.47217651943155], [127.07971865846612, 36.4724072088135], [127.07976579583239, 36.4727147946561], [127.07981293319867, 36.47275324288643], [127.07976579583239, 36.47321462165033]]}}, {"type": "Feature", "properties": {"proposal_id": "visible-line-40", "tile_id": "178-gongju-hydro", "sheet_id": "178-gongju", "split": "holdout_test", "proposal_kind": "visible_linework_review_only", "backend": "grayscale_ridge_v1_skeleton_v1", "pixel_length": 18.828, "point_count": 5, "confidence": 0.6072, "review_status": "unreviewed"}, "geometry": {"type": "LineString", "coordinates": [[127.07962438373359, 36.47202272651025], [127.07962438373359, 36.47175358889797], [127.07967152109985, 36.47171514066764], [127.07967152109985, 36.471369106594715], [127.07962438373359, 36.47133065836439]]}}, {"type": "Feature", "properties": {"proposal_id": "visible-line-41", "tile_id": "178-gongju-hydro", "sheet_id": "178-gongju", "split": "holdout_test", "proposal_kind": "visible_linework_review_only", "backend": "grayscale_ridge_v1_skeleton_v1", "pixel_length": 31.385, "point_count": 4, "confidence": 0.7155, "review_status": "unreviewed"}, "geometry": {"type": "LineString", "coordinates": [[127.07962438373359, 36.46552497558527], [127.07981293319867, 36.4660248025795], [127.08004862003, 36.46637083665242], [127.08023716949506, 36.466524629573726]]}}, {"type": "Feature", "properties": {"proposal_id": "visible-line-42", "tile_id": "178-gongju-hydro", "sheet_id": "178-gongju", "split": "holdout_test", "proposal_kind": "visible_linework_review_only", "backend": "grayscale_ridge_v1_skeleton_v1", "pixel_length": 50.899, "point_count": 8, "confidence": 0.67, "review_status": "unreviewed"}, "geometry": {"type": "LineString", "coordinates": [[127.07967152109985, 36.47429117209944], [127.08004862003, 36.47436806856009], [127.08094422998906, 36.47432962032976], [127.08099136735532, 36.47436806856009], [127.08136846628547, 36.47436806856009], [127.08141560365173, 36.47440651679042], [127.081462741018, 36.47436806856009], [127.08193411468066, 36.47440651679042]]}}, {"type": "Feature", "properties": {"proposal_id": "visible-line-43", "tile_id": "178-gongju-hydro", "sheet_id": "178-gongju", "split": "holdout_test", "proposal_kind": "visible_linework_review_only", "backend": "grayscale_ridge_v1_skeleton_v1", "pixel_length": 26.627, "point_count": 3, "confidence": 0.6687, "review_status": "unreviewed"}, "geometry": {"type": "LineString", "coordinates": [[127.07967152109985, 36.47060014198821], [127.07986007056493, 36.47033100437593], [127.08042571896013, 36.4698311773817]]}}, {"type": "Feature", "properties": {"proposal_id": "visible-line-44", "tile_id": "178-gongju-hydro", "sheet_id": "178-gongju", "split": "holdout_test", "proposal_kind": "visible_linework_review_only", "backend": "grayscale_ridge_v1_skeleton_v1", "pixel_length": 19.485, "point_count": 5, "confidence": 0.6373, "review_status": "unreviewed"}, "geometry": {"type": "LineString", "coordinates": [[127.0799072079312, 36.45714326137435], [127.08009575739626, 36.45741239898662], [127.08009575739626, 36.45756619190792], [127.08004862003, 36.45760464013825], [127.08009575739626, 36.45779688128987]]}}, {"type": "Feature", "properties": {"proposal_id": "visible-line-45", "tile_id": "178-gongju-hydro", "sheet_id": "178-gongju", "split": "holdout_test", "proposal_kind": "visible_linework_review_only", "backend": "grayscale_ridge_v1_skeleton_v1", "pixel_length": 21.314, "point_count": 5, "confidence": 0.697, "review_status": "unreviewed"}, "geometry": {"type": "LineString", "coordinates": [[127.08009575739626, 36.46210308308631], [127.0803314442276, 36.462064634855984], [127.08066140579146, 36.46221842777729], [127.08080281789026, 36.46237222069859], [127.08089709262279, 36.46237222069859]]}}, {"type": "Feature", "properties": {"proposal_id": "visible-line-46", "tile_id": "178-gongju-hydro", "sheet_id": "178-gongju", "split": "holdout_test", "proposal_kind": "visible_linework_review_only", "backend": "grayscale_ridge_v1_skeleton_v1", "pixel_length": 33.142, "point_count": 8, "confidence": 0.6937, "review_status": "unreviewed"}, "geometry": {"type": "LineString", "coordinates": [[127.08028430686133, 36.45948860342419], [127.0804728563264, 36.45948860342419], [127.08051999369266, 36.45952705165452], [127.08056713105893, 36.45983463749712], [127.08080281789026, 36.45994998218809], [127.08080281789026, 36.460103775109395], [127.08075568052399, 36.46014222333972], [127.08094422998906, 36.460372912721674]]}}, {"type": "Feature", "properties": {"proposal_id": "visible-line-47", "tile_id": "178-gongju-hydro", "sheet_id": "178-gongju", "split": "holdout_test", "proposal_kind": "visible_linework_review_only", "backend": "grayscale_ridge_v1_skeleton_v1", "pixel_length": 44.456, "point_count": 5, "confidence": 0.6784, "review_status": "unreviewed"}, "geometry": {"type": "LineString", "coordinates": [[127.08051999369266, 36.466793767186005], [127.08113277945414, 36.46713980125893], [127.08136846628547, 36.46740893887121], [127.0813213289192, 36.46783186940478], [127.0811799168204, 36.468062558786734]]}}, {"type": "Feature", "properties": {"proposal_id": "visible-line-48", "tile_id": "178-gongju-hydro", "sheet_id": "178-gongju", "split": "holdout_test", "proposal_kind": "visible_linework_review_only", "backend": "grayscale_ridge_v1_skeleton_v1", "pixel_length": 23.828, "point_count": 4, "confidence": 0.7038, "review_status": "unreviewed"}, "geometry": {"type": "LineString", "coordinates": [[127.08075568052399, 36.47679030707059], [127.08080281789026, 36.47675185884026], [127.08080281789026, 36.47598289423375], [127.08089709262279, 36.47594444600343]]}}, {"type": "Feature", "properties": {"proposal_id": "visible-line-49", "tile_id": "178-gongju-hydro", "sheet_id": "178-gongju", "split": "holdout_test", "proposal_kind": "visible_linework_review_only", "backend": "grayscale_ridge_v1_skeleton_v1", "pixel_length": 18.828, "point_count": 4, "confidence": 0.6405, "review_status": "unreviewed"}, "geometry": {"type": "LineString", "coordinates": [[127.08089709262279, 36.48132719824898], [127.08094422998906, 36.481211853558], [127.08094422998906, 36.48075047479409], [127.08089709262279, 36.48063513010312]]}}, {"type": "Feature", "properties": {"proposal_id": "visible-line-50", "tile_id": "178-gongju-hydro", "sheet_id": "178-gongju", "split": "holdout_test", "proposal_kind": "visible_linework_review_only", "backend": "grayscale_ridge_v1_skeleton_v1", "pixel_length": 19.414, "point_count": 3, "confidence": 0.6951, "review_status": "unreviewed"}, "geometry": {"type": "LineString", "coordinates": [[127.08094422998906, 36.46164170432241], [127.08094422998906, 36.461064980867526], [127.08099136735532, 36.46091118794622]]}}, {"type": "Feature", "properties": {"proposal_id": "visible-line-51", "tile_id": "178-gongju-hydro", "sheet_id": "178-gongju", "split": "holdout_test", "proposal_kind": "visible_linework_review_only", "backend": "grayscale_ridge_v1_skeleton_v1", "pixel_length": 18.071, "point_count": 4, "confidence": 0.6358, "review_status": "unreviewed"}, "geometry": {"type": "LineString", "coordinates": [[127.0811799168204, 36.466293940191775], [127.081462741018, 36.46644773311307], [127.08183983994813, 36.46644773311307], [127.08193411468066, 36.46640928488275]]}}, {"type": "Feature", "properties": {"proposal_id": "visible-line-52", "tile_id": "178-gongju-hydro", "sheet_id": "178-gongju", "split": "holdout_test", "proposal_kind": "visible_linework_review_only", "backend": "grayscale_ridge_v1_skeleton_v1", "pixel_length": 19.243, "point_count": 4, "confidence": 0.6617, "review_status": "unreviewed"}, "geometry": {"type": "LineString", "coordinates": [[127.081462741018, 36.459411706963536], [127.0816041531168, 36.459373258733216], [127.08212266414573, 36.459373258733216], [127.0823112136108, 36.45945015519386]]}}, {"type": "Feature", "properties": {"proposal_id": "visible-line-53", "tile_id": "178-gongju-hydro", "sheet_id": "178-gongju", "split": "holdout_test", "proposal_kind": "visible_linework_review_only", "backend": "grayscale_ridge_v1_skeleton_v1", "pixel_length": 19.899, "point_count": 3, "confidence": 0.7048, "review_status": "unreviewed"}, "geometry": {"type": "LineString", "coordinates": [[127.0816041531168, 36.466832215416325], [127.08226407624453, 36.46667842249502], [127.08240548834334, 36.46656307780405]]}}, {"type": "Feature", "properties": {"proposal_id": "visible-line-54", "tile_id": "178-gongju-hydro", "sheet_id": "178-gongju", "split": "holdout_test", "proposal_kind": "visible_linework_review_only", "backend": "grayscale_ridge_v1_skeleton_v1", "pixel_length": 20.0, "point_count": 2, "confidence": 0.6937, "review_status": "unreviewed"}, "geometry": {"type": "LineString", "coordinates": [[127.0817455652156, 36.4631411853051], [127.0817455652156, 36.46237222069859]]}}, {"type": "Feature", "properties": {"proposal_id": "visible-line-55", "tile_id": "178-gongju-hydro", "sheet_id": "178-gongju", "split": "holdout_test", "proposal_kind": "visible_linework_review_only", "backend": "grayscale_ridge_v1_skeleton_v1", "pixel_length": 34.142, "point_count": 7, "confidence": 0.7256, "review_status": "unreviewed"}, "geometry": {"type": "LineString", "coordinates": [[127.0818869773144, 36.48767115625265], [127.08212266414573, 36.487402018640374], [127.08235835097706, 36.487402018640374], [127.0824526257096, 36.48747891510103], [127.0824526257096, 36.487632708022325], [127.08249976307587, 36.48767115625265], [127.08240548834334, 36.488094086786234]]}}, {"type": "Feature", "properties": {"proposal_id": "visible-line-56", "tile_id": "178-gongju-hydro", "sheet_id": "178-gongju", "split": "holdout_test", "proposal_kind": "visible_linework_review_only", "backend": "grayscale_ridge_v1_skeleton_v1", "pixel_length": 136.083, "point_count": 17, "confidence": 0.6899, "review_status": "unreviewed"}, "geometry": {"type": "LineString", "coordinates": [[127.0820283894132, 36.47440651679042], [127.08264117517467, 36.47452186148139], [127.08292399937227, 36.474483413251065], [127.08339537303493, 36.474252723869114], [127.0835839225, 36.474252723869114], [127.08424384562774, 36.47390668979619], [127.08447953245907, 36.47386824156586], [127.08466808192414, 36.473752896874885], [127.08490376875547, 36.47371444864456], [127.08513945558681, 36.47359910395358], [127.08532800505188, 36.47359910395358], [127.0859879281796, 36.473445311032286], [127.08693067550495, 36.473445311032286], [127.08697781287121, 36.47340686280196], [127.08716636233628, 36.47340686280196], [127.08749632390014, 36.473483759262606], [127.08777914809775, 36.473483759262606]]}}, {"type": "Feature", "properties": {"proposal_id": "visible-line-57", "tile_id": "178-gongju-hydro", "sheet_id": "178-gongju", "split": "holdout_test", "proposal_kind": "visible_linework_review_only", "backend": "grayscale_ridge_v1_skeleton_v1", "pixel_length": 23.657, "point_count": 7, "confidence": 0.7652, "review_status": "unreviewed"}, "geometry": {"type": "LineString", "coordinates": [[127.08207552677946, 36.49586062931195], [127.08240548834334, 36.49586062931195], [127.08254690044214, 36.495783732851294], [127.08268831254094, 36.495783732851294], [127.0827354499072, 36.49582218108162], [127.0827354499072, 36.4960913186939], [127.08278258727347, 36.49612976692423]]}}, {"type": "Feature", "properties": {"proposal_id": "visible-line-58", "tile_id": "178-gongju-hydro", "sheet_id": "178-gongju", "split": "holdout_test", "proposal_kind": "visible_linework_review_only", "backend": "grayscale_ridge_v1_skeleton_v1", "pixel_length": 39.87, "point_count": 5, "confidence": 0.7472, "review_status": "unreviewed"}, "geometry": {"type": "LineString", "coordinates": [[127.08207552677946, 36.46637083665242], [127.08240548834334, 36.466101699040145], [127.08282972463974, 36.465371182663965], [127.08292399937227, 36.46529428620332], [127.08297113673854, 36.465140493282014]]}}, {"type": "Feature", "properties": {"proposal_id": "visible-line-59", "tile_id": "178-gongju-hydro", "sheet_id": "178-gongju", "split": "holdout_test", "proposal_kind": "visible_linework_review_only", "backend": "grayscale_ridge_v1_skeleton_v1", "pixel_length": 48.556, "point_count": 9, "confidence": 0.6903, "review_status": "unreviewed"}, "geometry": {"type": "LineString", "coordinates": [[127.08254690044214, 36.49155442751551], [127.08254690044214, 36.49136218636389], [127.0827354499072, 36.49124684167291], [127.0830182741048, 36.49124684167291], [127.08311254883733, 36.49132373813356], [127.08348964776746, 36.491439082824535], [127.08377247196508, 36.491439082824535], [127.08405529616267, 36.49136218636389], [127.08438525772654, 36.49140063459421]]}}, {"type": "Feature", "properties": {"proposal_id": "visible-line-60", "tile_id": "178-gongju-hydro", "sheet_id": "178-gongju", "split": "holdout_test", "proposal_kind": "visible_linework_review_only", "backend": "grayscale_ridge_v1_skeleton_v1", "pixel_length": 95.326, "point_count": 11, "confidence": 0.7294, "review_status": "unreviewed"}, "geometry": {"type": "LineString", "coordinates": [[127.08268831254094, 36.48936287838697], [127.0830182741048, 36.489516671308266], [127.08348964776746, 36.489978050072175], [127.08377247196508, 36.49005494653282], [127.0841495708952, 36.49005494653282], [127.08438525772654, 36.4901702912238], [127.08476235665667, 36.4901702912238], [127.08528086768561, 36.48963201599924], [127.08579937871454, 36.48940132661729], [127.08617647764467, 36.48940132661729], [127.08622361501094, 36.48943977484762]]}}, {"type": "Feature", "properties": {"proposal_id": "visible-line-61", "tile_id": "178-gongju-hydro", "sheet_id": "178-gongju", "split": "holdout_test", "proposal_kind": "visible_linework_review_only", "backend": "grayscale_ridge_v1_skeleton_v1", "pixel_length": 32.627, "point_count": 5, "confidence": 0.6635, "review_status": "unreviewed"}, "geometry": {"type": "LineString", "coordinates": [[127.0835839225, 36.46502514859104], [127.08410243352894, 36.46460221805746], [127.08433812036027, 36.46456376982713], [127.08462094455787, 36.464448425136155], [127.08480949402293, 36.46448687336648]]}}, {"type": "Feature", "properties": {"proposal_id": "visible-line-62", "tile_id": "178-gongju-hydro", "sheet_id": "178-gongju", "split": "holdout_test", "proposal_kind": "visible_linework_review_only", "backend": "grayscale_ridge_v1_skeleton_v1", "pixel_length": 21.485, "point_count": 4, "confidence": 0.7276, "review_status": "unreviewed"}, "geometry": {"type": "LineString", "coordinates": [[127.0835839225, 36.46002687864875], [127.08381960933134, 36.46014222333972], [127.08419670826147, 36.46014222333972], [127.08447953245907, 36.46002687864875]]}}, {"type": "Feature", "properties": {"proposal_id": "visible-line-63", "tile_id": "178-gongju-hydro", "sheet_id": "178-gongju", "split": "holdout_test", "proposal_kind": "visible_linework_review_only", "backend": "grayscale_ridge_v1_skeleton_v1", "pixel_length": 19.485, "point_count": 4, "confidence": 0.585, "review_status": "unreviewed"}, "geometry": {"type": "LineString", "coordinates": [[127.08377247196508, 36.46437152867551], [127.0841495708952, 36.46429463221486], [127.08447953245907, 36.464140839293556], [127.0845738071916, 36.464140839293556]]}}, {"type": "Feature", "properties": {"proposal_id": "visible-line-64", "tile_id": "178-gongju-hydro", "sheet_id": "178-gongju", "split": "holdout_test", "proposal_kind": "visible_linework_review_only", "backend": "grayscale_ridge_v1_skeleton_v1", "pixel_length": 32.899, "point_count": 6, "confidence": 0.6798, "review_status": "unreviewed"}, "geometry": {"type": "LineString", "coordinates": [[127.0841495708952, 36.45956549988484], [127.0841495708952, 36.45902722466029], [127.084290982994, 36.458950328199634], [127.0844323950928, 36.458950328199634], [127.08452666982534, 36.45902722466029], [127.08438525772654, 36.45933481050289]]}}, {"type": "Feature", "properties": {"proposal_id": "visible-line-65", "tile_id": "178-gongju-hydro", "sheet_id": "178-gongju", "split": "holdout_test", "proposal_kind": "visible_linework_review_only", "backend": "grayscale_ridge_v1_skeleton_v1", "pixel_length": 26.899, "point_count": 4, "confidence": 0.7385, "review_status": "unreviewed"}, "geometry": {"type": "LineString", "coordinates": [[127.0845738071916, 36.491439082824535], [127.08476235665667, 36.49151597928518], [127.08542227978441, 36.49147753105486], [127.08565796661574, 36.491669772206485]]}}, {"type": "Feature", "properties": {"proposal_id": "visible-line-66", "tile_id": "178-gongju-hydro", "sheet_id": "178-gongju", "split": "holdout_test", "proposal_kind": "visible_linework_review_only", "backend": "grayscale_ridge_v1_skeleton_v1", "pixel_length": 20.485, "point_count": 2, "confidence": 0.6353, "review_status": "unreviewed"}, "geometry": {"type": "LineString", "coordinates": [[127.08480949402293, 36.47402203448716], [127.08565796661574, 36.47379134510521]]}}, {"type": "Feature", "properties": {"proposal_id": "visible-line-67", "tile_id": "178-gongju-hydro", "sheet_id": "178-gongju", "split": "holdout_test", "proposal_kind": "visible_linework_review_only", "backend": "grayscale_ridge_v1_skeleton_v1", "pixel_length": 20.243, "point_count": 5, "confidence": 0.678, "review_status": "unreviewed"}, "geometry": {"type": "LineString", "coordinates": [[127.08532800505188, 36.48590253765769], [127.08532800505188, 36.48563340004541], [127.08537514241814, 36.48559495181509], [127.08532800505188, 36.485210469511834], [127.08537514241814, 36.48517202128151]]}}, {"type": "Feature", "properties": {"proposal_id": "visible-line-68", "tile_id": "178-gongju-hydro", "sheet_id": "178-gongju", "split": "holdout_test", "proposal_kind": "visible_linework_review_only", "backend": "grayscale_ridge_v1_skeleton_v1", "pixel_length": 21.657, "point_count": 6, "confidence": 0.6232, "review_status": "unreviewed"}, "geometry": {"type": "LineString", "coordinates": [[127.08532800505188, 36.483288057995566], [127.08532800505188, 36.48290357569231], [127.08537514241814, 36.482865127461984], [127.08532800505188, 36.48274978277101], [127.08537514241814, 36.482557541619386], [127.08532800505188, 36.48251909338906]]}}, {"type": "Feature", "properties": {"proposal_id": "visible-line-69", "tile_id": "178-gongju-hydro", "sheet_id": "178-gongju", "split": "holdout_test", "proposal_kind": "visible_linework_review_only", "backend": "grayscale_ridge_v1_skeleton_v1", "pixel_length": 20.899, "point_count": 5, "confidence": 0.704, "review_status": "unreviewed"}, "geometry": {"type": "LineString", "coordinates": [[127.08532800505188, 36.45779688128987], [127.08551655451694, 36.457950674211176], [127.08546941715068, 36.45810446713248], [127.08551655451694, 36.45841205297508], [127.08546941715068, 36.45848894943573]]}}, {"type": "Feature", "properties": {"proposal_id": "visible-line-70", "tile_id": "178-gongju-hydro", "sheet_id": "178-gongju", "split": "holdout_test", "proposal_kind": "visible_linework_review_only", "backend": "grayscale_ridge_v1_skeleton_v1", "pixel_length": 23.213, "point_count": 4, "confidence": 0.7033, "review_status": "unreviewed"}, "geometry": {"type": "LineString", "coordinates": [[127.08579937871454, 36.48155788763093], [127.08631788974348, 36.481134957097346], [127.08645930184228, 36.481173405327674], [127.08660071394108, 36.48128875001865]]}}, {"type": "Feature", "properties": {"proposal_id": "visible-line-71", "tile_id": "178-gongju-hydro", "sheet_id": "178-gongju", "split": "holdout_test", "proposal_kind": "visible_linework_review_only", "backend": "grayscale_ridge_v1_skeleton_v1", "pixel_length": 25.485, "point_count": 5, "confidence": 0.7263, "review_status": "unreviewed"}, "geometry": {"type": "LineString", "coordinates": [[127.08617647764467, 36.49036253237543], [127.08617647764467, 36.49013184299347], [127.08636502710975, 36.48982425715087], [127.08636502710975, 36.48963201599924], [127.0862707523772, 36.489478223077946]]}}, {"type": "Feature", "properties": {"proposal_id": "visible-line-72", "tile_id": "178-gongju-hydro", "sheet_id": "178-gongju", "split": "holdout_test", "proposal_kind": "visible_linework_review_only", "backend": "grayscale_ridge_v1_skeleton_v1", "pixel_length": 23.799, "point_count": 4, "confidence": 0.6582, "review_status": "unreviewed"}, "geometry": {"type": "LineString", "coordinates": [[127.08664785130735, 36.483518747377516], [127.08697781287121, 36.48386478145044], [127.08721349970254, 36.48405702260207], [127.08740204916761, 36.48413391906272]]}}, {"type": "Feature", "properties": {"proposal_id": "visible-line-73", "tile_id": "178-gongju-hydro", "sheet_id": "178-gongju", "split": "holdout_test", "proposal_kind": "visible_linework_review_only", "backend": "grayscale_ridge_v1_skeleton_v1", "pixel_length": 19.243, "point_count": 3, "confidence": 0.6293, "review_status": "unreviewed"}, "geometry": {"type": "LineString", "coordinates": [[127.08688353813868, 36.46779342117446], [127.08697781287121, 36.468062558786734], [127.08693067550495, 36.468485489320315]]}}, {"type": "Feature", "properties": {"proposal_id": "visible-line-74", "tile_id": "178-gongju-hydro", "sheet_id": "178-gongju", "split": "holdout_test", "proposal_kind": "visible_linework_review_only", "backend": "grayscale_ridge_v1_skeleton_v1", "pixel_length": 30.385, "point_count": 6, "confidence": 0.736, "review_status": "unreviewed"}, "geometry": {"type": "LineString", "coordinates": [[127.08693067550495, 36.467562731792505], [127.08707208760374, 36.467332042410554], [127.08707208760374, 36.46721669771958], [127.08726063706881, 36.467024456567955], [127.08735491180134, 36.466793767186005], [127.08759059863267, 36.4666399742647]]}}, {"type": "Feature", "properties": {"proposal_id": "visible-line-75", "tile_id": "178-gongju-hydro", "sheet_id": "178-gongju", "split": "holdout_test", "proposal_kind": "visible_linework_review_only", "backend": "grayscale_ridge_v1_skeleton_v1", "pixel_length": 146.326, "point_count": 18, "confidence": 0.6835, "review_status": "unreviewed"}, "geometry": {"type": "LineString", "coordinates": [[127.08721349970254, 36.46383325345095], [127.08735491180134, 36.46379480522062], [127.08763773599895, 36.46356411583867], [127.08773201073149, 36.46337187468705], [127.08787342283028, 36.46302584061412], [127.08782628546402, 36.46291049592315], [127.08792056019655, 36.46267980654119], [127.08792056019655, 36.46244911715924], [127.08801483492908, 36.462295324237935], [127.08801483492908, 36.46194929016501], [127.08806197229535, 36.46191084193469], [127.08810910966162, 36.46160325609208], [127.08872189542308, 36.460372912721674], [127.08872189542308, 36.46018067157004], [127.08881617015561, 36.45998843041842], [127.08881617015561, 36.459642396345494], [127.08886330752188, 36.459603948115166], [127.08876903278934, 36.458873431738986]]}}, {"type": "Feature", "properties": {"proposal_id": "visible-line-76", "tile_id": "178-gongju-hydro", "sheet_id": "178-gongju", "split": "holdout_test", "proposal_kind": "visible_linework_review_only", "backend": "grayscale_ridge_v1_skeleton_v1", "pixel_length": 20.657, "point_count": 3, "confidence": 0.6843, "review_status": "unreviewed"}, "geometry": {"type": "LineString", "coordinates": [[127.08735491180134, 36.49328459788015], [127.08796769756282, 36.49324614964983], [127.08825052176041, 36.4933614943408]]}}, {"type": "Feature", "properties": {"proposal_id": "visible-line-77", "tile_id": "178-gongju-hydro", "sheet_id": "178-gongju", "split": "holdout_test", "proposal_kind": "visible_linework_review_only", "backend": "grayscale_ridge_v1_skeleton_v1", "pixel_length": 22.899, "point_count": 5, "confidence": 0.6521, "review_status": "unreviewed"}, "geometry": {"type": "LineString", "coordinates": [[127.08768487336522, 36.46640928488275], [127.08792056019655, 36.466101699040145], [127.08792056019655, 36.46590945788852], [127.08801483492908, 36.46575566496722], [127.08801483492908, 36.46564032027624]]}}, {"type": "Feature", "properties": {"proposal_id": "visible-line-78", "tile_id": "178-gongju-hydro", "sheet_id": "178-gongju", "split": "holdout_test", "proposal_kind": "visible_linework_review_only", "backend": "grayscale_ridge_v1_skeleton_v1", "pixel_length": 19.485, "point_count": 4, "confidence": 0.5673, "review_status": "unreviewed"}, "geometry": {"type": "LineString", "coordinates": [[127.08777914809775, 36.46425618398453], [127.08787342283028, 36.464409976905834], [127.08782628546402, 36.46456376982713], [127.08796769756282, 36.46490980390006]]}}, {"type": "Feature", "properties": {"proposal_id": "visible-line-79", "tile_id": "178-gongju-hydro", "sheet_id": "178-gongju", "split": "holdout_test", "proposal_kind": "visible_linework_review_only", "backend": "grayscale_ridge_v1_skeleton_v1", "pixel_length": 22.657, "point_count": 4, "confidence": 0.6788, "review_status": "unreviewed"}, "geometry": {"type": "LineString", "coordinates": [[127.08787342283028, 36.47379134510521], [127.08815624702788, 36.47379134510521], [127.08867475805681, 36.473945138026515], [127.08886330752188, 36.473945138026515]]}}, {"type": "Feature", "properties": {"proposal_id": "visible-line-80", "tile_id": "178-gongju-hydro", "sheet_id": "178-gongju", "split": "holdout_test", "proposal_kind": "visible_linework_review_only", "backend": "grayscale_ridge_v1_skeleton_v1", "pixel_length": 23.071, "point_count": 3, "confidence": 0.6617, "review_status": "unreviewed"}, "geometry": {"type": "LineString", "coordinates": [[127.08792056019655, 36.473483759262606], [127.08810910966162, 36.47356065572326], [127.08891044488816, 36.47367600041424]]}}, {"type": "Feature", "properties": {"proposal_id": "visible-line-81", "tile_id": "178-gongju-hydro", "sheet_id": "178-gongju", "split": "holdout_test", "proposal_kind": "visible_linework_review_only", "backend": "grayscale_ridge_v1_skeleton_v1", "pixel_length": 34.314, "point_count": 6, "confidence": 0.7391, "review_status": "unreviewed"}, "geometry": {"type": "LineString", "coordinates": [[127.08867475805681, 36.49328459788015], [127.08867475805681, 36.4932077014195], [127.08891044488816, 36.492861667346574], [127.08891044488816, 36.49255408150397], [127.08905185698696, 36.492361840352345], [127.08905185698696, 36.49209270274007]]}}, {"type": "Feature", "properties": {"proposal_id": "visible-line-82", "tile_id": "178-gongju-hydro", "sheet_id": "178-gongju", "split": "holdout_test", "proposal_kind": "visible_linework_review_only", "backend": "grayscale_ridge_v1_skeleton_v1", "pixel_length": 18.071, "point_count": 4, "confidence": 0.7006, "review_status": "unreviewed"}, "geometry": {"type": "LineString", "coordinates": [[127.08895758225442, 36.49516856116609], [127.08909899435322, 36.494976320014466], [127.08914613171949, 36.49459183771121], [127.08919326908575, 36.494553389480885]]}}, {"type": "Feature", "properties": {"proposal_id": "visible-line-83", "tile_id": "178-gongju-hydro", "sheet_id": "178-gongju", "split": "holdout_test", "proposal_kind": "visible_linework_review_only", "backend": "grayscale_ridge_v1_skeleton_v1", "pixel_length": 23.243, "point_count": 4, "confidence": 0.6824, "review_status": "unreviewed"}, "geometry": {"type": "LineString", "coordinates": [[127.08905185698696, 36.469984970303], [127.08914613171949, 36.469446695078446], [127.08919326908575, 36.469408246848126], [127.08919326908575, 36.46913910923585]]}}, {"type": "Feature", "properties": {"proposal_id": "visible-line-84", "tile_id": "178-gongju-hydro", "sheet_id": "178-gongju", "split": "holdout_test", "proposal_kind": "visible_linework_review_only", "backend": "grayscale_ridge_v1_skeleton_v1", "pixel_length": 20.971, "point_count": 3, "confidence": 0.7737, "review_status": "unreviewed"}, "geometry": {"type": "LineString", "coordinates": [[127.08905185698696, 36.469984970303], [127.08924040645202, 36.47025410791528], [127.08961750538215, 36.47060014198821]]}}, {"type": "Feature", "properties": {"proposal_id": "visible-line-85", "tile_id": "178-gongju-hydro", "sheet_id": "178-gongju", "split": "holdout_test", "proposal_kind": "visible_linework_review_only", "backend": "grayscale_ridge_v1_skeleton_v1", "pixel_length": 31.728, "point_count": 3, "confidence": 0.6928, "review_status": "unreviewed"}, "geometry": {"type": "LineString", "coordinates": [[127.08924040645202, 36.49436114832926], [127.08924040645202, 36.49420735540796], [127.08966464274842, 36.49328459788015]]}}, {"type": "Feature", "properties": {"proposal_id": "visible-line-86", "tile_id": "178-gongju-hydro", "sheet_id": "178-gongju", "split": "holdout_test", "proposal_kind": "visible_linework_review_only", "backend": "grayscale_ridge_v1_skeleton_v1", "pixel_length": 19.071, "point_count": 3, "confidence": 0.7242, "review_status": "unreviewed"}, "geometry": {"type": "LineString", "coordinates": [[127.08957036801588, 36.468908419853896], [127.09004174167855, 36.46894686808422], [127.09023029114363, 36.468677730471946]]}}, {"type": "Feature", "properties": {"proposal_id": "visible-line-87", "tile_id": "178-gongju-hydro", "sheet_id": "178-gongju", "split": "holdout_test", "proposal_kind": "visible_linework_review_only", "backend": "grayscale_ridge_v1_skeleton_v1", "pixel_length": 19.899, "point_count": 3, "confidence": 0.6442, "review_status": "unreviewed"}, "geometry": {"type": "LineString", "coordinates": [[127.08985319221348, 36.49293856380722], [127.08999460431228, 36.49278477088592], [127.09018315377735, 36.49228494389169]]}}, {"type": "Feature", "properties": {"proposal_id": "visible-line-88", "tile_id": "178-gongju-hydro", "sheet_id": "178-gongju", "split": "holdout_test", "proposal_kind": "visible_linework_review_only", "backend": "grayscale_ridge_v1_skeleton_v1", "pixel_length": 23.657, "point_count": 2, "confidence": 0.6754, "review_status": "unreviewed"}, "geometry": {"type": "LineString", "coordinates": [[127.08985319221348, 36.47386824156586], [127.09089021427135, 36.47402203448716]]}}, {"type": "Feature", "properties": {"proposal_id": "visible-line-89", "tile_id": "178-gongju-hydro", "sheet_id": "178-gongju", "split": "holdout_test", "proposal_kind": "visible_linework_review_only", "backend": "grayscale_ridge_v1_skeleton_v1", "pixel_length": 20.243, "point_count": 3, "confidence": 0.7604, "review_status": "unreviewed"}, "geometry": {"type": "LineString", "coordinates": [[127.08994746694601, 36.489747360690224], [127.09008887904481, 36.49005494653282], [127.09008887904481, 36.490477877066404]]}}, {"type": "Feature", "properties": {"proposal_id": "visible-line-90", "tile_id": "178-gongju-hydro", "sheet_id": "178-gongju", "split": "holdout_test", "proposal_kind": "visible_linework_review_only", "backend": "grayscale_ridge_v1_skeleton_v1", "pixel_length": 18.414, "point_count": 3, "confidence": 0.6718, "review_status": "unreviewed"}, "geometry": {"type": "LineString", "coordinates": [[127.09023029114363, 36.48155788763093], [127.09023029114363, 36.480904267715395], [127.09027742850989, 36.48086581948507]]}}, {"type": "Feature", "properties": {"proposal_id": "visible-line-91", "tile_id": "178-gongju-hydro", "sheet_id": "178-gongju", "split": "holdout_test", "proposal_kind": "visible_linework_review_only", "backend": "grayscale_ridge_v1_skeleton_v1", "pixel_length": 61.042, "point_count": 9, "confidence": 0.7174, "review_status": "unreviewed"}, "geometry": {"type": "LineString", "coordinates": [[127.09027742850989, 36.46852393755064], [127.09027742850989, 36.46844704108999], [127.09056025270749, 36.46813945524739], [127.09089021427135, 36.468024110556414], [127.09136158793402, 36.468024110556414], [127.09159727476536, 36.46790876586544], [127.09159727476536, 36.46763962825316], [127.09140872530028, 36.46737049064088], [127.09136158793402, 36.467062904798276]]}}, {"type": "Feature", "properties": {"proposal_id": "visible-line-92", "tile_id": "178-gongju-hydro", "sheet_id": "178-gongju", "split": "holdout_test", "proposal_kind": "visible_linework_review_only", "backend": "grayscale_ridge_v1_skeleton_v1", "pixel_length": 21.899, "point_count": 20, "confidence": 0.649, "review_status": "unreviewed"}, "geometry": {"type": "LineString", "coordinates": [[127.09060739007376, 36.47121531367341], [127.09060739007376, 36.47117686544309], [127.09065452744002, 36.471138417212764], [127.09070166480629, 36.471099968982436], [127.09074880217256, 36.471099968982436], [127.09079593953882, 36.471099968982436], [127.09084307690509, 36.471138417212764], [127.09089021427135, 36.47117686544309], [127.09089021427135, 36.47121531367341], [127.09089021427135, 36.47125376190374], [127.09089021427135, 36.47129221013407], [127.09089021427135, 36.47133065836439], [127.09084307690509, 36.471369106594715], [127.09079593953882, 36.471369106594715], [127.09074880217256, 36.471369106594715], [127.09070166480629, 36.471369106594715], [127.09065452744002, 36.47133065836439], [127.09065452744002, 36.47129221013407], [127.09065452744002, 36.47125376190374], [127.09060739007376, 36.47121531367341]]}}, {"type": "Feature", "properties": {"proposal_id": "visible-line-93", "tile_id": "178-gongju-hydro", "sheet_id": "178-gongju", "split": "holdout_test", "proposal_kind": "visible_linework_review_only", "backend": "grayscale_ridge_v1_skeleton_v1", "pixel_length": 28.142, "point_count": 6, "confidence": 0.7169, "review_status": "unreviewed"}, "geometry": {"type": "LineString", "coordinates": [[127.09065452744002, 36.46148791140111], [127.09070166480629, 36.46141101494046], [127.09084307690509, 36.46141101494046], [127.09131445056775, 36.46168015255273], [127.09122017583522, 36.46187239370436], [127.09103162637015, 36.46187239370436]]}}, {"type": "Feature", "properties": {"proposal_id": "visible-line-94", "tile_id": "178-gongju-hydro", "sheet_id": "178-gongju", "split": "holdout_test", "proposal_kind": "visible_linework_review_only", "backend": "grayscale_ridge_v1_skeleton_v1", "pixel_length": 21.0, "point_count": 2, "confidence": 0.7266, "review_status": "unreviewed"}, "geometry": {"type": "LineString", "coordinates": [[127.09084307690509, 36.490516325296724], [127.09084307690509, 36.489708912459896]]}}, {"type": "Feature", "properties": {"proposal_id": "visible-line-95", "tile_id": "178-gongju-hydro", "sheet_id": "178-gongju", "split": "holdout_test", "proposal_kind": "visible_linework_review_only", "backend": "grayscale_ridge_v1_skeleton_v1", "pixel_length": 37.314, "point_count": 6, "confidence": 0.6903, "review_status": "unreviewed"}, "geometry": {"type": "LineString", "coordinates": [[127.09084307690509, 36.46571721673689], [127.09117303846895, 36.465678768506564], [127.09150300003282, 36.465794113197546], [127.09202151106176, 36.46575566496722], [127.09216292316056, 36.46583256142787], [127.09221006052682, 36.46606325080982]]}}, {"type": "Feature", "properties": {"proposal_id": "visible-line-96", "tile_id": "178-gongju-hydro", "sheet_id": "178-gongju", "split": "holdout_test", "proposal_kind": "visible_linework_review_only", "backend": "grayscale_ridge_v1_skeleton_v1", "pixel_length": 18.657, "point_count": 3, "confidence": 0.7015, "review_status": "unreviewed"}, "geometry": {"type": "LineString", "coordinates": [[127.09089021427135, 36.49109304875161], [127.09107876373642, 36.49128528990323], [127.09107876373642, 36.49174666866714]]}}, {"type": "Feature", "properties": {"proposal_id": "visible-line-97", "tile_id": "178-gongju-hydro", "sheet_id": "178-gongju", "split": "holdout_test", "proposal_kind": "visible_linework_review_only", "backend": "grayscale_ridge_v1_skeleton_v1", "pixel_length": 25.314, "point_count": 4, "confidence": 0.7596, "review_status": "unreviewed"}, "geometry": {"type": "LineString", "coordinates": [[127.09107876373642, 36.471061520752116], [127.09140872530028, 36.47083083137016], [127.0918329615967, 36.47083083137016], [127.09211578579429, 36.47090772783081]]}}, {"type": "Feature", "properties": {"proposal_id": "visible-line-98", "tile_id": "178-gongju-hydro", "sheet_id": "178-gongju", "split": "holdout_test", "proposal_kind": "visible_linework_review_only", "backend": "grayscale_ridge_v1_skeleton_v1", "pixel_length": 19.243, "point_count": 4, "confidence": 0.6134, "review_status": "unreviewed"}, "geometry": {"type": "LineString", "coordinates": [[127.09122017583522, 36.47436806856009], [127.09164441213163, 36.47440651679042], [127.0918329615967, 36.474483413251065], [127.09206864842803, 36.474483413251065]]}}, {"type": "Feature", "properties": {"proposal_id": "visible-line-99", "tile_id": "178-gongju-hydro", "sheet_id": "178-gongju", "split": "holdout_test", "proposal_kind": "visible_linework_review_only", "backend": "grayscale_ridge_v1_skeleton_v1", "pixel_length": 96.527, "point_count": 9, "confidence": 0.7519, "review_status": "unreviewed"}, "geometry": {"type": "LineString", "coordinates": [[127.09140872530028, 36.47409893094781], [127.09145586266655, 36.47413737917814], [127.09164441213163, 36.47413737917814], [127.09178582423043, 36.474214275638786], [127.09235147262562, 36.474252723869114], [127.0931056704859, 36.47456030971172], [127.09381273097989, 36.47475255086334], [127.0945197914739, 36.474714102633016], [127.0955096761655, 36.47452186148139]]}}, {"type": "Feature", "properties": {"proposal_id": "visible-line-100", "tile_id": "178-gongju-hydro", "sheet_id": "178-gongju", "split": "holdout_test", "proposal_kind": "visible_linework_review_only", "backend": "grayscale_ridge_v1_skeleton_v1", "pixel_length": 48.284, "point_count": 6, "confidence": 0.6261, "review_status": "unreviewed"}, "geometry": {"type": "LineString", "coordinates": [[127.09164441213163, 36.485671848275736], [127.09188009896296, 36.48536426243313], [127.09197437369549, 36.48513357305118], [127.09197437369549, 36.48490288366923], [127.09211578579429, 36.4845568495963], [127.09258715945695, 36.48413391906272]]}}, {"type": "Feature", "properties": {"proposal_id": "visible-line-101", "tile_id": "178-gongju-hydro", "sheet_id": "178-gongju", "split": "holdout_test", "proposal_kind": "visible_linework_review_only", "backend": "grayscale_ridge_v1_skeleton_v1", "pixel_length": 19.971, "point_count": 3, "confidence": 0.788, "review_status": "unreviewed"}, "geometry": {"type": "LineString", "coordinates": [[127.09188009896296, 36.46671687072535], [127.09221006052682, 36.467024456567955], [127.09254002209069, 36.46721669771958]]}}, {"type": "Feature", "properties": {"proposal_id": "visible-line-102", "tile_id": "178-gongju-hydro", "sheet_id": "178-gongju", "split": "holdout_test", "proposal_kind": "visible_linework_review_only", "backend": "grayscale_ridge_v1_skeleton_v1", "pixel_length": 62.77, "point_count": 11, "confidence": 0.71, "review_status": "unreviewed"}, "geometry": {"type": "LineString", "coordinates": [[127.09202151106176, 36.48724822571907], [127.09211578579429, 36.487094432797775], [127.09230433525936, 36.48694063987647], [127.09272857155575, 36.48678684695517], [127.09286998365457, 36.486594605803546], [127.09291712102083, 36.486402364651916], [127.09305853311963, 36.48628701996094], [127.09348276941603, 36.48621012350029], [127.09381273097989, 36.485940985888014], [127.09400128044496, 36.485940985888014], [127.09404841781122, 36.48597943411834]]}}, {"type": "Feature", "properties": {"proposal_id": "visible-line-103", "tile_id": "178-gongju-hydro", "sheet_id": "178-gongju", "split": "holdout_test", "proposal_kind": "visible_linework_review_only", "backend": "grayscale_ridge_v1_skeleton_v1", "pixel_length": 22.657, "point_count": 8, "confidence": 0.6676, "review_status": "unreviewed"}, "geometry": {"type": "LineString", "coordinates": [[127.09206864842803, 36.463218081765746], [127.09206864842803, 36.46302584061412], [127.09211578579429, 36.462987392383795], [127.09211578579429, 36.46271825477152], [127.09206864842803, 36.46267980654119], [127.09206864842803, 36.46252601361989], [127.09211578579429, 36.462487565389566], [127.09206864842803, 36.46241066892892]]}}, {"type": "Feature", "properties": {"proposal_id": "visible-line-104", "tile_id": "178-gongju-hydro", "sheet_id": "178-gongju", "split": "holdout_test", "proposal_kind": "visible_linework_review_only", "backend": "grayscale_ridge_v1_skeleton_v1", "pixel_length": 22.485, "point_count": 9, "confidence": 0.7367, "review_status": "unreviewed"}, "geometry": {"type": "LineString", "coordinates": [[127.09263429682322, 36.46325652999607], [127.09268143418949, 36.46317963353542], [127.09263429682322, 36.46302584061412], [127.09268143418949, 36.46294894415347], [127.09268143418949, 36.462795151232164], [127.09263429682322, 36.462756703001844], [127.09268143418949, 36.46271825477152], [127.09268143418949, 36.46252601361989], [127.09263429682322, 36.462487565389566]]}}, {"type": "Feature", "properties": {"proposal_id": "visible-line-105", "tile_id": "178-gongju-hydro", "sheet_id": "178-gongju", "split": "holdout_test", "proposal_kind": "visible_linework_review_only", "backend": "grayscale_ridge_v1_skeleton_v1", "pixel_length": 36.627, "point_count": 5, "confidence": 0.7641, "review_status": "unreviewed"}, "geometry": {"type": "LineString", "coordinates": [[127.09272857155575, 36.467293594180234], [127.0929642583871, 36.46740893887121], [127.09329421995096, 36.46737049064088], [127.09376559361363, 36.467062904798276], [127.09395414307869, 36.46675531895568]]}}, {"type": "Feature", "properties": {"proposal_id": "visible-line-106", "tile_id": "178-gongju-hydro", "sheet_id": "178-gongju", "split": "holdout_test", "proposal_kind": "visible_linework_review_only", "backend": "grayscale_ridge_v1_skeleton_v1", "pixel_length": 57.527, "point_count": 6, "confidence": 0.7301, "review_status": "unreviewed"}, "geometry": {"type": "LineString", "coordinates": [[127.09315280785216, 36.471138417212764], [127.09362418151483, 36.471561347746345], [127.09371845624736, 36.47175358889797], [127.09367131888109, 36.47213807120122], [127.09334135731723, 36.472599449965124], [127.09319994521843, 36.47298393226838]]}}, {"type": "Feature", "properties": {"proposal_id": "visible-line-107", "tile_id": "178-gongju-hydro", "sheet_id": "178-gongju", "split": "holdout_test", "proposal_kind": "visible_linework_review_only", "backend": "grayscale_ridge_v1_skeleton_v1", "pixel_length": 23.556, "point_count": 4, "confidence": 0.7443, "review_status": "unreviewed"}, "geometry": {"type": "LineString", "coordinates": [[127.09315280785216, 36.4693697986178], [127.0932470825847, 36.46956203976942], [127.09357704414856, 36.4698311773817], [127.09367131888109, 36.47010031499398]]}}, {"type": "Feature", "properties": {"proposal_id": "visible-line-108", "tile_id": "178-gongju-hydro", "sheet_id": "178-gongju", "split": "holdout_test", "proposal_kind": "visible_linework_review_only", "backend": "grayscale_ridge_v1_skeleton_v1", "pixel_length": 21.556, "point_count": 3, "confidence": 0.717, "review_status": "unreviewed"}, "geometry": {"type": "LineString", "coordinates": [[127.09315280785216, 36.4693697986178], [127.09343563204976, 36.46910066100552], [127.09390700571242, 36.468908419853896]]}}, {"type": "Feature", "properties": {"proposal_id": "visible-line-109", "tile_id": "178-gongju-hydro", "sheet_id": "178-gongju", "split": "holdout_test", "proposal_kind": "visible_linework_review_only", "backend": "grayscale_ridge_v1_skeleton_v1", "pixel_length": 18.485, "point_count": 5, "confidence": 0.6537, "review_status": "unreviewed"}, "geometry": {"type": "LineString", "coordinates": [[127.09343563204976, 36.48371098852915], [127.09348276941603, 36.48359564383817], [127.09367131888109, 36.48348029914719], [127.09376559361363, 36.483557195607844], [127.09376559361363, 36.48382633322012]]}}, {"type": "Feature", "properties": {"proposal_id": "visible-line-110", "tile_id": "178-gongju-hydro", "sheet_id": "178-gongju", "split": "holdout_test", "proposal_kind": "visible_linework_review_only", "backend": "grayscale_ridge_v1_skeleton_v1", "pixel_length": 18.243, "point_count": 3, "confidence": 0.7207, "review_status": "unreviewed"}, "geometry": {"type": "LineString", "coordinates": [[127.0935299067823, 36.46252601361989], [127.09367131888109, 36.46264135831087], [127.09367131888109, 36.46317963353542]]}}, {"type": "Feature", "properties": {"proposal_id": "visible-line-111", "tile_id": "178-gongju-hydro", "sheet_id": "178-gongju", "split": "holdout_test", "proposal_kind": "visible_linework_review_only", "backend": "grayscale_ridge_v1_skeleton_v1", "pixel_length": 83.912, "point_count": 9, "confidence": 0.7246, "review_status": "unreviewed"}, "geometry": {"type": "LineString", "coordinates": [[127.09390700571242, 36.47340686280196], [127.09404841781122, 36.4733299663413], [127.09418982991004, 36.47336841457163], [127.0943783793751, 36.4733299663413], [127.09489689040403, 36.47306082872903], [127.0952268519679, 36.4727147946561], [127.09598104982817, 36.47217651943155], [127.09612246192697, 36.471868933588944], [127.0960753245607, 36.47129221013407]]}}, {"type": "Feature", "properties": {"proposal_id": "visible-line-112", "tile_id": "178-gongju-hydro", "sheet_id": "178-gongju", "split": "holdout_test", "proposal_kind": "visible_linework_review_only", "backend": "grayscale_ridge_v1_skeleton_v1", "pixel_length": 22.243, "point_count": 5, "confidence": 0.6955, "review_status": "unreviewed"}, "geometry": {"type": "LineString", "coordinates": [[127.09404841781122, 36.47771306459839], [127.0942369672763, 36.47771306459839], [127.09447265410763, 36.477789961059045], [127.0949440277703, 36.477789961059045], [127.09503830250283, 36.47775151282872]]}}, {"type": "Feature", "properties": {"proposal_id": "visible-line-113", "tile_id": "178-gongju-hydro", "sheet_id": "178-gongju", "split": "holdout_test", "proposal_kind": "visible_linework_review_only", "backend": "grayscale_ridge_v1_skeleton_v1", "pixel_length": 69.255, "point_count": 9, "confidence": 0.7745, "review_status": "unreviewed"}, "geometry": {"type": "LineString", "coordinates": [[127.09404841781122, 36.46787031763511], [127.0943783793751, 36.46767807648349], [127.09475547830523, 36.467332042410554], [127.0949440277703, 36.467255145949906], [127.0952268519679, 36.46721669771958], [127.09560395089804, 36.46698600833763], [127.0957925003631, 36.46656307780405], [127.09602818719443, 36.46625549196145], [127.09598104982817, 36.46614014727047]]}}, {"type": "Feature", "properties": {"proposal_id": "visible-line-114", "tile_id": "178-gongju-hydro", "sheet_id": "178-gongju", "split": "holdout_test", "proposal_kind": "visible_linework_review_only", "backend": "grayscale_ridge_v1_skeleton_v1", "pixel_length": 45.284, "point_count": 8, "confidence": 0.7135, "review_status": "unreviewed"}, "geometry": {"type": "LineString", "coordinates": [[127.09404841781122, 36.466524629573726], [127.09414269254377, 36.46637083665242], [127.09433124200883, 36.46621704373112], [127.09442551674137, 36.4660248025795], [127.0946612035727, 36.46583256142787], [127.0948026156715, 36.46575566496722], [127.0952268519679, 36.46571721673689], [127.09555681353177, 36.46556342381559]]}}, {"type": "Feature", "properties": {"proposal_id": "visible-line-115", "tile_id": "178-gongju-hydro", "sheet_id": "178-gongju", "split": "holdout_test", "proposal_kind": "visible_linework_review_only", "backend": "grayscale_ridge_v1_skeleton_v1", "pixel_length": 54.355, "point_count": 7, "confidence": 0.7196, "review_status": "unreviewed"}, "geometry": {"type": "LineString", "coordinates": [[127.09409555517749, 36.48547960712411], [127.0945197914739, 36.48513357305118], [127.09456692884017, 36.48490288366923], [127.0946612035727, 36.484749090747925], [127.09513257723536, 36.48444150490533], [127.09513257723536, 36.484210815523376], [127.09541540143296, 36.48390322968077]]}}, {"type": "Feature", "properties": {"proposal_id": "visible-line-116", "tile_id": "178-gongju-hydro", "sheet_id": "178-gongju", "split": "holdout_test", "proposal_kind": "visible_linework_review_only", "backend": "grayscale_ridge_v1_skeleton_v1", "pixel_length": 25.071, "point_count": 4, "confidence": 0.6139, "review_status": "unreviewed"}, "geometry": {"type": "LineString", "coordinates": [[127.09409555517749, 36.481134957097346], [127.09414269254377, 36.48094271594572], [127.0942369672763, 36.48082737125475], [127.09433124200883, 36.48025064779986]]}}, {"type": "Feature", "properties": {"proposal_id": "visible-line-117", "tile_id": "178-gongju-hydro", "sheet_id": "178-gongju", "split": "holdout_test", "proposal_kind": "visible_linework_review_only", "backend": "grayscale_ridge_v1_skeleton_v1", "pixel_length": 32.314, "point_count": 3, "confidence": 0.6529, "review_status": "unreviewed"}, "geometry": {"type": "LineString", "coordinates": [[127.09414269254377, 36.47506013670595], [127.09513257723536, 36.47494479201497], [127.0955096761655, 36.47482944732399]]}}, {"type": "Feature", "properties": {"proposal_id": "visible-line-118", "tile_id": "178-gongju-hydro", "sheet_id": "178-gongju", "split": "holdout_test", "proposal_kind": "visible_linework_review_only", "backend": "grayscale_ridge_v1_skeleton_v1", "pixel_length": 18.556, "point_count": 2, "confidence": 0.7579, "review_status": "unreviewed"}, "geometry": {"type": "LineString", "coordinates": [[127.09428410464257, 36.45714326137435], [127.0948026156715, 36.4576815365989]]}}, {"type": "Feature", "properties": {"proposal_id": "visible-line-119", "tile_id": "178-gongju-hydro", "sheet_id": "178-gongju", "split": "holdout_test", "proposal_kind": "visible_linework_review_only", "backend": "grayscale_ridge_v1_skeleton_v1", "pixel_length": 31.971, "point_count": 6, "confidence": 0.7036, "review_status": "unreviewed"}, "geometry": {"type": "LineString", "coordinates": [[127.0943783793751, 36.49574528462097], [127.0946612035727, 36.495476147008695], [127.09499116513656, 36.49543769877837], [127.09503830250283, 36.495476147008695], [127.09503830250283, 36.49562993993], [127.09484975303776, 36.4959375257726]]}}, {"type": "Feature", "properties": {"proposal_id": "visible-line-120", "tile_id": "178-gongju-hydro", "sheet_id": "178-gongju", "split": "holdout_test", "proposal_kind": "visible_linework_review_only", "backend": "grayscale_ridge_v1_skeleton_v1", "pixel_length": 29.213, "point_count": 3, "confidence": 0.6658, "review_status": "unreviewed"}, "geometry": {"type": "LineString", "coordinates": [[127.0943783793751, 36.4903240841451], [127.09489689040403, 36.49101615229095], [127.09513257723536, 36.491169945212256]]}}, {"type": "Feature", "properties": {"proposal_id": "visible-line-121", "tile_id": "178-gongju-hydro", "sheet_id": "178-gongju", "split": "holdout_test", "proposal_kind": "visible_linework_review_only", "backend": "grayscale_ridge_v1_skeleton_v1", "pixel_length": 19.414, "point_count": 3, "confidence": 0.7706, "review_status": "unreviewed"}, "geometry": {"type": "LineString", "coordinates": [[127.0946612035727, 36.47625203184603], [127.09470834093896, 36.4762135836157], [127.09470834093896, 36.47552151546985]]}}, {"type": "Feature", "properties": {"proposal_id": "visible-line-122", "tile_id": "178-gongju-hydro", "sheet_id": "178-gongju", "split": "holdout_test", "proposal_kind": "visible_linework_review_only", "backend": "grayscale_ridge_v1_skeleton_v1", "pixel_length": 41.385, "point_count": 7, "confidence": 0.7648, "review_status": "unreviewed"}, "geometry": {"type": "LineString", "coordinates": [[127.0946612035727, 36.47060014198821], [127.0949440277703, 36.47060014198821], [127.09560395089804, 36.47025410791528], [127.09588677509564, 36.47025410791528], [127.09602818719443, 36.470407900836584], [127.09602818719443, 36.47060014198821], [127.0960753245607, 36.470638590218535]]}}, {"type": "Feature", "properties": {"proposal_id": "visible-line-123", "tile_id": "178-gongju-hydro", "sheet_id": "178-gongju", "split": "holdout_test", "proposal_kind": "visible_linework_review_only", "backend": "grayscale_ridge_v1_skeleton_v1", "pixel_length": 190.794, "point_count": 17, "confidence": 0.7395, "review_status": "unreviewed"}, "geometry": {"type": "LineString", "coordinates": [[127.0949440277703, 36.4578353295202], [127.09536826406669, 36.45833515651443], [127.09560395089804, 36.45875808704801], [127.09569822563057, 36.45883498350866], [127.0960753245607, 36.45948860342419], [127.0960753245607, 36.45956549988484], [127.0962167366595, 36.45971929280614], [127.0964995608571, 36.46021911980037], [127.09682952242098, 36.4605651538733], [127.0970652092523, 36.4608727397159], [127.0970652092523, 36.46094963617655], [127.0972066213511, 36.461064980867526], [127.09758372028124, 36.46164170432241], [127.09772513238003, 36.461757049013386], [127.09838505550778, 36.46264135831087], [127.0987621544379, 36.46325652999607], [127.0989035665367, 36.46383325345095]]}}, {"type": "Feature", "properties": {"proposal_id": "visible-line-124", "tile_id": "178-gongju-hydro", "sheet_id": "178-gongju", "split": "holdout_test", "proposal_kind": "visible_linework_review_only", "backend": "grayscale_ridge_v1_skeleton_v1", "pixel_length": 38.456, "point_count": 4, "confidence": 0.6952, "review_status": "unreviewed"}, "geometry": {"type": "LineString", "coordinates": [[127.09536826406669, 36.49136218636389], [127.0959339124619, 36.49170822043681], [127.09616959929323, 36.49174666866714], [127.09682952242098, 36.49205425450974]]}}, {"type": "Feature", "properties": {"proposal_id": "visible-line-125", "tile_id": "178-gongju-hydro", "sheet_id": "178-gongju", "split": "holdout_test", "proposal_kind": "visible_linework_review_only", "backend": "grayscale_ridge_v1_skeleton_v1", "pixel_length": 39.142, "point_count": 10, "confidence": 0.6785, "review_status": "unreviewed"}, "geometry": {"type": "LineString", "coordinates": [[127.09555681353177, 36.48032754426052], [127.09560395089804, 36.48036599249084], [127.09560395089804, 36.48051978541214], [127.09569822563057, 36.48063513010312], [127.09569822563057, 36.48094271594572], [127.0956510882643, 36.48098116417604], [127.09569822563057, 36.48101961240637], [127.09569822563057, 36.481211853558], [127.09583963772937, 36.4813656464793], [127.0959339124619, 36.4816732323219]]}}, {"type": "Feature", "properties": {"proposal_id": "visible-line-126", "tile_id": "178-gongju-hydro", "sheet_id": "178-gongju", "split": "holdout_test", "proposal_kind": "visible_linework_review_only", "backend": "grayscale_ridge_v1_skeleton_v1", "pixel_length": 33.728, "point_count": 5, "confidence": 0.6306, "review_status": "unreviewed"}, "geometry": {"type": "LineString", "coordinates": [[127.09560395089804, 36.48290357569231], [127.09560395089804, 36.482634438080034], [127.09588677509564, 36.482326852237435], [127.09583963772937, 36.481865473473526], [127.0959339124619, 36.48175012878255]]}}, {"type": "Feature", "properties": {"proposal_id": "visible-line-127", "tile_id": "178-gongju-hydro", "sheet_id": "178-gongju", "split": "holdout_test", "proposal_kind": "visible_linework_review_only", "backend": "grayscale_ridge_v1_skeleton_v1", "pixel_length": 18.657, "point_count": 2, "confidence": 0.6708, "review_status": "unreviewed"}, "geometry": {"type": "LineString", "coordinates": [[127.09574536299684, 36.47479099909367], [127.09654669822336, 36.47463720617237]]}}, {"type": "Feature", "properties": {"proposal_id": "visible-line-128", "tile_id": "178-gongju-hydro", "sheet_id": "178-gongju", "split": "holdout_test", "proposal_kind": "visible_linework_review_only", "backend": "grayscale_ridge_v1_skeleton_v1", "pixel_length": 37.627, "point_count": 4, "confidence": 0.6993, "review_status": "unreviewed"}, "geometry": {"type": "LineString", "coordinates": [[127.0957925003631, 36.477097892913186], [127.0957925003631, 36.476828755300915], [127.09588677509564, 36.47652116945831], [127.09659383558963, 36.47594444600343]]}}, {"type": "Feature", "properties": {"proposal_id": "visible-line-129", "tile_id": "178-gongju-hydro", "sheet_id": "178-gongju", "split": "holdout_test", "proposal_kind": "visible_linework_review_only", "backend": "grayscale_ridge_v1_skeleton_v1", "pixel_length": 25.314, "point_count": 23, "confidence": 0.6795, "review_status": "unreviewed"}, "geometry": {"type": "LineString", "coordinates": [[127.0960753245607, 36.46529428620332], [127.0960753245607, 36.46525583797299], [127.0960753245607, 36.46521738974266], [127.0960753245607, 36.465178941512335], [127.0960753245607, 36.465140493282014], [127.0960753245607, 36.46510204505169], [127.0960753245607, 36.46506359682136], [127.09612246192697, 36.46502514859104], [127.09616959929323, 36.46502514859104], [127.0962167366595, 36.46502514859104], [127.09626387402577, 36.46502514859104], [127.09631101139203, 36.46506359682136], [127.09631101139203, 36.46510204505169], [127.0963581487583, 36.465140493282014], [127.0963581487583, 36.465178941512335], [127.09631101139203, 36.46521738974266], [127.09631101139203, 36.46525583797299], [127.09631101139203, 36.46529428620332], [127.09626387402577, 36.46533273443364], [127.0962167366595, 36.465371182663965], [127.09616959929323, 36.465371182663965], [127.09612246192697, 36.46533273443364], [127.0960753245607, 36.46529428620332]]}}, {"type": "Feature", "properties": {"proposal_id": "visible-line-130", "tile_id": "178-gongju-hydro", "sheet_id": "178-gongju", "split": "holdout_test", "proposal_kind": "visible_linework_review_only", "backend": "grayscale_ridge_v1_skeleton_v1", "pixel_length": 27.071, "point_count": 7, "confidence": 0.6894, "review_status": "unreviewed"}, "geometry": {"type": "LineString", "coordinates": [[127.09626387402577, 36.48559495181509], [127.09645242349083, 36.48559495181509], [127.09654669822336, 36.48551805535443], [127.09687665978724, 36.48551805535443], [127.09692379715351, 36.48555650358476], [127.0973480334499, 36.48555650358476], [127.09744230818244, 36.48563340004541]]}}, {"type": "Feature", "properties": {"proposal_id": "visible-line-131", "tile_id": "178-gongju-hydro", "sheet_id": "178-gongju", "split": "holdout_test", "proposal_kind": "visible_linework_review_only", "backend": "grayscale_ridge_v1_skeleton_v1", "pixel_length": 26.142, "point_count": 23, "confidence": 0.6542, "review_status": "unreviewed"}, "geometry": {"type": "LineString", "coordinates": [[127.0964995608571, 36.46544807912461], [127.0964995608571, 36.46540963089429], [127.09654669822336, 36.465371182663965], [127.09654669822336, 36.46533273443364], [127.09659383558963, 36.46529428620332], [127.0966409729559, 36.46525583797299], [127.09668811032216, 36.46525583797299], [127.09673524768844, 36.46525583797299], [127.09678238505471, 36.46529428620332], [127.09682952242098, 36.46533273443364], [127.09682952242098, 36.465371182663965], [127.09682952242098, 36.46540963089429], [127.09682952242098, 36.46544807912461], [127.09682952242098, 36.46548652735494], [127.09678238505471, 36.46552497558527], [127.09678238505471, 36.46556342381559], [127.09673524768844, 36.465601872045916], [127.09668811032216, 36.465601872045916], [127.0966409729559, 36.465601872045916], [127.09659383558963, 36.46556342381559], [127.09654669822336, 36.46552497558527], [127.09654669822336, 36.46548652735494], [127.0964995608571, 36.46544807912461]]}}, {"type": "Feature", "properties": {"proposal_id": "visible-line-132", "tile_id": "178-gongju-hydro", "sheet_id": "178-gongju", "split": "holdout_test", "proposal_kind": "visible_linework_review_only", "backend": "grayscale_ridge_v1_skeleton_v1", "pixel_length": 27.899, "point_count": 5, "confidence": 0.6664, "review_status": "unreviewed"}, "geometry": {"type": "LineString", "coordinates": [[127.09668811032216, 36.457989122441504], [127.09678238505471, 36.45806601890215], [127.09682952242098, 36.45833515651443], [127.09692379715351, 36.458450501205405], [127.09701807188604, 36.458950328199634]]}}, {"type": "Feature", "properties": {"proposal_id": "visible-line-133", "tile_id": "178-gongju-hydro", "sheet_id": "178-gongju", "split": "holdout_test", "proposal_kind": "visible_linework_review_only", "backend": "grayscale_ridge_v1_skeleton_v1", "pixel_length": 26.314, "point_count": 4, "confidence": 0.6792, "review_status": "unreviewed"}, "geometry": {"type": "LineString", "coordinates": [[127.0973480334499, 36.47294548403806], [127.09739517081617, 36.47263789819545], [127.09772513238003, 36.47217651943155], [127.09772513238003, 36.472061174740574]]}}, {"type": "Feature", "properties": {"proposal_id": "visible-line-134", "tile_id": "178-gongju-hydro", "sheet_id": "178-gongju", "split": "holdout_test", "proposal_kind": "visible_linework_review_only", "backend": "grayscale_ridge_v1_skeleton_v1", "pixel_length": 18.414, "point_count": 2, "confidence": 0.6528, "review_status": "unreviewed"}, "geometry": {"type": "LineString", "coordinates": [[127.09758372028124, 36.47190738181927], [127.0976308576475, 36.47121531367341]]}}, {"type": "Feature", "properties": {"proposal_id": "visible-line-135", "tile_id": "178-gongju-hydro", "sheet_id": "178-gongju", "split": "holdout_test", "proposal_kind": "visible_linework_review_only", "backend": "grayscale_ridge_v1_skeleton_v1", "pixel_length": 37.385, "point_count": 4, "confidence": 0.6857, "review_status": "unreviewed"}, "geometry": {"type": "LineString", "coordinates": [[127.09786654447883, 36.47198427827992], [127.09838505550778, 36.47117686544309], [127.09833791814151, 36.47102307252179], [127.09838505550778, 36.47075393490951]]}}, {"type": "Feature", "properties": {"proposal_id": "visible-line-136", "tile_id": "178-gongju-hydro", "sheet_id": "178-gongju", "split": "holdout_test", "proposal_kind": "visible_linework_review_only", "backend": "grayscale_ridge_v1_skeleton_v1", "pixel_length": 100.012, "point_count": 11, "confidence": 0.7363, "review_status": "unreviewed"}, "geometry": {"type": "LineString", "coordinates": [[127.09796081921137, 36.47440651679042], [127.09796081921137, 36.47429117209944], [127.09871501707164, 36.47298393226838], [127.09871501707164, 36.4728685875774], [127.09885642917044, 36.4727147946561], [127.09913925336804, 36.47221496766187], [127.09913925336804, 36.47194583004959], [127.09923352810057, 36.47171514066764], [127.09923352810057, 36.47148445128569], [127.0991863907343, 36.47144600305536], [127.09923352810057, 36.47102307252179]]}}, {"type": "Feature", "properties": {"proposal_id": "visible-line-137", "tile_id": "178-gongju-hydro", "sheet_id": "178-gongju", "split": "holdout_test", "proposal_kind": "visible_linework_review_only", "backend": "grayscale_ridge_v1_skeleton_v1", "pixel_length": 28.456, "point_count": 4, "confidence": 0.7258, "review_status": "unreviewed"}, "geometry": {"type": "LineString", "coordinates": [[127.09838505550778, 36.49282321911625], [127.0989035665367, 36.4932077014195], [127.0990449786355, 36.49339994257112], [127.09928066546684, 36.493592183722754]]}}, {"type": "Feature", "properties": {"proposal_id": "visible-line-138", "tile_id": "178-gongju-hydro", "sheet_id": "178-gongju", "split": "holdout_test", "proposal_kind": "visible_linework_review_only", "backend": "grayscale_ridge_v1_skeleton_v1", "pixel_length": 104.255, "point_count": 13, "confidence": 0.6838, "review_status": "unreviewed"}, "geometry": {"type": "LineString", "coordinates": [[127.09838505550778, 36.46894686808422], [127.09857360497284, 36.468485489320315], [127.09852646760658, 36.46813945524739], [127.09871501707164, 36.46779342117446], [127.09880929180417, 36.46748583533186], [127.09880929180417, 36.46713980125893], [127.09871501707164, 36.46698600833763], [127.09866787970537, 36.46667842249502], [127.09885642917044, 36.4664861813434], [127.09909211600177, 36.46640928488275], [127.09942207756565, 36.46617859550079], [127.09942207756565, 36.46598635434917], [127.09913925336804, 36.465601872045916]]}}, {"type": "Feature", "properties": {"proposal_id": "visible-line-139", "tile_id": "178-gongju-hydro", "sheet_id": "178-gongju", "split": "holdout_test", "proposal_kind": "visible_linework_review_only", "backend": "grayscale_ridge_v1_skeleton_v1", "pixel_length": 30.728, "point_count": 4, "confidence": 0.6465, "review_status": "unreviewed"}, "geometry": {"type": "LineString", "coordinates": [[127.09899784126924, 36.46002687864875], [127.09909211600177, 36.46018067157004], [127.09928066546684, 36.460834291485575], [127.09942207756565, 36.461064980867526]]}}, {"type": "Feature", "properties": {"proposal_id": "visible-line-140", "tile_id": "178-gongju-hydro", "sheet_id": "178-gongju", "split": "holdout_test", "proposal_kind": "visible_linework_review_only", "backend": "grayscale_ridge_v1_skeleton_v1", "pixel_length": 18.728, "point_count": 3, "confidence": 0.7488, "review_status": "unreviewed"}, "geometry": {"type": "LineString", "coordinates": [[127.0990449786355, 36.46148791140111], [127.09937494019938, 36.461833945474034], [127.09946921493191, 36.462064634855984]]}}, {"type": "Feature", "properties": {"proposal_id": "visible-line-141", "tile_id": "178-gongju-hydro", "sheet_id": "178-gongju", "split": "holdout_test", "proposal_kind": "visible_linework_review_only", "backend": "grayscale_ridge_v1_skeleton_v1", "pixel_length": 77.841, "point_count": 5, "confidence": 0.7572, "review_status": "unreviewed"}, "geometry": {"type": "LineString", "coordinates": [[127.09942207756565, 36.46948514330877], [127.09951635229818, 36.46902376454487], [127.09975203912951, 36.46852393755064], [127.10027055015844, 36.467754972944135], [127.10088333591992, 36.46698600833763]]}}, {"type": "Feature", "properties": {"proposal_id": "visible-line-142", "tile_id": "178-gongju-hydro", "sheet_id": "178-gongju", "split": "holdout_test", "proposal_kind": "visible_linework_review_only", "backend": "grayscale_ridge_v1_skeleton_v1", "pixel_length": 30.456, "point_count": 3, "confidence": 0.7242, "review_status": "unreviewed"}, "geometry": {"type": "LineString", "coordinates": [[127.09961062703071, 36.479443234963036], [127.09989345122831, 36.47978926903596], [127.10055337435604, 36.48025064779986]]}}, {"type": "Feature", "properties": {"proposal_id": "visible-line-143", "tile_id": "178-gongju-hydro", "sheet_id": "178-gongju", "split": "holdout_test", "proposal_kind": "visible_linework_review_only", "backend": "grayscale_ridge_v1_skeleton_v1", "pixel_length": 48.042, "point_count": 9, "confidence": 0.6981, "review_status": "unreviewed"}, "geometry": {"type": "LineString", "coordinates": [[127.09965776439698, 36.473983586256836], [127.09970490176325, 36.474175827408466], [127.09989345122831, 36.47432962032976], [127.10017627542591, 36.474444965020744], [127.10031768752471, 36.474444965020744], [127.1004590996235, 36.47452186148139], [127.10083619855365, 36.47459875794204], [127.10102474801872, 36.47475255086334], [127.10097761065245, 36.47506013670595]]}}, {"type": "Feature", "properties": {"proposal_id": "visible-line-144", "tile_id": "178-gongju-hydro", "sheet_id": "178-gongju", "split": "holdout_test", "proposal_kind": "visible_linework_review_only", "backend": "grayscale_ridge_v1_skeleton_v1", "pixel_length": 20.485, "point_count": 4, "confidence": 0.7127, "review_status": "unreviewed"}, "geometry": {"type": "LineString", "coordinates": [[127.09979917649578, 36.4874404668707], [127.10008200069338, 36.4874404668707], [127.10012913805964, 36.48747891510103], [127.10064764908859, 36.4872866739494]]}}, {"type": "Feature", "properties": {"proposal_id": "visible-line-145", "tile_id": "178-gongju-hydro", "sheet_id": "178-gongju", "split": "holdout_test", "proposal_kind": "visible_linework_review_only", "backend": "grayscale_ridge_v1_skeleton_v1", "pixel_length": 18.071, "point_count": 6, "confidence": 0.716, "review_status": "unreviewed"}, "geometry": {"type": "LineString", "coordinates": [[127.09979917649578, 36.48294202392264], [127.09979917649578, 36.48274978277101], [127.09989345122831, 36.48267288631036], [127.10008200069338, 36.48259598984971], [127.10027055015844, 36.48259598984971], [127.10031768752471, 36.482634438080034]]}}, {"type": "Feature", "properties": {"proposal_id": "visible-line-146", "tile_id": "178-gongju-hydro", "sheet_id": "178-gongju", "split": "holdout_test", "proposal_kind": "visible_linework_review_only", "backend": "grayscale_ridge_v1_skeleton_v1", "pixel_length": 38.799, "point_count": 8, "confidence": 0.6932, "review_status": "unreviewed"}, "geometry": {"type": "LineString", "coordinates": [[127.09994058859458, 36.476367376537006], [127.10003486332711, 36.47644427299766], [127.10003486332711, 36.476559617688636], [127.10022341279218, 36.47690565176156], [127.10041196225724, 36.477059444682865], [127.10069478645485, 36.47713634114351], [127.10093047328618, 36.47713634114351], [127.10111902275125, 36.477059444682865]]}}, {"type": "Feature", "properties": {"proposal_id": "visible-line-147", "tile_id": "178-gongju-hydro", "sheet_id": "178-gongju", "split": "holdout_test", "proposal_kind": "visible_linework_review_only", "backend": "grayscale_ridge_v1_skeleton_v1", "pixel_length": 20.243, "point_count": 5, "confidence": 0.7106, "review_status": "unreviewed"}, "geometry": {"type": "LineString", "coordinates": [[127.10008200069338, 36.48436460844467], [127.10012913805964, 36.48432616021435], [127.10008200069338, 36.484210815523376], [127.10012913805964, 36.48413391906272], [127.10012913805964, 36.48363409206849]]}}, {"type": "Feature", "properties": {"proposal_id": "visible-line-148", "tile_id": "178-gongju-hydro", "sheet_id": "178-gongju", "split": "holdout_test", "proposal_kind": "visible_linework_review_only", "backend": "grayscale_ridge_v1_skeleton_v1", "pixel_length": 21.071, "point_count": 5, "confidence": 0.7137, "review_status": "unreviewed"}, "geometry": {"type": "LineString", "coordinates": [[127.10031768752471, 36.48278823100134], [127.1006005117223, 36.482865127461984], [127.10088333591992, 36.482865127461984], [127.10097761065245, 36.48294202392264], [127.10093047328618, 36.48313426507426]]}}, {"type": "Feature", "properties": {"proposal_id": "visible-line-149", "tile_id": "178-gongju-hydro", "sheet_id": "178-gongju", "split": "holdout_test", "proposal_kind": "visible_linework_review_only", "backend": "grayscale_ridge_v1_skeleton_v1", "pixel_length": 18.899, "point_count": 3, "confidence": 0.6443, "review_status": "unreviewed"}, "geometry": {"type": "LineString", "coordinates": [[127.10055337435604, 36.49536080231772], [127.10107188538498, 36.49559149169967], [127.10130757221631, 36.49562993993]]}}, {"type": "Feature", "properties": {"proposal_id": "visible-line-150", "tile_id": "178-gongju-hydro", "sheet_id": "178-gongju", "split": "holdout_test", "proposal_kind": "visible_linework_review_only", "backend": "grayscale_ridge_v1_skeleton_v1", "pixel_length": 22.971, "point_count": 2, "confidence": 0.6632, "review_status": "unreviewed"}, "geometry": {"type": "LineString", "coordinates": [[127.10097761065245, 36.46325652999607], [127.10154325904765, 36.463948598141926]]}}, {"type": "Feature", "properties": {"proposal_id": "visible-line-151", "tile_id": "178-gongju-hydro", "sheet_id": "178-gongju", "split": "holdout_test", "proposal_kind": "visible_linework_review_only", "backend": "grayscale_ridge_v1_skeleton_v1", "pixel_length": 74.527, "point_count": 11, "confidence": 0.7256, "review_status": "unreviewed"}, "geometry": {"type": "LineString", "coordinates": [[127.10116616011751, 36.47321462165033], [127.10130757221631, 36.47321462165033], [127.10149612168138, 36.47313772518968], [127.10225031954165, 36.47306082872903], [127.10243886900672, 36.47290703580773], [127.10243886900672, 36.47275324288643], [127.10201463271032, 36.4724072088135], [127.10196749534406, 36.472291864122525], [127.10215604480912, 36.47217651943155], [127.10281596793685, 36.47221496766187], [127.10295738003565, 36.47213807120122]]}}, {"type": "Feature", "properties": {"proposal_id": "visible-line-152", "tile_id": "178-gongju-hydro", "sheet_id": "178-gongju", "split": "holdout_test", "proposal_kind": "visible_linework_review_only", "backend": "grayscale_ridge_v1_skeleton_v1", "pixel_length": 18.414, "point_count": 3, "confidence": 0.7874, "review_status": "unreviewed"}, "geometry": {"type": "LineString", "coordinates": [[127.10182608324524, 36.47579065308213], [127.10187322061151, 36.475829101312456], [127.10187322061151, 36.47648272122798]]}}, {"type": "Feature", "properties": {"proposal_id": "visible-line-153", "tile_id": "178-gongju-hydro", "sheet_id": "178-gongju", "split": "holdout_test", "proposal_kind": "visible_linework_review_only", "backend": "grayscale_ridge_v1_skeleton_v1", "pixel_length": 21.799, "point_count": 2, "confidence": 0.6662, "review_status": "unreviewed"}, "geometry": {"type": "LineString", "coordinates": [[127.10192035797778, 36.481596335861255], [127.10258028110552, 36.48221150754646]]}}, {"type": "Feature", "properties": {"proposal_id": "visible-line-154", "tile_id": "178-gongju-hydro", "sheet_id": "178-gongju", "split": "holdout_test", "proposal_kind": "visible_linework_review_only", "backend": "grayscale_ridge_v1_skeleton_v1", "pixel_length": 19.899, "point_count": 5, "confidence": 0.7834, "review_status": "unreviewed"}, "geometry": {"type": "LineString", "coordinates": [[127.10239173164045, 36.46637083665242], [127.10248600637298, 36.46640928488275], [127.10253314373925, 36.466524629573726], [127.10276883057058, 36.46675531895568], [127.10276883057058, 36.46698600833763]]}}, {"type": "Feature", "properties": {"proposal_id": "visible-line-155", "tile_id": "178-gongju-hydro", "sheet_id": "178-gongju", "split": "holdout_test", "proposal_kind": "visible_linework_review_only", "backend": "grayscale_ridge_v1_skeleton_v1", "pixel_length": 21.828, "point_count": 4, "confidence": 0.8011, "review_status": "unreviewed"}, "geometry": {"type": "LineString", "coordinates": [[127.10253314373925, 36.46479445920909], [127.10258028110552, 36.46475601097876], [127.10258028110552, 36.46402549460258], [127.10253314373925, 36.46398704637225]]}}, {"type": "Feature", "properties": {"proposal_id": "visible-line-156", "tile_id": "178-gongju-hydro", "sheet_id": "178-gongju", "split": "holdout_test", "proposal_kind": "visible_linework_review_only", "backend": "grayscale_ridge_v1_skeleton_v1", "pixel_length": 18.314, "point_count": 4, "confidence": 0.7201, "review_status": "unreviewed"}, "geometry": {"type": "LineString", "coordinates": [[127.10267455583805, 36.474906343784646], [127.10295738003565, 36.47509858493627], [127.10324020423324, 36.475213929627245], [127.10338161633206, 36.475213929627245]]}}, {"type": "Feature", "properties": {"proposal_id": "visible-line-157", "tile_id": "178-gongju-hydro", "sheet_id": "178-gongju", "split": "holdout_test", "proposal_kind": "visible_linework_review_only", "backend": "grayscale_ridge_v1_skeleton_v1", "pixel_length": 49.627, "point_count": 7, "confidence": 0.6789, "review_status": "unreviewed"}, "geometry": {"type": "LineString", "coordinates": [[127.10272169320432, 36.47463720617237], [127.10272169320432, 36.474444965020744], [127.10286310530311, 36.47432962032976], [127.10390012736099, 36.473983586256836], [127.10413581419232, 36.473983586256836], [127.10427722629112, 36.47409893094781], [127.10432436365738, 36.47429117209944]]}}, {"type": "Feature", "properties": {"proposal_id": "visible-line-158", "tile_id": "178-gongju-hydro", "sheet_id": "178-gongju", "split": "holdout_test", "proposal_kind": "visible_linework_review_only", "backend": "grayscale_ridge_v1_skeleton_v1", "pixel_length": 25.385, "point_count": 4, "confidence": 0.755, "review_status": "unreviewed"}, "geometry": {"type": "LineString", "coordinates": [[127.10272169320432, 36.46564032027624], [127.10286310530311, 36.46552497558527], [127.10309879213445, 36.46544807912461], [127.10366444052966, 36.465140493282014]]}}, {"type": "Feature", "properties": {"proposal_id": "visible-line-159", "tile_id": "178-gongju-hydro", "sheet_id": "178-gongju", "split": "holdout_test", "proposal_kind": "visible_linework_review_only", "backend": "grayscale_ridge_v1_skeleton_v1", "pixel_length": 21.899, "point_count": 6, "confidence": 0.7153, "review_status": "unreviewed"}, "geometry": {"type": "LineString", "coordinates": [[127.10281596793685, 36.47775151282872], [127.10295738003565, 36.47767461636807], [127.10324020423324, 36.47767461636807], [127.10342875369832, 36.47782840928937], [127.10342875369832, 36.478020650440996], [127.10347589106459, 36.478059098671324]]}}, {"type": "Feature", "properties": {"proposal_id": "visible-line-160", "tile_id": "178-gongju-hydro", "sheet_id": "178-gongju", "split": "holdout_test", "proposal_kind": "visible_linework_review_only", "backend": "grayscale_ridge_v1_skeleton_v1", "pixel_length": 23.899, "point_count": 6, "confidence": 0.6661, "review_status": "unreviewed"}, "geometry": {"type": "LineString", "coordinates": [[127.10286310530311, 36.475636860160826], [127.10305165476818, 36.475829101312456], [127.10305165476818, 36.47602134246408], [127.10314592950071, 36.47609823892473], [127.10314592950071, 36.47640582476733], [127.10319306686698, 36.47644427299766]]}}, {"type": "Feature", "properties": {"proposal_id": "visible-line-161", "tile_id": "178-gongju-hydro", "sheet_id": "178-gongju", "split": "holdout_test", "proposal_kind": "visible_linework_review_only", "backend": "grayscale_ridge_v1_skeleton_v1", "pixel_length": 18.243, "point_count": 4, "confidence": 0.6479, "review_status": "unreviewed"}, "geometry": {"type": "LineString", "coordinates": [[127.10305165476818, 36.4783282362836], [127.10319306686698, 36.478289788053274], [127.10366444052966, 36.478289788053274], [127.10385298999472, 36.47836668451392]]}}, {"type": "Feature", "properties": {"proposal_id": "visible-line-162", "tile_id": "178-gongju-hydro", "sheet_id": "178-gongju", "split": "holdout_test", "proposal_kind": "visible_linework_review_only", "backend": "grayscale_ridge_v1_skeleton_v1", "pixel_length": 18.971, "point_count": 3, "confidence": 0.7174, "review_status": "unreviewed"}, "geometry": {"type": "LineString", "coordinates": [[127.10319306686698, 36.48278823100134], [127.10361730316339, 36.48313426507426], [127.10375871526219, 36.48332650622589]]}}, {"type": "Feature", "properties": {"proposal_id": "visible-line-163", "tile_id": "178-gongju-hydro", "sheet_id": "178-gongju", "split": "holdout_test", "proposal_kind": "visible_linework_review_only", "backend": "grayscale_ridge_v1_skeleton_v1", "pixel_length": 19.142, "point_count": 3, "confidence": 0.8127, "review_status": "unreviewed"}, "geometry": {"type": "LineString", "coordinates": [[127.10324020423324, 36.46748583533186], [127.10357016579712, 36.46783186940478], [127.10371157789592, 36.468062558786734]]}}, {"type": "Feature", "properties": {"proposal_id": "visible-line-164", "tile_id": "178-gongju-hydro", "sheet_id": "178-gongju", "split": "holdout_test", "proposal_kind": "visible_linework_review_only", "backend": "grayscale_ridge_v1_skeleton_v1", "pixel_length": 20.657, "point_count": 6, "confidence": 0.7075, "review_status": "unreviewed"}, "geometry": {"type": "LineString", "coordinates": [[127.10333447896579, 36.47932789027206], [127.10338161633206, 36.47928944204173], [127.10338161633206, 36.47882806327783], [127.10333447896579, 36.4787896150475], [127.10338161633206, 36.4786358221262], [127.10333447896579, 36.47859737389587]]}}, {"type": "Feature", "properties": {"proposal_id": "visible-line-165", "tile_id": "178-gongju-hydro", "sheet_id": "178-gongju", "split": "holdout_test", "proposal_kind": "visible_linework_review_only", "backend": "grayscale_ridge_v1_skeleton_v1", "pixel_length": 24.899, "point_count": 6, "confidence": 0.7224, "review_status": "unreviewed"}, "geometry": {"type": "LineString", "coordinates": [[127.10352302843086, 36.47605979069441], [127.10357016579712, 36.47602134246408], [127.10352302843086, 36.4757522048518], [127.10366444052966, 36.47555996370018], [127.10390012736099, 36.47555996370018], [127.10408867682605, 36.475636860160826]]}}, {"type": "Feature", "properties": {"proposal_id": "visible-line-166", "tile_id": "178-gongju-hydro", "sheet_id": "178-gongju", "split": "holdout_test", "proposal_kind": "visible_linework_review_only", "backend": "grayscale_ridge_v1_skeleton_v1", "pixel_length": 34.385, "point_count": 6, "confidence": 0.7339, "review_status": "unreviewed"}, "geometry": {"type": "LineString", "coordinates": [[127.10371157789592, 36.48797874209526], [127.10385298999472, 36.48794029386493], [127.10404153945979, 36.488132535016554], [127.10451291312245, 36.48828632793786], [127.104607187855, 36.48836322439851], [127.10451291312245, 36.48870925847144]]}}, {"type": "Feature", "properties": {"proposal_id": "visible-line-167", "tile_id": "178-gongju-hydro", "sheet_id": "178-gongju", "split": "holdout_test", "proposal_kind": "visible_linework_review_only", "backend": "grayscale_ridge_v1_skeleton_v1", "pixel_length": 49.012, "point_count": 7, "confidence": 0.6501, "review_status": "unreviewed"}, "geometry": {"type": "LineString", "coordinates": [[127.10380585262845, 36.467524283562184], [127.10390012736099, 36.46767807648349], [127.10408867682605, 36.46783186940478], [127.10413581419232, 36.46794721409576], [127.10437150102365, 36.46813945524739], [127.10441863838992, 36.468254799938364], [127.10517283625019, 36.46894686808422]]}}, {"type": "Feature", "properties": {"proposal_id": "visible-line-168", "tile_id": "178-gongju-hydro", "sheet_id": "178-gongju", "split": "holdout_test", "proposal_kind": "visible_linework_review_only", "backend": "grayscale_ridge_v1_skeleton_v1", "pixel_length": 23.971, "point_count": 5, "confidence": 0.7802, "review_status": "unreviewed"}, "geometry": {"type": "LineString", "coordinates": [[127.10390012736099, 36.46498670036071], [127.10399440209352, 36.46498670036071], [127.10427722629112, 36.46483290743941], [127.10456005048873, 36.46460221805746], [127.10465432522126, 36.464409976905834]]}}, {"type": "Feature", "properties": {"proposal_id": "visible-line-169", "tile_id": "178-gongju-hydro", "sheet_id": "178-gongju", "split": "holdout_test", "proposal_kind": "visible_linework_review_only", "backend": "grayscale_ridge_v1_skeleton_v1", "pixel_length": 21.556, "point_count": 3, "confidence": 0.751, "review_status": "unreviewed"}, "geometry": {"type": "LineString", "coordinates": [[127.10394726472725, 36.478289788053274], [127.10427722629112, 36.4781744433623], [127.1047485999538, 36.47786685751969]]}}, {"type": "Feature", "properties": {"proposal_id": "visible-line-170", "tile_id": "178-gongju-hydro", "sheet_id": "178-gongju", "split": "holdout_test", "proposal_kind": "visible_linework_review_only", "backend": "grayscale_ridge_v1_skeleton_v1", "pixel_length": 29.556, "point_count": 5, "confidence": 0.7134, "review_status": "unreviewed"}, "geometry": {"type": "LineString", "coordinates": [[127.10432436365738, 36.4722534158922], [127.10456005048873, 36.47236876058317], [127.10493714941886, 36.4724072088135], [127.10517283625019, 36.472599449965124], [127.10526711098272, 36.4728685875774]]}}, {"type": "Feature", "properties": {"proposal_id": "visible-line-171", "tile_id": "178-gongju-hydro", "sheet_id": "178-gongju", "split": "holdout_test", "proposal_kind": "visible_linework_review_only", "backend": "grayscale_ridge_v1_skeleton_v1", "pixel_length": 19.556, "point_count": 3, "confidence": 0.7105, "review_status": "unreviewed"}, "geometry": {"type": "LineString", "coordinates": [[127.10437150102365, 36.465140493282014], [127.10470146258753, 36.46490980390006], [127.10493714941886, 36.46460221805746]]}}, {"type": "Feature", "properties": {"proposal_id": "visible-line-172", "tile_id": "178-gongju-hydro", "sheet_id": "178-gongju", "split": "holdout_test", "proposal_kind": "visible_linework_review_only", "backend": "grayscale_ridge_v1_skeleton_v1", "pixel_length": 39.385, "point_count": 7, "confidence": 0.6607, "review_status": "unreviewed"}, "geometry": {"type": "LineString", "coordinates": [[127.10484287468633, 36.47782840928937], [127.10498428678513, 36.47782840928937], [127.10517283625019, 36.47798220221067], [127.10521997361646, 36.47859737389587], [127.10526711098272, 36.47867427035653], [127.10550279781405, 36.47886651150815], [127.10569134727912, 36.478943407968806]]}}, {"type": "Feature", "properties": {"proposal_id": "visible-line-173", "tile_id": "178-gongju-hydro", "sheet_id": "178-gongju", "split": "holdout_test", "proposal_kind": "visible_linework_review_only", "backend": "grayscale_ridge_v1_skeleton_v1", "pixel_length": 30.556, "point_count": 7, "confidence": 0.719, "review_status": "unreviewed"}, "geometry": {"type": "LineString", "coordinates": [[127.10503142415139, 36.4666399742647], [127.10507856151766, 36.466524629573726], [127.10554993518032, 36.46656307780405], [127.10564420991285, 36.46667842249502], [127.10564420991285, 36.46675531895568], [127.10554993518032, 36.466832215416325], [127.10578562201165, 36.467062904798276]]}}, {"type": "Feature", "properties": {"proposal_id": "visible-line-174", "tile_id": "178-gongju-hydro", "sheet_id": "178-gongju", "split": "holdout_test", "proposal_kind": "visible_linework_review_only", "backend": "grayscale_ridge_v1_skeleton_v1", "pixel_length": 31.657, "point_count": 3, "confidence": 0.6447, "review_status": "unreviewed"}, "geometry": {"type": "LineString", "coordinates": [[127.10517283625019, 36.463487219378024], [127.10521997361646, 36.46252601361989], [127.10536138571526, 36.46233377246826]]}}, {"type": "Feature", "properties": {"proposal_id": "visible-line-175", "tile_id": "178-gongju-hydro", "sheet_id": "178-gongju", "split": "holdout_test", "proposal_kind": "visible_linework_review_only", "backend": "grayscale_ridge_v1_skeleton_v1", "pixel_length": 18.414, "point_count": 2, "confidence": 0.6303, "review_status": "unreviewed"}, "geometry": {"type": "LineString", "coordinates": [[127.10526711098272, 36.48670995049452], [127.10531424834899, 36.48601788234866]]}}, {"type": "Feature", "properties": {"proposal_id": "visible-line-176", "tile_id": "178-gongju-hydro", "sheet_id": "178-gongju", "split": "holdout_test", "proposal_kind": "visible_linework_review_only", "backend": "grayscale_ridge_v1_skeleton_v1", "pixel_length": 46.841, "point_count": 4, "confidence": 0.7714, "review_status": "unreviewed"}, "geometry": {"type": "LineString", "coordinates": [[127.10526711098272, 36.46171860078306], [127.10540852308152, 36.46168015255273], [127.1058798967442, 36.461334118479805], [127.10686978143579, 36.46052670564298]]}}, {"type": "Feature", "properties": {"proposal_id": "visible-line-177", "tile_id": "178-gongju-hydro", "sheet_id": "178-gongju", "split": "holdout_test", "proposal_kind": "visible_linework_review_only", "backend": "grayscale_ridge_v1_skeleton_v1", "pixel_length": 21.385, "point_count": 3, "confidence": 0.6378, "review_status": "unreviewed"}, "geometry": {"type": "LineString", "coordinates": [[127.10531424834899, 36.46906221277519], [127.10569134727912, 36.469408246848126], [127.106021308843, 36.46960048799975]]}}, {"type": "Feature", "properties": {"proposal_id": "visible-line-178", "tile_id": "178-gongju-hydro", "sheet_id": "178-gongju", "split": "holdout_test", "proposal_kind": "visible_linework_review_only", "backend": "grayscale_ridge_v1_skeleton_v1", "pixel_length": 30.799, "point_count": 4, "confidence": 0.7367, "review_status": "unreviewed"}, "geometry": {"type": "LineString", "coordinates": [[127.10545566044779, 36.464179287523876], [127.10564420991285, 36.464140839293556], [127.1061627209418, 36.46379480522062], [127.10663409460446, 36.46364101229933]]}}, {"type": "Feature", "properties": {"proposal_id": "visible-line-179", "tile_id": "178-gongju-hydro", "sheet_id": "178-gongju", "split": "holdout_test", "proposal_kind": "visible_linework_review_only", "backend": "grayscale_ridge_v1_skeleton_v1", "pixel_length": 20.556, "point_count": 3, "confidence": 0.7322, "review_status": "unreviewed"}, "geometry": {"type": "LineString", "coordinates": [[127.10620985830806, 36.47652116945831], [127.10625699567433, 36.47629048007636], [127.10672836933699, 36.475905997773104]]}}, {"type": "Feature", "properties": {"proposal_id": "visible-line-180", "tile_id": "178-gongju-hydro", "sheet_id": "178-gongju", "split": "holdout_test", "proposal_kind": "visible_linework_review_only", "backend": "grayscale_ridge_v1_skeleton_v1", "pixel_length": 26.385, "point_count": 4, "confidence": 0.7266, "review_status": "unreviewed"}, "geometry": {"type": "LineString", "coordinates": [[127.10620985830806, 36.47502168847562], [127.10682264406952, 36.4754446190092], [127.10686978143579, 36.47552151546985], [127.10682264406952, 36.4757522048518]]}}, {"type": "Feature", "properties": {"proposal_id": "visible-line-181", "tile_id": "178-gongju-hydro", "sheet_id": "178-gongju", "split": "holdout_test", "proposal_kind": "visible_linework_review_only", "backend": "grayscale_ridge_v1_skeleton_v1", "pixel_length": 19.071, "point_count": 4, "confidence": 0.7111, "review_status": "unreviewed"}, "geometry": {"type": "LineString", "coordinates": [[127.1064455451394, 36.49132373813356], [127.10658695723819, 36.49155442751551], [127.10653981987193, 36.491669772206485], [127.10658695723819, 36.49197735804909]]}}, {"type": "Feature", "properties": {"proposal_id": "visible-line-182", "tile_id": "178-gongju-hydro", "sheet_id": "178-gongju", "split": "holdout_test", "proposal_kind": "visible_linework_review_only", "backend": "grayscale_ridge_v1_skeleton_v1", "pixel_length": 23.071, "point_count": 6, "confidence": 0.7487, "review_status": "unreviewed"}, "geometry": {"type": "LineString", "coordinates": [[127.10682264406952, 36.491208393442584], [127.10691691880206, 36.49128528990323], [127.10691691880206, 36.49170822043681], [127.10686978143579, 36.49174666866714], [127.10691691880206, 36.491900461588436], [127.10686978143579, 36.49201580627941]]}}, {"type": "Feature", "properties": {"proposal_id": "visible-line-183", "tile_id": "178-gongju-hydro", "sheet_id": "178-gongju", "split": "holdout_test", "proposal_kind": "visible_linework_review_only", "backend": "grayscale_ridge_v1_skeleton_v1", "pixel_length": 131.782, "point_count": 15, "confidence": 0.7504, "review_status": "unreviewed"}, "geometry": {"type": "LineString", "coordinates": [[127.10686978143579, 36.46052670564298], [127.10734115509847, 36.46029601626102], [127.10809535295873, 36.45983463749712], [127.1089909629178, 36.45945015519386], [127.109556611313, 36.459142569351265], [127.10974516077806, 36.45910412112094], [127.1101222597082, 36.45891187996931], [127.11031080917327, 36.45875808704801], [127.11078218283593, 36.45856584589638], [127.11101786966726, 36.45856584589638], [127.11106500703353, 36.45852739766606], [127.11153638069621, 36.45856584589638], [127.11158351806247, 36.45852739766606], [127.11191347962634, 36.45852739766606], [127.11200775435887, 36.45848894943573]]}}, {"type": "Feature", "properties": {"proposal_id": "visible-line-184", "tile_id": "178-gongju-hydro", "sheet_id": "178-gongju", "split": "holdout_test", "proposal_kind": "visible_linework_review_only", "backend": "grayscale_ridge_v1_skeleton_v1", "pixel_length": 26.971, "point_count": 3, "confidence": 0.6979, "review_status": "unreviewed"}, "geometry": {"type": "LineString", "coordinates": [[127.10691691880206, 36.472099622970894], [127.10767111666233, 36.472522553504476], [127.10795394085993, 36.4725610017348]]}}, {"type": "Feature", "properties": {"proposal_id": "visible-line-185", "tile_id": "178-gongju-hydro", "sheet_id": "178-gongju", "split": "holdout_test", "proposal_kind": "visible_linework_review_only", "backend": "grayscale_ridge_v1_skeleton_v1", "pixel_length": 35.314, "point_count": 9, "confidence": 0.6995, "review_status": "unreviewed"}, "geometry": {"type": "LineString", "coordinates": [[127.10705833090086, 36.46744738710153], [127.10710546826712, 36.46737049064088], [127.10705833090086, 36.46721669771958], [127.10719974299967, 36.4671013530286], [127.10738829246473, 36.46713980125893], [127.10738829246473, 36.467293594180234], [127.10734115509847, 36.467332042410554], [127.10734115509847, 36.46783186940478], [127.10738829246473, 36.46787031763511]]}}, {"type": "Feature", "properties": {"proposal_id": "visible-line-186", "tile_id": "178-gongju-hydro", "sheet_id": "178-gongju", "split": "holdout_test", "proposal_kind": "visible_linework_review_only", "backend": "grayscale_ridge_v1_skeleton_v1", "pixel_length": 25.828, "point_count": 5, "confidence": 0.7226, "review_status": "unreviewed"}, "geometry": {"type": "LineString", "coordinates": [[127.1072940177322, 36.471369106594715], [127.1072940177322, 36.470869279600485], [127.10734115509847, 36.47083083137016], [127.10734115509847, 36.470446349066904], [127.10738829246473, 36.470407900836584]]}}, {"type": "Feature", "properties": {"proposal_id": "visible-line-187", "tile_id": "178-gongju-hydro", "sheet_id": "178-gongju", "split": "holdout_test", "proposal_kind": "visible_linework_review_only", "backend": "grayscale_ridge_v1_skeleton_v1", "pixel_length": 18.556, "point_count": 2, "confidence": 0.6298, "review_status": "unreviewed"}, "geometry": {"type": "LineString", "coordinates": [[127.10748256719727, 36.487094432797775], [127.108142490325, 36.48751736333135]]}}, {"type": "Feature", "properties": {"proposal_id": "visible-line-188", "tile_id": "178-gongju-hydro", "sheet_id": "178-gongju", "split": "holdout_test", "proposal_kind": "visible_linework_review_only", "backend": "grayscale_ridge_v1_skeleton_v1", "pixel_length": 35.87, "point_count": 3, "confidence": 0.6767, "review_status": "unreviewed"}, "geometry": {"type": "LineString", "coordinates": [[127.1075768419298, 36.46052670564298], [127.10804821559246, 36.46018067157004], [127.10889668818527, 36.45979618926679]]}}, {"type": "Feature", "properties": {"proposal_id": "visible-line-189", "tile_id": "178-gongju-hydro", "sheet_id": "178-gongju", "split": "holdout_test", "proposal_kind": "visible_linework_review_only", "backend": "grayscale_ridge_v1_skeleton_v1", "pixel_length": 18.243, "point_count": 4, "confidence": 0.7017, "review_status": "unreviewed"}, "geometry": {"type": "LineString", "coordinates": [[127.10767111666233, 36.49132373813356], [127.10776539139486, 36.49147753105486], [127.10776539139486, 36.491938909818764], [127.10781252876113, 36.49197735804909]]}}, {"type": "Feature", "properties": {"proposal_id": "visible-line-190", "tile_id": "178-gongju-hydro", "sheet_id": "178-gongju", "split": "holdout_test", "proposal_kind": "visible_linework_review_only", "backend": "grayscale_ridge_v1_skeleton_v1", "pixel_length": 22.071, "point_count": 3, "confidence": 0.6924, "review_status": "unreviewed"}, "geometry": {"type": "LineString", "coordinates": [[127.1080010782262, 36.49282321911625], [127.10818962769126, 36.49301546026787], [127.10823676505753, 36.493592183722754]]}}, {"type": "Feature", "properties": {"proposal_id": "visible-line-191", "tile_id": "178-gongju-hydro", "sheet_id": "178-gongju", "split": "holdout_test", "proposal_kind": "visible_linework_review_only", "backend": "grayscale_ridge_v1_skeleton_v1", "pixel_length": 23.142, "point_count": 4, "confidence": 0.7294, "review_status": "unreviewed"}, "geometry": {"type": "LineString", "coordinates": [[127.108142490325, 36.48013530310889], [127.10823676505753, 36.47990461372694], [127.10851958925514, 36.47959702788433], [127.10861386398767, 36.47940478673271]]}}, {"type": "Feature", "properties": {"proposal_id": "visible-line-192", "tile_id": "178-gongju-hydro", "sheet_id": "178-gongju", "split": "holdout_test", "proposal_kind": "visible_linework_review_only", "backend": "grayscale_ridge_v1_skeleton_v1", "pixel_length": 59.213, "point_count": 8, "confidence": 0.7147, "review_status": "unreviewed"}, "geometry": {"type": "LineString", "coordinates": [[127.108142490325, 36.48013530310889], [127.10837817715633, 36.48028909603019], [127.10889668818527, 36.48013530310889], [127.1091323750166, 36.48013530310889], [127.10932092448166, 36.48028909603019], [127.10932092448166, 36.48055823364247], [127.10922664974913, 36.48071202656377], [127.1092737871154, 36.4813656464793]]}}, {"type": "Feature", "properties": {"proposal_id": "visible-line-193", "tile_id": "178-gongju-hydro", "sheet_id": "178-gongju", "split": "holdout_test", "proposal_kind": "visible_linework_review_only", "backend": "grayscale_ridge_v1_skeleton_v1", "pixel_length": 19.485, "point_count": 5, "confidence": 0.7222, "review_status": "unreviewed"}, "geometry": {"type": "LineString", "coordinates": [[127.10861386398767, 36.474675654402695], [127.1087081387202, 36.47459875794204], [127.10889668818527, 36.47463720617237], [127.10894382555153, 36.47494479201497], [127.10880241345274, 36.47502168847562]]}}, {"type": "Feature", "properties": {"proposal_id": "visible-line-194", "tile_id": "178-gongju-hydro", "sheet_id": "178-gongju", "split": "holdout_test", "proposal_kind": "visible_linework_review_only", "backend": "grayscale_ridge_v1_skeleton_v1", "pixel_length": 21.243, "point_count": 4, "confidence": 0.7027, "review_status": "unreviewed"}, "geometry": {"type": "LineString", "coordinates": [[127.1087081387202, 36.492861667346574], [127.10880241345274, 36.49297701203755], [127.10875527608647, 36.493092356728525], [127.10875527608647, 36.49363063195308]]}}, {"type": "Feature", "properties": {"proposal_id": "visible-line-195", "tile_id": "178-gongju-hydro", "sheet_id": "178-gongju", "split": "holdout_test", "proposal_kind": "visible_linework_review_only", "backend": "grayscale_ridge_v1_skeleton_v1", "pixel_length": 19.485, "point_count": 5, "confidence": 0.6078, "review_status": "unreviewed"}, "geometry": {"type": "LineString", "coordinates": [[127.108849550819, 36.49213115097039], [127.10889668818527, 36.492169599200714], [127.10903810028407, 36.49213115097039], [127.10936806184793, 36.49224649566137], [127.10965088604553, 36.49220804743104]]}}, {"type": "Feature", "properties": {"proposal_id": "visible-line-196", "tile_id": "178-gongju-hydro", "sheet_id": "178-gongju", "split": "holdout_test", "proposal_kind": "visible_linework_review_only", "backend": "grayscale_ridge_v1_skeleton_v1", "pixel_length": 91.728, "point_count": 12, "confidence": 0.661, "review_status": "unreviewed"}, "geometry": {"type": "LineString", "coordinates": [[127.1089909629178, 36.471561347746345], [127.10950947394673, 36.471561347746345], [127.109556611313, 36.471599795976665], [127.10988657287687, 36.471599795976665], [127.11016939707447, 36.47167669243732], [127.11120641913234, 36.47171514066764], [127.11125355649861, 36.47175358889797], [127.1121020290914, 36.47175358889797], [127.11214916645767, 36.471792037128296], [127.11247912802155, 36.471792037128296], [127.11262054012035, 36.471868933588944], [127.11313905114928, 36.47190738181927]]}}, {"type": "Feature", "properties": {"proposal_id": "visible-line-197", "tile_id": "178-gongju-hydro", "sheet_id": "178-gongju", "split": "holdout_test", "proposal_kind": "visible_linework_review_only", "backend": "grayscale_ridge_v1_skeleton_v1", "pixel_length": 36.799, "point_count": 6, "confidence": 0.7304, "review_status": "unreviewed"}, "geometry": {"type": "LineString", "coordinates": [[127.10922664974913, 36.48178857701288], [127.10946233658046, 36.48194236993418], [127.10965088604553, 36.48194236993418], [127.10983943551061, 36.481865473473526], [127.11007512234194, 36.481634784091575], [127.11021653444074, 36.481173405327674]]}}, {"type": "Feature", "properties": {"proposal_id": "visible-line-198", "tile_id": "178-gongju-hydro", "sheet_id": "178-gongju", "split": "holdout_test", "proposal_kind": "visible_linework_review_only", "backend": "grayscale_ridge_v1_skeleton_v1", "pixel_length": 18.314, "point_count": 4, "confidence": 0.6304, "review_status": "unreviewed"}, "geometry": {"type": "LineString", "coordinates": [[127.1099808476094, 36.49224649566137], [127.1101222597082, 36.49220804743104], [127.1104050839058, 36.491938909818764], [127.11064077073713, 36.491900461588436]]}}, {"type": "Feature", "properties": {"proposal_id": "visible-line-199", "tile_id": "178-gongju-hydro", "sheet_id": "178-gongju", "split": "holdout_test", "proposal_kind": "visible_linework_review_only", "backend": "grayscale_ridge_v1_skeleton_v1", "pixel_length": 29.385, "point_count": 6, "confidence": 0.6701, "review_status": "unreviewed"}, "geometry": {"type": "LineString", "coordinates": [[127.1099808476094, 36.45933481050289], [127.11021653444074, 36.459142569351265], [127.11064077073713, 36.45898877642996], [127.11073504546967, 36.45891187996931], [127.11092359493473, 36.45883498350866], [127.11111214439981, 36.45883498350866]]}}, {"type": "Feature", "properties": {"proposal_id": "visible-line-200", "tile_id": "178-gongju-hydro", "sheet_id": "178-gongju", "split": "holdout_test", "proposal_kind": "visible_linework_review_only", "backend": "grayscale_ridge_v1_skeleton_v1", "pixel_length": 19.0, "point_count": 2, "confidence": 0.7522, "review_status": "unreviewed"}, "geometry": {"type": "LineString", "coordinates": [[127.11031080917327, 36.47129221013407], [127.11120641913234, 36.47129221013407]]}}, {"type": "Feature", "properties": {"proposal_id": "visible-line-201", "tile_id": "178-gongju-hydro", "sheet_id": "178-gongju", "split": "holdout_test", "proposal_kind": "visible_linework_review_only", "backend": "grayscale_ridge_v1_skeleton_v1", "pixel_length": 50.255, "point_count": 4, "confidence": 0.6685, "review_status": "unreviewed"}, "geometry": {"type": "LineString", "coordinates": [[127.11049935863834, 36.49313080495885], [127.11087645756847, 36.49282321911625], [127.11163065542874, 36.492361840352345], [127.1122434411902, 36.491900461588436]]}}, {"type": "Feature", "properties": {"proposal_id": "visible-line-202", "tile_id": "178-gongju-hydro", "sheet_id": "178-gongju", "split": "holdout_test", "proposal_kind": "visible_linework_review_only", "backend": "grayscale_ridge_v1_skeleton_v1", "pixel_length": 62.042, "point_count": 8, "confidence": 0.7209, "review_status": "unreviewed"}, "geometry": {"type": "LineString", "coordinates": [[127.11049935863834, 36.4810580606367], [127.110970732301, 36.481404094709625], [127.11115928176608, 36.48148099117027], [127.1118192048938, 36.48144254293995], [127.11191347962634, 36.4815194394006], [127.11191347962634, 36.482096162855484], [127.1118192048938, 36.482326852237435], [127.11186634226007, 36.48248064515873]]}}, {"type": "Feature", "properties": {"proposal_id": "visible-line-203", "tile_id": "178-gongju-hydro", "sheet_id": "178-gongju", "split": "holdout_test", "proposal_kind": "visible_linework_review_only", "backend": "grayscale_ridge_v1_skeleton_v1", "pixel_length": 22.657, "point_count": 6, "confidence": 0.6979, "review_status": "unreviewed"}, "geometry": {"type": "LineString", "coordinates": [[127.11049935863834, 36.47763616813774], [127.11059363337087, 36.477597719907415], [127.11059363337087, 36.47721323760416], [127.11064077073713, 36.47717478937384], [127.11064077073713, 36.47702099645254], [127.11049935863834, 36.47690565176156]]}}, {"type": "Feature", "properties": {"proposal_id": "visible-line-204", "tile_id": "178-gongju-hydro", "sheet_id": "178-gongju", "split": "holdout_test", "proposal_kind": "visible_linework_review_only", "backend": "grayscale_ridge_v1_skeleton_v1", "pixel_length": 33.728, "point_count": 3, "confidence": 0.6319, "review_status": "unreviewed"}, "geometry": {"type": "LineString", "coordinates": [[127.11064077073713, 36.4698311773817], [127.11125355649861, 36.469715832690724], [127.11205489172514, 36.46948514330877]]}}, {"type": "Feature", "properties": {"proposal_id": "visible-line-205", "tile_id": "178-gongju-hydro", "sheet_id": "178-gongju", "split": "holdout_test", "proposal_kind": "visible_linework_review_only", "backend": "grayscale_ridge_v1_skeleton_v1", "pixel_length": 50.213, "point_count": 12, "confidence": 0.7267, "review_status": "unreviewed"}, "geometry": {"type": "LineString", "coordinates": [[127.11078218283593, 36.49574528462097], [127.11101786966726, 36.495783732851294], [127.11134783123114, 36.49559149169967], [127.11144210596368, 36.49559149169967], [127.11153638069621, 36.495706836390646], [127.11153638069621, 36.49586062931195], [127.11158351806247, 36.49589907754227], [127.1118192048938, 36.4959375257726], [127.11191347962634, 36.49601442223325], [127.1121020290914, 36.49605287046357], [127.11205489172514, 36.4963989045365], [127.1119606169926, 36.496437352766826]]}}, {"type": "Feature", "properties": {"proposal_id": "visible-line-206", "tile_id": "178-gongju-hydro", "sheet_id": "178-gongju", "split": "holdout_test", "proposal_kind": "visible_linework_review_only", "backend": "grayscale_ridge_v1_skeleton_v1", "pixel_length": 23.485, "point_count": 7, "confidence": 0.7102, "review_status": "unreviewed"}, "geometry": {"type": "LineString", "coordinates": [[127.11087645756847, 36.46356411583867], [127.11106500703353, 36.46352566760835], [127.11111214439981, 36.46356411583867], [127.11153638069621, 36.46356411583867], [127.11158351806247, 36.46352566760835], [127.11177206752754, 36.463602564069], [127.11186634226007, 36.46356411583867]]}}, {"type": "Feature", "properties": {"proposal_id": "visible-line-207", "tile_id": "178-gongju-hydro", "sheet_id": "178-gongju", "split": "holdout_test", "proposal_kind": "visible_linework_review_only", "backend": "grayscale_ridge_v1_skeleton_v1", "pixel_length": 39.556, "point_count": 7, "confidence": 0.6358, "review_status": "unreviewed"}, "geometry": {"type": "LineString", "coordinates": [[127.11177206752754, 36.48844012085916], [127.1119606169926, 36.48844012085916], [127.11219630382394, 36.48851701731981], [127.11238485328902, 36.48847856908949], [127.11280908958541, 36.48828632793786], [127.11313905114928, 36.48828632793786], [127.11342187534687, 36.48840167262883]]}}, {"type": "Feature", "properties": {"proposal_id": "visible-line-208", "tile_id": "178-gongju-hydro", "sheet_id": "178-gongju", "split": "holdout_test", "proposal_kind": "visible_linework_review_only", "backend": "grayscale_ridge_v1_skeleton_v1", "pixel_length": 21.556, "point_count": 4, "confidence": 0.6756, "review_status": "unreviewed"}, "geometry": {"type": "LineString", "coordinates": [[127.1121020290914, 36.49170822043681], [127.11229057855647, 36.49182356512779], [127.11271481485288, 36.49147753105486], [127.11285622695168, 36.49147753105486]]}}, {"type": "Feature", "properties": {"proposal_id": "visible-line-209", "tile_id": "178-gongju-hydro", "sheet_id": "178-gongju", "split": "holdout_test", "proposal_kind": "visible_linework_review_only", "backend": "grayscale_ridge_v1_skeleton_v1", "pixel_length": 21.243, "point_count": 5, "confidence": 0.6297, "review_status": "unreviewed"}, "geometry": {"type": "LineString", "coordinates": [[127.1122434411902, 36.469946522072675], [127.11238485328902, 36.47002341853333], [127.11262054012035, 36.47002341853333], [127.11266767748661, 36.47006186676366], [127.11318618851554, 36.47006186676366]]}}, {"type": "Feature", "properties": {"proposal_id": "visible-line-210", "tile_id": "178-gongju-hydro", "sheet_id": "178-gongju", "split": "holdout_test", "proposal_kind": "visible_linework_review_only", "backend": "grayscale_ridge_v1_skeleton_v1", "pixel_length": 18.485, "point_count": 4, "confidence": 0.6623, "review_status": "unreviewed"}, "geometry": {"type": "LineString", "coordinates": [[127.11243199065528, 36.45860429412671], [127.11290336431794, 36.458450501205405], [127.11304477641674, 36.45848894943573], [127.11318618851554, 36.458450501205405]]}}, {"type": "Feature", "properties": {"proposal_id": "visible-line-211", "tile_id": "178-gongju-hydro", "sheet_id": "178-gongju", "split": "holdout_test", "proposal_kind": "visible_linework_review_only", "backend": "grayscale_ridge_v1_skeleton_v1", "pixel_length": 40.971, "point_count": 7, "confidence": 0.7162, "review_status": "unreviewed"}, "geometry": {"type": "LineString", "coordinates": [[127.11266767748661, 36.47928944204173], [127.11290336431794, 36.479443234963036], [127.11299763905048, 36.479712372575314], [127.11299763905048, 36.48013530310889], [127.11309191378301, 36.48028909603019], [127.11309191378301, 36.480404440721166], [127.11328046324807, 36.48063513010312]]}}, {"type": "Feature", "properties": {"proposal_id": "visible-line-212", "tile_id": "178-gongju-hydro", "sheet_id": "178-gongju", "split": "holdout_test", "proposal_kind": "visible_linework_review_only", "backend": "grayscale_ridge_v1_skeleton_v1", "pixel_length": 19.0, "point_count": 2, "confidence": 0.6775, "review_status": "unreviewed"}, "geometry": {"type": "LineString", "coordinates": [[127.11276195221915, 36.49532235408739], [127.11276195221915, 36.49459183771121]]}}, {"type": "Feature", "properties": {"proposal_id": "visible-line-213", "tile_id": "178-gongju-hydro", "sheet_id": "178-gongju", "split": "holdout_test", "proposal_kind": "visible_linework_review_only", "backend": "grayscale_ridge_v1_skeleton_v1", "pixel_length": 147.368, "point_count": 26, "confidence": 0.7094, "review_status": "unreviewed"}, "geometry": {"type": "LineString", "coordinates": [[127.11295050168421, 36.48274978277101], [127.11299763905048, 36.48271133454069], [127.11328046324807, 36.48271133454069], [127.1135161500794, 36.48294202392264], [127.1136575621782, 36.48321116153492], [127.11389324900955, 36.48340340268654], [127.11417607320715, 36.483518747377516], [127.11427034793968, 36.483518747377516], [127.11441176003848, 36.48340340268654], [127.11450603477101, 36.48321116153492], [127.11478885896861, 36.48301892038329], [127.11502454579995, 36.483057368613615], [127.11530736999755, 36.48321116153492], [127.11592015575901, 36.48321116153492], [127.11601443049155, 36.483288057995566], [127.11606156785781, 36.48344185091687], [127.11601443049155, 36.48390322968077], [127.11606156785781, 36.4839416779111], [127.11606156785781, 36.4840954708324], [127.11620297995661, 36.48432616021435], [127.11658007888676, 36.484518401365975], [127.11676862835182, 36.4845568495963], [127.11700431518315, 36.484710642517605], [127.11714572728195, 36.484749090747925], [127.11733427674702, 36.484749090747925], [127.11738141411328, 36.484710642517605]]}}, {"type": "Feature", "properties": {"proposal_id": "visible-line-214", "tile_id": "178-gongju-hydro", "sheet_id": "178-gongju", "split": "holdout_test", "proposal_kind": "visible_linework_review_only", "backend": "grayscale_ridge_v1_skeleton_v1", "pixel_length": 66.941, "point_count": 11, "confidence": 0.7162, "review_status": "unreviewed"}, "geometry": {"type": "LineString", "coordinates": [[127.11299763905048, 36.45818136359313], [127.1133747379806, 36.45818136359313], [127.1135161500794, 36.45810446713248], [127.11394038637582, 36.45806601890215], [127.11445889740475, 36.45833515651443], [127.11455317213728, 36.45833515651443], [127.11497740843367, 36.45860429412671], [127.11516595789875, 36.45860429412671], [127.11535450736382, 36.45852739766606], [127.11554305682888, 36.45837360474476], [127.11559019419515, 36.45825826005378]]}}, {"type": "Feature", "properties": {"proposal_id": "visible-line-215", "tile_id": "178-gongju-hydro", "sheet_id": "178-gongju", "split": "holdout_test", "proposal_kind": "visible_linework_review_only", "backend": "grayscale_ridge_v1_skeleton_v1", "pixel_length": 22.971, "point_count": 5, "confidence": 0.6871, "review_status": "unreviewed"}, "geometry": {"type": "LineString", "coordinates": [[127.11318618851554, 36.46456376982713], [127.1135161500794, 36.46479445920909], [127.11375183691075, 36.46502514859104], [127.11375183691075, 36.46510204505169], [127.11389324900955, 36.465140493282014]]}}, {"type": "Feature", "properties": {"proposal_id": "visible-line-216", "tile_id": "178-gongju-hydro", "sheet_id": "178-gongju", "split": "holdout_test", "proposal_kind": "visible_linework_review_only", "backend": "grayscale_ridge_v1_skeleton_v1", "pixel_length": 18.485, "point_count": 5, "confidence": 0.6143, "review_status": "unreviewed"}, "geometry": {"type": "LineString", "coordinates": [[127.11323332588181, 36.46329497822639], [127.11346901271314, 36.463410322917376], [127.11356328744567, 36.46333342645672], [127.11356328744567, 36.46306428884444], [127.1135161500794, 36.462987392383795]]}}, {"type": "Feature", "properties": {"proposal_id": "visible-line-217", "tile_id": "178-gongju-hydro", "sheet_id": "178-gongju", "split": "holdout_test", "proposal_kind": "visible_linework_review_only", "backend": "grayscale_ridge_v1_skeleton_v1", "pixel_length": 21.071, "point_count": 4, "confidence": 0.7349, "review_status": "unreviewed"}, "geometry": {"type": "LineString", "coordinates": [[127.11328046324807, 36.461564807861755], [127.11361042481194, 36.46144946317078], [127.11384611164328, 36.46144946317078], [127.11417607320715, 36.461526359631435]]}}, {"type": "Feature", "properties": {"proposal_id": "visible-line-218", "tile_id": "178-gongju-hydro", "sheet_id": "178-gongju", "split": "holdout_test", "proposal_kind": "visible_linework_review_only", "backend": "grayscale_ridge_v1_skeleton_v1", "pixel_length": 22.657, "point_count": 6, "confidence": 0.7086, "review_status": "unreviewed"}, "geometry": {"type": "LineString", "coordinates": [[127.11342187534687, 36.49539925054804], [127.11346901271314, 36.49536080231772], [127.11346901271314, 36.495014768244786], [127.1135161500794, 36.494976320014466], [127.1135161500794, 36.49466873417186], [127.11342187534687, 36.49459183771121]]}}, {"type": "Feature", "properties": {"proposal_id": "visible-line-219", "tile_id": "178-gongju-hydro", "sheet_id": "178-gongju", "split": "holdout_test", "proposal_kind": "visible_linework_review_only", "backend": "grayscale_ridge_v1_skeleton_v1", "pixel_length": 47.142, "point_count": 6, "confidence": 0.684, "review_status": "unreviewed"}, "geometry": {"type": "LineString", "coordinates": [[127.11361042481194, 36.46913910923585], [127.1136575621782, 36.469177557466175], [127.11403466110835, 36.469216005696495], [127.11431748530595, 36.46933135038747], [127.11511882053249, 36.46929290215715], [127.11563733156142, 36.46913910923585]]}}, {"type": "Feature", "properties": {"proposal_id": "visible-line-220", "tile_id": "178-gongju-hydro", "sheet_id": "178-gongju", "split": "holdout_test", "proposal_kind": "visible_linework_review_only", "backend": "grayscale_ridge_v1_skeleton_v1", "pixel_length": 21.414, "point_count": 3, "confidence": 0.7052, "review_status": "unreviewed"}, "geometry": {"type": "LineString", "coordinates": [[127.11412893584088, 36.48036599249084], [127.11412893584088, 36.47959702788433], [127.11417607320715, 36.47955857965401]]}}, {"type": "Feature", "properties": {"proposal_id": "visible-line-221", "tile_id": "178-gongju-hydro", "sheet_id": "178-gongju", "split": "holdout_test", "proposal_kind": "visible_linework_review_only", "backend": "grayscale_ridge_v1_skeleton_v1", "pixel_length": 19.0, "point_count": 2, "confidence": 0.739, "review_status": "unreviewed"}, "geometry": {"type": "LineString", "coordinates": [[127.11422321057341, 36.48717132925842], [127.11422321057341, 36.48644081288224]]}}, {"type": "Feature", "properties": {"proposal_id": "visible-line-222", "tile_id": "178-gongju-hydro", "sheet_id": "178-gongju", "split": "holdout_test", "proposal_kind": "visible_linework_review_only", "backend": "grayscale_ridge_v1_skeleton_v1", "pixel_length": 28.728, "point_count": 4, "confidence": 0.7023, "review_status": "unreviewed"}, "geometry": {"type": "LineString", "coordinates": [[127.11450603477101, 36.471792037128296], [127.11460030950354, 36.47171514066764], [127.11554305682888, 36.47152289951602], [127.11568446892768, 36.47144600305536]]}}, {"type": "Feature", "properties": {"proposal_id": "visible-line-223", "tile_id": "178-gongju-hydro", "sheet_id": "178-gongju", "split": "holdout_test", "proposal_kind": "visible_linework_review_only", "backend": "grayscale_ridge_v1_skeleton_v1", "pixel_length": 23.071, "point_count": 4, "confidence": 0.6902, "review_status": "unreviewed"}, "geometry": {"type": "LineString", "coordinates": [[127.11455317213728, 36.47002341853333], [127.11483599633488, 36.47006186676366], [127.11502454579995, 36.469984970303], [127.11554305682888, 36.469908073842355]]}}, {"type": "Feature", "properties": {"proposal_id": "visible-line-224", "tile_id": "178-gongju-hydro", "sheet_id": "178-gongju", "split": "holdout_test", "proposal_kind": "visible_linework_review_only", "backend": "grayscale_ridge_v1_skeleton_v1", "pixel_length": 18.243, "point_count": 3, "confidence": 0.6601, "review_status": "unreviewed"}, "geometry": {"type": "LineString", "coordinates": [[127.11488313370114, 36.486402364651916], [127.11502454579995, 36.48655615757322], [127.11502454579995, 36.48705598456745]]}}, {"type": "Feature", "properties": {"proposal_id": "visible-line-225", "tile_id": "178-gongju-hydro", "sheet_id": "178-gongju", "split": "holdout_test", "proposal_kind": "visible_linework_review_only", "backend": "grayscale_ridge_v1_skeleton_v1", "pixel_length": 46.385, "point_count": 6, "confidence": 0.7179, "review_status": "unreviewed"}, "geometry": {"type": "LineString", "coordinates": [[127.11516595789875, 36.48967046422957], [127.11568446892768, 36.48993960184185], [127.11610870522408, 36.49005494653282], [127.11629725468916, 36.49005494653282], [127.11681576571809, 36.4901702912238], [127.11709858991568, 36.4901702912238]]}}, {"type": "Feature", "properties": {"proposal_id": "visible-line-226", "tile_id": "178-gongju-hydro", "sheet_id": "178-gongju", "split": "holdout_test", "proposal_kind": "visible_linework_review_only", "backend": "grayscale_ridge_v1_skeleton_v1", "pixel_length": 20.243, "point_count": 5, "confidence": 0.7353, "review_status": "unreviewed"}, "geometry": {"type": "LineString", "coordinates": [[127.11554305682888, 36.470138763224305], [127.11559019419515, 36.47017721145463], [127.11559019419515, 36.47067703844886], [127.11563733156142, 36.47079238313984], [127.11573160629395, 36.47083083137016]]}}, {"type": "Feature", "properties": {"proposal_id": "visible-line-227", "tile_id": "178-gongju-hydro", "sheet_id": "178-gongju", "split": "holdout_test", "proposal_kind": "visible_linework_review_only", "backend": "grayscale_ridge_v1_skeleton_v1", "pixel_length": 28.627, "point_count": 2, "confidence": 0.7727, "review_status": "unreviewed"}, "geometry": {"type": "LineString", "coordinates": [[127.11559019419515, 36.45875808704801], [127.11634439205542, 36.45791222598085]]}}, {"type": "Feature", "properties": {"proposal_id": "visible-line-228", "tile_id": "178-gongju-hydro", "sheet_id": "178-gongju", "split": "holdout_test", "proposal_kind": "visible_linework_review_only", "backend": "grayscale_ridge_v1_skeleton_v1", "pixel_length": 33.142, "point_count": 10, "confidence": 0.7071, "review_status": "unreviewed"}, "geometry": {"type": "LineString", "coordinates": [[127.11563733156142, 36.487132881028096], [127.11568446892768, 36.487094432797775], [127.11587301839275, 36.487132881028096], [127.11592015575901, 36.48720977748875], [127.11587301839275, 36.4874404668707], [127.11610870522408, 36.48755581156168], [127.11610870522408, 36.4877480527133], [127.11606156785781, 36.48778650094363], [127.11610870522408, 36.4879018456346], [127.11606156785781, 36.48797874209526]]}}, {"type": "Feature", "properties": {"proposal_id": "visible-line-229", "tile_id": "178-gongju-hydro", "sheet_id": "178-gongju", "split": "holdout_test", "proposal_kind": "visible_linework_review_only", "backend": "grayscale_ridge_v1_skeleton_v1", "pixel_length": 24.728, "point_count": 3, "confidence": 0.6344, "review_status": "unreviewed"}, "geometry": {"type": "LineString", "coordinates": [[127.11568446892768, 36.4698311773817], [127.11606156785781, 36.46975428092105], [127.11667435361929, 36.46948514330877]]}}, {"type": "Feature", "properties": {"proposal_id": "visible-line-230", "tile_id": "178-gongju-hydro", "sheet_id": "178-gongju", "split": "holdout_test", "proposal_kind": "visible_linework_review_only", "backend": "grayscale_ridge_v1_skeleton_v1", "pixel_length": 21.314, "point_count": 5, "confidence": 0.6293, "review_status": "unreviewed"}, "geometry": {"type": "LineString", "coordinates": [[127.11582588102648, 36.479750820805634], [127.11592015575901, 36.47982771726629], [127.11587301839275, 36.479981510187585], [127.11592015575901, 36.48021219956954], [127.11620297995661, 36.48036599249084]]}}, {"type": "Feature", "properties": {"proposal_id": "visible-line-231", "tile_id": "178-gongju-hydro", "sheet_id": "178-gongju", "split": "holdout_test", "proposal_kind": "visible_linework_review_only", "backend": "grayscale_ridge_v1_skeleton_v1", "pixel_length": 79.711, "point_count": 4, "confidence": 0.7063, "review_status": "unreviewed"}, "geometry": {"type": "LineString", "coordinates": [[127.11667435361929, 36.46840859285967], [127.11771137567716, 36.467293594180234], [127.11846557353742, 36.46667842249502], [127.11912549666516, 36.46621704373112]]}}, {"type": "Feature", "properties": {"proposal_id": "visible-line-232", "tile_id": "178-gongju-hydro", "sheet_id": "178-gongju", "split": "holdout_test", "proposal_kind": "visible_linework_review_only", "backend": "grayscale_ridge_v1_skeleton_v1", "pixel_length": 22.314, "point_count": 7, "confidence": 0.6876, "review_status": "unreviewed"}, "geometry": {"type": "LineString", "coordinates": [[127.11691004045062, 36.487132881028096], [127.11705145254942, 36.48724822571907], [127.11709858991568, 36.48720977748875], [127.11728713938075, 36.48720977748875], [127.11733427674702, 36.48724822571907], [127.11738141411328, 36.48751736333135], [127.11747568884581, 36.487632708022325]]}}, {"type": "Feature", "properties": {"proposal_id": "visible-line-233", "tile_id": "178-gongju-hydro", "sheet_id": "178-gongju", "split": "holdout_test", "proposal_kind": "visible_linework_review_only", "backend": "grayscale_ridge_v1_skeleton_v1", "pixel_length": 19.314, "point_count": 4, "confidence": 0.7324, "review_status": "unreviewed"}, "geometry": {"type": "LineString", "coordinates": [[127.11695717781689, 36.47932789027206], [127.11714572728195, 36.47917409735076], [127.11742855147955, 36.47917409735076], [127.1176642383109, 36.47936633850238]]}}, {"type": "Feature", "properties": {"proposal_id": "visible-line-234", "tile_id": "178-gongju-hydro", "sheet_id": "178-gongju", "split": "holdout_test", "proposal_kind": "visible_linework_review_only", "backend": "grayscale_ridge_v1_skeleton_v1", "pixel_length": 25.071, "point_count": 5, "confidence": 0.7003, "review_status": "unreviewed"}, "geometry": {"type": "LineString", "coordinates": [[127.11700431518315, 36.471099968982436], [127.11747568884581, 36.471061520752116], [127.11752282621208, 36.471099968982436], [127.11775851304343, 36.471099968982436], [127.11808847460729, 36.47121531367341]]}}, {"type": "Feature", "properties": {"proposal_id": "visible-line-235", "tile_id": "178-gongju-hydro", "sheet_id": "178-gongju", "split": "holdout_test", "proposal_kind": "visible_linework_review_only", "backend": "grayscale_ridge_v1_skeleton_v1", "pixel_length": 22.899, "point_count": 6, "confidence": 0.6629, "review_status": "unreviewed"}, "geometry": {"type": "LineString", "coordinates": [[127.11700431518315, 36.4602575680307], [127.11705145254942, 36.46018067157004], [127.11700431518315, 36.46006532687907], [127.11705145254942, 36.46002687864875], [127.11700431518315, 36.45952705165452], [127.11705145254942, 36.45948860342419]]}}, {"type": "Feature", "properties": {"proposal_id": "visible-line-236", "tile_id": "178-gongju-hydro", "sheet_id": "178-gongju", "split": "holdout_test", "proposal_kind": "visible_linework_review_only", "backend": "grayscale_ridge_v1_skeleton_v1", "pixel_length": 21.971, "point_count": 3, "confidence": 0.6346, "review_status": "unreviewed"}, "geometry": {"type": "LineString", "coordinates": [[127.11709858991568, 36.46929290215715], [127.11742855147955, 36.46913910923585], [127.11789992514223, 36.46883152339324]]}}, {"type": "Feature", "properties": {"proposal_id": "visible-line-237", "tile_id": "178-gongju-hydro", "sheet_id": "178-gongju", "split": "holdout_test", "proposal_kind": "visible_linework_review_only", "backend": "grayscale_ridge_v1_skeleton_v1", "pixel_length": 24.899, "point_count": 7, "confidence": 0.6953, "review_status": "unreviewed"}, "geometry": {"type": "LineString", "coordinates": [[127.11728713938075, 36.4927463226556], [127.11756996357835, 36.492669426194944], [127.11761710094463, 36.49251563327364], [127.11771137567716, 36.49243873681299], [127.11799419987476, 36.49243873681299], [127.11808847460729, 36.492361840352345], [127.11818274933982, 36.492361840352345]]}}, {"type": "Feature", "properties": {"proposal_id": "visible-line-238", "tile_id": "178-gongju-hydro", "sheet_id": "178-gongju", "split": "holdout_test", "proposal_kind": "visible_linework_review_only", "backend": "grayscale_ridge_v1_skeleton_v1", "pixel_length": 33.113, "point_count": 2, "confidence": 0.6642, "review_status": "unreviewed"}, "geometry": {"type": "LineString", "coordinates": [[127.11733427674702, 36.46737049064088], [127.11841843617115, 36.4664861813434]]}}, {"type": "Feature", "properties": {"proposal_id": "visible-line-239", "tile_id": "178-gongju-hydro", "sheet_id": "178-gongju", "split": "holdout_test", "proposal_kind": "visible_linework_review_only", "backend": "grayscale_ridge_v1_skeleton_v1", "pixel_length": 20.657, "point_count": 7, "confidence": 0.7137, "review_status": "unreviewed"}, "geometry": {"type": "LineString", "coordinates": [[127.11738141411328, 36.48032754426052], [127.11738141411328, 36.48013530310889], [127.11742855147955, 36.48009685487856], [127.11742855147955, 36.479943061957265], [127.11738141411328, 36.47990461372694], [127.11742855147955, 36.47963547611466], [127.11738141411328, 36.47959702788433]]}}, {"type": "Feature", "properties": {"proposal_id": "visible-line-240", "tile_id": "178-gongju-hydro", "sheet_id": "178-gongju", "split": "holdout_test", "proposal_kind": "visible_linework_review_only", "backend": "grayscale_ridge_v1_skeleton_v1", "pixel_length": 20.971, "point_count": 3, "confidence": 0.7845, "review_status": "unreviewed"}, "geometry": {"type": "LineString", "coordinates": [[127.11747568884581, 36.4693697986178], [127.1176642383109, 36.46929290215715], [127.11822988670609, 36.468908419853896]]}}, {"type": "Feature", "properties": {"proposal_id": "visible-line-241", "tile_id": "178-gongju-hydro", "sheet_id": "178-gongju", "split": "holdout_test", "proposal_kind": "visible_linework_review_only", "backend": "grayscale_ridge_v1_skeleton_v1", "pixel_length": 28.728, "point_count": 5, "confidence": 0.6908, "review_status": "unreviewed"}, "geometry": {"type": "LineString", "coordinates": [[127.11761710094463, 36.48459529782663], [127.11794706250849, 36.48444150490533], [127.11832416143862, 36.48444150490533], [127.11841843617115, 36.484518401365975], [127.11879553510128, 36.48463374605695]]}}, {"type": "Feature", "properties": {"proposal_id": "visible-line-242", "tile_id": "178-gongju-hydro", "sheet_id": "178-gongju", "split": "holdout_test", "proposal_kind": "visible_linework_review_only", "backend": "grayscale_ridge_v1_skeleton_v1", "pixel_length": 24.071, "point_count": 6, "confidence": 0.6829, "review_status": "unreviewed"}, "geometry": {"type": "LineString", "coordinates": [[127.1178056504097, 36.46233377246826], [127.11794706250849, 36.462256876007615], [127.11813561197356, 36.462256876007615], [127.11818274933982, 36.46221842777729], [127.11855984826995, 36.46221842777729], [127.11884267246755, 36.462295324237935]]}}, {"type": "Feature", "properties": {"proposal_id": "visible-line-243", "tile_id": "178-gongju-hydro", "sheet_id": "178-gongju", "split": "holdout_test", "proposal_kind": "visible_linework_review_only", "backend": "grayscale_ridge_v1_skeleton_v1", "pixel_length": 23.728, "point_count": 4, "confidence": 0.7423, "review_status": "unreviewed"}, "geometry": {"type": "LineString", "coordinates": [[127.11799419987476, 36.46252601361989], [127.11822988670609, 36.46271825477152], [127.11837129880489, 36.46294894415347], [127.11841843617115, 36.46329497822639]]}}, {"type": "Feature", "properties": {"proposal_id": "visible-line-244", "tile_id": "178-gongju-hydro", "sheet_id": "178-gongju", "split": "holdout_test", "proposal_kind": "visible_linework_review_only", "backend": "grayscale_ridge_v1_skeleton_v1", "pixel_length": 20.385, "point_count": 2, "confidence": 0.6578, "review_status": "unreviewed"}, "geometry": {"type": "LineString", "coordinates": [[127.11804133724102, 36.46875462693259], [127.11874839773502, 36.468254799938364]]}}, {"type": "Feature", "properties": {"proposal_id": "visible-line-245", "tile_id": "178-gongju-hydro", "sheet_id": "178-gongju", "split": "holdout_test", "proposal_kind": "visible_linework_review_only", "backend": "grayscale_ridge_v1_skeleton_v1", "pixel_length": 30.042, "point_count": 3, "confidence": 0.7172, "review_status": "unreviewed"}, "geometry": {"type": "LineString", "coordinates": [[127.11808847460729, 36.47075393490951], [127.11827702407236, 36.47056169375789], [127.11912549666516, 36.47006186676366]]}}, {"type": "Feature", "properties": {"proposal_id": "visible-line-246", "tile_id": "178-gongju-hydro", "sheet_id": "178-gongju", "split": "holdout_test", "proposal_kind": "visible_linework_review_only", "backend": "grayscale_ridge_v1_skeleton_v1", "pixel_length": 22.485, "point_count": 3, "confidence": 0.6917, "review_status": "unreviewed"}, "geometry": {"type": "LineString", "coordinates": [[127.11837129880489, 36.4874404668707], [127.11860698563622, 36.48767115625265], [127.11865412300249, 36.48820943147721]]}}, {"type": "Feature", "properties": {"proposal_id": "visible-line-247", "tile_id": "178-gongju-hydro", "sheet_id": "178-gongju", "split": "holdout_test", "proposal_kind": "visible_linework_review_only", "backend": "grayscale_ridge_v1_skeleton_v1", "pixel_length": 19.657, "point_count": 6, "confidence": 0.6634, "review_status": "unreviewed"}, "geometry": {"type": "LineString", "coordinates": [[127.11846557353742, 36.465871009658194], [127.11851271090369, 36.46571721673689], [127.11851271090369, 36.46548652735494], [127.11846557353742, 36.46544807912461], [127.11851271090369, 36.46521738974266], [127.11846557353742, 36.465178941512335]]}}, {"type": "Feature", "properties": {"proposal_id": "visible-line-248", "tile_id": "178-gongju-hydro", "sheet_id": "178-gongju", "split": "holdout_test", "proposal_kind": "visible_linework_review_only", "backend": "grayscale_ridge_v1_skeleton_v1", "pixel_length": 21.657, "point_count": 4, "confidence": 0.7705, "review_status": "unreviewed"}, "geometry": {"type": "LineString", "coordinates": [[127.11855984826995, 36.48586408942736], [127.11874839773502, 36.48578719296671], [127.11926690876396, 36.48578719296671], [127.11950259559529, 36.48586408942736]]}}, {"type": "Feature", "properties": {"proposal_id": "visible-line-249", "tile_id": "178-gongju-hydro", "sheet_id": "178-gongju", "split": "holdout_test", "proposal_kind": "visible_linework_review_only", "backend": "grayscale_ridge_v1_skeleton_v1", "pixel_length": 20.657, "point_count": 6, "confidence": 0.7147, "review_status": "unreviewed"}, "geometry": {"type": "LineString", "coordinates": [[127.1189369472001, 36.48955511953859], [127.11898408456636, 36.489516671308266], [127.11898408456636, 36.48920908546567], [127.1189369472001, 36.48917063723534], [127.11898408456636, 36.48886305139274], [127.1189369472001, 36.48882460316241]]}}, {"type": "Feature", "properties": {"proposal_id": "visible-line-250", "tile_id": "178-gongju-hydro", "sheet_id": "178-gongju", "split": "holdout_test", "proposal_kind": "visible_linework_review_only", "backend": "grayscale_ridge_v1_skeleton_v1", "pixel_length": 100.255, "point_count": 15, "confidence": 0.698, "review_status": "unreviewed"}, "geometry": {"type": "LineString", "coordinates": [[127.11903122193263, 36.48459529782663], [127.11964400769409, 36.48459529782663], [127.11978541979289, 36.484749090747925], [127.11973828242662, 36.48517202128151], [127.11992683189169, 36.48536426243313], [127.12006824399049, 36.48540271066346], [127.12053961765317, 36.48540271066346], [127.1207753044845, 36.48532581420281], [127.12101099131583, 36.48513357305118], [127.12115240341463, 36.48478753897825], [127.12134095287969, 36.48467219428728], [127.12157663971104, 36.48467219428728], [127.12171805180984, 36.484749090747925], [127.12195373864117, 36.484941331899556], [127.12209515073997, 36.48513357305118]]}}, {"type": "Feature", "properties": {"proposal_id": "visible-line-251", "tile_id": "178-gongju-hydro", "sheet_id": "178-gongju", "split": "holdout_test", "proposal_kind": "visible_linework_review_only", "backend": "grayscale_ridge_v1_skeleton_v1", "pixel_length": 18.899, "point_count": 5, "confidence": 0.6837, "review_status": "unreviewed"}, "geometry": {"type": "LineString", "coordinates": [[127.11903122193263, 36.47552151546985], [127.11912549666516, 36.4755984119305], [127.1190783592989, 36.475713756621474], [127.11926690876396, 36.47598289423375], [127.11926690876396, 36.476136687155055]]}}, {"type": "Feature", "properties": {"proposal_id": "visible-line-252", "tile_id": "178-gongju-hydro", "sheet_id": "178-gongju", "split": "holdout_test", "proposal_kind": "visible_linework_review_only", "backend": "grayscale_ridge_v1_skeleton_v1", "pixel_length": 22.243, "point_count": 4, "confidence": 0.7121, "review_status": "unreviewed"}, "geometry": {"type": "LineString", "coordinates": [[127.1190783592989, 36.4879018456346], [127.1190783592989, 36.48747891510103], [127.1192197713977, 36.487402018640374], [127.11954973296156, 36.4874404668707]]}}, {"type": "Feature", "properties": {"proposal_id": "visible-line-253", "tile_id": "178-gongju-hydro", "sheet_id": "178-gongju", "split": "holdout_test", "proposal_kind": "visible_linework_review_only", "backend": "grayscale_ridge_v1_skeleton_v1", "pixel_length": 18.971, "point_count": 2, "confidence": 0.8021, "review_status": "unreviewed"}, "geometry": {"type": "LineString", "coordinates": [[127.1190783592989, 36.46829324816869], [127.11973828242662, 36.46783186940478]]}}, {"type": "Feature", "properties": {"proposal_id": "visible-line-254", "tile_id": "178-gongju-hydro", "sheet_id": "178-gongju", "split": "holdout_test", "proposal_kind": "visible_linework_review_only", "backend": "grayscale_ridge_v1_skeleton_v1", "pixel_length": 21.385, "point_count": 2, "confidence": 0.7991, "review_status": "unreviewed"}, "geometry": {"type": "LineString", "coordinates": [[127.11926690876396, 36.47025410791528], [127.11987969452542, 36.470869279600485]]}}, {"type": "Feature", "properties": {"proposal_id": "visible-line-255", "tile_id": "178-gongju-hydro", "sheet_id": "178-gongju", "split": "holdout_test", "proposal_kind": "visible_linework_review_only", "backend": "grayscale_ridge_v1_skeleton_v1", "pixel_length": 85.669, "point_count": 12, "confidence": 0.7455, "review_status": "unreviewed"}, "geometry": {"type": "LineString", "coordinates": [[127.11940832086276, 36.47825133982295], [127.11964400769409, 36.47836668451392], [127.11997396925796, 36.47840513274425], [127.12025679345557, 36.478751166817176], [127.12058675501943, 36.47886651150815], [127.1209167165833, 36.47886651150815], [127.12124667814716, 36.47913564912043], [127.1216237770773, 36.479250993811405], [127.1217651891761, 36.47936633850238], [127.1219066012749, 36.479673924344986], [127.1220480133737, 36.47982771726629], [127.12209515073997, 36.48009685487856]]}}, {"type": "Feature", "properties": {"proposal_id": "visible-line-256", "tile_id": "178-gongju-hydro", "sheet_id": "178-gongju", "split": "holdout_test", "proposal_kind": "visible_linework_review_only", "backend": "grayscale_ridge_v1_skeleton_v1", "pixel_length": 90.539, "point_count": 5, "confidence": 0.7109, "review_status": "unreviewed"}, "geometry": {"type": "LineString", "coordinates": [[127.11954973296156, 36.469715832690724], [127.11973828242662, 36.46960048799975], [127.1202096560893, 36.46913910923585], [127.1209167165833, 36.46821635170804], [127.1220480133737, 36.4671013530286]]}}, {"type": "Feature", "properties": {"proposal_id": "visible-line-257", "tile_id": "178-gongju-hydro", "sheet_id": "178-gongju", "split": "holdout_test", "proposal_kind": "visible_linework_review_only", "backend": "grayscale_ridge_v1_skeleton_v1", "pixel_length": 56.971, "point_count": 7, "confidence": 0.7407, "review_status": "unreviewed"}, "geometry": {"type": "LineString", "coordinates": [[127.11964400769409, 36.48274978277101], [127.11978541979289, 36.482865127461984], [127.12002110662422, 36.48294202392264], [127.12101099131583, 36.48298047215296], [127.1210581286821, 36.48301892038329], [127.12143522761222, 36.48298047215296], [127.12209515073997, 36.482826679231664]]}}, {"type": "Feature", "properties": {"proposal_id": "visible-line-258", "tile_id": "178-gongju-hydro", "sheet_id": "178-gongju", "split": "holdout_test", "proposal_kind": "visible_linework_review_only", "backend": "grayscale_ridge_v1_skeleton_v1", "pixel_length": 59.355, "point_count": 9, "confidence": 0.7399, "review_status": "unreviewed"}, "geometry": {"type": "LineString", "coordinates": [[127.11973828242662, 36.480481337181814], [127.12002110662422, 36.48051978541214], [127.12016251872302, 36.48063513010312], [127.12072816711823, 36.48132719824898], [127.12072816711823, 36.4815194394006], [127.12058675501943, 36.481634784091575], [127.12044534292063, 36.481634784091575], [127.1203510681881, 36.48171168055223], [127.11992683189169, 36.481865473473526]]}}, {"type": "Feature", "properties": {"proposal_id": "visible-line-259", "tile_id": "178-gongju-hydro", "sheet_id": "178-gongju", "split": "holdout_test", "proposal_kind": "visible_linework_review_only", "backend": "grayscale_ridge_v1_skeleton_v1", "pixel_length": 23.971, "point_count": 4, "confidence": 0.6845, "review_status": "unreviewed"}, "geometry": {"type": "LineString", "coordinates": [[127.11987969452542, 36.46164170432241], [127.12025679345557, 36.462064634855984], [127.1202096560893, 36.46217997954696], [127.11997396925796, 36.462295324237935]]}}, {"type": "Feature", "properties": {"proposal_id": "visible-line-260", "tile_id": "178-gongju-hydro", "sheet_id": "178-gongju", "split": "holdout_test", "proposal_kind": "visible_linework_review_only", "backend": "grayscale_ridge_v1_skeleton_v1", "pixel_length": 61.083, "point_count": 5, "confidence": 0.6686, "review_status": "unreviewed"}, "geometry": {"type": "LineString", "coordinates": [[127.11992683189169, 36.465601872045916], [127.1203510681881, 36.465140493282014], [127.12101099131583, 36.464640666287785], [127.12134095287969, 36.464448425136155], [127.12200087600743, 36.464179287523876]]}}, {"type": "Feature", "properties": {"proposal_id": "visible-line-261", "tile_id": "178-gongju-hydro", "sheet_id": "178-gongju", "split": "holdout_test", "proposal_kind": "visible_linework_review_only", "backend": "grayscale_ridge_v1_skeleton_v1", "pixel_length": 36.042, "point_count": 7, "confidence": 0.6948, "review_status": "unreviewed"}, "geometry": {"type": "LineString", "coordinates": [[127.11992683189169, 36.46402549460258], [127.11997396925796, 36.4640639428329], [127.11997396925796, 36.46433308044518], [127.12002110662422, 36.464409976905834], [127.12039820555437, 36.46475601097876], [127.12053961765317, 36.46471756274843], [127.12086957921703, 36.46448687336648]]}}, {"type": "Feature", "properties": {"proposal_id": "visible-line-262", "tile_id": "178-gongju-hydro", "sheet_id": "178-gongju", "split": "holdout_test", "proposal_kind": "visible_linework_review_only", "backend": "grayscale_ridge_v1_skeleton_v1", "pixel_length": 20.971, "point_count": 2, "confidence": 0.785, "review_status": "unreviewed"}, "geometry": {"type": "LineString", "coordinates": [[127.12053961765317, 36.467332042410554], [127.12129381551343, 36.46687066364665]]}}, {"type": "Feature", "properties": {"proposal_id": "visible-line-263", "tile_id": "178-gongju-hydro", "sheet_id": "178-gongju", "split": "holdout_test", "proposal_kind": "visible_linework_review_only", "backend": "grayscale_ridge_v1_skeleton_v1", "pixel_length": 19.314, "point_count": 4, "confidence": 0.717, "review_status": "unreviewed"}, "geometry": {"type": "LineString", "coordinates": [[127.12068102975196, 36.45879653527833], [127.12101099131583, 36.45837360474476], [127.12101099131583, 36.458219811823454], [127.1210581286821, 36.45818136359313]]}}, {"type": "Feature", "properties": {"proposal_id": "visible-line-264", "tile_id": "178-gongju-hydro", "sheet_id": "178-gongju", "split": "holdout_test", "proposal_kind": "visible_linework_review_only", "backend": "grayscale_ridge_v1_skeleton_v1", "pixel_length": 31.213, "point_count": 2, "confidence": 0.7232, "review_status": "unreviewed"}, "geometry": {"type": "LineString", "coordinates": [[127.12096385394956, 36.495283905857065], [127.12214228810623, 36.49586062931195]]}}, {"type": "Feature", "properties": {"proposal_id": "visible-line-265", "tile_id": "178-gongju-hydro", "sheet_id": "178-gongju", "split": "holdout_test", "proposal_kind": "visible_linework_review_only", "backend": "grayscale_ridge_v1_skeleton_v1", "pixel_length": 25.142, "point_count": 3, "confidence": 0.6485, "review_status": "unreviewed"}, "geometry": {"type": "LineString", "coordinates": [[127.1210581286821, 36.46437152867551], [127.12185946390863, 36.46402549460258], [127.1220480133737, 36.46398704637225]]}}, {"type": "Feature", "properties": {"proposal_id": "visible-line-266", "tile_id": "178-gongju-hydro", "sheet_id": "178-gongju", "split": "holdout_test", "proposal_kind": "visible_linework_review_only", "backend": "grayscale_ridge_v1_skeleton_v1", "pixel_length": 18.657, "point_count": 5, "confidence": 0.6246, "review_status": "unreviewed"}, "geometry": {"type": "LineString", "coordinates": [[127.12148236497849, 36.49013184299347], [127.12152950234477, 36.490208739454125], [127.12200087600743, 36.4901702912238], [127.12209515073997, 36.49009339476315], [127.12209515073997, 36.489978050072175]]}}, {"type": "Feature", "properties": {"proposal_id": "visible-line-267", "tile_id": "178-gongju-hydro", "sheet_id": "178-gongju", "split": "holdout_test", "proposal_kind": "visible_linework_review_only", "backend": "grayscale_ridge_v1_skeleton_v1", "pixel_length": 25.485, "point_count": 4, "confidence": 0.7405, "review_status": "unreviewed"}, "geometry": {"type": "LineString", "coordinates": [[127.12181232654237, 36.46168015255273], [127.1220480133737, 36.461026532637206], [127.1220480133737, 36.460834291485575], [127.12200087600743, 36.46079584325525]]}}]}