{"type": "FeatureCollection", "name": "candidate_proposals_178-gongju-labels", "crs": {"type": "name", "properties": {"name": "urn:ogc:def:crs:EPSG::5132"}}, "features": [{"type": "Feature", "properties": {"proposal_id": "visible-line-1", "tile_id": "178-gongju-labels", "sheet_id": "178-gongju", "split": "holdout_test", "proposal_kind": "visible_linework_review_only", "backend": "grayscale_ridge_v1_skeleton_v1", "pixel_length": 20.485, "point_count": 3, "confidence": 0.7176, "review_status": "unreviewed"}, "geometry": {"type": "LineString", "coordinates": [[127.09276021388877, 36.45338206277513], [127.09294876558532, 36.45372782981901], [127.09304304143359, 36.45407359686289]]}}, {"type": "Feature", "properties": {"proposal_id": "visible-line-2", "tile_id": "178-gongju-labels", "sheet_id": "178-gongju", "split": "holdout_test", "proposal_kind": "visible_linework_review_only", "backend": "grayscale_ridge_v1_skeleton_v1", "pixel_length": 101.368, "point_count": 5, "confidence": 0.7168, "review_status": "unreviewed"}, "geometry": {"type": "LineString", "coordinates": [[127.09276021388877, 36.45153797187441], [127.09431576538532, 36.45276736580822], [127.09459859293015, 36.453074714291674], [127.09497569632325, 36.453574155577286], [127.0953999376405, 36.45449620102764]]}}, {"type": "Feature", "properties": {"proposal_id": "visible-line-3", "tile_id": "178-gongju-labels", "sheet_id": "178-gongju", "split": "holdout_test", "proposal_kind": "visible_linework_review_only", "backend": "grayscale_ridge_v1_skeleton_v1", "pixel_length": 52.456, "point_count": 8, "confidence": 0.7172, "review_status": "unreviewed"}, "geometry": {"type": "LineString", "coordinates": [[127.09304304143359, 36.44124179767876], [127.09313731728187, 36.44124179767876], [127.09375011029566, 36.4417796575248], [127.09375011029566, 36.44197175032696], [127.0937972482198, 36.442010168887386], [127.09375011029566, 36.44247119161256], [127.09389152406808, 36.442778540096015], [127.09389152406808, 36.44289379577731]]}}, {"type": "Feature", "properties": {"proposal_id": "visible-line-4", "tile_id": "178-gongju-labels", "sheet_id": "178-gongju", "split": "holdout_test", "proposal_kind": "visible_linework_review_only", "backend": "grayscale_ridge_v1_skeleton_v1", "pixel_length": 19.314, "point_count": 6, "confidence": 0.7193, "review_status": "unreviewed"}, "geometry": {"type": "LineString", "coordinates": [[127.09346728275084, 36.42379977124283], [127.09365583444739, 36.42360767844067], [127.09360869652325, 36.423454004198945], [127.09365583444739, 36.423415585638516], [127.09365583444739, 36.423261911396786], [127.0935615585991, 36.42318507427592]]}}, {"type": "Feature", "properties": {"proposal_id": "visible-line-5", "tile_id": "178-gongju-labels", "sheet_id": "178-gongju", "split": "holdout_test", "proposal_kind": "visible_linework_review_only", "backend": "grayscale_ridge_v1_skeleton_v1", "pixel_length": 47.941, "point_count": 3, "confidence": 0.7398, "review_status": "unreviewed"}, "geometry": {"type": "LineString", "coordinates": [[127.09365583444739, 36.456186617686626], [127.0941743516129, 36.45699340745569], [127.09478714462671, 36.457646522983026]]}}, {"type": "Feature", "properties": {"proposal_id": "visible-line-6", "tile_id": "178-gongju-labels", "sheet_id": "178-gongju", "split": "holdout_test", "proposal_kind": "visible_linework_review_only", "backend": "grayscale_ridge_v1_skeleton_v1", "pixel_length": 28.385, "point_count": 3, "confidence": 0.7797, "review_status": "unreviewed"}, "geometry": {"type": "LineString", "coordinates": [[127.09398579991635, 36.444276863952844], [127.0944100412336, 36.444776305238456], [127.09459859293015, 36.445160490842774]]}}, {"type": "Feature", "properties": {"proposal_id": "visible-line-7", "tile_id": "178-gongju-labels", "sheet_id": "178-gongju", "split": "holdout_test", "proposal_kind": "visible_linework_review_only", "backend": "grayscale_ridge_v1_skeleton_v1", "pixel_length": 26.971, "point_count": 3, "confidence": 0.6181, "review_status": "unreviewed"}, "geometry": {"type": "LineString", "coordinates": [[127.09431576538532, 36.450846437786645], [127.09478714462671, 36.45111536770966], [127.09535279971635, 36.45130746051182]]}}, {"type": "Feature", "properties": {"proposal_id": "visible-line-8", "tile_id": "178-gongju-labels", "sheet_id": "178-gongju", "split": "holdout_test", "proposal_kind": "visible_linework_review_only", "backend": "grayscale_ridge_v1_skeleton_v1", "pixel_length": 20.657, "point_count": 4, "confidence": 0.6353, "review_status": "unreviewed"}, "geometry": {"type": "LineString", "coordinates": [[127.09431576538532, 36.42468339813276], [127.0944100412336, 36.42452972389103], [127.0944100412336, 36.42406870116585], [127.09431576538532, 36.42395344548456]]}}, {"type": "Feature", "properties": {"proposal_id": "visible-line-9", "tile_id": "178-gongju-labels", "sheet_id": "178-gongju", "split": "holdout_test", "proposal_kind": "visible_linework_review_only", "backend": "grayscale_ridge_v1_skeleton_v1", "pixel_length": 20.485, "point_count": 6, "confidence": 0.7445, "review_status": "unreviewed"}, "geometry": {"type": "LineString", "coordinates": [[127.09450431708187, 36.42879418409893], [127.09450431708187, 36.42871734697807], [127.09464573085428, 36.42856367273634], [127.09492855839912, 36.42856367273634], [127.09502283424739, 36.4286405098572], [127.09506997217153, 36.42879418409893]]}}, {"type": "Feature", "properties": {"proposal_id": "visible-line-10", "tile_id": "178-gongju-labels", "sheet_id": "178-gongju", "split": "holdout_test", "proposal_kind": "visible_linework_review_only", "backend": "grayscale_ridge_v1_skeleton_v1", "pixel_length": 72.255, "point_count": 12, "confidence": 0.7688, "review_status": "unreviewed"}, "geometry": {"type": "LineString", "coordinates": [[127.09464573085428, 36.44535258364493], [127.09492855839912, 36.445659932128386], [127.09506997217153, 36.445698350688815], [127.09535279971635, 36.445890443490974], [127.09558848933705, 36.44631304765572], [127.09582417895774, 36.446466721897444], [127.09605986857842, 36.44638988477658], [127.09643697197153, 36.44615937341399], [127.09662552366808, 36.44615937341399], [127.09681407536463, 36.44608253629313], [127.09686121328878, 36.4460441177327], [127.09686121328878, 36.445890443490974]]}}, {"type": "Feature", "properties": {"proposal_id": "visible-line-11", "tile_id": "178-gongju-labels", "sheet_id": "178-gongju", "split": "holdout_test", "proposal_kind": "visible_linework_review_only", "backend": "grayscale_ridge_v1_skeleton_v1", "pixel_length": 42.385, "point_count": 7, "confidence": 0.7498, "review_status": "unreviewed"}, "geometry": {"type": "LineString", "coordinates": [[127.09469286877842, 36.44097286775573], [127.09506997217153, 36.441280216239186], [127.09511711009567, 36.44139547192048], [127.09502283424739, 36.442010168887386], [127.09497569632325, 36.442048587447815], [127.09502283424739, 36.44212542456868], [127.09502283424739, 36.442394354491704]]}}, {"type": "Feature", "properties": {"proposal_id": "visible-line-12", "tile_id": "178-gongju-labels", "sheet_id": "178-gongju", "split": "holdout_test", "proposal_kind": "visible_linework_review_only", "backend": "grayscale_ridge_v1_skeleton_v1", "pixel_length": 36.456, "point_count": 4, "confidence": 0.6477, "review_status": "unreviewed"}, "geometry": {"type": "LineString", "coordinates": [[127.09474000670257, 36.45207583172045], [127.09488142047498, 36.451960576039156], [127.0951642480198, 36.452152668841315], [127.09568276518532, 36.452882621489515]]}}, {"type": "Feature", "properties": {"proposal_id": "visible-line-13", "tile_id": "178-gongju-labels", "sheet_id": "178-gongju", "split": "holdout_test", "proposal_kind": "visible_linework_review_only", "backend": "grayscale_ridge_v1_skeleton_v1", "pixel_length": 64.598, "point_count": 3, "confidence": 0.7338, "review_status": "unreviewed"}, "geometry": {"type": "LineString", "coordinates": [[127.09497569632325, 36.457800197224756], [127.09558848933705, 36.458606986993814], [127.09629555819912, 36.45983638092763]]}}, {"type": "Feature", "properties": {"proposal_id": "visible-line-14", "tile_id": "178-gongju-labels", "sheet_id": "178-gongju", "split": "holdout_test", "proposal_kind": "visible_linework_review_only", "backend": "grayscale_ridge_v1_skeleton_v1", "pixel_length": 19.071, "point_count": 4, "confidence": 0.7636, "review_status": "unreviewed"}, "geometry": {"type": "LineString", "coordinates": [[127.09502283424739, 36.43551743217445], [127.0951642480198, 36.435747943537045], [127.0951642480198, 36.43601687346006], [127.09506997217153, 36.43617054770179]]}}, {"type": "Feature", "properties": {"proposal_id": "visible-line-15", "tile_id": "178-gongju-labels", "sheet_id": "178-gongju", "split": "holdout_test", "proposal_kind": "visible_linework_review_only", "backend": "grayscale_ridge_v1_skeleton_v1", "pixel_length": 20.828, "point_count": 3, "confidence": 0.6827, "review_status": "unreviewed"}, "geometry": {"type": "LineString", "coordinates": [[127.09511711009567, 36.42114889057305], [127.09521138594394, 36.42118730913349], [127.0951642480198, 36.42187884322125]]}}, {"type": "Feature", "properties": {"proposal_id": "visible-line-16", "tile_id": "178-gongju-labels", "sheet_id": "178-gongju", "split": "holdout_test", "proposal_kind": "visible_linework_review_only", "backend": "grayscale_ridge_v1_skeleton_v1", "pixel_length": 79.77, "point_count": 10, "confidence": 0.7757, "review_status": "unreviewed"}, "geometry": {"type": "LineString", "coordinates": [[127.09525852386808, 36.4430090514586], [127.09535279971635, 36.443124307139904], [127.09535279971635, 36.443662166985945], [127.09530566179222, 36.44377742266724], [127.09549421348878, 36.444276863952844], [127.09549421348878, 36.44469946811759], [127.09558848933705, 36.44485314235932], [127.09572990310946, 36.444968398040615], [127.0960127306543, 36.44508365372191], [127.09653124781981, 36.445544676447085]]}}, {"type": "Feature", "properties": {"proposal_id": "visible-line-17", "tile_id": "178-gongju-labels", "sheet_id": "178-gongju", "split": "holdout_test", "proposal_kind": "visible_linework_review_only", "backend": "grayscale_ridge_v1_skeleton_v1", "pixel_length": 33.799, "point_count": 6, "confidence": 0.7408, "review_status": "unreviewed"}, "geometry": {"type": "LineString", "coordinates": [[127.09535279971635, 36.42479865381405], [127.09535279971635, 36.424721816693186], [127.0955413514129, 36.4244913053306], [127.09582417895774, 36.424376049649304], [127.09605986857842, 36.42433763108887], [127.09648410989567, 36.42410711972628]]}}, {"type": "Feature", "properties": {"proposal_id": "visible-line-18", "tile_id": "178-gongju-labels", "sheet_id": "178-gongju", "split": "holdout_test", "proposal_kind": "visible_linework_review_only", "backend": "grayscale_ridge_v1_skeleton_v1", "pixel_length": 23.142, "point_count": 6, "confidence": 0.7324, "review_status": "unreviewed"}, "geometry": {"type": "LineString", "coordinates": [[127.09535279971635, 36.42479865381405], [127.09549421348878, 36.424952328055774], [127.09582417895774, 36.42502916517664], [127.09591845480601, 36.425106002297504], [127.09591845480601, 36.42518283941836], [127.09572990310946, 36.425298095099656]]}}, {"type": "Feature", "properties": {"proposal_id": "visible-line-19", "tile_id": "178-gongju-labels", "sheet_id": "178-gongju", "split": "holdout_test", "proposal_kind": "visible_linework_review_only", "backend": "grayscale_ridge_v1_skeleton_v1", "pixel_length": 18.314, "point_count": 5, "confidence": 0.723, "review_status": "unreviewed"}, "geometry": {"type": "LineString", "coordinates": [[127.09535279971635, 36.423415585638516], [127.0953999376405, 36.42333874851765], [127.09558848933705, 36.42337716707808], [127.0957770410336, 36.42356925988024], [127.09596559273015, 36.423646097001104]]}}, {"type": "Feature", "properties": {"proposal_id": "visible-line-20", "tile_id": "178-gongju-labels", "sheet_id": "178-gongju", "split": "holdout_test", "proposal_kind": "visible_linework_review_only", "backend": "grayscale_ridge_v1_skeleton_v1", "pixel_length": 22.142, "point_count": 4, "confidence": 0.7486, "review_status": "unreviewed"}, "geometry": {"type": "LineString", "coordinates": [[127.09563562726119, 36.42852525417591], [127.09568276518532, 36.42829474281332], [127.09610700650256, 36.427910557209], [127.09610700650256, 36.427833720088145]]}}, {"type": "Feature", "properties": {"proposal_id": "visible-line-21", "tile_id": "178-gongju-labels", "sheet_id": "178-gongju", "split": "holdout_test", "proposal_kind": "visible_linework_review_only", "backend": "grayscale_ridge_v1_skeleton_v1", "pixel_length": 25.556, "point_count": 5, "confidence": 0.769, "review_status": "unreviewed"}, "geometry": {"type": "LineString", "coordinates": [[127.09563562726119, 36.42852525417591], [127.09572990310946, 36.42871734697807], [127.0960127306543, 36.428947858340656], [127.09624842027497, 36.42906311402195], [127.09648410989567, 36.42906311402195]]}}, {"type": "Feature", "properties": {"proposal_id": "visible-line-22", "tile_id": "178-gongju-labels", "sheet_id": "178-gongju", "split": "holdout_test", "proposal_kind": "visible_linework_review_only", "backend": "grayscale_ridge_v1_skeleton_v1", "pixel_length": 41.87, "point_count": 8, "confidence": 0.6891, "review_status": "unreviewed"}, "geometry": {"type": "LineString", "coordinates": [[127.09572990310946, 36.45299787717081], [127.09582417895774, 36.453074714291674], [127.09582417895774, 36.45315155141254], [127.0960127306543, 36.453420481335556], [127.09643697197153, 36.4538430855003], [127.09653124781981, 36.45403517830246], [127.09653124781981, 36.454188852544185], [127.0963898340474, 36.45426568966505]]}}, {"type": "Feature", "properties": {"proposal_id": "visible-line-23", "tile_id": "178-gongju-labels", "sheet_id": "178-gongju", "split": "holdout_test", "proposal_kind": "visible_linework_review_only", "backend": "grayscale_ridge_v1_skeleton_v1", "pixel_length": 70.426, "point_count": 12, "confidence": 0.7449, "review_status": "unreviewed"}, "geometry": {"type": "LineString", "coordinates": [[127.09572990310946, 36.42725744168167], [127.09572990310946, 36.427103767439945], [127.09582417895774, 36.426911674637786], [127.09610700650256, 36.42671958183563], [127.09634269612326, 36.42664274471476], [127.09662552366808, 36.426412233352174], [127.09671979951636, 36.426220140550015], [127.09671979951636, 36.425951210627], [127.09634269612326, 36.4257206992644], [127.0961541444267, 36.425490187901815], [127.09610700650256, 36.42533651366009], [127.09620128235085, 36.42525967653923]]}}, {"type": "Feature", "properties": {"proposal_id": "visible-line-24", "tile_id": "178-gongju-labels", "sheet_id": "178-gongju", "split": "holdout_test", "proposal_kind": "visible_linework_review_only", "backend": "grayscale_ridge_v1_skeleton_v1", "pixel_length": 31.142, "point_count": 4, "confidence": 0.6322, "review_status": "unreviewed"}, "geometry": {"type": "LineString", "coordinates": [[127.09582417895774, 36.45591768776361], [127.09591845480601, 36.4560329434449], [127.09591845480601, 36.4561481991262], [127.09629555819912, 36.45695498889526]]}}, {"type": "Feature", "properties": {"proposal_id": "visible-line-25", "tile_id": "178-gongju-labels", "sheet_id": "178-gongju", "split": "holdout_test", "proposal_kind": "visible_linework_review_only", "backend": "grayscale_ridge_v1_skeleton_v1", "pixel_length": 50.77, "point_count": 7, "confidence": 0.7714, "review_status": "unreviewed"}, "geometry": {"type": "LineString", "coordinates": [[127.09596559273015, 36.42264721442988], [127.09662552366808, 36.42318507427592], [127.09671979951636, 36.423415585638516], [127.09695548913704, 36.42356925988024], [127.0971440408336, 36.42353084131981], [127.09737973045429, 36.42330032995722], [127.09756828215085, 36.423261911396786]]}}, {"type": "Feature", "properties": {"proposal_id": "visible-line-26", "tile_id": "178-gongju-labels", "sheet_id": "178-gongju", "split": "holdout_test", "proposal_kind": "visible_linework_review_only", "backend": "grayscale_ridge_v1_skeleton_v1", "pixel_length": 27.142, "point_count": 4, "confidence": 0.6124, "review_status": "unreviewed"}, "geometry": {"type": "LineString", "coordinates": [[127.0960127306543, 36.442394354491704], [127.09634269612326, 36.442778540096015], [127.09643697197153, 36.442970632898174], [127.09648410989567, 36.44327798138163]]}}, {"type": "Feature", "properties": {"proposal_id": "visible-line-27", "tile_id": "178-gongju-labels", "sheet_id": "178-gongju", "split": "holdout_test", "proposal_kind": "visible_linework_review_only", "backend": "grayscale_ridge_v1_skeleton_v1", "pixel_length": 25.213, "point_count": 4, "confidence": 0.6163, "review_status": "unreviewed"}, "geometry": {"type": "LineString", "coordinates": [[127.09605986857842, 36.447926627193844], [127.09629555819912, 36.44777295295212], [127.09653124781981, 36.447696115831256], [127.09695548913704, 36.447350348787374]]}}, {"type": "Feature", "properties": {"proposal_id": "visible-line-28", "tile_id": "178-gongju-labels", "sheet_id": "178-gongju", "split": "holdout_test", "proposal_kind": "visible_linework_review_only", "backend": "grayscale_ridge_v1_skeleton_v1", "pixel_length": 20.314, "point_count": 4, "confidence": 0.7163, "review_status": "unreviewed"}, "geometry": {"type": "LineString", "coordinates": [[127.0961541444267, 36.45610978056577], [127.09643697197153, 36.456570803290944], [127.09643697197153, 36.45668605897224], [127.09653124781981, 36.4567628960931]]}}, {"type": "Feature", "properties": {"proposal_id": "visible-line-29", "tile_id": "178-gongju-labels", "sheet_id": "178-gongju", "split": "holdout_test", "proposal_kind": "visible_linework_review_only", "backend": "grayscale_ridge_v1_skeleton_v1", "pixel_length": 31.799, "point_count": 7, "confidence": 0.7603, "review_status": "unreviewed"}, "geometry": {"type": "LineString", "coordinates": [[127.09620128235085, 36.4353253393723], [127.09624842027497, 36.43536375793273], [127.09624842027497, 36.435555850734886], [127.0963898340474, 36.43570952497661], [127.09657838574394, 36.43570952497661], [127.09704976498533, 36.4353253393723], [127.0971440408336, 36.4353253393723]]}}, {"type": "Feature", "properties": {"proposal_id": "visible-line-30", "tile_id": "178-gongju-labels", "sheet_id": "178-gongju", "split": "holdout_test", "proposal_kind": "visible_linework_review_only", "backend": "grayscale_ridge_v1_skeleton_v1", "pixel_length": 21.071, "point_count": 4, "confidence": 0.6929, "review_status": "unreviewed"}, "geometry": {"type": "LineString", "coordinates": [[127.09624842027497, 36.43401910831762], [127.0963898340474, 36.43417278255935], [127.0963898340474, 36.43444171248237], [127.09629555819912, 36.43474906096582]]}}, {"type": "Feature", "properties": {"proposal_id": "visible-line-31", "tile_id": "178-gongju-labels", "sheet_id": "178-gongju", "split": "holdout_test", "proposal_kind": "visible_linework_review_only", "backend": "grayscale_ridge_v1_skeleton_v1", "pixel_length": 19.899, "point_count": 2, "confidence": 0.7035, "review_status": "unreviewed"}, "geometry": {"type": "LineString", "coordinates": [[127.09634269612326, 36.457108663136985], [127.09667266159222, 36.45776177866432]]}}, {"type": "Feature", "properties": {"proposal_id": "visible-line-32", "tile_id": "178-gongju-labels", "sheet_id": "178-gongju", "split": "holdout_test", "proposal_kind": "visible_linework_review_only", "backend": "grayscale_ridge_v1_skeleton_v1", "pixel_length": 75.912, "point_count": 8, "confidence": 0.7717, "review_status": "unreviewed"}, "geometry": {"type": "LineString", "coordinates": [[127.09634269612326, 36.432059761735616], [127.09634269612326, 36.43182925037302], [127.09643697197153, 36.4316755761313], [127.09709690290947, 36.43121455340612], [127.09742686837843, 36.43067669356007], [127.09794538554395, 36.43029250795576], [127.09789824761981, 36.43002357803274], [127.09766255799912, 36.429869903791015]]}}, {"type": "Feature", "properties": {"proposal_id": "visible-line-33", "tile_id": "178-gongju-labels", "sheet_id": "178-gongju", "split": "holdout_test", "proposal_kind": "visible_linework_review_only", "backend": "grayscale_ridge_v1_skeleton_v1", "pixel_length": 37.87, "point_count": 5, "confidence": 0.8072, "review_status": "unreviewed"}, "geometry": {"type": "LineString", "coordinates": [[127.09634269612326, 36.432059761735616], [127.09700262706119, 36.43275129582338], [127.09700262706119, 36.43294338862554], [127.09681407536463, 36.43309706286726], [127.09667266159222, 36.4331354814277]]}}, {"type": "Feature", "properties": {"proposal_id": "visible-line-34", "tile_id": "178-gongju-labels", "sheet_id": "178-gongju", "split": "holdout_test", "proposal_kind": "visible_linework_review_only", "backend": "grayscale_ridge_v1_skeleton_v1", "pixel_length": 38.213, "point_count": 7, "confidence": 0.6642, "review_status": "unreviewed"}, "geometry": {"type": "LineString", "coordinates": [[127.09643697197153, 36.454918805192385], [127.09657838574394, 36.454880386631956], [127.09671979951636, 36.45495722375282], [127.0971440408336, 36.455456665038426], [127.09719117875774, 36.455802432082315], [127.09709690290947, 36.45587926920317], [127.09700262706119, 36.45587926920317]]}}, {"type": "Feature", "properties": {"proposal_id": "visible-line-35", "tile_id": "178-gongju-labels", "sheet_id": "178-gongju", "split": "holdout_test", "proposal_kind": "visible_linework_review_only", "backend": "grayscale_ridge_v1_skeleton_v1", "pixel_length": 21.799, "point_count": 3, "confidence": 0.6667, "review_status": "unreviewed"}, "geometry": {"type": "LineString", "coordinates": [[127.09648410989567, 36.44742718590823], [127.09700262706119, 36.447004581743485], [127.09723831668188, 36.44688932606219]]}}, {"type": "Feature", "properties": {"proposal_id": "visible-line-36", "tile_id": "178-gongju-labels", "sheet_id": "178-gongju", "split": "holdout_test", "proposal_kind": "visible_linework_review_only", "backend": "grayscale_ridge_v1_skeleton_v1", "pixel_length": 22.728, "point_count": 4, "confidence": 0.7096, "review_status": "unreviewed"}, "geometry": {"type": "LineString", "coordinates": [[127.09657838574394, 36.424145538286716], [127.09671979951636, 36.424183956847145], [127.09709690290947, 36.42445288677016], [127.09747400630256, 36.4244913053306]]}}, {"type": "Feature", "properties": {"proposal_id": "visible-line-37", "tile_id": "178-gongju-labels", "sheet_id": "178-gongju", "split": "holdout_test", "proposal_kind": "visible_linework_review_only", "backend": "grayscale_ridge_v1_skeleton_v1", "pixel_length": 18.0, "point_count": 2, "confidence": 0.7515, "review_status": "unreviewed"}, "geometry": {"type": "LineString", "coordinates": [[127.09662552366808, 36.42191726178168], [127.09662552366808, 36.421225727693916]]}}, {"type": "Feature", "properties": {"proposal_id": "visible-line-38", "tile_id": "178-gongju-labels", "sheet_id": "178-gongju", "split": "holdout_test", "proposal_kind": "visible_linework_review_only", "backend": "grayscale_ridge_v1_skeleton_v1", "pixel_length": 29.314, "point_count": 3, "confidence": 0.661, "review_status": "unreviewed"}, "geometry": {"type": "LineString", "coordinates": [[127.09667266159222, 36.45791545290605], [127.09686121328878, 36.45818438282907], [127.09704976498533, 36.45891433547727]]}}, {"type": "Feature", "properties": {"proposal_id": "visible-line-39", "tile_id": "178-gongju-labels", "sheet_id": "178-gongju", "split": "holdout_test", "proposal_kind": "visible_linework_review_only", "backend": "grayscale_ridge_v1_skeleton_v1", "pixel_length": 31.456, "point_count": 4, "confidence": 0.7536, "review_status": "unreviewed"}, "geometry": {"type": "LineString", "coordinates": [[127.09681407536463, 36.447734534391685], [127.09756828215085, 36.447196674545644], [127.0977568338474, 36.44708141886435], [127.09794538554395, 36.44704300030392]]}}, {"type": "Feature", "properties": {"proposal_id": "visible-line-40", "tile_id": "178-gongju-labels", "sheet_id": "178-gongju", "split": "holdout_test", "proposal_kind": "visible_linework_review_only", "backend": "grayscale_ridge_v1_skeleton_v1", "pixel_length": 23.627, "point_count": 2, "confidence": 0.6841, "review_status": "unreviewed"}, "geometry": {"type": "LineString", "coordinates": [[127.09686121328878, 36.43182925037302], [127.09761542007499, 36.431176134845686]]}}, {"type": "Feature", "properties": {"proposal_id": "visible-line-41", "tile_id": "178-gongju-labels", "sheet_id": "178-gongju", "split": "holdout_test", "proposal_kind": "visible_linework_review_only", "backend": "grayscale_ridge_v1_skeleton_v1", "pixel_length": 34.456, "point_count": 5, "confidence": 0.7188, "review_status": "unreviewed"}, "geometry": {"type": "LineString", "coordinates": [[127.09695548913704, 36.444392119634145], [127.09709690290947, 36.44466104955716], [127.09766255799912, 36.44512207228234], [127.09785110969567, 36.4453141650845], [127.09785110969567, 36.44539100220536]]}}, {"type": "Feature", "properties": {"proposal_id": "visible-line-42", "tile_id": "178-gongju-labels", "sheet_id": "178-gongju", "split": "holdout_test", "proposal_kind": "visible_linework_review_only", "backend": "grayscale_ridge_v1_skeleton_v1", "pixel_length": 29.213, "point_count": 4, "confidence": 0.6296, "review_status": "unreviewed"}, "geometry": {"type": "LineString", "coordinates": [[127.09723831668188, 36.447158255985215], [127.09756828215085, 36.44685090750176], [127.09780397177154, 36.44673565182047], [127.09803966139222, 36.44635146621615]]}}, {"type": "Feature", "properties": {"proposal_id": "visible-line-43", "tile_id": "178-gongju-labels", "sheet_id": "178-gongju", "split": "holdout_test", "proposal_kind": "visible_linework_review_only", "backend": "grayscale_ridge_v1_skeleton_v1", "pixel_length": 39.627, "point_count": 6, "confidence": 0.7239, "review_status": "unreviewed"}, "geometry": {"type": "LineString", "coordinates": [[127.09742686837843, 36.43528692081186], [127.09747400630256, 36.4353253393723], [127.09803966139222, 36.43536375793273], [127.09808679931636, 36.435402176493156], [127.09832248893706, 36.43536375793273], [127.09893528195084, 36.434864316647115]]}}, {"type": "Feature", "properties": {"proposal_id": "visible-line-44", "tile_id": "178-gongju-labels", "sheet_id": "178-gongju", "split": "holdout_test", "proposal_kind": "visible_linework_review_only", "backend": "grayscale_ridge_v1_skeleton_v1", "pixel_length": 39.042, "point_count": 7, "confidence": 0.7595, "review_status": "unreviewed"}, "geometry": {"type": "LineString", "coordinates": [[127.09761542007499, 36.42499074661621], [127.0977568338474, 36.424952328055774], [127.0979925234681, 36.42514442085793], [127.09818107516465, 36.42518283941836], [127.09851104063361, 36.42499074661621], [127.09888814402672, 36.42483707237448], [127.0991238336474, 36.42479865381405]]}}, {"type": "Feature", "properties": {"proposal_id": "visible-line-45", "tile_id": "178-gongju-labels", "sheet_id": "178-gongju", "split": "holdout_test", "proposal_kind": "visible_linework_review_only", "backend": "grayscale_ridge_v1_skeleton_v1", "pixel_length": 18.243, "point_count": 4, "confidence": 0.6542, "review_status": "unreviewed"}, "geometry": {"type": "LineString", "coordinates": [[127.09770969592326, 36.45480354951109], [127.09808679931636, 36.45472671239023], [127.09841676478533, 36.45472671239023], [127.09851104063361, 36.45476513095066]]}}, {"type": "Feature", "properties": {"proposal_id": "visible-line-46", "tile_id": "178-gongju-labels", "sheet_id": "178-gongju", "split": "holdout_test", "proposal_kind": "visible_linework_review_only", "backend": "grayscale_ridge_v1_skeleton_v1", "pixel_length": 19.314, "point_count": 4, "confidence": 0.7366, "review_status": "unreviewed"}, "geometry": {"type": "LineString", "coordinates": [[127.0977568338474, 36.433558085592445], [127.0977568338474, 36.433404411350715], [127.09803966139222, 36.4331354814277], [127.0981339372405, 36.43294338862554]]}}, {"type": "Feature", "properties": {"proposal_id": "visible-line-47", "tile_id": "178-gongju-labels", "sheet_id": "178-gongju", "split": "holdout_test", "proposal_kind": "visible_linework_review_only", "backend": "grayscale_ridge_v1_skeleton_v1", "pixel_length": 20.485, "point_count": 4, "confidence": 0.7812, "review_status": "unreviewed"}, "geometry": {"type": "LineString", "coordinates": [[127.09780397177154, 36.43371175983417], [127.09785110969567, 36.43378859695503], [127.09818107516465, 36.433942271196756], [127.09860531648188, 36.43398068975719]]}}, {"type": "Feature", "properties": {"proposal_id": "visible-line-48", "tile_id": "178-gongju-labels", "sheet_id": "178-gongju", "split": "holdout_test", "proposal_kind": "visible_linework_review_only", "backend": "grayscale_ridge_v1_skeleton_v1", "pixel_length": 56.527, "point_count": 11, "confidence": 0.7377, "review_status": "unreviewed"}, "geometry": {"type": "LineString", "coordinates": [[127.09822821308877, 36.450116485138444], [127.09832248893706, 36.44988597377586], [127.09879386817843, 36.44950178817154], [127.09902955779913, 36.449386532490244], [127.09917097157154, 36.449386532490244], [127.09935952326809, 36.44930969536938], [127.09954807496464, 36.449348113929815], [127.09964235081291, 36.44950178817154], [127.09964235081291, 36.449732299534126], [127.09968948873706, 36.44977071809456], [127.09959521288879, 36.449924392336285]]}}, {"type": "Feature", "properties": {"proposal_id": "visible-line-49", "tile_id": "178-gongju-labels", "sheet_id": "178-gongju", "split": "holdout_test", "proposal_kind": "visible_linework_review_only", "backend": "grayscale_ridge_v1_skeleton_v1", "pixel_length": 50.971, "point_count": 8, "confidence": 0.696, "review_status": "unreviewed"}, "geometry": {"type": "LineString", "coordinates": [[127.09822821308877, 36.450116485138444], [127.09836962686119, 36.450500670742755], [127.09836962686119, 36.4511537862701], [127.09841676478533, 36.451230623390956], [127.09869959233016, 36.451384297632686], [127.09888814402672, 36.451384297632686], [127.09907669572327, 36.45130746051182], [127.09917097157154, 36.45119220483053]]}}, {"type": "Feature", "properties": {"proposal_id": "visible-line-50", "tile_id": "178-gongju-labels", "sheet_id": "178-gongju", "split": "holdout_test", "proposal_kind": "visible_linework_review_only", "backend": "grayscale_ridge_v1_skeleton_v1", "pixel_length": 33.385, "point_count": 6, "confidence": 0.7796, "review_status": "unreviewed"}, "geometry": {"type": "LineString", "coordinates": [[127.09855817855774, 36.43259762158166], [127.09893528195084, 36.43248236590036], [127.09931238534395, 36.43221343597734], [127.09935952326809, 36.432136598856474], [127.09935952326809, 36.43182925037302], [127.09926524741981, 36.43175241325216]]}}, {"type": "Feature", "properties": {"proposal_id": "visible-line-51", "tile_id": "178-gongju-labels", "sheet_id": "178-gongju", "split": "holdout_test", "proposal_kind": "visible_linework_review_only", "backend": "grayscale_ridge_v1_skeleton_v1", "pixel_length": 25.142, "point_count": 7, "confidence": 0.7046, "review_status": "unreviewed"}, "geometry": {"type": "LineString", "coordinates": [[127.09902955779913, 36.45699340745569], [127.09917097157154, 36.4568781517744], [127.09931238534395, 36.4568781517744], [127.09945379911636, 36.4567628960931], [127.09959521288879, 36.45672447753267], [127.09968948873706, 36.45664764041181], [127.09978376458534, 36.45641712904922]]}}, {"type": "Feature", "properties": {"proposal_id": "visible-line-52", "tile_id": "178-gongju-labels", "sheet_id": "178-gongju", "split": "holdout_test", "proposal_kind": "visible_linework_review_only", "backend": "grayscale_ridge_v1_skeleton_v1", "pixel_length": 39.556, "point_count": 8, "confidence": 0.7466, "review_status": "unreviewed"}, "geometry": {"type": "LineString", "coordinates": [[127.09921810949568, 36.42487549093491], [127.09931238534395, 36.42499074661621], [127.09931238534395, 36.42514442085793], [127.0995009370405, 36.42533651366009], [127.09992517835775, 36.42533651366009], [127.10006659213016, 36.42541335078096], [127.10020800590257, 36.42560544358311], [127.10020800590257, 36.425835954945704]]}}, {"type": "Feature", "properties": {"proposal_id": "visible-line-53", "tile_id": "178-gongju-labels", "sheet_id": "178-gongju", "split": "holdout_test", "proposal_kind": "visible_linework_review_only", "backend": "grayscale_ridge_v1_skeleton_v1", "pixel_length": 59.213, "point_count": 10, "confidence": 0.7179, "review_status": "unreviewed"}, "geometry": {"type": "LineString", "coordinates": [[127.09935952326809, 36.43040776363706], [127.09940666119223, 36.43036934507663], [127.09940666119223, 36.42994674091188], [127.0995009370405, 36.42975464810972], [127.09964235081291, 36.42963939242843], [127.09997231628188, 36.42960097386799], [127.10049083344741, 36.42975464810972], [127.10082079891637, 36.42975464810972], [127.10105648853705, 36.42963939242843], [127.10100935061293, 36.42952413674713]]}}, {"type": "Feature", "properties": {"proposal_id": "visible-line-54", "tile_id": "178-gongju-labels", "sheet_id": "178-gongju", "split": "holdout_test", "proposal_kind": "visible_linework_review_only", "backend": "grayscale_ridge_v1_skeleton_v1", "pixel_length": 69.841, "point_count": 58, "confidence": 0.7191, "review_status": "unreviewed"}, "geometry": {"type": "LineString", "coordinates": [[127.09945379911636, 36.438552498448544], [127.09945379911636, 36.438514079888115], [127.0995009370405, 36.43847566132768], [127.0995009370405, 36.43843724276725], [127.09954807496464, 36.43839882420682], [127.09954807496464, 36.438360405646385], [127.09959521288879, 36.438321987085956], [127.09964235081291, 36.43828356852553], [127.09964235081291, 36.43824514996509], [127.09968948873706, 36.43820673140466], [127.0997366266612, 36.43816831284423], [127.0997366266612, 36.4381298942838], [127.09978376458534, 36.43809147572337], [127.09978376458534, 36.43805305716293], [127.09983090250947, 36.4380146386025], [127.09983090250947, 36.437976220042074], [127.09987804043361, 36.43793780148164], [127.09992517835775, 36.43789938292121], [127.09997231628188, 36.43786096436078], [127.10001945420602, 36.437822545800344], [127.10006659213016, 36.437784127239915], [127.1001137300543, 36.437745708679486], [127.10016086797843, 36.437745708679486], [127.10020800590257, 36.437745708679486], [127.10025514382671, 36.437745708679486], [127.10030228175086, 36.437784127239915], [127.10034941967498, 36.437822545800344], [127.10034941967498, 36.43786096436078], [127.10034941967498, 36.43789938292121], [127.10034941967498, 36.43793780148164], [127.10034941967498, 36.437976220042074], [127.10034941967498, 36.4380146386025], [127.10034941967498, 36.43805305716293], [127.10034941967498, 36.43809147572337], [127.10034941967498, 36.4381298942838], [127.10034941967498, 36.43816831284423], [127.10030228175086, 36.43820673140466], [127.10030228175086, 36.43824514996509], [127.10030228175086, 36.43828356852553], [127.10025514382671, 36.438321987085956], [127.10025514382671, 36.438360405646385], [127.10020800590257, 36.43839882420682], [127.10016086797843, 36.43843724276725], [127.1001137300543, 36.43847566132768], [127.10006659213016, 36.438514079888115], [127.10001945420602, 36.438552498448544], [127.09997231628188, 36.43859091700898], [127.09992517835775, 36.43862933556941], [127.09987804043361, 36.43862933556941], [127.09983090250947, 36.43866775412984], [127.09978376458534, 36.43866775412984], [127.0997366266612, 36.438706172690274], [127.09968948873706, 36.438706172690274], [127.09964235081291, 36.43866775412984], [127.09959521288879, 36.43866775412984], [127.09954807496464, 36.43862933556941], [127.0995009370405, 36.43859091700898], [127.09945379911636, 36.438552498448544]]}}, {"type": "Feature", "properties": {"proposal_id": "visible-line-55", "tile_id": "178-gongju-labels", "sheet_id": "178-gongju", "split": "holdout_test", "proposal_kind": "visible_linework_review_only", "backend": "grayscale_ridge_v1_skeleton_v1", "pixel_length": 57.184, "point_count": 7, "confidence": 0.7829, "review_status": "unreviewed"}, "geometry": {"type": "LineString", "coordinates": [[127.0997366266612, 36.426412233352174], [127.10001945420602, 36.426758000396056], [127.1001137300543, 36.427103767439945], [127.10030228175086, 36.42725744168167], [127.10063224721982, 36.42737269736296], [127.10100935061293, 36.427680045846415], [127.10119790230948, 36.4280258128903]]}}, {"type": "Feature", "properties": {"proposal_id": "visible-line-56", "tile_id": "178-gongju-labels", "sheet_id": "178-gongju", "split": "holdout_test", "proposal_kind": "visible_linework_review_only", "backend": "grayscale_ridge_v1_skeleton_v1", "pixel_length": 22.728, "point_count": 5, "confidence": 0.7841, "review_status": "unreviewed"}, "geometry": {"type": "LineString", "coordinates": [[127.09978376458534, 36.443700585546374], [127.09983090250947, 36.44354691130465], [127.09997231628188, 36.44343165562335], [127.10020800590257, 36.44339323706292], [127.10053797137154, 36.4432395628212]]}}, {"type": "Feature", "properties": {"proposal_id": "visible-line-57", "tile_id": "178-gongju-labels", "sheet_id": "178-gongju", "split": "holdout_test", "proposal_kind": "visible_linework_review_only", "backend": "grayscale_ridge_v1_skeleton_v1", "pixel_length": 33.899, "point_count": 5, "confidence": 0.6891, "review_status": "unreviewed"}, "geometry": {"type": "LineString", "coordinates": [[127.10001945420602, 36.45484196807153], [127.10006659213016, 36.454880386631956], [127.10082079891637, 36.45484196807153], [127.10119790230948, 36.454918805192385], [127.1014807298543, 36.45503406087368]]}}, {"type": "Feature", "properties": {"proposal_id": "visible-line-58", "tile_id": "178-gongju-labels", "sheet_id": "178-gongju", "split": "holdout_test", "proposal_kind": "visible_linework_review_only", "backend": "grayscale_ridge_v1_skeleton_v1", "pixel_length": 98.255, "point_count": 14, "confidence": 0.7292, "review_status": "unreviewed"}, "geometry": {"type": "LineString", "coordinates": [[127.10100935061293, 36.44631304765572], [127.10119790230948, 36.44658197757874], [127.10143359193016, 36.446620396139174], [127.10190497117155, 36.446428303337015], [127.10214066079223, 36.44619779197443], [127.10261204003362, 36.4459288620514], [127.1028477296543, 36.4459288620514], [127.10289486757844, 36.44596728061183], [127.10289486757844, 36.44612095485356], [127.10280059173017, 36.44635146621615], [127.10280059173017, 36.44669723326003], [127.10289486757844, 36.446966163183056], [127.10313055719914, 36.44711983742478], [127.10360193644051, 36.44708141886435]]}}, {"type": "Feature", "properties": {"proposal_id": "visible-line-59", "tile_id": "178-gongju-labels", "sheet_id": "178-gongju", "split": "holdout_test", "proposal_kind": "visible_linework_review_only", "backend": "grayscale_ridge_v1_skeleton_v1", "pixel_length": 20.142, "point_count": 2, "confidence": 0.6983, "review_status": "unreviewed"}, "geometry": {"type": "LineString", "coordinates": [[127.10105648853705, 36.44904076544636], [127.10152786777844, 36.44965546241326]]}}, {"type": "Feature", "properties": {"proposal_id": "visible-line-60", "tile_id": "178-gongju-labels", "sheet_id": "178-gongju", "split": "holdout_test", "proposal_kind": "visible_linework_review_only", "backend": "grayscale_ridge_v1_skeleton_v1", "pixel_length": 31.728, "point_count": 5, "confidence": 0.7616, "review_status": "unreviewed"}, "geometry": {"type": "LineString", "coordinates": [[127.10133931608189, 36.443662166985945], [127.10214066079223, 36.44339323706292], [127.10247062626121, 36.44339323706292], [127.10256490210948, 36.443470074183786], [127.10256490210948, 36.44354691130465]]}}, {"type": "Feature", "properties": {"proposal_id": "visible-line-61", "tile_id": "178-gongju-labels", "sheet_id": "178-gongju", "split": "holdout_test", "proposal_kind": "visible_linework_review_only", "backend": "grayscale_ridge_v1_skeleton_v1", "pixel_length": 18.243, "point_count": 3, "confidence": 0.6819, "review_status": "unreviewed"}, "geometry": {"type": "LineString", "coordinates": [[127.10133931608189, 36.43290497006511], [127.10185783324741, 36.432866551504674], [127.10214066079223, 36.43294338862554]]}}, {"type": "Feature", "properties": {"proposal_id": "visible-line-62", "tile_id": "178-gongju-labels", "sheet_id": "178-gongju", "split": "holdout_test", "proposal_kind": "visible_linework_review_only", "backend": "grayscale_ridge_v1_skeleton_v1", "pixel_length": 20.556, "point_count": 3, "confidence": 0.7543, "review_status": "unreviewed"}, "geometry": {"type": "LineString", "coordinates": [[127.10138645400603, 36.428371579934186], [127.10166928155085, 36.4287557655385], [127.10195210909568, 36.428947858340656]]}}, {"type": "Feature", "properties": {"proposal_id": "visible-line-63", "tile_id": "178-gongju-labels", "sheet_id": "178-gongju", "split": "holdout_test", "proposal_kind": "visible_linework_review_only", "backend": "grayscale_ridge_v1_skeleton_v1", "pixel_length": 23.314, "point_count": 5, "confidence": 0.732, "review_status": "unreviewed"}, "geometry": {"type": "LineString", "coordinates": [[127.10162214362671, 36.45173006467657], [127.10176355739912, 36.45153797187441], [127.101716419475, 36.451384297632686], [127.10195210909568, 36.45119220483053], [127.10195210909568, 36.45100011202837]]}}, {"type": "Feature", "properties": {"proposal_id": "visible-line-64", "tile_id": "178-gongju-labels", "sheet_id": "178-gongju", "split": "holdout_test", "proposal_kind": "visible_linework_review_only", "backend": "grayscale_ridge_v1_skeleton_v1", "pixel_length": 20.142, "point_count": 4, "confidence": 0.6939, "review_status": "unreviewed"}, "geometry": {"type": "LineString", "coordinates": [[127.10185783324741, 36.45534140935713], [127.1020935228681, 36.45553350215929], [127.10228207456466, 36.455456665038426], [127.10256490210948, 36.455610339280156]]}}, {"type": "Feature", "properties": {"proposal_id": "visible-line-65", "tile_id": "178-gongju-labels", "sheet_id": "178-gongju", "split": "holdout_test", "proposal_kind": "visible_linework_review_only", "backend": "grayscale_ridge_v1_skeleton_v1", "pixel_length": 25.556, "point_count": 3, "confidence": 0.7319, "review_status": "unreviewed"}, "geometry": {"type": "LineString", "coordinates": [[127.10185783324741, 36.43805305716293], [127.10204638494396, 36.437630452998185], [127.10237635041292, 36.437246267393874]]}}, {"type": "Feature", "properties": {"proposal_id": "visible-line-66", "tile_id": "178-gongju-labels", "sheet_id": "178-gongju", "split": "holdout_test", "proposal_kind": "visible_linework_review_only", "backend": "grayscale_ridge_v1_skeleton_v1", "pixel_length": 193.066, "point_count": 21, "confidence": 0.7384, "review_status": "unreviewed"}, "geometry": {"type": "LineString", "coordinates": [[127.10185783324741, 36.43805305716293], [127.10199924701982, 36.43820673140466], [127.10218779871637, 36.43824514996509], [127.10327197097155, 36.43786096436078], [127.1038376260612, 36.43736152307517], [127.10416759153017, 36.43732310451473], [127.10426186737845, 36.4373999416356], [127.10440328115087, 36.437592034437756], [127.10440328115087, 36.43786096436078], [127.10331910889569, 36.438706172690274], [127.1032248330474, 36.438898265492426], [127.1034605226681, 36.43912877685502], [127.10397903983362, 36.43916719541545], [127.10435614322672, 36.439282451096744], [127.10496893624052, 36.439282451096744], [127.1050632120888, 36.43935928821761], [127.1050632120888, 36.4394745438989], [127.10487466039224, 36.43974347382192], [127.1048275224681, 36.44008924086581], [127.10468610869569, 36.4402044965471], [127.10435614322672, 36.4402044965471]]}}, {"type": "Feature", "properties": {"proposal_id": "visible-line-67", "tile_id": "178-gongju-labels", "sheet_id": "178-gongju", "split": "holdout_test", "proposal_kind": "visible_linework_review_only", "backend": "grayscale_ridge_v1_skeleton_v1", "pixel_length": 39.142, "point_count": 6, "confidence": 0.7412, "review_status": "unreviewed"}, "geometry": {"type": "LineString", "coordinates": [[127.10190497117155, 36.429677810988856], [127.10199924701982, 36.42979306667015], [127.10214066079223, 36.43029250795576], [127.10232921248878, 36.43067669356007], [127.10232921248878, 36.43098404204353], [127.10228207456466, 36.43102246060396]]}}, {"type": "Feature", "properties": {"proposal_id": "visible-line-68", "tile_id": "178-gongju-labels", "sheet_id": "178-gongju", "split": "holdout_test", "proposal_kind": "visible_linework_review_only", "backend": "grayscale_ridge_v1_skeleton_v1", "pixel_length": 184.024, "point_count": 30, "confidence": 0.722, "review_status": "unreviewed"}, "geometry": {"type": "LineString", "coordinates": [[127.10199924701982, 36.428986276901085], [127.10223493664051, 36.428986276901085], [127.10228207456466, 36.42902469546152], [127.10232921248878, 36.428986276901085], [127.10280059173017, 36.428986276901085], [127.10317769512328, 36.42906311402195], [127.10336624681983, 36.42906311402195], [127.1034605226681, 36.428986276901085], [127.10341338474396, 36.4287557655385], [127.10298914342673, 36.42833316137375], [127.10298914342673, 36.42817948713203], [127.10289486757844, 36.42810265001116], [127.10289486757844, 36.427910557209], [127.1028477296543, 36.427872138648574], [127.10289486757844, 36.427487953044256], [127.10298914342673, 36.42733427880253], [127.10298914342673, 36.4271806045608], [127.103083419275, 36.426950093198215], [127.10303628135085, 36.426565907593904], [127.10317769512328, 36.426412233352174], [127.10336624681983, 36.426373814791745], [127.10355479851637, 36.4264506519126], [127.10397903983362, 36.426911674637786], [127.10430900530258, 36.427103767439945], [127.10449755699914, 36.427103767439945], [127.10492179831638, 36.42687325607735], [127.10525176378535, 36.426911674637786], [127.10548745340604, 36.4271806045608], [127.10548745340604, 36.42744953448383], [127.10553459133017, 36.427487953044256]]}}, {"type": "Feature", "properties": {"proposal_id": "visible-line-69", "tile_id": "178-gongju-labels", "sheet_id": "178-gongju", "split": "holdout_test", "proposal_kind": "visible_linework_review_only", "backend": "grayscale_ridge_v1_skeleton_v1", "pixel_length": 89.598, "point_count": 13, "confidence": 0.7359, "review_status": "unreviewed"}, "geometry": {"type": "LineString", "coordinates": [[127.10204638494396, 36.4316755761313], [127.10223493664051, 36.43194450605432], [127.10232921248878, 36.43255920302122], [127.10251776418534, 36.43275129582338], [127.10294200550258, 36.43290497006511], [127.10364907436465, 36.43290497006511], [127.1036962122888, 36.432866551504674], [127.10388476398535, 36.43290497006511], [127.10393190190948, 36.432866551504674], [127.10416759153017, 36.432866551504674], [127.10435614322672, 36.433020225746404], [127.10435614322672, 36.43309706286726], [127.10393190190948, 36.433365992790286]]}}, {"type": "Feature", "properties": {"proposal_id": "visible-line-70", "tile_id": "178-gongju-labels", "sheet_id": "178-gongju", "split": "holdout_test", "proposal_kind": "visible_linework_review_only", "backend": "grayscale_ridge_v1_skeleton_v1", "pixel_length": 23.243, "point_count": 4, "confidence": 0.7367, "review_status": "unreviewed"}, "geometry": {"type": "LineString", "coordinates": [[127.10218779871637, 36.4422790988104], [127.10247062626121, 36.4422790988104], [127.10275345380603, 36.442202261689545], [127.1032248330474, 36.44216384312911]]}}, {"type": "Feature", "properties": {"proposal_id": "visible-line-71", "tile_id": "178-gongju-labels", "sheet_id": "178-gongju", "split": "holdout_test", "proposal_kind": "visible_linework_review_only", "backend": "grayscale_ridge_v1_skeleton_v1", "pixel_length": 35.284, "point_count": 4, "confidence": 0.8164, "review_status": "unreviewed"}, "geometry": {"type": "LineString", "coordinates": [[127.10223493664051, 36.44112654199746], [127.10270631588189, 36.441510727601774], [127.10331910889569, 36.4417796575248], [127.1034605226681, 36.44193333176652]]}}, {"type": "Feature", "properties": {"proposal_id": "visible-line-72", "tile_id": "178-gongju-labels", "sheet_id": "178-gongju", "split": "holdout_test", "proposal_kind": "visible_linework_review_only", "backend": "grayscale_ridge_v1_skeleton_v1", "pixel_length": 44.971, "point_count": 6, "confidence": 0.7609, "review_status": "unreviewed"}, "geometry": {"type": "LineString", "coordinates": [[127.10223493664051, 36.440703937832716], [127.10251776418534, 36.44062710071185], [127.10313055719914, 36.440588682151414], [127.10355479851637, 36.44047342647012], [127.10397903983362, 36.44024291510753], [127.10412045360603, 36.44024291510753]]}}, {"type": "Feature", "properties": {"proposal_id": "visible-line-73", "tile_id": "178-gongju-labels", "sheet_id": "178-gongju", "split": "holdout_test", "proposal_kind": "visible_linework_review_only", "backend": "grayscale_ridge_v1_skeleton_v1", "pixel_length": 42.627, "point_count": 5, "confidence": 0.6343, "review_status": "unreviewed"}, "geometry": {"type": "LineString", "coordinates": [[127.10228207456466, 36.455648757840585], [127.10341338474396, 36.456186617686626], [127.10364907436465, 36.456186617686626], [127.1036962122888, 36.45622503624706], [127.10397903983362, 36.456186617686626]]}}, {"type": "Feature", "properties": {"proposal_id": "visible-line-74", "tile_id": "178-gongju-labels", "sheet_id": "178-gongju", "split": "holdout_test", "proposal_kind": "visible_linework_review_only", "backend": "grayscale_ridge_v1_skeleton_v1", "pixel_length": 22.899, "point_count": 4, "confidence": 0.7175, "review_status": "unreviewed"}, "geometry": {"type": "LineString", "coordinates": [[127.10228207456466, 36.45246001732477], [127.10256490210948, 36.45257527300606], [127.1028477296543, 36.45257527300606], [127.1032248330474, 36.45242159876434]]}}, {"type": "Feature", "properties": {"proposal_id": "visible-line-75", "tile_id": "178-gongju-labels", "sheet_id": "178-gongju", "split": "holdout_test", "proposal_kind": "visible_linework_review_only", "backend": "grayscale_ridge_v1_skeleton_v1", "pixel_length": 23.899, "point_count": 6, "confidence": 0.6396, "review_status": "unreviewed"}, "geometry": {"type": "LineString", "coordinates": [[127.10247062626121, 36.45222950596218], [127.10242348833707, 36.452191087401744], [127.10256490210948, 36.45199899459959], [127.10256490210948, 36.45173006467657], [127.10247062626121, 36.4516532275557], [127.10242348833707, 36.451422716193115]]}}, {"type": "Feature", "properties": {"proposal_id": "visible-line-76", "tile_id": "178-gongju-labels", "sheet_id": "178-gongju", "split": "holdout_test", "proposal_kind": "visible_linework_review_only", "backend": "grayscale_ridge_v1_skeleton_v1", "pixel_length": 39.456, "point_count": 9, "confidence": 0.7538, "review_status": "unreviewed"}, "geometry": {"type": "LineString", "coordinates": [[127.10265917795775, 36.42537493222052], [127.10275345380603, 36.42552860646225], [127.10294200550258, 36.425643862143545], [127.10303628135085, 36.425643862143545], [127.10327197097155, 36.42537493222052], [127.10327197097155, 36.42525967653923], [127.10298914342673, 36.42506758373707], [127.1028477296543, 36.42506758373707], [127.10270631588189, 36.42518283941836]]}}, {"type": "Feature", "properties": {"proposal_id": "visible-line-77", "tile_id": "178-gongju-labels", "sheet_id": "178-gongju", "split": "holdout_test", "proposal_kind": "visible_linework_review_only", "backend": "grayscale_ridge_v1_skeleton_v1", "pixel_length": 23.899, "point_count": 4, "confidence": 0.7152, "review_status": "unreviewed"}, "geometry": {"type": "LineString", "coordinates": [[127.10275345380603, 36.455648757840585], [127.10289486757844, 36.455648757840585], [127.10336624681983, 36.45587926920317], [127.10374335021292, 36.455840850642744]]}}, {"type": "Feature", "properties": {"proposal_id": "visible-line-78", "tile_id": "178-gongju-labels", "sheet_id": "178-gongju", "split": "holdout_test", "proposal_kind": "visible_linework_review_only", "backend": "grayscale_ridge_v1_skeleton_v1", "pixel_length": 18.414, "point_count": 3, "confidence": 0.838, "review_status": "unreviewed"}, "geometry": {"type": "LineString", "coordinates": [[127.10275345380603, 36.45046225218233], [127.10275345380603, 36.44980913665499], [127.10280059173017, 36.44977071809456]]}}, {"type": "Feature", "properties": {"proposal_id": "visible-line-79", "tile_id": "178-gongju-labels", "sheet_id": "178-gongju", "split": "holdout_test", "proposal_kind": "visible_linework_review_only", "backend": "grayscale_ridge_v1_skeleton_v1", "pixel_length": 68.497, "point_count": 10, "confidence": 0.7147, "review_status": "unreviewed"}, "geometry": {"type": "LineString", "coordinates": [[127.10360193644051, 36.44708141886435], [127.10416759153017, 36.4466588146996], [127.10440328115087, 36.44631304765572], [127.10463897077155, 36.44615937341399], [127.10501607416465, 36.44600569917227], [127.10529890170949, 36.44577518780968], [127.1054403154819, 36.44558309500752], [127.10558172925431, 36.44558309500752], [127.1056760051026, 36.445659932128386], [127.1056760051026, 36.44581360637011]]}}, {"type": "Feature", "properties": {"proposal_id": "visible-line-80", "tile_id": "178-gongju-labels", "sheet_id": "178-gongju", "split": "holdout_test", "proposal_kind": "visible_linework_review_only", "backend": "grayscale_ridge_v1_skeleton_v1", "pixel_length": 23.556, "point_count": 5, "confidence": 0.6984, "review_status": "unreviewed"}, "geometry": {"type": "LineString", "coordinates": [[127.10393190190948, 36.42164833185866], [127.1040733156819, 36.421802006100386], [127.1040733156819, 36.421955680342116], [127.10430900530258, 36.422147773144275], [127.10459183284742, 36.42226302882557]]}}, {"type": "Feature", "properties": {"proposal_id": "visible-line-81", "tile_id": "178-gongju-labels", "sheet_id": "178-gongju", "split": "holdout_test", "proposal_kind": "visible_linework_review_only", "backend": "grayscale_ridge_v1_skeleton_v1", "pixel_length": 31.899, "point_count": 6, "confidence": 0.6408, "review_status": "unreviewed"}, "geometry": {"type": "LineString", "coordinates": [[127.10412045360603, 36.455610339280156], [127.10430900530258, 36.455610339280156], [127.10440328115087, 36.45568717640102], [127.10478038454397, 36.455802432082315], [127.10534603963362, 36.455802432082315], [127.10548745340604, 36.45587926920317]]}}, {"type": "Feature", "properties": {"proposal_id": "visible-line-82", "tile_id": "178-gongju-labels", "sheet_id": "178-gongju", "split": "holdout_test", "proposal_kind": "visible_linework_review_only", "backend": "grayscale_ridge_v1_skeleton_v1", "pixel_length": 58.355, "point_count": 8, "confidence": 0.7667, "review_status": "unreviewed"}, "geometry": {"type": "LineString", "coordinates": [[127.1050632120888, 36.435017990888845], [127.10525176378535, 36.43524850225143], [127.10572314302672, 36.435402176493156], [127.10586455679915, 36.43551743217445], [127.10591169472328, 36.435632687855744], [127.10633593604052, 36.43609371058093], [127.10638307396466, 36.436362640503944], [127.10652448773708, 36.43663157042697]]}}, {"type": "Feature", "properties": {"proposal_id": "visible-line-83", "tile_id": "178-gongju-labels", "sheet_id": "178-gongju", "split": "holdout_test", "proposal_kind": "visible_linework_review_only", "backend": "grayscale_ridge_v1_skeleton_v1", "pixel_length": 92.497, "point_count": 13, "confidence": 0.7483, "review_status": "unreviewed"}, "geometry": {"type": "LineString", "coordinates": [[127.10511035001294, 36.43474906096582], [127.10515748793706, 36.434672223844956], [127.10539317755776, 36.434672223844956], [127.1056760051026, 36.434864316647115], [127.10633593604052, 36.435056409449274], [127.10676017735777, 36.43544059505359], [127.10694872905431, 36.43551743217445], [127.107184418675, 36.43570952497661], [127.107184418675, 36.43597845489963], [127.1070430049026, 36.43624738482265], [127.10699586697845, 36.43670840754783], [127.1068073152819, 36.43682366322913], [127.10671303943363, 36.43678524466869]]}}, {"type": "Feature", "properties": {"proposal_id": "visible-line-84", "tile_id": "178-gongju-labels", "sheet_id": "178-gongju", "split": "holdout_test", "proposal_kind": "visible_linework_review_only", "backend": "grayscale_ridge_v1_skeleton_v1", "pixel_length": 65.598, "point_count": 8, "confidence": 0.7198, "review_status": "unreviewed"}, "geometry": {"type": "LineString", "coordinates": [[127.10515748793706, 36.44308588857947], [127.10525176378535, 36.44285537721688], [127.10600597057156, 36.44231751737084], [127.10605310849569, 36.442240680249974], [127.10605310849569, 36.44174123896436], [127.10614738434397, 36.441510727601774], [127.10652448773708, 36.44120337911832], [127.10657162566122, 36.44108812343703]]}}, {"type": "Feature", "properties": {"proposal_id": "visible-line-85", "tile_id": "178-gongju-labels", "sheet_id": "178-gongju", "split": "holdout_test", "proposal_kind": "visible_linework_review_only", "backend": "grayscale_ridge_v1_skeleton_v1", "pixel_length": 162.368, "point_count": 20, "confidence": 0.7341, "review_status": "unreviewed"}, "geometry": {"type": "LineString", "coordinates": [[127.10515748793706, 36.44308588857947], [127.10525176378535, 36.44335481850249], [127.10548745340604, 36.44354691130465], [127.10572314302672, 36.44358532986508], [127.10591169472328, 36.443508492744215], [127.10638307396466, 36.443470074183786], [127.10647734981293, 36.44354691130465], [127.10661876358535, 36.4438542597881], [127.1068073152819, 36.44400793402983], [127.10746724621984, 36.444200026831986], [127.10789148753707, 36.44454579387587], [127.10803290130949, 36.444776305238456], [127.10803290130949, 36.445160490842774], [127.10826859093018, 36.445736769249244], [127.10822145300604, 36.44635146621615], [127.10836286677846, 36.44669723326003], [127.10836286677846, 36.44692774462263], [127.10845714262673, 36.44708141886435], [127.10864569432329, 36.44723509310607], [127.10873997017156, 36.44723509310607]]}}, {"type": "Feature", "properties": {"proposal_id": "visible-line-86", "tile_id": "178-gongju-labels", "sheet_id": "178-gongju", "split": "holdout_test", "proposal_kind": "visible_linework_review_only", "backend": "grayscale_ridge_v1_skeleton_v1", "pixel_length": 57.527, "point_count": 9, "confidence": 0.6636, "review_status": "unreviewed"}, "geometry": {"type": "LineString", "coordinates": [[127.10529890170949, 36.42330032995722], [127.10553459133017, 36.42356925988024], [127.10586455679915, 36.42372293412197], [127.10600597057156, 36.424030282605415], [127.10619452226811, 36.424183956847145], [127.10638307396466, 36.424222375407574], [127.10647734981293, 36.42429921252844], [127.10694872905431, 36.42429921252844], [127.107184418675, 36.4244913053306]]}}, {"type": "Feature", "properties": {"proposal_id": "visible-line-87", "tile_id": "178-gongju-labels", "sheet_id": "178-gongju", "split": "holdout_test", "proposal_kind": "visible_linework_review_only", "backend": "grayscale_ridge_v1_skeleton_v1", "pixel_length": 27.556, "point_count": 5, "confidence": 0.724, "review_status": "unreviewed"}, "geometry": {"type": "LineString", "coordinates": [[127.1054403154819, 36.4280258128903], [127.10558172925431, 36.42825632425289], [127.10577028095086, 36.42833316137375], [127.10591169472328, 36.428217905692456], [127.10605310849569, 36.427833720088145]]}}, {"type": "Feature", "properties": {"proposal_id": "visible-line-88", "tile_id": "178-gongju-labels", "sheet_id": "178-gongju", "split": "holdout_test", "proposal_kind": "visible_linework_review_only", "backend": "grayscale_ridge_v1_skeleton_v1", "pixel_length": 97.669, "point_count": 16, "confidence": 0.7278, "review_status": "unreviewed"}, "geometry": {"type": "LineString", "coordinates": [[127.10548745340604, 36.44777295295212], [127.10558172925431, 36.44746560446867], [127.10577028095086, 36.44723509310607], [127.10624166019224, 36.447004581743485], [127.10643021188879, 36.447004581743485], [127.10661876358535, 36.44692774462263], [127.10676017735777, 36.446812488941326], [127.10685445320604, 36.44658197757874], [127.10685445320604, 36.44635146621615], [127.1068073152819, 36.44631304765572], [127.10685445320604, 36.44600569917227], [127.10676017735777, 36.44577518780968], [127.10657162566122, 36.44577518780968], [127.10610024641983, 36.4460441177327], [127.10591169472328, 36.4460441177327], [127.10572314302672, 36.4459288620514]]}}, {"type": "Feature", "properties": {"proposal_id": "visible-line-89", "tile_id": "178-gongju-labels", "sheet_id": "178-gongju", "split": "holdout_test", "proposal_kind": "visible_linework_review_only", "backend": "grayscale_ridge_v1_skeleton_v1", "pixel_length": 221.51, "point_count": 35, "confidence": 0.7404, "review_status": "unreviewed"}, "geometry": {"type": "LineString", "coordinates": [[127.10548745340604, 36.44777295295212], [127.105817418875, 36.44804188287514], [127.10619452226811, 36.44804188287514], [127.10647734981293, 36.44796504575427], [127.10699586697845, 36.44796504575427], [127.107184418675, 36.44804188287514], [127.10751438414397, 36.44808030143557], [127.1076557979164, 36.44815713855643], [127.10775007376466, 36.4482339756773], [127.1077972116888, 36.44838764991902], [127.10760865999225, 36.44873341696291], [127.10760865999225, 36.44892550976507], [127.10784434961293, 36.44904076544636], [127.10798576338536, 36.449002346885926], [127.10841000470259, 36.449002346885926], [127.10850428055087, 36.44904076544636], [127.10864569432329, 36.449194439688085], [127.10864569432329, 36.44954020673197], [127.10859855639914, 36.4495786252924], [127.10864569432329, 36.449732299534126], [127.10883424601984, 36.44988597377586], [127.10897565979225, 36.449924392336285], [127.10944703903364, 36.449924392336285], [127.10963559073018, 36.45000122945715], [127.1097770045026, 36.45019332225931], [127.10982414242673, 36.45057750786362], [127.11001269412328, 36.45076960066578], [127.11015410789571, 36.45073118210535], [127.11043693544053, 36.450500670742755], [127.11048407336467, 36.45038541506146], [127.11043693544053, 36.449962810896714], [127.11005983204743, 36.449386532490244], [127.11005983204743, 36.449194439688085], [127.11001269412328, 36.449156021127656], [127.11005983204743, 36.44892550976507]]}}, {"type": "Feature", "properties": {"proposal_id": "visible-line-90", "tile_id": "178-gongju-labels", "sheet_id": "178-gongju", "split": "holdout_test", "proposal_kind": "visible_linework_review_only", "backend": "grayscale_ridge_v1_skeleton_v1", "pixel_length": 130.225, "point_count": 15, "confidence": 0.7598, "review_status": "unreviewed"}, "geometry": {"type": "LineString", "coordinates": [[127.1056760051026, 36.43106087916439], [127.10619452226811, 36.43125297196655], [127.10628879811638, 36.431329809087416], [127.10652448773708, 36.43186766893346], [127.10690159113018, 36.43225185453777], [127.10694872905431, 36.43232869165863], [127.10694872905431, 36.432828132944245], [127.10709014282673, 36.433020225746404], [127.10709014282673, 36.4331354814277], [127.10723155659915, 36.43332757422986], [127.1074201082957, 36.43378859695503], [127.10784434961293, 36.433942271196756], [127.10798576338536, 36.4338654340759], [127.10798576338536, 36.43363492271331], [127.1076557979164, 36.43298180718597]]}}, {"type": "Feature", "properties": {"proposal_id": "visible-line-91", "tile_id": "178-gongju-labels", "sheet_id": "178-gongju", "split": "holdout_test", "proposal_kind": "visible_linework_review_only", "backend": "grayscale_ridge_v1_skeleton_v1", "pixel_length": 20.899, "point_count": 6, "confidence": 0.6809, "review_status": "unreviewed"}, "geometry": {"type": "LineString", "coordinates": [[127.1056760051026, 36.421225727693916], [127.10572314302672, 36.421264146254344], [127.10591169472328, 36.421264146254344], [127.10610024641983, 36.42103363489176], [127.10610024641983, 36.42091837921046], [127.10628879811638, 36.4208415420896]]}}, {"type": "Feature", "properties": {"proposal_id": "visible-line-92", "tile_id": "178-gongju-labels", "sheet_id": "178-gongju", "split": "holdout_test", "proposal_kind": "visible_linework_review_only", "backend": "grayscale_ridge_v1_skeleton_v1", "pixel_length": 84.669, "point_count": 11, "confidence": 0.6633, "review_status": "unreviewed"}, "geometry": {"type": "LineString", "coordinates": [[127.10577028095086, 36.423991864044986], [127.105817418875, 36.424145538286716], [127.10610024641983, 36.424376049649304], [127.10657162566122, 36.42452972389103], [127.10690159113018, 36.42452972389103], [127.10699586697845, 36.42460656101189], [127.10713728075086, 36.424952328055774], [127.10756152206811, 36.42533651366009], [127.1077972116888, 36.425451769341386], [127.10850428055087, 36.425643862143545], [127.10864569432329, 36.425643862143545]]}}, {"type": "Feature", "properties": {"proposal_id": "visible-line-93", "tile_id": "178-gongju-labels", "sheet_id": "178-gongju", "split": "holdout_test", "proposal_kind": "visible_linework_review_only", "backend": "grayscale_ridge_v1_skeleton_v1", "pixel_length": 18.485, "point_count": 4, "confidence": 0.6586, "review_status": "unreviewed"}, "geometry": {"type": "LineString", "coordinates": [[127.10595883264742, 36.43033092651619], [127.10605310849569, 36.430254089395326], [127.10638307396466, 36.430254089395326], [127.10671303943363, 36.43040776363706]]}}, {"type": "Feature", "properties": {"proposal_id": "visible-line-94", "tile_id": "178-gongju-labels", "sheet_id": "178-gongju", "split": "holdout_test", "proposal_kind": "visible_linework_review_only", "backend": "grayscale_ridge_v1_skeleton_v1", "pixel_length": 23.485, "point_count": 7, "confidence": 0.6889, "review_status": "unreviewed"}, "geometry": {"type": "LineString", "coordinates": [[127.10605310849569, 36.42168675041909], [127.10610024641983, 36.42164833185866], [127.10624166019224, 36.42168675041909], [127.10661876358535, 36.42164833185866], [127.10666590150949, 36.42168675041909], [127.10666590150949, 36.42184042466082], [127.10657162566122, 36.421994098902545]]}}, {"type": "Feature", "properties": {"proposal_id": "visible-line-95", "tile_id": "178-gongju-labels", "sheet_id": "178-gongju", "split": "holdout_test", "proposal_kind": "visible_linework_review_only", "backend": "grayscale_ridge_v1_skeleton_v1", "pixel_length": 84.912, "point_count": 11, "confidence": 0.7355, "review_status": "unreviewed"}, "geometry": {"type": "LineString", "coordinates": [[127.10624166019224, 36.42756479016512], [127.10671303943363, 36.427103767439945], [127.10699586697845, 36.427142186000374], [127.10713728075086, 36.42725744168167], [127.107184418675, 36.4274111159234], [127.10727869452329, 36.427487953044256], [127.10737297037156, 36.42794897576944], [127.10784434961293, 36.42833316137375], [127.10798576338536, 36.42825632425289], [127.10808003923363, 36.42779530152771], [127.10826859093018, 36.42760320872555]]}}, {"type": "Feature", "properties": {"proposal_id": "visible-line-96", "tile_id": "178-gongju-labels", "sheet_id": "178-gongju", "split": "holdout_test", "proposal_kind": "visible_linework_review_only", "backend": "grayscale_ridge_v1_skeleton_v1", "pixel_length": 24.314, "point_count": 5, "confidence": 0.7576, "review_status": "unreviewed"}, "geometry": {"type": "LineString", "coordinates": [[127.10666590150949, 36.42280088867161], [127.10676017735777, 36.42299298147377], [127.10694872905431, 36.42314665571549], [127.1070430049026, 36.42318507427592], [127.10751438414397, 36.42314665571549]]}}, {"type": "Feature", "properties": {"proposal_id": "visible-line-97", "tile_id": "178-gongju-labels", "sheet_id": "178-gongju", "split": "holdout_test", "proposal_kind": "visible_linework_review_only", "backend": "grayscale_ridge_v1_skeleton_v1", "pixel_length": 88.012, "point_count": 10, "confidence": 0.7519, "review_status": "unreviewed"}, "geometry": {"type": "LineString", "coordinates": [[127.10671303943363, 36.44043500790969], [127.1068073152819, 36.44012765942624], [127.10699586697845, 36.439973985184515], [127.107184418675, 36.439973985184515], [127.10737297037156, 36.44008924086581], [127.1074201082957, 36.44024291510753], [127.10798576338536, 36.440934449195304], [127.10812717715777, 36.44170282040393], [127.10826859093018, 36.44193333176652], [127.10831572885432, 36.442240680249974]]}}, {"type": "Feature", "properties": {"proposal_id": "visible-line-98", "tile_id": "178-gongju-labels", "sheet_id": "178-gongju", "split": "holdout_test", "proposal_kind": "visible_linework_review_only", "backend": "grayscale_ridge_v1_skeleton_v1", "pixel_length": 18.142, "point_count": 5, "confidence": 0.7759, "review_status": "unreviewed"}, "geometry": {"type": "LineString", "coordinates": [[127.10685445320604, 36.4381298942838], [127.10694872905431, 36.43828356852553], [127.10713728075086, 36.43843724276725], [127.10727869452329, 36.43847566132768], [127.1074201082957, 36.438360405646385]]}}, {"type": "Feature", "properties": {"proposal_id": "visible-line-99", "tile_id": "178-gongju-labels", "sheet_id": "178-gongju", "split": "holdout_test", "proposal_kind": "visible_linework_review_only", "backend": "grayscale_ridge_v1_skeleton_v1", "pixel_length": 44.385, "point_count": 8, "confidence": 0.7324, "review_status": "unreviewed"}, "geometry": {"type": "LineString", "coordinates": [[127.10690159113018, 36.437745708679486], [127.10690159113018, 36.437630452998185], [127.1070430049026, 36.43736152307517], [127.10727869452329, 36.43716943027301], [127.1074201082957, 36.43716943027301], [127.10756152206811, 36.43732310451473], [127.10756152206811, 36.43766887155862], [127.10746724621984, 36.437976220042074]]}}, {"type": "Feature", "properties": {"proposal_id": "visible-line-100", "tile_id": "178-gongju-labels", "sheet_id": "178-gongju", "split": "holdout_test", "proposal_kind": "visible_linework_review_only", "backend": "grayscale_ridge_v1_skeleton_v1", "pixel_length": 22.899, "point_count": 5, "confidence": 0.7023, "review_status": "unreviewed"}, "geometry": {"type": "LineString", "coordinates": [[127.10713728075086, 36.42203251746298], [127.10737297037156, 36.42233986594643], [127.10737297037156, 36.42249354018816], [127.10732583244742, 36.422531958748586], [127.10737297037156, 36.42280088867161]]}}, {"type": "Feature", "properties": {"proposal_id": "visible-line-101", "tile_id": "178-gongju-labels", "sheet_id": "178-gongju", "split": "holdout_test", "proposal_kind": "visible_linework_review_only", "backend": "grayscale_ridge_v1_skeleton_v1", "pixel_length": 25.971, "point_count": 3, "confidence": 0.6519, "review_status": "unreviewed"}, "geometry": {"type": "LineString", "coordinates": [[127.10737297037156, 36.42487549093491], [127.10770293584052, 36.42518283941836], [127.10831572885432, 36.42537493222052]]}}, {"type": "Feature", "properties": {"proposal_id": "visible-line-102", "tile_id": "178-gongju-labels", "sheet_id": "178-gongju", "split": "holdout_test", "proposal_kind": "visible_linework_review_only", "backend": "grayscale_ridge_v1_skeleton_v1", "pixel_length": 24.071, "point_count": 5, "confidence": 0.7035, "review_status": "unreviewed"}, "geometry": {"type": "LineString", "coordinates": [[127.10760865999225, 36.421225727693916], [127.10760865999225, 36.42091837921046], [127.10775007376466, 36.4207262864083], [127.10808003923363, 36.4207262864083], [127.10817431508191, 36.42080312352917]]}}, {"type": "Feature", "properties": {"proposal_id": "visible-line-103", "tile_id": "178-gongju-labels", "sheet_id": "178-gongju", "split": "holdout_test", "proposal_kind": "visible_linework_review_only", "backend": "grayscale_ridge_v1_skeleton_v1", "pixel_length": 19.071, "point_count": 5, "confidence": 0.712, "review_status": "unreviewed"}, "geometry": {"type": "LineString", "coordinates": [[127.1076557979164, 36.450654344984486], [127.1077972116888, 36.45057750786362], [127.10803290130949, 36.45057750786362], [127.10808003923363, 36.45053908930319], [127.10845714262673, 36.45061592642406]]}}, {"type": "Feature", "properties": {"proposal_id": "visible-line-104", "tile_id": "178-gongju-labels", "sheet_id": "178-gongju", "split": "holdout_test", "proposal_kind": "visible_linework_review_only", "backend": "grayscale_ridge_v1_skeleton_v1", "pixel_length": 103.154, "point_count": 11, "confidence": 0.747, "review_status": "unreviewed"}, "geometry": {"type": "LineString", "coordinates": [[127.10793862546122, 36.459874799488055], [127.10836286677846, 36.45972112524633], [127.10850428055087, 36.45960586956504], [127.10982414242673, 36.45902959115856], [127.1107669009095, 36.458530149872956], [127.11104972845433, 36.458530149872956], [127.11109686637846, 36.45849173131252], [127.11152110769571, 36.458530149872956], [127.11156824561985, 36.45849173131252], [127.11194534901296, 36.45849173131252], [127.11203962486123, 36.45845331275209]]}}, {"type": "Feature", "properties": {"proposal_id": "visible-line-105", "tile_id": "178-gongju-labels", "sheet_id": "178-gongju", "split": "holdout_test", "proposal_kind": "visible_linework_review_only", "backend": "grayscale_ridge_v1_skeleton_v1", "pixel_length": 24.314, "point_count": 4, "confidence": 0.746, "review_status": "unreviewed"}, "geometry": {"type": "LineString", "coordinates": [[127.10812717715777, 36.42314665571549], [127.10831572885432, 36.42322349283636], [127.10869283224743, 36.42322349283636], [127.10906993564053, 36.42295456291333]]}}, {"type": "Feature", "properties": {"proposal_id": "visible-line-106", "tile_id": "178-gongju-labels", "sheet_id": "178-gongju", "split": "holdout_test", "proposal_kind": "visible_linework_review_only", "backend": "grayscale_ridge_v1_skeleton_v1", "pixel_length": 22.799, "point_count": 3, "confidence": 0.788, "review_status": "unreviewed"}, "geometry": {"type": "LineString", "coordinates": [[127.10817431508191, 36.421955680342116], [127.1087871080957, 36.421417820496075], [127.10883424601984, 36.42130256481478]]}}, {"type": "Feature", "properties": {"proposal_id": "visible-line-107", "tile_id": "178-gongju-labels", "sheet_id": "178-gongju", "split": "holdout_test", "proposal_kind": "visible_linework_review_only", "backend": "grayscale_ridge_v1_skeleton_v1", "pixel_length": 179.368, "point_count": 28, "confidence": 0.7301, "review_status": "unreviewed"}, "geometry": {"type": "LineString", "coordinates": [[127.10850428055087, 36.42487549093491], [127.10873997017156, 36.42464497957232], [127.10892852186811, 36.42464497957232], [127.10911707356466, 36.42452972389103], [127.10944703903364, 36.4244913053306], [127.10958845280605, 36.42441446820973], [127.11020124581984, 36.424376049649304], [127.11024838374398, 36.42441446820973], [127.11048407336467, 36.42441446820973], [127.11090831468191, 36.42456814245146], [127.11128541807501, 36.424376049649304], [127.11218103863364, 36.42433763108887], [127.11232245240605, 36.424222375407574], [127.11218103863364, 36.42406870116585], [127.11194534901296, 36.423991864044986], [127.11180393524053, 36.42387660836369], [127.11161538354398, 36.42356925988024], [127.11180393524053, 36.423261911396786], [127.11180393524053, 36.42310823715506], [127.1117567973164, 36.42306981859463], [127.1113796939233, 36.42306981859463], [127.1111440043026, 36.42295456291333], [127.11095545260605, 36.42295456291333], [127.11043693544053, 36.42314665571549], [127.11024838374398, 36.42314665571549], [127.11020124581984, 36.42318507427592], [127.10982414242673, 36.42314665571549], [127.1097770045026, 36.42310823715506]]}}, {"type": "Feature", "properties": {"proposal_id": "visible-line-108", "tile_id": "178-gongju-labels", "sheet_id": "178-gongju", "split": "holdout_test", "proposal_kind": "visible_linework_review_only", "backend": "grayscale_ridge_v1_skeleton_v1", "pixel_length": 74.941, "point_count": 9, "confidence": 0.7527, "review_status": "unreviewed"}, "geometry": {"type": "LineString", "coordinates": [[127.10850428055087, 36.42487549093491], [127.10869283224743, 36.42502916517664], [127.10883424601984, 36.42506758373707], [127.10958845280605, 36.425106002297504], [127.11034265959225, 36.42552860646225], [127.11067262506123, 36.42552860646225], [127.11086117675778, 36.425451769341386], [127.11123828015087, 36.42541335078096], [127.11152110769571, 36.42560544358311]]}}, {"type": "Feature", "properties": {"proposal_id": "visible-line-109", "tile_id": "178-gongju-labels", "sheet_id": "178-gongju", "split": "holdout_test", "proposal_kind": "visible_linework_review_only", "backend": "grayscale_ridge_v1_skeleton_v1", "pixel_length": 38.314, "point_count": 5, "confidence": 0.7458, "review_status": "unreviewed"}, "geometry": {"type": "LineString", "coordinates": [[127.10859855639914, 36.443470074183786], [127.10869283224743, 36.44358532986508], [127.10883424601984, 36.44408477115069], [127.1087871080957, 36.4445842124363], [127.10869283224743, 36.44481472379889]]}}, {"type": "Feature", "properties": {"proposal_id": "visible-line-110", "tile_id": "178-gongju-labels", "sheet_id": "178-gongju", "split": "holdout_test", "proposal_kind": "visible_linework_review_only", "backend": "grayscale_ridge_v1_skeleton_v1", "pixel_length": 29.485, "point_count": 5, "confidence": 0.7168, "review_status": "unreviewed"}, "geometry": {"type": "LineString", "coordinates": [[127.10869283224743, 36.4451989094032], [127.10888138394398, 36.445544676447085], [127.10888138394398, 36.44612095485356], [127.10883424601984, 36.44615937341399], [127.10888138394398, 36.446236210534856]]}}, {"type": "Feature", "properties": {"proposal_id": "visible-line-111", "tile_id": "178-gongju-labels", "sheet_id": "178-gongju", "split": "holdout_test", "proposal_kind": "visible_linework_review_only", "backend": "grayscale_ridge_v1_skeleton_v1", "pixel_length": 20.385, "point_count": 2, "confidence": 0.8375, "review_status": "unreviewed"}, "geometry": {"type": "LineString", "coordinates": [[127.1087871080957, 36.42779530152771], [127.10949417695777, 36.42829474281332]]}}, {"type": "Feature", "properties": {"proposal_id": "visible-line-112", "tile_id": "178-gongju-labels", "sheet_id": "178-gongju", "split": "holdout_test", "proposal_kind": "visible_linework_review_only", "backend": "grayscale_ridge_v1_skeleton_v1", "pixel_length": 24.657, "point_count": 6, "confidence": 0.7408, "review_status": "unreviewed"}, "geometry": {"type": "LineString", "coordinates": [[127.10902279771639, 36.43970505526149], [127.10906993564053, 36.4395897995802], [127.10906993564053, 36.439090358294585], [127.1091642114888, 36.43901352117373], [127.10935276318536, 36.43901352117373], [127.1093999011095, 36.43897510261329]]}}, {"type": "Feature", "properties": {"proposal_id": "visible-line-113", "tile_id": "178-gongju-labels", "sheet_id": "178-gongju", "split": "holdout_test", "proposal_kind": "visible_linework_review_only", "backend": "grayscale_ridge_v1_skeleton_v1", "pixel_length": 32.627, "point_count": 5, "confidence": 0.7662, "review_status": "unreviewed"}, "geometry": {"type": "LineString", "coordinates": [[127.10902279771639, 36.43970505526149], [127.10906993564053, 36.43985872950322], [127.10925848733709, 36.440012403744944], [127.10963559073018, 36.44016607798667], [127.10996555619916, 36.440550263590985]]}}, {"type": "Feature", "properties": {"proposal_id": "visible-line-114", "tile_id": "178-gongju-labels", "sheet_id": "178-gongju", "split": "holdout_test", "proposal_kind": "visible_linework_review_only", "backend": "grayscale_ridge_v1_skeleton_v1", "pixel_length": 34.627, "point_count": 5, "confidence": 0.6971, "review_status": "unreviewed"}, "geometry": {"type": "LineString", "coordinates": [[127.10911707356466, 36.454880386631956], [127.1093999011095, 36.45480354951109], [127.10963559073018, 36.45464987526937], [127.10987128035087, 36.454380945346344], [127.11010696997157, 36.45399675974203]]}}, {"type": "Feature", "properties": {"proposal_id": "visible-line-115", "tile_id": "178-gongju-labels", "sheet_id": "178-gongju", "split": "holdout_test", "proposal_kind": "visible_linework_review_only", "backend": "grayscale_ridge_v1_skeleton_v1", "pixel_length": 22.243, "point_count": 3, "confidence": 0.7456, "review_status": "unreviewed"}, "geometry": {"type": "LineString", "coordinates": [[127.10972986657846, 36.43766887155862], [127.10982414242673, 36.43793780148164], [127.10987128035087, 36.43847566132768]]}}, {"type": "Feature", "properties": {"proposal_id": "visible-line-116", "tile_id": "178-gongju-labels", "sheet_id": "178-gongju", "split": "holdout_test", "proposal_kind": "visible_linework_review_only", "backend": "grayscale_ridge_v1_skeleton_v1", "pixel_length": 18.828, "point_count": 2, "confidence": 0.7024, "review_status": "unreviewed"}, "geometry": {"type": "LineString", "coordinates": [[127.10972986657846, 36.42856367273634], [127.11057834921294, 36.4286405098572]]}}, {"type": "Feature", "properties": {"proposal_id": "visible-line-117", "tile_id": "178-gongju-labels", "sheet_id": "178-gongju", "split": "holdout_test", "proposal_kind": "visible_linework_review_only", "backend": "grayscale_ridge_v1_skeleton_v1", "pixel_length": 36.971, "point_count": 6, "confidence": 0.7282, "review_status": "unreviewed"}, "geometry": {"type": "LineString", "coordinates": [[127.10987128035087, 36.44189491320609], [127.10987128035087, 36.441664401843504], [127.11015410789571, 36.44135705336005], [127.11024838374398, 36.44108812343703], [127.11024838374398, 36.44097286775573], [127.11005983204743, 36.44066551927228]]}}, {"type": "Feature", "properties": {"proposal_id": "visible-line-118", "tile_id": "178-gongju-labels", "sheet_id": "178-gongju", "split": "holdout_test", "proposal_kind": "visible_linework_review_only", "backend": "grayscale_ridge_v1_skeleton_v1", "pixel_length": 64.284, "point_count": 7, "confidence": 0.7346, "review_status": "unreviewed"}, "geometry": {"type": "LineString", "coordinates": [[127.10987128035087, 36.44189491320609], [127.11001269412328, 36.44212542456868], [127.11001269412328, 36.4422790988104], [127.11010696997157, 36.442509610173], [127.11001269412328, 36.442740121535586], [127.10996555619916, 36.4432395628212], [127.1105312112888, 36.444046352590256]]}}, {"type": "Feature", "properties": {"proposal_id": "visible-line-119", "tile_id": "178-gongju-labels", "sheet_id": "178-gongju", "split": "holdout_test", "proposal_kind": "visible_linework_review_only", "backend": "grayscale_ridge_v1_skeleton_v1", "pixel_length": 130.497, "point_count": 15, "confidence": 0.7389, "review_status": "unreviewed"}, "geometry": {"type": "LineString", "coordinates": [[127.11010696997157, 36.44881025408377], [127.11015410789571, 36.448272394237726], [127.11034265959225, 36.44808030143557], [127.11062548713709, 36.44804188287514], [127.11086117675778, 36.447888208633415], [127.11095545260605, 36.447734534391685], [127.11090831468191, 36.4475040230291], [127.11104972845433, 36.447196674545644], [127.11104972845433, 36.44685090750176], [127.11095545260605, 36.44669723326003], [127.11057834921294, 36.44638988477658], [127.11062548713709, 36.44558309500752], [127.11034265959225, 36.445006816601044], [127.11038979751639, 36.444776305238456], [127.11048407336467, 36.44462263099673]]}}, {"type": "Feature", "properties": {"proposal_id": "visible-line-120", "tile_id": "178-gongju-labels", "sheet_id": "178-gongju", "split": "holdout_test", "proposal_kind": "visible_linework_review_only", "backend": "grayscale_ridge_v1_skeleton_v1", "pixel_length": 20.485, "point_count": 4, "confidence": 0.683, "review_status": "unreviewed"}, "geometry": {"type": "LineString", "coordinates": [[127.11057834921294, 36.430638274999644], [127.11057834921294, 36.43048460075792], [127.1107669009095, 36.4302156708349], [127.11086117675778, 36.42994674091188]]}}, {"type": "Feature", "properties": {"proposal_id": "visible-line-121", "tile_id": "178-gongju-labels", "sheet_id": "178-gongju", "split": "holdout_test", "proposal_kind": "visible_linework_review_only", "backend": "grayscale_ridge_v1_skeleton_v1", "pixel_length": 22.556, "point_count": 4, "confidence": 0.7335, "review_status": "unreviewed"}, "geometry": {"type": "LineString", "coordinates": [[127.11057834921294, 36.430638274999644], [127.11067262506123, 36.430791949241375], [127.11095545260605, 36.43102246060396], [127.11109686637846, 36.431329809087416]]}}, {"type": "Feature", "properties": {"proposal_id": "visible-line-122", "tile_id": "178-gongju-labels", "sheet_id": "178-gongju", "split": "holdout_test", "proposal_kind": "visible_linework_review_only", "backend": "grayscale_ridge_v1_skeleton_v1", "pixel_length": 67.426, "point_count": 12, "confidence": 0.7807, "review_status": "unreviewed"}, "geometry": {"type": "LineString", "coordinates": [[127.11067262506123, 36.43202134317518], [127.11081403883364, 36.432136598856474], [127.11071976298535, 36.4324055287795], [127.11081403883364, 36.43248236590036], [127.11109686637846, 36.43255920302122], [127.11119114222674, 36.432636040142086], [127.11128541807501, 36.432866551504674], [127.11142683184742, 36.43298180718597], [127.11189821108881, 36.43309706286726], [127.11222817655778, 36.43325073710899], [127.11246386617847, 36.43344282991115], [127.11255814202674, 36.433596504152874]]}}, {"type": "Feature", "properties": {"proposal_id": "visible-line-123", "tile_id": "178-gongju-labels", "sheet_id": "178-gongju", "split": "holdout_test", "proposal_kind": "visible_linework_review_only", "backend": "grayscale_ridge_v1_skeleton_v1", "pixel_length": 76.284, "point_count": 15, "confidence": 0.7553, "review_status": "unreviewed"}, "geometry": {"type": "LineString", "coordinates": [[127.11090831468191, 36.4372846859543], [127.11100259053019, 36.4372846859543], [127.11109686637846, 36.43720784883344], [127.11123828015087, 36.43720784883344], [127.11133255599916, 36.4372846859543], [127.11133255599916, 36.437745708679486], [127.11152110769571, 36.43789938292121], [127.11170965939226, 36.43786096436078], [127.11194534901296, 36.43770729011905], [127.1121339007095, 36.43770729011905], [127.11218103863364, 36.437745708679486], [127.11222817655778, 36.4381298942838], [127.11246386617847, 36.43859091700898], [127.11246386617847, 36.43878300981113], [127.11241672825433, 36.43882142837157]]}}, {"type": "Feature", "properties": {"proposal_id": "visible-line-124", "tile_id": "178-gongju-labels", "sheet_id": "178-gongju", "split": "holdout_test", "proposal_kind": "visible_linework_review_only", "backend": "grayscale_ridge_v1_skeleton_v1", "pixel_length": 19.728, "point_count": 3, "confidence": 0.6526, "review_status": "unreviewed"}, "geometry": {"type": "LineString", "coordinates": [[127.1111440043026, 36.44961704385283], [127.11142683184742, 36.449962810896714], [127.11156824561985, 36.45023174081974]]}}, {"type": "Feature", "properties": {"proposal_id": "visible-line-125", "tile_id": "178-gongju-labels", "sheet_id": "178-gongju", "split": "holdout_test", "proposal_kind": "visible_linework_review_only", "backend": "grayscale_ridge_v1_skeleton_v1", "pixel_length": 108.154, "point_count": 14, "confidence": 0.7747, "review_status": "unreviewed"}, "geometry": {"type": "LineString", "coordinates": [[127.1111440043026, 36.43544059505359], [127.11123828015087, 36.435555850734886], [127.11142683184742, 36.435632687855744], [127.1121339007095, 36.43567110641618], [127.11218103863364, 36.43570952497661], [127.11218103863364, 36.43597845489963], [127.11194534901296, 36.436324221943515], [127.1121339007095, 36.43647789618524], [127.11269955579915, 36.43620896626222], [127.11317093504054, 36.436132129141356], [127.11350090050951, 36.4359400363392], [127.11383086597847, 36.435632687855744], [127.11406655559917, 36.43551743217445], [127.11434938314399, 36.43547901361402]]}}, {"type": "Feature", "properties": {"proposal_id": "visible-line-126", "tile_id": "178-gongju-labels", "sheet_id": "178-gongju", "split": "holdout_test", "proposal_kind": "visible_linework_review_only", "backend": "grayscale_ridge_v1_skeleton_v1", "pixel_length": 29.971, "point_count": 5, "confidence": 0.632, "review_status": "unreviewed"}, "geometry": {"type": "LineString", "coordinates": [[127.11119114222674, 36.42906311402195], [127.11152110769571, 36.42902469546152], [127.11170965939226, 36.42925520682411], [127.11170965939226, 36.42940888106583], [127.1113796939233, 36.429716229549285]]}}, {"type": "Feature", "properties": {"proposal_id": "visible-line-127", "tile_id": "178-gongju-labels", "sheet_id": "178-gongju", "split": "holdout_test", "proposal_kind": "visible_linework_review_only", "backend": "grayscale_ridge_v1_skeleton_v1", "pixel_length": 57.113, "point_count": 11, "confidence": 0.7785, "review_status": "unreviewed"}, "geometry": {"type": "LineString", "coordinates": [[127.11119114222674, 36.42733427880253], [127.11119114222674, 36.427142186000374], [127.1113796939233, 36.42687325607735], [127.1113796939233, 36.42671958183563], [127.11133255599916, 36.4266811632752], [127.1113796939233, 36.42648907047304], [127.11161538354398, 36.42629697767088], [127.11199248693708, 36.426181721989586], [127.11227531448192, 36.42598962918743], [127.11232245240605, 36.425835954945704], [127.11218103863364, 36.42575911782484]]}}, {"type": "Feature", "properties": {"proposal_id": "visible-line-128", "tile_id": "178-gongju-labels", "sheet_id": "178-gongju", "split": "holdout_test", "proposal_kind": "visible_linework_review_only", "backend": "grayscale_ridge_v1_skeleton_v1", "pixel_length": 18.971, "point_count": 2, "confidence": 0.6416, "review_status": "unreviewed"}, "geometry": {"type": "LineString", "coordinates": [[127.11161538354398, 36.4301004151536], [127.11222817655778, 36.430599856439216]]}}, {"type": "Feature", "properties": {"proposal_id": "visible-line-129", "tile_id": "178-gongju-labels", "sheet_id": "178-gongju", "split": "holdout_test", "proposal_kind": "visible_linework_review_only", "backend": "grayscale_ridge_v1_skeleton_v1", "pixel_length": 18.314, "point_count": 4, "confidence": 0.5794, "review_status": "unreviewed"}, "geometry": {"type": "LineString", "coordinates": [[127.11170965939226, 36.44765769727082], [127.11170965939226, 36.44758086014996], [127.11208676278537, 36.44731193022694], [127.1121339007095, 36.44711983742478]]}}, {"type": "Feature", "properties": {"proposal_id": "visible-line-130", "tile_id": "178-gongju-labels", "sheet_id": "178-gongju", "split": "holdout_test", "proposal_kind": "visible_linework_review_only", "backend": "grayscale_ridge_v1_skeleton_v1", "pixel_length": 25.213, "point_count": 3, "confidence": 0.6896, "review_status": "unreviewed"}, "geometry": {"type": "LineString", "coordinates": [[127.11180393524053, 36.42998515947231], [127.11232245240605, 36.43036934507663], [127.11255814202674, 36.43067669356007]]}}, {"type": "Feature", "properties": {"proposal_id": "visible-line-131", "tile_id": "178-gongju-labels", "sheet_id": "178-gongju", "split": "holdout_test", "proposal_kind": "visible_linework_review_only", "backend": "grayscale_ridge_v1_skeleton_v1", "pixel_length": 45.213, "point_count": 6, "confidence": 0.7274, "review_status": "unreviewed"}, "geometry": {"type": "LineString", "coordinates": [[127.11199248693708, 36.434825898086686], [127.11246386617847, 36.43474906096582], [127.11265241787503, 36.434672223844956], [127.1128881074957, 36.434480131042804], [127.11293524541985, 36.434134363998915], [127.11269955579915, 36.43371175983417]]}}, {"type": "Feature", "properties": {"proposal_id": "visible-line-132", "tile_id": "178-gongju-labels", "sheet_id": "178-gongju", "split": "holdout_test", "proposal_kind": "visible_linework_review_only", "backend": "grayscale_ridge_v1_skeleton_v1", "pixel_length": 24.899, "point_count": 4, "confidence": 0.613, "review_status": "unreviewed"}, "geometry": {"type": "LineString", "coordinates": [[127.1121339007095, 36.450654344984486], [127.11218103863364, 36.45034699650103], [127.11241672825433, 36.449962810896714], [127.11236959033019, 36.44980913665499]]}}, {"type": "Feature", "properties": {"proposal_id": "visible-line-133", "tile_id": "178-gongju-labels", "sheet_id": "178-gongju", "split": "holdout_test", "proposal_kind": "visible_linework_review_only", "backend": "grayscale_ridge_v1_skeleton_v1", "pixel_length": 19.971, "point_count": 3, "confidence": 0.8473, "review_status": "unreviewed"}, "geometry": {"type": "LineString", "coordinates": [[127.1121339007095, 36.429716229549285], [127.11255814202674, 36.43013883371403], [127.1127466937233, 36.430254089395326]]}}, {"type": "Feature", "properties": {"proposal_id": "visible-line-134", "tile_id": "178-gongju-labels", "sheet_id": "178-gongju", "split": "holdout_test", "proposal_kind": "visible_linework_review_only", "backend": "grayscale_ridge_v1_skeleton_v1", "pixel_length": 37.698, "point_count": 4, "confidence": 0.668, "review_status": "unreviewed"}, "geometry": {"type": "LineString", "coordinates": [[127.11227531448192, 36.43071511212051], [127.11279383164744, 36.43109929772482], [127.11298238334399, 36.43109929772482], [127.11364231428192, 36.43152190188957]]}}, {"type": "Feature", "properties": {"proposal_id": "visible-line-135", "tile_id": "178-gongju-labels", "sheet_id": "178-gongju", "split": "holdout_test", "proposal_kind": "visible_linework_review_only", "backend": "grayscale_ridge_v1_skeleton_v1", "pixel_length": 25.556, "point_count": 5, "confidence": 0.7492, "review_status": "unreviewed"}, "geometry": {"type": "LineString", "coordinates": [[127.11255814202674, 36.42118730913349], [127.11260527995088, 36.42095679777089], [127.11279383164744, 36.42080312352917], [127.11298238334399, 36.42076470496874], [127.11331234881295, 36.42057261216658]]}}, {"type": "Feature", "properties": {"proposal_id": "visible-line-136", "tile_id": "178-gongju-labels", "sheet_id": "178-gongju", "split": "holdout_test", "proposal_kind": "visible_linework_review_only", "backend": "grayscale_ridge_v1_skeleton_v1", "pixel_length": 44.556, "point_count": 6, "confidence": 0.7171, "review_status": "unreviewed"}, "geometry": {"type": "LineString", "coordinates": [[127.11255814202674, 36.42118730913349], [127.1127466937233, 36.42134098337521], [127.11321807296467, 36.4214562390565], [127.11401941767502, 36.421417820496075], [127.1141136935233, 36.42149465761693], [127.11416083144744, 36.42176358753996]]}}, {"type": "Feature", "properties": {"proposal_id": "visible-line-137", "tile_id": "178-gongju-labels", "sheet_id": "178-gongju", "split": "holdout_test", "proposal_kind": "visible_linework_review_only", "backend": "grayscale_ridge_v1_skeleton_v1", "pixel_length": 67.355, "point_count": 10, "confidence": 0.7252, "review_status": "unreviewed"}, "geometry": {"type": "LineString", "coordinates": [[127.11302952126812, 36.45814596426864], [127.1133594867371, 36.45814596426864], [127.1137365901302, 36.458030708587344], [127.11397227975088, 36.458030708587344], [127.11463221068881, 36.4583380570708], [127.11482076238536, 36.45849173131252], [127.11500931408192, 36.458568568433385], [127.11529214162675, 36.458530149872956], [127.11562210709572, 36.45826121994993], [127.11562210709572, 36.45818438282907]]}}, {"type": "Feature", "properties": {"proposal_id": "visible-line-138", "tile_id": "178-gongju-labels", "sheet_id": "178-gongju", "split": "holdout_test", "proposal_kind": "visible_linework_review_only", "backend": "grayscale_ridge_v1_skeleton_v1", "pixel_length": 22.243, "point_count": 5, "confidence": 0.7223, "review_status": "unreviewed"}, "geometry": {"type": "LineString", "coordinates": [[127.11302952126812, 36.43271287726295], [127.11302952126812, 36.43252078446079], [127.11307665919226, 36.43248236590036], [127.11302952126812, 36.43194450605432], [127.11307665919226, 36.431906087493886]]}}, {"type": "Feature", "properties": {"proposal_id": "visible-line-139", "tile_id": "178-gongju-labels", "sheet_id": "178-gongju", "split": "holdout_test", "proposal_kind": "visible_linework_review_only", "backend": "grayscale_ridge_v1_skeleton_v1", "pixel_length": 101.74, "point_count": 14, "confidence": 0.7549, "review_status": "unreviewed"}, "geometry": {"type": "LineString", "coordinates": [[127.1131237971164, 36.42852525417591], [127.1133594867371, 36.42825632425289], [127.11354803843365, 36.42775688296728], [127.11368945220606, 36.427641627285986], [127.11397227975088, 36.427641627285986], [127.11406655559917, 36.42756479016512], [127.11425510729572, 36.42756479016512], [127.11434938314399, 36.427680045846415], [127.11439652106813, 36.428217905692456], [127.11458507276468, 36.428602091296774], [127.1151035899302, 36.42902469546152], [127.11538641747502, 36.429178369703244], [127.1154806933233, 36.42921678826368], [127.11571638294399, 36.429178369703244]]}}, {"type": "Feature", "properties": {"proposal_id": "visible-line-140", "tile_id": "178-gongju-labels", "sheet_id": "178-gongju", "split": "holdout_test", "proposal_kind": "visible_linework_review_only", "backend": "grayscale_ridge_v1_skeleton_v1", "pixel_length": 23.899, "point_count": 6, "confidence": 0.7417, "review_status": "unreviewed"}, "geometry": {"type": "LineString", "coordinates": [[127.1133594867371, 36.45096169346794], [127.11340662466122, 36.45100011202837], [127.11340662466122, 36.45130746051182], [127.11350090050951, 36.45153797187441], [127.11368945220606, 36.45169164611614], [127.11378372805433, 36.45169164611614]]}}, {"type": "Feature", "properties": {"proposal_id": "visible-line-141", "tile_id": "178-gongju-labels", "sheet_id": "178-gongju", "split": "holdout_test", "proposal_kind": "visible_linework_review_only", "backend": "grayscale_ridge_v1_skeleton_v1", "pixel_length": 23.627, "point_count": 2, "confidence": 0.6869, "review_status": "unreviewed"}, "geometry": {"type": "LineString", "coordinates": [[127.1133594867371, 36.43106087916439], [127.11416083144744, 36.4316755761313]]}}, {"type": "Feature", "properties": {"proposal_id": "visible-line-142", "tile_id": "178-gongju-labels", "sheet_id": "178-gongju", "split": "holdout_test", "proposal_kind": "visible_linework_review_only", "backend": "grayscale_ridge_v1_skeleton_v1", "pixel_length": 18.485, "point_count": 3, "confidence": 0.7248, "review_status": "unreviewed"}, "geometry": {"type": "LineString", "coordinates": [[127.1133594867371, 36.428986276901085], [127.11350090050951, 36.429178369703244], [127.11364231428192, 36.42960097386799]]}}, {"type": "Feature", "properties": {"proposal_id": "visible-line-143", "tile_id": "178-gongju-labels", "sheet_id": "178-gongju", "split": "holdout_test", "proposal_kind": "visible_linework_review_only", "backend": "grayscale_ridge_v1_skeleton_v1", "pixel_length": 27.385, "point_count": 4, "confidence": 0.7864, "review_status": "unreviewed"}, "geometry": {"type": "LineString", "coordinates": [[127.11340662466122, 36.45073118210535], [127.11368945220606, 36.45046225218233], [127.11401941767502, 36.45038541506146], [127.11439652106813, 36.45019332225931]]}}, {"type": "Feature", "properties": {"proposal_id": "visible-line-144", "tile_id": "178-gongju-labels", "sheet_id": "178-gongju", "split": "holdout_test", "proposal_kind": "visible_linework_review_only", "backend": "grayscale_ridge_v1_skeleton_v1", "pixel_length": 28.485, "point_count": 6, "confidence": 0.7332, "review_status": "unreviewed"}, "geometry": {"type": "LineString", "coordinates": [[127.11340662466122, 36.44078077495357], [127.11345376258537, 36.44081919351401], [127.11354803843365, 36.44143389048091], [127.11364231428192, 36.44154914616221], [127.11364231428192, 36.441664401843504], [127.11378372805433, 36.44170282040393]]}}, {"type": "Feature", "properties": {"proposal_id": "visible-line-145", "tile_id": "178-gongju-labels", "sheet_id": "178-gongju", "split": "holdout_test", "proposal_kind": "visible_linework_review_only", "backend": "grayscale_ridge_v1_skeleton_v1", "pixel_length": 19.243, "point_count": 4, "confidence": 0.7207, "review_status": "unreviewed"}, "geometry": {"type": "LineString", "coordinates": [[127.11359517635778, 36.44270170297515], [127.1137365901302, 36.44266328441472], [127.11430224521985, 36.44266328441472], [127.11444365899227, 36.442740121535586]]}}, {"type": "Feature", "properties": {"proposal_id": "visible-line-146", "tile_id": "178-gongju-labels", "sheet_id": "178-gongju", "split": "holdout_test", "proposal_kind": "visible_linework_review_only", "backend": "grayscale_ridge_v1_skeleton_v1", "pixel_length": 22.243, "point_count": 6, "confidence": 0.7316, "review_status": "unreviewed"}, "geometry": {"type": "LineString", "coordinates": [[127.11397227975088, 36.44377742266724], [127.11397227975088, 36.44335481850249], [127.11401941767502, 36.443316399942056], [127.11397227975088, 36.44316272570033], [127.11401941767502, 36.443124307139904], [127.11401941767502, 36.442970632898174]]}}, {"type": "Feature", "properties": {"proposal_id": "visible-line-147", "tile_id": "178-gongju-labels", "sheet_id": "178-gongju", "split": "holdout_test", "proposal_kind": "visible_linework_review_only", "backend": "grayscale_ridge_v1_skeleton_v1", "pixel_length": 47.385, "point_count": 8, "confidence": 0.7635, "review_status": "unreviewed"}, "geometry": {"type": "LineString", "coordinates": [[127.11406655559917, 36.43786096436078], [127.11420796937158, 36.43809147572337], [127.11420796937158, 36.43843724276725], [127.11416083144744, 36.43847566132768], [127.11420796937158, 36.43882142837157], [127.11439652106813, 36.439090358294585], [127.1144907969164, 36.43939770677804], [127.11458507276468, 36.4394745438989]]}}, {"type": "Feature", "properties": {"proposal_id": "visible-line-148", "tile_id": "178-gongju-labels", "sheet_id": "178-gongju", "split": "holdout_test", "proposal_kind": "visible_linework_review_only", "backend": "grayscale_ridge_v1_skeleton_v1", "pixel_length": 21.142, "point_count": 4, "confidence": 0.8033, "review_status": "unreviewed"}, "geometry": {"type": "LineString", "coordinates": [[127.1141136935233, 36.436900500349985], [127.1144907969164, 36.436516314745674], [127.11458507276468, 36.436362640503944], [127.11458507276468, 36.43624738482265]]}}, {"type": "Feature", "properties": {"proposal_id": "visible-line-149", "tile_id": "178-gongju-labels", "sheet_id": "178-gongju", "split": "holdout_test", "proposal_kind": "visible_linework_review_only", "backend": "grayscale_ridge_v1_skeleton_v1", "pixel_length": 44.627, "point_count": 7, "confidence": 0.7261, "review_status": "unreviewed"}, "geometry": {"type": "LineString", "coordinates": [[127.11420796937158, 36.449386532490244], [127.11420796937158, 36.44927127680895], [127.11439652106813, 36.4489639283255], [127.11444365899227, 36.44873341696291], [127.11467934861295, 36.448502905600314], [127.11496217615779, 36.448502905600314], [127.11538641747502, 36.44873341696291]]}}, {"type": "Feature", "properties": {"proposal_id": "visible-line-150", "tile_id": "178-gongju-labels", "sheet_id": "178-gongju", "split": "holdout_test", "proposal_kind": "visible_linework_review_only", "backend": "grayscale_ridge_v1_skeleton_v1", "pixel_length": 19.899, "point_count": 6, "confidence": 0.6926, "review_status": "unreviewed"}, "geometry": {"type": "LineString", "coordinates": [[127.1144907969164, 36.45572559496145], [127.11453793484054, 36.45576401352188], [127.11453793484054, 36.45591768776361], [127.11467934861295, 36.45607136200533], [127.11467934861295, 36.456186617686626], [127.11491503823365, 36.45630187336792]]}}, {"type": "Feature", "properties": {"proposal_id": "visible-line-151", "tile_id": "178-gongju-labels", "sheet_id": "178-gongju", "split": "holdout_test", "proposal_kind": "visible_linework_review_only", "backend": "grayscale_ridge_v1_skeleton_v1", "pixel_length": 18.485, "point_count": 4, "confidence": 0.6803, "review_status": "unreviewed"}, "geometry": {"type": "LineString", "coordinates": [[127.11463221068881, 36.42660432615433], [127.11482076238536, 36.42683483751692], [127.11482076238536, 36.42698851175865], [127.11491503823365, 36.42721902312124]]}}, {"type": "Feature", "properties": {"proposal_id": "visible-line-152", "tile_id": "178-gongju-labels", "sheet_id": "178-gongju", "split": "holdout_test", "proposal_kind": "visible_linework_review_only", "backend": "grayscale_ridge_v1_skeleton_v1", "pixel_length": 92.912, "point_count": 13, "confidence": 0.747, "review_status": "unreviewed"}, "geometry": {"type": "LineString", "coordinates": [[127.11463221068881, 36.42310823715506], [127.1147264865371, 36.42330032995722], [127.11496217615779, 36.42353084131981], [127.11505645200606, 36.4237613526824], [127.11505645200606, 36.42391502692412], [127.11500931408192, 36.42395344548456], [127.11500931408192, 36.42464497957232], [127.1151035899302, 36.424913909495345], [127.11529214162675, 36.42506758373707], [127.1154806933233, 36.42502916517664], [127.11571638294399, 36.42487549093491], [127.11585779671641, 36.42468339813276], [127.1164705897302, 36.424222375407574]]}}, {"type": "Feature", "properties": {"proposal_id": "visible-line-153", "tile_id": "178-gongju-labels", "sheet_id": "178-gongju", "split": "holdout_test", "proposal_kind": "visible_linework_review_only", "backend": "grayscale_ridge_v1_skeleton_v1", "pixel_length": 24.971, "point_count": 4, "confidence": 0.763, "review_status": "unreviewed"}, "geometry": {"type": "LineString", "coordinates": [[127.11482076238536, 36.44285537721688], [127.11524500370261, 36.44304747001904], [127.1154806933233, 36.4432395628212], [127.11557496917158, 36.443470074183786]]}}, {"type": "Feature", "properties": {"proposal_id": "visible-line-154", "tile_id": "178-gongju-labels", "sheet_id": "178-gongju", "split": "holdout_test", "proposal_kind": "visible_linework_review_only", "backend": "grayscale_ridge_v1_skeleton_v1", "pixel_length": 19.485, "point_count": 6, "confidence": 0.6871, "review_status": "unreviewed"}, "geometry": {"type": "LineString", "coordinates": [[127.11543355539916, 36.43121455340612], [127.11562210709572, 36.431176134845686], [127.11571638294399, 36.43109929772482], [127.11595207256468, 36.43109929772482], [127.11604634841297, 36.431176134845686], [127.11609348633709, 36.431329809087416]]}}, {"type": "Feature", "properties": {"proposal_id": "visible-line-155", "tile_id": "178-gongju-labels", "sheet_id": "178-gongju", "split": "holdout_test", "proposal_kind": "visible_linework_review_only", "backend": "grayscale_ridge_v1_skeleton_v1", "pixel_length": 27.799, "point_count": 5, "confidence": 0.787, "review_status": "unreviewed"}, "geometry": {"type": "LineString", "coordinates": [[127.11562210709572, 36.45868382411468], [127.11576352086813, 36.458606986993814], [127.11581065879227, 36.45849173131252], [127.11618776218538, 36.45810754570821], [127.11632917595779, 36.457877034345614]]}}, {"type": "Feature", "properties": {"proposal_id": "visible-line-156", "tile_id": "178-gongju-labels", "sheet_id": "178-gongju", "split": "holdout_test", "proposal_kind": "visible_linework_review_only", "backend": "grayscale_ridge_v1_skeleton_v1", "pixel_length": 20.899, "point_count": 2, "confidence": 0.7212, "review_status": "unreviewed"}, "geometry": {"type": "LineString", "coordinates": [[127.11562210709572, 36.443662166985945], [127.11595207256468, 36.44435370107371]]}}, {"type": "Feature", "properties": {"proposal_id": "visible-line-157", "tile_id": "178-gongju-labels", "sheet_id": "178-gongju", "split": "holdout_test", "proposal_kind": "visible_linework_review_only", "backend": "grayscale_ridge_v1_skeleton_v1", "pixel_length": 145.024, "point_count": 23, "confidence": 0.7668, "review_status": "unreviewed"}, "geometry": {"type": "LineString", "coordinates": [[127.11595207256468, 36.429101532582386], [127.11609348633709, 36.428947858340656], [127.11609348633709, 36.42879418409893], [127.11618776218538, 36.42867892841764], [127.11618776218538, 36.42825632425289], [127.11632917595779, 36.42810265001116], [127.11651772765434, 36.42810265001116], [127.11675341727504, 36.42825632425289], [127.11694196897159, 36.42829474281332], [127.117083382744, 36.428448417055044], [127.117083382744, 36.4286405098572], [127.11698910689572, 36.428947858340656], [127.11656486557848, 36.42944729962627], [127.11651772765434, 36.42960097386799], [127.11656486557848, 36.429677810988856], [127.11680055519916, 36.429869903791015], [127.11698910689572, 36.42983148523058], [127.11755476198537, 36.4293704625054], [127.11774331368193, 36.42925520682411], [127.11793186537848, 36.42925520682411], [127.11802614122676, 36.429332043944974], [127.11812041707503, 36.429677810988856], [127.11835610669573, 36.429869903791015]]}}, {"type": "Feature", "properties": {"proposal_id": "visible-line-158", "tile_id": "178-gongju-labels", "sheet_id": "178-gongju", "split": "holdout_test", "proposal_kind": "visible_linework_review_only", "backend": "grayscale_ridge_v1_skeleton_v1", "pixel_length": 26.213, "point_count": 2, "confidence": 0.6228, "review_status": "unreviewed"}, "geometry": {"type": "LineString", "coordinates": [[127.11604634841297, 36.4338654340759], [127.11675341727504, 36.43463380528453]]}}, {"type": "Feature", "properties": {"proposal_id": "visible-line-159", "tile_id": "178-gongju-labels", "sheet_id": "178-gongju", "split": "holdout_test", "proposal_kind": "visible_linework_review_only", "backend": "grayscale_ridge_v1_skeleton_v1", "pixel_length": 19.071, "point_count": 6, "confidence": 0.6906, "review_status": "unreviewed"}, "geometry": {"type": "LineString", "coordinates": [[127.11614062426123, 36.444776305238456], [127.11614062426123, 36.44450737531544], [127.11623490010952, 36.444430538194574], [127.11637631388193, 36.444430538194574], [127.11651772765434, 36.44431528251328], [127.11651772765434, 36.444238445392415]]}}, {"type": "Feature", "properties": {"proposal_id": "visible-line-160", "tile_id": "178-gongju-labels", "sheet_id": "178-gongju", "split": "holdout_test", "proposal_kind": "visible_linework_review_only", "backend": "grayscale_ridge_v1_skeleton_v1", "pixel_length": 32.799, "point_count": 4, "confidence": 0.6838, "review_status": "unreviewed"}, "geometry": {"type": "LineString", "coordinates": [[127.11614062426123, 36.434288038240645], [127.11656486557848, 36.43474906096582], [127.11680055519916, 36.43513324657014], [127.11680055519916, 36.4353253393723]]}}, {"type": "Feature", "properties": {"proposal_id": "visible-line-161", "tile_id": "178-gongju-labels", "sheet_id": "178-gongju", "split": "holdout_test", "proposal_kind": "visible_linework_review_only", "backend": "grayscale_ridge_v1_skeleton_v1", "pixel_length": 57.113, "point_count": 10, "confidence": 0.7509, "review_status": "unreviewed"}, "geometry": {"type": "LineString", "coordinates": [[127.11623490010952, 36.422186191704704], [127.11628203803365, 36.422147773144275], [127.1164705897302, 36.422147773144275], [127.11698910689572, 36.42257037730902], [127.11703624481986, 36.422685632990316], [127.11698910689572, 36.42306981859463], [127.11680055519916, 36.423261911396786], [127.11661200350261, 36.42356925988024], [127.11661200350261, 36.42372293412197], [127.11656486557848, 36.4237613526824]]}}, {"type": "Feature", "properties": {"proposal_id": "visible-line-162", "tile_id": "178-gongju-labels", "sheet_id": "178-gongju", "split": "holdout_test", "proposal_kind": "visible_linework_review_only", "backend": "grayscale_ridge_v1_skeleton_v1", "pixel_length": 25.071, "point_count": 5, "confidence": 0.7278, "review_status": "unreviewed"}, "geometry": {"type": "LineString", "coordinates": [[127.11632917595779, 36.42191726178168], [127.11637631388193, 36.42187884322125], [127.11637631388193, 36.42134098337521], [127.1164705897302, 36.42111047201262], [127.11656486557848, 36.42103363489176]]}}, {"type": "Feature", "properties": {"proposal_id": "visible-line-163", "tile_id": "178-gongju-labels", "sheet_id": "178-gongju", "split": "holdout_test", "proposal_kind": "visible_linework_review_only", "backend": "grayscale_ridge_v1_skeleton_v1", "pixel_length": 20.0, "point_count": 2, "confidence": 0.6641, "review_status": "unreviewed"}, "geometry": {"type": "LineString", "coordinates": [[127.11637631388193, 36.43271287726295], [127.11637631388193, 36.43194450605432]]}}, {"type": "Feature", "properties": {"proposal_id": "visible-line-164", "tile_id": "178-gongju-labels", "sheet_id": "178-gongju", "split": "holdout_test", "proposal_kind": "visible_linework_review_only", "backend": "grayscale_ridge_v1_skeleton_v1", "pixel_length": 23.142, "point_count": 3, "confidence": 0.6875, "review_status": "unreviewed"}, "geometry": {"type": "LineString", "coordinates": [[127.1164705897302, 36.45668605897224], [127.11703624481986, 36.456532384730515], [127.11736621028882, 36.45630187336792]]}}, {"type": "Feature", "properties": {"proposal_id": "visible-line-165", "tile_id": "178-gongju-labels", "sheet_id": "178-gongju", "split": "holdout_test", "proposal_kind": "visible_linework_review_only", "backend": "grayscale_ridge_v1_skeleton_v1", "pixel_length": 30.728, "point_count": 7, "confidence": 0.7095, "review_status": "unreviewed"}, "geometry": {"type": "LineString", "coordinates": [[127.11736621028882, 36.44950178817154], [127.11736621028882, 36.44930969536938], [127.11760189990952, 36.44911760256722], [127.11779045160607, 36.44904076544636], [127.11812041707503, 36.44904076544636], [127.11816755499918, 36.449002346885926], [127.11840324461986, 36.44904076544636]]}}, {"type": "Feature", "properties": {"proposal_id": "visible-line-166", "tile_id": "178-gongju-labels", "sheet_id": "178-gongju", "split": "holdout_test", "proposal_kind": "visible_linework_review_only", "backend": "grayscale_ridge_v1_skeleton_v1", "pixel_length": 43.385, "point_count": 7, "confidence": 0.7342, "review_status": "unreviewed"}, "geometry": {"type": "LineString", "coordinates": [[127.11736621028882, 36.44950178817154], [127.11755476198537, 36.4496938809737], [127.11779045160607, 36.44977071809456], [127.11849752046814, 36.44977071809456], [127.11878034801296, 36.44965546241326], [127.11892176178539, 36.44954020673197], [127.11896889970951, 36.449386532490244]]}}, {"type": "Feature", "properties": {"proposal_id": "visible-line-167", "tile_id": "178-gongju-labels", "sheet_id": "178-gongju", "split": "holdout_test", "proposal_kind": "visible_linework_review_only", "backend": "grayscale_ridge_v1_skeleton_v1", "pixel_length": 24.142, "point_count": 5, "confidence": 0.752, "review_status": "unreviewed"}, "geometry": {"type": "LineString", "coordinates": [[127.1174604861371, 36.42606646630829], [127.11769617575779, 36.42633539623131], [127.11783758953021, 36.42633539623131], [127.11797900330262, 36.426220140550015], [127.11807327915089, 36.425951210627]]}}, {"type": "Feature", "properties": {"proposal_id": "visible-line-168", "tile_id": "178-gongju-labels", "sheet_id": "178-gongju", "split": "holdout_test", "proposal_kind": "visible_linework_review_only", "backend": "grayscale_ridge_v1_skeleton_v1", "pixel_length": 39.627, "point_count": 7, "confidence": 0.7644, "review_status": "unreviewed"}, "geometry": {"type": "LineString", "coordinates": [[127.1174604861371, 36.425298095099656], [127.11755476198537, 36.42514442085793], [127.11774331368193, 36.42502916517664], [127.1182146929233, 36.425106002297504], [127.11863893424055, 36.42537493222052], [127.11863893424055, 36.42552860646225], [127.11854465839228, 36.42560544358311]]}}, {"type": "Feature", "properties": {"proposal_id": "visible-line-169", "tile_id": "178-gongju-labels", "sheet_id": "178-gongju", "split": "holdout_test", "proposal_kind": "visible_linework_review_only", "backend": "grayscale_ridge_v1_skeleton_v1", "pixel_length": 43.284, "point_count": 4, "confidence": 0.7446, "review_status": "unreviewed"}, "geometry": {"type": "LineString", "coordinates": [[127.11812041707503, 36.4365547333061], [127.11812041707503, 36.436362640503944], [127.11840324461986, 36.435786362097474], [127.1190631755578, 36.435210083691]]}}, {"type": "Feature", "properties": {"proposal_id": "visible-line-170", "tile_id": "178-gongju-labels", "sheet_id": "178-gongju", "split": "holdout_test", "proposal_kind": "visible_linework_review_only", "backend": "grayscale_ridge_v1_skeleton_v1", "pixel_length": 26.485, "point_count": 4, "confidence": 0.7111, "review_status": "unreviewed"}, "geometry": {"type": "LineString", "coordinates": [[127.11826183084744, 36.438859846932], [127.11840324461986, 36.438552498448544], [127.11840324461986, 36.43820673140466], [127.11826183084744, 36.43793780148164]]}}, {"type": "Feature", "properties": {"proposal_id": "visible-line-171", "tile_id": "178-gongju-labels", "sheet_id": "178-gongju", "split": "holdout_test", "proposal_kind": "visible_linework_review_only", "backend": "grayscale_ridge_v1_skeleton_v1", "pixel_length": 27.485, "point_count": 6, "confidence": 0.6564, "review_status": "unreviewed"}, "geometry": {"type": "LineString", "coordinates": [[127.11835610669573, 36.447696115831256], [127.11854465839228, 36.447542441589526], [127.11849752046814, 36.44742718590823], [127.11854465839228, 36.4473887673478], [127.11854465839228, 36.44685090750176], [127.11859179631641, 36.4467740703809]]}}, {"type": "Feature", "properties": {"proposal_id": "visible-line-172", "tile_id": "178-gongju-labels", "sheet_id": "178-gongju", "split": "holdout_test", "proposal_kind": "visible_linework_review_only", "backend": "grayscale_ridge_v1_skeleton_v1", "pixel_length": 24.485, "point_count": 5, "confidence": 0.7424, "review_status": "unreviewed"}, "geometry": {"type": "LineString", "coordinates": [[127.11840324461986, 36.43075353068094], [127.118450382544, 36.43040776363706], [127.11859179631641, 36.4302156708349], [127.11859179631641, 36.42998515947231], [127.11849752046814, 36.429908322351444]]}}, {"type": "Feature", "properties": {"proposal_id": "visible-line-173", "tile_id": "178-gongju-labels", "sheet_id": "178-gongju", "split": "holdout_test", "proposal_kind": "visible_linework_review_only", "backend": "grayscale_ridge_v1_skeleton_v1", "pixel_length": 83.497, "point_count": 8, "confidence": 0.7593, "review_status": "unreviewed"}, "geometry": {"type": "LineString", "coordinates": [[127.11840324461986, 36.43075353068094], [127.11863893424055, 36.43121455340612], [127.11868607216469, 36.43194450605432], [127.11896889970951, 36.43217501741691], [127.11967596857158, 36.431560320450004], [127.11991165819228, 36.43148348332914], [127.12010020988883, 36.431329809087416], [127.12038303743365, 36.43121455340612]]}}, {"type": "Feature", "properties": {"proposal_id": "visible-line-174", "tile_id": "178-gongju-labels", "sheet_id": "178-gongju", "split": "holdout_test", "proposal_kind": "visible_linework_review_only", "backend": "grayscale_ridge_v1_skeleton_v1", "pixel_length": 21.728, "point_count": 4, "confidence": 0.7354, "review_status": "unreviewed"}, "geometry": {"type": "LineString", "coordinates": [[127.118450382544, 36.439282451096744], [127.11859179631641, 36.4395897995802], [127.11887462386125, 36.439781892382356], [127.1190631755578, 36.439820310942785]]}}, {"type": "Feature", "properties": {"proposal_id": "visible-line-175", "tile_id": "178-gongju-labels", "sheet_id": "178-gongju", "split": "holdout_test", "proposal_kind": "visible_linework_review_only", "backend": "grayscale_ridge_v1_skeleton_v1", "pixel_length": 27.142, "point_count": 5, "confidence": 0.699, "review_status": "unreviewed"}, "geometry": {"type": "LineString", "coordinates": [[127.11878034801296, 36.44831081279816], [127.11896889970951, 36.448118719996], [127.11934600310262, 36.44796504575427], [127.11962883064746, 36.44796504575427], [127.11972310649573, 36.448118719996]]}}, {"type": "Feature", "properties": {"proposal_id": "visible-line-176", "tile_id": "178-gongju-labels", "sheet_id": "178-gongju", "split": "holdout_test", "proposal_kind": "visible_linework_review_only", "backend": "grayscale_ridge_v1_skeleton_v1", "pixel_length": 26.828, "point_count": 4, "confidence": 0.7166, "review_status": "unreviewed"}, "geometry": {"type": "LineString", "coordinates": [[127.1190631755578, 36.44711983742478], [127.11948741687503, 36.44711983742478], [127.11953455479917, 36.447158255985215], [127.11958169272332, 36.44777295295212]]}}, {"type": "Feature", "properties": {"proposal_id": "visible-line-177", "tile_id": "178-gongju-labels", "sheet_id": "178-gongju", "split": "holdout_test", "proposal_kind": "visible_linework_review_only", "backend": "grayscale_ridge_v1_skeleton_v1", "pixel_length": 22.314, "point_count": 6, "confidence": 0.7484, "review_status": "unreviewed"}, "geometry": {"type": "LineString", "coordinates": [[127.11915745140607, 36.453804666939874], [127.11929886517848, 36.45372782981901], [127.11972310649573, 36.45376624837944], [127.119817382344, 36.4538430855003], [127.119817382344, 36.45391992262117], [127.11967596857158, 36.45403517830246]]}}, {"type": "Feature", "properties": {"proposal_id": "visible-line-178", "tile_id": "178-gongju-labels", "sheet_id": "178-gongju", "split": "holdout_test", "proposal_kind": "visible_linework_review_only", "backend": "grayscale_ridge_v1_skeleton_v1", "pixel_length": 35.385, "point_count": 6, "confidence": 0.7465, "review_status": "unreviewed"}, "geometry": {"type": "LineString", "coordinates": [[127.11920458933021, 36.453574155577286], [127.11925172725435, 36.45353573701685], [127.11929886517848, 36.4532283885334], [127.11967596857158, 36.452882621489515], [127.11962883064746, 36.45272894724779], [127.11925172725435, 36.45280578436865]]}}, {"type": "Feature", "properties": {"proposal_id": "visible-line-179", "tile_id": "178-gongju-labels", "sheet_id": "178-gongju", "split": "holdout_test", "proposal_kind": "visible_linework_review_only", "backend": "grayscale_ridge_v1_skeleton_v1", "pixel_length": 143.953, "point_count": 18, "confidence": 0.742, "review_status": "unreviewed"}, "geometry": {"type": "LineString", "coordinates": [[127.11920458933021, 36.424145538286716], [127.11929886517848, 36.42426079396801], [127.11977024441987, 36.4244913053306], [127.1201944857371, 36.42483707237448], [127.12028876158539, 36.42499074661621], [127.1204301753578, 36.42591279206656], [127.12047731328194, 36.425951210627], [127.12047731328194, 36.426181721989586], [127.12052445120608, 36.426220140550015], [127.12057158913021, 36.426950093198215], [127.12038303743365, 36.427103767439945], [127.12000593404055, 36.4271806045608], [127.11991165819228, 36.42737269736296], [127.12005307196469, 36.42756479016512], [127.12028876158539, 36.427718464406844], [127.12052445120608, 36.4280258128903], [127.12076014082676, 36.428217905692456], [127.12099583044746, 36.42833316137375]]}}, {"type": "Feature", "properties": {"proposal_id": "visible-line-180", "tile_id": "178-gongju-labels", "sheet_id": "178-gongju", "split": "holdout_test", "proposal_kind": "visible_linework_review_only", "backend": "grayscale_ridge_v1_skeleton_v1", "pixel_length": 18.243, "point_count": 5, "confidence": 0.7059, "review_status": "unreviewed"}, "geometry": {"type": "LineString", "coordinates": [[127.11948741687503, 36.45718550025785], [127.11953455479917, 36.457108663136985], [127.119817382344, 36.457108663136985], [127.11986452026814, 36.457147081697414], [127.12024162366124, 36.45718550025785]]}}, {"type": "Feature", "properties": {"proposal_id": "visible-line-181", "tile_id": "178-gongju-labels", "sheet_id": "178-gongju", "split": "holdout_test", "proposal_kind": "visible_linework_review_only", "backend": "grayscale_ridge_v1_skeleton_v1", "pixel_length": 21.314, "point_count": 6, "confidence": 0.7146, "review_status": "unreviewed"}, "geometry": {"type": "LineString", "coordinates": [[127.11972310649573, 36.44942495105067], [127.119817382344, 36.44927127680895], [127.11995879611642, 36.44927127680895], [127.12010020988883, 36.449348113929815], [127.12010020988883, 36.44942495105067], [127.12028876158539, 36.44965546241326]]}}, {"type": "Feature", "properties": {"proposal_id": "visible-line-182", "tile_id": "178-gongju-labels", "sheet_id": "178-gongju", "split": "holdout_test", "proposal_kind": "visible_linework_review_only", "backend": "grayscale_ridge_v1_skeleton_v1", "pixel_length": 30.314, "point_count": 5, "confidence": 0.7352, "review_status": "unreviewed"}, "geometry": {"type": "LineString", "coordinates": [[127.119817382344, 36.4475040230291], [127.12010020988883, 36.44746560446867], [127.12071300290262, 36.44723509310607], [127.12090155459917, 36.44723509310607], [127.12094869252331, 36.4473887673478]]}}, {"type": "Feature", "properties": {"proposal_id": "visible-line-183", "tile_id": "178-gongju-labels", "sheet_id": "178-gongju", "split": "holdout_test", "proposal_kind": "visible_linework_review_only", "backend": "grayscale_ridge_v1_skeleton_v1", "pixel_length": 60.385, "point_count": 8, "confidence": 0.6859, "review_status": "unreviewed"}, "geometry": {"type": "LineString", "coordinates": [[127.119817382344, 36.44304747001904], [127.119817382344, 36.442932214337745], [127.12000593404055, 36.44262486585429], [127.11995879611642, 36.44247119161256], [127.12010020988883, 36.4422790988104], [127.12005307196469, 36.441318634799615], [127.11986452026814, 36.4410497048766], [127.11986452026814, 36.440934449195304]]}}, {"type": "Feature", "properties": {"proposal_id": "visible-line-184", "tile_id": "178-gongju-labels", "sheet_id": "178-gongju", "split": "holdout_test", "proposal_kind": "visible_linework_review_only", "backend": "grayscale_ridge_v1_skeleton_v1", "pixel_length": 21.142, "point_count": 4, "confidence": 0.695, "review_status": "unreviewed"}, "geometry": {"type": "LineString", "coordinates": [[127.11995879611642, 36.43474906096582], [127.1201944857371, 36.434480131042804], [127.12057158913021, 36.4343648753615], [127.12066586497849, 36.434288038240645]]}}, {"type": "Feature", "properties": {"proposal_id": "visible-line-185", "tile_id": "178-gongju-labels", "sheet_id": "178-gongju", "split": "holdout_test", "proposal_kind": "visible_linework_review_only", "backend": "grayscale_ridge_v1_skeleton_v1", "pixel_length": 205.196, "point_count": 18, "confidence": 0.7365, "review_status": "unreviewed"}, "geometry": {"type": "LineString", "coordinates": [[127.11995879611642, 36.420687867847874], [127.12005307196469, 36.42080312352917], [127.12005307196469, 36.42134098337521], [127.12010020988883, 36.4214562390565], [127.12028876158539, 36.42172516897953], [127.12057158913021, 36.421994098902545], [127.12061872705435, 36.42210935458384], [127.12061872705435, 36.422531958748586], [127.12085441667504, 36.42330032995722], [127.12132579591642, 36.42391502692412], [127.12146720968883, 36.42464497957232], [127.12165576138538, 36.42518283941836], [127.12165576138538, 36.42598962918743], [127.12170289930953, 36.426028047747856], [127.12170289930953, 36.426220140550015], [127.12189145100608, 36.42660432615433], [127.12231569232333, 36.42702693031908], [127.12259851986815, 36.427680045846415]]}}, {"type": "Feature", "properties": {"proposal_id": "visible-line-186", "tile_id": "178-gongju-labels", "sheet_id": "178-gongju", "split": "holdout_test", "proposal_kind": "visible_linework_review_only", "backend": "grayscale_ridge_v1_skeleton_v1", "pixel_length": 40.042, "point_count": 7, "confidence": 0.7048, "review_status": "unreviewed"}, "geometry": {"type": "LineString", "coordinates": [[127.12000593404055, 36.443662166985945], [127.12024162366124, 36.444046352590256], [127.12038303743365, 36.44416160827155], [127.12038303743365, 36.444238445392415], [127.12052445120608, 36.44435370107371], [127.1208072787509, 36.44481472379889], [127.1208072787509, 36.444929979480186]]}}, {"type": "Feature", "properties": {"proposal_id": "visible-line-187", "tile_id": "178-gongju-labels", "sheet_id": "178-gongju", "split": "holdout_test", "proposal_kind": "visible_linework_review_only", "backend": "grayscale_ridge_v1_skeleton_v1", "pixel_length": 18.485, "point_count": 6, "confidence": 0.7234, "review_status": "unreviewed"}, "geometry": {"type": "LineString", "coordinates": [[127.1204301753578, 36.44930969536938], [127.12047731328194, 36.449348113929815], [127.12076014082676, 36.449348113929815], [127.12085441667504, 36.44942495105067], [127.1208072787509, 36.4495786252924], [127.12090155459917, 36.4496938809737]]}}, {"type": "Feature", "properties": {"proposal_id": "visible-line-188", "tile_id": "178-gongju-labels", "sheet_id": "178-gongju", "split": "holdout_test", "proposal_kind": "visible_linework_review_only", "backend": "grayscale_ridge_v1_skeleton_v1", "pixel_length": 20.828, "point_count": 4, "confidence": 0.746, "review_status": "unreviewed"}, "geometry": {"type": "LineString", "coordinates": [[127.12057158913021, 36.45641712904922], [127.12066586497849, 36.456378710488785], [127.12066586497849, 36.45572559496145], [127.12061872705435, 36.45568717640102]]}}, {"type": "Feature", "properties": {"proposal_id": "visible-line-189", "tile_id": "178-gongju-labels", "sheet_id": "178-gongju", "split": "holdout_test", "proposal_kind": "visible_linework_review_only", "backend": "grayscale_ridge_v1_skeleton_v1", "pixel_length": 21.071, "point_count": 6, "confidence": 0.7788, "review_status": "unreviewed"}, "geometry": {"type": "LineString", "coordinates": [[127.12057158913021, 36.45184532035786], [127.1208072787509, 36.45180690179743], [127.12090155459917, 36.4518837389183], [127.12085441667504, 36.45199899459959], [127.12090155459917, 36.45207583172045], [127.12090155459917, 36.452344761643474]]}}, {"type": "Feature", "properties": {"proposal_id": "visible-line-190", "tile_id": "178-gongju-labels", "sheet_id": "178-gongju", "split": "holdout_test", "proposal_kind": "visible_linework_review_only", "backend": "grayscale_ridge_v1_skeleton_v1", "pixel_length": 27.485, "point_count": 8, "confidence": 0.7477, "review_status": "unreviewed"}, "geometry": {"type": "LineString", "coordinates": [[127.12057158913021, 36.44619779197443], [127.12071300290262, 36.44612095485356], [127.12085441667504, 36.44612095485356], [127.12094869252331, 36.44619779197443], [127.12094869252331, 36.44654355901831], [127.12090155459917, 36.44658197757874], [127.12094869252331, 36.446620396139174], [127.12094869252331, 36.44685090750176]]}}, {"type": "Feature", "properties": {"proposal_id": "visible-line-191", "tile_id": "178-gongju-labels", "sheet_id": "178-gongju", "split": "holdout_test", "proposal_kind": "visible_linework_review_only", "backend": "grayscale_ridge_v1_skeleton_v1", "pixel_length": 31.799, "point_count": 5, "confidence": 0.7281, "review_status": "unreviewed"}, "geometry": {"type": "LineString", "coordinates": [[127.12057158913021, 36.434134363998915], [127.12061872705435, 36.43401910831762], [127.12090155459917, 36.43378859695503], [127.12132579591642, 36.43371175983417], [127.12170289930953, 36.43351966703201]]}}, {"type": "Feature", "properties": {"proposal_id": "visible-line-192", "tile_id": "178-gongju-labels", "sheet_id": "178-gongju", "split": "holdout_test", "proposal_kind": "visible_linework_review_only", "backend": "grayscale_ridge_v1_skeleton_v1", "pixel_length": 26.899, "point_count": 8, "confidence": 0.7544, "review_status": "unreviewed"}, "geometry": {"type": "LineString", "coordinates": [[127.12061872705435, 36.449962810896714], [127.12066586497849, 36.45000122945715], [127.12109010629572, 36.45000122945715], [127.12118438214401, 36.45007806657801], [127.12113724421987, 36.45019332225931], [127.12118438214401, 36.45023174081974], [127.12113724421987, 36.45038541506146], [127.12118438214401, 36.45053908930319]]}}, {"type": "Feature", "properties": {"proposal_id": "visible-line-193", "tile_id": "178-gongju-labels", "sheet_id": "178-gongju", "split": "holdout_test", "proposal_kind": "visible_linework_review_only", "backend": "grayscale_ridge_v1_skeleton_v1", "pixel_length": 22.314, "point_count": 4, "confidence": 0.7625, "review_status": "unreviewed"}, "geometry": {"type": "LineString", "coordinates": [[127.12061872705435, 36.43129139052698], [127.12109010629572, 36.43152190188957], [127.12127865799228, 36.43152190188957], [127.12151434761297, 36.43159873901043]]}}, {"type": "Feature", "properties": {"proposal_id": "visible-line-194", "tile_id": "178-gongju-labels", "sheet_id": "178-gongju", "split": "holdout_test", "proposal_kind": "visible_linework_review_only", "backend": "grayscale_ridge_v1_skeleton_v1", "pixel_length": 19.314, "point_count": 3, "confidence": 0.7211, "review_status": "unreviewed"}, "geometry": {"type": "LineString", "coordinates": [[127.12066586497849, 36.458760661235544], [127.1210429683716, 36.4583380570708], [127.1210429683716, 36.45814596426864]]}}, {"type": "Feature", "properties": {"proposal_id": "visible-line-195", "tile_id": "178-gongju-labels", "sheet_id": "178-gongju", "split": "holdout_test", "proposal_kind": "visible_linework_review_only", "backend": "grayscale_ridge_v1_skeleton_v1", "pixel_length": 19.728, "point_count": 6, "confidence": 0.7084, "review_status": "unreviewed"}, "geometry": {"type": "LineString", "coordinates": [[127.12076014082676, 36.4345953867241], [127.12090155459917, 36.434480131042804], [127.12113724421987, 36.43444171248237], [127.12132579591642, 36.434326456801074], [127.1214200717647, 36.434326456801074], [127.12151434761297, 36.43440329392194]]}}, {"type": "Feature", "properties": {"proposal_id": "visible-line-196", "tile_id": "178-gongju-labels", "sheet_id": "178-gongju", "split": "holdout_test", "proposal_kind": "visible_linework_review_only", "backend": "grayscale_ridge_v1_skeleton_v1", "pixel_length": 33.799, "point_count": 4, "confidence": 0.6967, "review_status": "unreviewed"}, "geometry": {"type": "LineString", "coordinates": [[127.12113724421987, 36.44631304765572], [127.12156148553711, 36.446966163183056], [127.12156148553711, 36.44711983742478], [127.1217971751578, 36.4473887673478]]}}, {"type": "Feature", "properties": {"proposal_id": "visible-line-197", "tile_id": "178-gongju-labels", "sheet_id": "178-gongju", "split": "holdout_test", "proposal_kind": "visible_linework_review_only", "backend": "grayscale_ridge_v1_skeleton_v1", "pixel_length": 18.314, "point_count": 5, "confidence": 0.7044, "review_status": "unreviewed"}, "geometry": {"type": "LineString", "coordinates": [[127.12123152006815, 36.4524984358852], [127.12137293384056, 36.452690528687356], [127.12151434761297, 36.45276736580822], [127.12170289930953, 36.45280578436865], [127.12184431308194, 36.45272894724779]]}}, {"type": "Feature", "properties": {"proposal_id": "visible-line-198", "tile_id": "178-gongju-labels", "sheet_id": "178-gongju", "split": "holdout_test", "proposal_kind": "visible_linework_review_only", "backend": "grayscale_ridge_v1_skeleton_v1", "pixel_length": 26.243, "point_count": 4, "confidence": 0.7261, "review_status": "unreviewed"}, "geometry": {"type": "LineString", "coordinates": [[127.12123152006815, 36.448618161281615], [127.1221742785509, 36.44857974272118], [127.12226855439918, 36.448656579842044], [127.12226855439918, 36.44877183552334]]}}, {"type": "Feature", "properties": {"proposal_id": "visible-line-199", "tile_id": "178-gongju-labels", "sheet_id": "178-gongju", "split": "holdout_test", "proposal_kind": "visible_linework_review_only", "backend": "grayscale_ridge_v1_skeleton_v1", "pixel_length": 55.698, "point_count": 6, "confidence": 0.7608, "review_status": "unreviewed"}, "geometry": {"type": "LineString", "coordinates": [[127.12123152006815, 36.42852525417591], [127.12146720968883, 36.4287557655385], [127.12160862346124, 36.4293704625054], [127.12175003723367, 36.42960097386799], [127.12203286477849, 36.429869903791015], [127.12222141647504, 36.43033092651619]]}}, {"type": "Feature", "properties": {"proposal_id": "visible-line-200", "tile_id": "178-gongju-labels", "sheet_id": "178-gongju", "split": "holdout_test", "proposal_kind": "visible_linework_review_only", "backend": "grayscale_ridge_v1_skeleton_v1", "pixel_length": 21.071, "point_count": 2, "confidence": 0.7425, "review_status": "unreviewed"}, "geometry": {"type": "LineString", "coordinates": [[127.12132579591642, 36.45699340745569], [127.12156148553711, 36.45626345480749]]}}, {"type": "Feature", "properties": {"proposal_id": "visible-line-201", "tile_id": "178-gongju-labels", "sheet_id": "178-gongju", "split": "holdout_test", "proposal_kind": "visible_linework_review_only", "backend": "grayscale_ridge_v1_skeleton_v1", "pixel_length": 19.485, "point_count": 5, "confidence": 0.6946, "review_status": "unreviewed"}, "geometry": {"type": "LineString", "coordinates": [[127.12137293384056, 36.45222950596218], [127.12146720968883, 36.452152668841315], [127.1217971751578, 36.452152668841315], [127.12193858893022, 36.45222950596218], [127.12203286477849, 36.45242159876434]]}}, {"type": "Feature", "properties": {"proposal_id": "visible-line-202", "tile_id": "178-gongju-labels", "sheet_id": "178-gongju", "split": "holdout_test", "proposal_kind": "visible_linework_review_only", "backend": "grayscale_ridge_v1_skeleton_v1", "pixel_length": 28.485, "point_count": 8, "confidence": 0.7007, "review_status": "unreviewed"}, "geometry": {"type": "LineString", "coordinates": [[127.12151434761297, 36.45088485634707], [127.12184431308194, 36.450846437786645], [127.12193858893022, 36.4509232749075], [127.12193858893022, 36.4511537862701], [127.12198572685435, 36.45119220483053], [127.12198572685435, 36.451422716193115], [127.12193858893022, 36.45146113475355], [127.12198572685435, 36.451576390434845]]}}, {"type": "Feature", "properties": {"proposal_id": "visible-line-203", "tile_id": "178-gongju-labels", "sheet_id": "178-gongju", "split": "holdout_test", "proposal_kind": "visible_linework_review_only", "backend": "grayscale_ridge_v1_skeleton_v1", "pixel_length": 42.728, "point_count": 8, "confidence": 0.6739, "review_status": "unreviewed"}, "geometry": {"type": "LineString", "coordinates": [[127.12156148553711, 36.455418246478], [127.12160862346124, 36.4553029907967], [127.12160862346124, 36.454918805192385], [127.12170289930953, 36.45476513095066], [127.12170289930953, 36.45441936390678], [127.1217971751578, 36.454304108225486], [127.12175003723367, 36.454150433983756], [127.12189145100608, 36.45391992262117]]}}, {"type": "Feature", "properties": {"proposal_id": "visible-line-204", "tile_id": "178-gongju-labels", "sheet_id": "178-gongju", "split": "holdout_test", "proposal_kind": "visible_linework_review_only", "backend": "grayscale_ridge_v1_skeleton_v1", "pixel_length": 24.071, "point_count": 6, "confidence": 0.7096, "review_status": "unreviewed"}, "geometry": {"type": "LineString", "coordinates": [[127.12175003723367, 36.42095679777089], [127.1217971751578, 36.42099521633133], [127.1217971751578, 36.42118730913349], [127.12193858893022, 36.4214562390565], [127.12193858893022, 36.42172516897953], [127.12198572685435, 36.421802006100386]]}}, {"type": "Feature", "properties": {"proposal_id": "visible-line-205", "tile_id": "178-gongju-labels", "sheet_id": "178-gongju", "split": "holdout_test", "proposal_kind": "visible_linework_review_only", "backend": "grayscale_ridge_v1_skeleton_v1", "pixel_length": 31.142, "point_count": 5, "confidence": 0.6545, "review_status": "unreviewed"}, "geometry": {"type": "LineString", "coordinates": [[127.12189145100608, 36.455648757840585], [127.12212714062677, 36.45568717640102], [127.12245710609574, 36.45595610632404], [127.122551381944, 36.45645554760965], [127.12259851986815, 36.45649396617008]]}}, {"type": "Feature", "properties": {"proposal_id": "visible-line-206", "tile_id": "178-gongju-labels", "sheet_id": "178-gongju", "split": "holdout_test", "proposal_kind": "visible_linework_review_only", "backend": "grayscale_ridge_v1_skeleton_v1", "pixel_length": 42.385, "point_count": 6, "confidence": 0.7839, "review_status": "unreviewed"}, "geometry": {"type": "LineString", "coordinates": [[127.12193858893022, 36.42241670306729], [127.1221742785509, 36.4230314000342], [127.12226855439918, 36.42310823715506], [127.12226855439918, 36.42318507427592], [127.1224099681716, 36.42337716707808], [127.122551381944, 36.42383818980326]]}}, {"type": "Feature", "properties": {"proposal_id": "visible-line-207", "tile_id": "178-gongju-labels", "sheet_id": "178-gongju", "split": "holdout_test", "proposal_kind": "visible_linework_review_only", "backend": "grayscale_ridge_v1_skeleton_v1", "pixel_length": 20.243, "point_count": 4, "confidence": 0.721, "review_status": "unreviewed"}, "geometry": {"type": "LineString", "coordinates": [[127.12222141647504, 36.43106087916439], [127.12226855439918, 36.43109929772482], [127.12231569232333, 36.4316755761313], [127.12245710609574, 36.43171399469173]]}}, {"type": "Feature", "properties": {"proposal_id": "visible-line-208", "tile_id": "178-gongju-labels", "sheet_id": "178-gongju", "split": "holdout_test", "proposal_kind": "visible_linework_review_only", "backend": "grayscale_ridge_v1_skeleton_v1", "pixel_length": 67.77, "point_count": 9, "confidence": 0.7417, "review_status": "unreviewed"}, "geometry": {"type": "LineString", "coordinates": [[127.12231569232333, 36.43517166513057], [127.12245710609574, 36.435056409449274], [127.12259851986815, 36.435017990888845], [127.12311703703367, 36.43455696816366], [127.12325845080608, 36.43451854960323], [127.12401265759229, 36.43451854960323], [127.12424834721298, 36.4343648753615], [127.12420120928884, 36.43405752687806], [127.12396551966815, 36.43378859695503]]}}, {"type": "Feature", "properties": {"proposal_id": "visible-line-209", "tile_id": "178-gongju-labels", "sheet_id": "178-gongju", "split": "holdout_test", "proposal_kind": "visible_linework_review_only", "backend": "grayscale_ridge_v1_skeleton_v1", "pixel_length": 41.556, "point_count": 10, "confidence": 0.6995, "review_status": "unreviewed"}, "geometry": {"type": "LineString", "coordinates": [[127.12236283024745, 36.459874799488055], [127.12250424401986, 36.4597979623672], [127.12259851986815, 36.45960586956504], [127.12259851986815, 36.45941377676288], [127.12273993364056, 36.45918326540029], [127.12273993364056, 36.45899117259813], [127.1227870715647, 36.4589527540377], [127.12273993364056, 36.458760661235544], [127.12283420948884, 36.458606986993814], [127.12283420948884, 36.45849173131252]]}}, {"type": "Feature", "properties": {"proposal_id": "visible-line-210", "tile_id": "178-gongju-labels", "sheet_id": "178-gongju", "split": "holdout_test", "proposal_kind": "visible_linework_review_only", "backend": "grayscale_ridge_v1_skeleton_v1", "pixel_length": 25.971, "point_count": 5, "confidence": 0.7549, "review_status": "unreviewed"}, "geometry": {"type": "LineString", "coordinates": [[127.12283420948884, 36.432789714383816], [127.12292848533711, 36.43275129582338], [127.12306989910952, 36.43248236590036], [127.12325845080608, 36.43232869165863], [127.12344700250263, 36.43202134317518]]}}, {"type": "Feature", "properties": {"proposal_id": "visible-line-211", "tile_id": "178-gongju-labels", "sheet_id": "178-gongju", "split": "holdout_test", "proposal_kind": "visible_linework_review_only", "backend": "grayscale_ridge_v1_skeleton_v1", "pixel_length": 21.556, "point_count": 3, "confidence": 0.7392, "review_status": "unreviewed"}, "geometry": {"type": "LineString", "coordinates": [[127.12288134741297, 36.45845331275209], [127.12335272665436, 36.45799229002691], [127.12339986457849, 36.457800197224756]]}}, {"type": "Feature", "properties": {"proposal_id": "visible-line-212", "tile_id": "178-gongju-labels", "sheet_id": "178-gongju", "split": "holdout_test", "proposal_kind": "visible_linework_review_only", "backend": "grayscale_ridge_v1_skeleton_v1", "pixel_length": 39.556, "point_count": 36, "confidence": 0.7227, "review_status": "unreviewed"}, "geometry": {"type": "LineString", "coordinates": [[127.12288134741297, 36.426028047747856], [127.12288134741297, 36.42598962918743], [127.12288134741297, 36.425951210627], [127.12288134741297, 36.42591279206656], [127.12288134741297, 36.42587437350613], [127.12288134741297, 36.425835954945704], [127.12288134741297, 36.42579753638527], [127.12288134741297, 36.42575911782484], [127.12288134741297, 36.4257206992644], [127.12288134741297, 36.425682280703974], [127.12292848533711, 36.425643862143545], [127.12297562326125, 36.42560544358311], [127.1230227611854, 36.42560544358311], [127.12306989910952, 36.42560544358311], [127.12311703703367, 36.425643862143545], [127.12316417495781, 36.425682280703974], [127.12321131288195, 36.4257206992644], [127.12321131288195, 36.42575911782484], [127.12321131288195, 36.42579753638527], [127.12321131288195, 36.425835954945704], [127.12321131288195, 36.42587437350613], [127.12325845080608, 36.42591279206656], [127.12325845080608, 36.425951210627], [127.12325845080608, 36.42598962918743], [127.12325845080608, 36.426028047747856], [127.12325845080608, 36.42606646630829], [127.12325845080608, 36.42610488486872], [127.12321131288195, 36.42614330342916], [127.12316417495781, 36.426181721989586], [127.12311703703367, 36.426181721989586], [127.12306989910952, 36.426181721989586], [127.1230227611854, 36.426181721989586], [127.12297562326125, 36.42614330342916], [127.12292848533711, 36.42610488486872], [127.12292848533711, 36.42606646630829], [127.12288134741297, 36.426028047747856]]}}, {"type": "Feature", "properties": {"proposal_id": "visible-line-213", "tile_id": "178-gongju-labels", "sheet_id": "178-gongju", "split": "holdout_test", "proposal_kind": "visible_linework_review_only", "backend": "grayscale_ridge_v1_skeleton_v1", "pixel_length": 18.828, "point_count": 3, "confidence": 0.7971, "review_status": "unreviewed"}, "geometry": {"type": "LineString", "coordinates": [[127.12292848533711, 36.43071511212051], [127.1230227611854, 36.430791949241375], [127.1230227611854, 36.43140664620827]]}}, {"type": "Feature", "properties": {"proposal_id": "visible-line-214", "tile_id": "178-gongju-labels", "sheet_id": "178-gongju", "split": "holdout_test", "proposal_kind": "visible_linework_review_only", "backend": "grayscale_ridge_v1_skeleton_v1", "pixel_length": 64.284, "point_count": 8, "confidence": 0.7736, "review_status": "unreviewed"}, "geometry": {"type": "LineString", "coordinates": [[127.12292848533711, 36.42330032995722], [127.12292848533711, 36.42295456291333], [127.1230227611854, 36.422685632990316], [127.12344700250263, 36.422147773144275], [127.12372983004747, 36.42191726178168], [127.12401265759229, 36.42187884322125], [127.12429548513711, 36.421955680342116], [127.12467258853022, 36.421955680342116]]}}, {"type": "Feature", "properties": {"proposal_id": "visible-line-215", "tile_id": "178-gongju-labels", "sheet_id": "178-gongju", "split": "holdout_test", "proposal_kind": "visible_linework_review_only", "backend": "grayscale_ridge_v1_skeleton_v1", "pixel_length": 18.657, "point_count": 3, "confidence": 0.7649, "review_status": "unreviewed"}, "geometry": {"type": "LineString", "coordinates": [[127.12292848533711, 36.42330032995722], [127.12306989910952, 36.42360767844067], [127.12311703703367, 36.42395344548456]]}}, {"type": "Feature", "properties": {"proposal_id": "visible-line-216", "tile_id": "178-gongju-labels", "sheet_id": "178-gongju", "split": "holdout_test", "proposal_kind": "visible_linework_review_only", "backend": "grayscale_ridge_v1_skeleton_v1", "pixel_length": 44.042, "point_count": 6, "confidence": 0.6727, "review_status": "unreviewed"}, "geometry": {"type": "LineString", "coordinates": [[127.12325845080608, 36.440358170788826], [127.12330558873022, 36.44039658934926], [127.12401265759229, 36.44043500790969], [127.12420120928884, 36.44051184503056], [127.12467258853022, 36.44089603063487], [127.12500255399918, 36.44101128631616]]}}, {"type": "Feature", "properties": {"proposal_id": "visible-line-217", "tile_id": "178-gongju-labels", "sheet_id": "178-gongju", "split": "holdout_test", "proposal_kind": "visible_linework_review_only", "backend": "grayscale_ridge_v1_skeleton_v1", "pixel_length": 20.485, "point_count": 4, "confidence": 0.6452, "review_status": "unreviewed"}, "geometry": {"type": "LineString", "coordinates": [[127.12325845080608, 36.435594269295315], [127.12344700250263, 36.435786362097474], [127.12344700250263, 36.43597845489963], [127.12335272665436, 36.436285803383086]]}}, {"type": "Feature", "properties": {"proposal_id": "visible-line-218", "tile_id": "178-gongju-labels", "sheet_id": "178-gongju", "split": "holdout_test", "proposal_kind": "visible_linework_review_only", "backend": "grayscale_ridge_v1_skeleton_v1", "pixel_length": 27.414, "point_count": 3, "confidence": 0.795, "review_status": "unreviewed"}, "geometry": {"type": "LineString", "coordinates": [[127.12335272665436, 36.45572559496145], [127.12339986457849, 36.45576401352188], [127.12339986457849, 36.4567628960931]]}}, {"type": "Feature", "properties": {"proposal_id": "visible-line-219", "tile_id": "178-gongju-labels", "sheet_id": "178-gongju", "split": "holdout_test", "proposal_kind": "visible_linework_review_only", "backend": "grayscale_ridge_v1_skeleton_v1", "pixel_length": 20.657, "point_count": 4, "confidence": 0.7051, "review_status": "unreviewed"}, "geometry": {"type": "LineString", "coordinates": [[127.12335272665436, 36.44174123896436], [127.12401265759229, 36.44181807608523], [127.12410693344056, 36.44193333176652], [127.12420120928884, 36.44193333176652]]}}, {"type": "Feature", "properties": {"proposal_id": "visible-line-220", "tile_id": "178-gongju-labels", "sheet_id": "178-gongju", "split": "holdout_test", "proposal_kind": "visible_linework_review_only", "backend": "grayscale_ridge_v1_skeleton_v1", "pixel_length": 26.556, "point_count": 4, "confidence": 0.7707, "review_status": "unreviewed"}, "geometry": {"type": "LineString", "coordinates": [[127.12339986457849, 36.457800197224756], [127.12354127835091, 36.457646522983026], [127.12368269212332, 36.45722391881828], [127.12391838174402, 36.45695498889526]]}}, {"type": "Feature", "properties": {"proposal_id": "visible-line-221", "tile_id": "178-gongju-labels", "sheet_id": "178-gongju", "split": "holdout_test", "proposal_kind": "visible_linework_review_only", "backend": "grayscale_ridge_v1_skeleton_v1", "pixel_length": 41.87, "point_count": 8, "confidence": 0.722, "review_status": "unreviewed"}, "geometry": {"type": "LineString", "coordinates": [[127.12349414042677, 36.43828356852553], [127.12358841627504, 36.43809147572337], [127.12391838174402, 36.437822545800344], [127.12405979551643, 36.437784127239915], [127.12420120928884, 36.43793780148164], [127.12420120928884, 36.43816831284423], [127.12405979551643, 36.43839882420682], [127.12391838174402, 36.438514079888115]]}}, {"type": "Feature", "properties": {"proposal_id": "visible-line-222", "tile_id": "178-gongju-labels", "sheet_id": "178-gongju", "split": "holdout_test", "proposal_kind": "visible_linework_review_only", "backend": "grayscale_ridge_v1_skeleton_v1", "pixel_length": 27.971, "point_count": 5, "confidence": 0.7953, "review_status": "unreviewed"}, "geometry": {"type": "LineString", "coordinates": [[127.12349414042677, 36.43678524466869], [127.12363555419918, 36.43682366322913], [127.12405979551643, 36.43713101171258], [127.12424834721298, 36.43720784883344], [127.12457831268195, 36.43716943027301]]}}, {"type": "Feature", "properties": {"proposal_id": "visible-line-223", "tile_id": "178-gongju-labels", "sheet_id": "178-gongju", "split": "holdout_test", "proposal_kind": "visible_linework_review_only", "backend": "grayscale_ridge_v1_skeleton_v1", "pixel_length": 24.142, "point_count": 6, "confidence": 0.6269, "review_status": "unreviewed"}, "geometry": {"type": "LineString", "coordinates": [[127.12358841627504, 36.42940888106583], [127.12368269212332, 36.42929362538454], [127.12387124381988, 36.42929362538454], [127.1241540713647, 36.429101532582386], [127.12424834721298, 36.42902469546152], [127.12429548513711, 36.42883260265936]]}}, {"type": "Feature", "properties": {"proposal_id": "visible-line-224", "tile_id": "178-gongju-labels", "sheet_id": "178-gongju", "split": "holdout_test", "proposal_kind": "visible_linework_review_only", "backend": "grayscale_ridge_v1_skeleton_v1", "pixel_length": 37.899, "point_count": 7, "confidence": 0.6516, "review_status": "unreviewed"}, "geometry": {"type": "LineString", "coordinates": [[127.12358841627504, 36.42940888106583], [127.12372983004747, 36.42952413674713], [127.12372983004747, 36.429716229549285], [127.1237769679716, 36.42975464810972], [127.12372983004747, 36.43040776363706], [127.12382410589574, 36.430599856439216], [127.12382410589574, 36.43075353068094]]}}, {"type": "Feature", "properties": {"proposal_id": "visible-line-225", "tile_id": "178-gongju-labels", "sheet_id": "178-gongju", "split": "holdout_test", "proposal_kind": "visible_linework_review_only", "backend": "grayscale_ridge_v1_skeleton_v1", "pixel_length": 23.899, "point_count": 6, "confidence": 0.7194, "review_status": "unreviewed"}, "geometry": {"type": "LineString", "coordinates": [[127.12363555419918, 36.44254802873343], [127.12368269212332, 36.442509610173], [127.12401265759229, 36.44254802873343], [127.1241540713647, 36.44281695865645], [127.12424834721298, 36.44289379577731], [127.12424834721298, 36.44304747001904]]}}, {"type": "Feature", "properties": {"proposal_id": "visible-line-226", "tile_id": "178-gongju-labels", "sheet_id": "178-gongju", "split": "holdout_test", "proposal_kind": "visible_linework_review_only", "backend": "grayscale_ridge_v1_skeleton_v1", "pixel_length": 206.024, "point_count": 21, "confidence": 0.7515, "review_status": "unreviewed"}, "geometry": {"type": "LineString", "coordinates": [[127.12387124381988, 36.42775688296728], [127.12434262306125, 36.42706534887951], [127.12443689890954, 36.42687325607735], [127.12443689890954, 36.42671958183563], [127.12457831268195, 36.42648907047304], [127.12457831268195, 36.425835954945704], [127.1245311747578, 36.42579753638527], [127.12443689890954, 36.4252212579788], [127.12471972645436, 36.4244913053306], [127.12495541607505, 36.42426079396801], [127.1251439677716, 36.42426079396801], [127.12566248493712, 36.4244913053306], [127.12580389870953, 36.42445288677016], [127.12608672625436, 36.42426079396801], [127.12632241587505, 36.423991864044986], [127.12632241587505, 36.42387660836369], [127.12660524341989, 36.42330032995722], [127.12665238134402, 36.422877725792475], [127.12669951926816, 36.42283930723204], [127.12669951926816, 36.42226302882557], [127.12688807096471, 36.42168675041909]]}}, {"type": "Feature", "properties": {"proposal_id": "visible-line-227", "tile_id": "178-gongju-labels", "sheet_id": "178-gongju", "split": "holdout_test", "proposal_kind": "visible_linework_review_only", "backend": "grayscale_ridge_v1_skeleton_v1", "pixel_length": 324.907, "point_count": 44, "confidence": 0.7492, "review_status": "unreviewed"}, "geometry": {"type": "LineString", "coordinates": [[127.12391838174402, 36.43351966703201], [127.12391838174402, 36.43344282991115], [127.1241540713647, 36.4331354814277], [127.12457831268195, 36.432789714383816], [127.12486114022677, 36.432636040142086], [127.12537965739229, 36.43259762158166], [127.12603958833023, 36.43294338862554], [127.12627527795091, 36.43294338862554], [127.1265109675716, 36.43275129582338], [127.12655810549575, 36.43248236590036], [127.12688807096471, 36.432098180296045], [127.12688807096471, 36.431906087493886], [127.12669951926816, 36.43179083181259], [127.1265109675716, 36.43175241325216], [127.12627527795091, 36.43159873901043], [127.1261338641785, 36.431329809087416], [127.1261338641785, 36.431176134845686], [127.1263695537992, 36.4308303678018], [127.12698234681298, 36.43029250795576], [127.12731231228196, 36.43013883371403], [127.12759513982678, 36.43013883371403], [127.12764227775092, 36.4301004151536], [127.12801938114403, 36.43013883371403], [127.12806651906816, 36.4301004151536], [127.12839648453713, 36.4301004151536], [127.12867931208196, 36.43002357803274], [127.12943351886817, 36.43002357803274], [127.1294806567923, 36.430061996593174], [127.12966920848885, 36.430061996593174], [127.12971634641299, 36.43002357803274], [127.12976348433713, 36.42994674091188], [127.12976348433713, 36.42979306667015], [127.12966920848885, 36.429677810988856], [127.12971634641299, 36.429178369703244], [127.12957493264058, 36.42906311402195], [127.12915069132333, 36.429101532582386], [127.12900927755092, 36.429178369703244], [127.12882072585437, 36.429178369703244], [127.12877358793023, 36.42921678826368], [127.12754800190264, 36.42929362538454], [127.12740658813023, 36.4293704625054], [127.12698234681298, 36.42940888106583], [127.12646382964746, 36.42963939242843], [127.12632241587505, 36.42975464810972]]}}, {"type": "Feature", "properties": {"proposal_id": "visible-line-228", "tile_id": "178-gongju-labels", "sheet_id": "178-gongju", "split": "holdout_test", "proposal_kind": "visible_linework_review_only", "backend": "grayscale_ridge_v1_skeleton_v1", "pixel_length": 22.899, "point_count": 8, "confidence": 0.6844, "review_status": "unreviewed"}, "geometry": {"type": "LineString", "coordinates": [[127.12405979551643, 36.452306343083045], [127.12410693344056, 36.45226792452261], [127.12424834721298, 36.452306343083045], [127.12429548513711, 36.45226792452261], [127.12448403683366, 36.45226792452261], [127.12462545060609, 36.4523831802039], [127.12481400230264, 36.4523831802039], [127.12486114022677, 36.45253685444563]]}}, {"type": "Feature", "properties": {"proposal_id": "visible-line-229", "tile_id": "178-gongju-labels", "sheet_id": "178-gongju", "split": "holdout_test", "proposal_kind": "visible_linework_review_only", "backend": "grayscale_ridge_v1_skeleton_v1", "pixel_length": 21.899, "point_count": 6, "confidence": 0.6663, "review_status": "unreviewed"}, "geometry": {"type": "LineString", "coordinates": [[127.12424834721298, 36.45733917449957], [127.12424834721298, 36.457262337378715], [127.1243897609854, 36.457108663136985], [127.12443689890954, 36.456916570334826], [127.12457831268195, 36.45680131465353], [127.12481400230264, 36.45680131465353]]}}, {"type": "Feature", "properties": {"proposal_id": "visible-line-230", "tile_id": "178-gongju-labels", "sheet_id": "178-gongju", "split": "holdout_test", "proposal_kind": "visible_linework_review_only", "backend": "grayscale_ridge_v1_skeleton_v1", "pixel_length": 24.071, "point_count": 8, "confidence": 0.7204, "review_status": "unreviewed"}, "geometry": {"type": "LineString", "coordinates": [[127.12424834721298, 36.45403517830246], [127.12443689890954, 36.45403517830246], [127.12462545060609, 36.4539583411816], [127.12490827815091, 36.4539583411816], [127.12495541607505, 36.45399675974203], [127.12495541607505, 36.454150433983756], [127.12490827815091, 36.454188852544185], [127.12495541607505, 36.45426568966505]]}}, {"type": "Feature", "properties": {"proposal_id": "visible-line-231", "tile_id": "178-gongju-labels", "sheet_id": "178-gongju", "split": "holdout_test", "proposal_kind": "visible_linework_review_only", "backend": "grayscale_ridge_v1_skeleton_v1", "pixel_length": 43.385, "point_count": 13, "confidence": 0.711, "review_status": "unreviewed"}, "geometry": {"type": "LineString", "coordinates": [[127.12448403683366, 36.45119220483053], [127.12471972645436, 36.45134587907225], [127.12495541607505, 36.45134587907225], [127.12500255399918, 36.451384297632686], [127.12504969192332, 36.45134587907225], [127.12523824361988, 36.45134587907225], [127.12528538154402, 36.451384297632686], [127.12533251946816, 36.45134587907225], [127.12552107116471, 36.45134587907225], [127.12575676078539, 36.45146113475355], [127.12603958833023, 36.45146113475355], [127.12608672625436, 36.451576390434845], [127.12599245040609, 36.451614808995274]]}}, {"type": "Feature", "properties": {"proposal_id": "visible-line-232", "tile_id": "178-gongju-labels", "sheet_id": "178-gongju", "split": "holdout_test", "proposal_kind": "visible_linework_review_only", "backend": "grayscale_ridge_v1_skeleton_v1", "pixel_length": 41.142, "point_count": 9, "confidence": 0.7333, "review_status": "unreviewed"}, "geometry": {"type": "LineString", "coordinates": [[127.12481400230264, 36.42191726178168], [127.12500255399918, 36.42187884322125], [127.1251439677716, 36.42176358753996], [127.12523824361988, 36.4215714947378], [127.12523824361988, 36.42137940193564], [127.12528538154402, 36.42134098337521], [127.12523824361988, 36.421225727693916], [127.12528538154402, 36.42114889057305], [127.12523824361988, 36.42061103072701]]}}, {"type": "Feature", "properties": {"proposal_id": "visible-line-233", "tile_id": "178-gongju-labels", "sheet_id": "178-gongju", "split": "holdout_test", "proposal_kind": "visible_linework_review_only", "backend": "grayscale_ridge_v1_skeleton_v1", "pixel_length": 20.971, "point_count": 3, "confidence": 0.6076, "review_status": "unreviewed"}, "geometry": {"type": "LineString", "coordinates": [[127.12490827815091, 36.45664764041181], [127.12537965739229, 36.45699340745569], [127.12552107116471, 36.45722391881828]]}}, {"type": "Feature", "properties": {"proposal_id": "visible-line-234", "tile_id": "178-gongju-labels", "sheet_id": "178-gongju", "split": "holdout_test", "proposal_kind": "visible_linework_review_only", "backend": "grayscale_ridge_v1_skeleton_v1", "pixel_length": 95.012, "point_count": 16, "confidence": 0.75, "review_status": "unreviewed"}, "geometry": {"type": "LineString", "coordinates": [[127.12490827815091, 36.4366699889874], [127.12504969192332, 36.436362640503944], [127.12528538154402, 36.43617054770179], [127.12570962286127, 36.43609371058093], [127.12594531248195, 36.43597845489963], [127.12618100210264, 36.43597845489963], [127.12632241587505, 36.43609371058093], [127.12632241587505, 36.43620896626222], [127.12646382964746, 36.436516314745674], [127.12646382964746, 36.43697733747085], [127.12641669172334, 36.437015756031286], [127.12641669172334, 36.43736152307517], [127.1263695537992, 36.43743836019603], [127.12646382964746, 36.437630452998185], [127.12669951926816, 36.437822545800344], [127.12684093304057, 36.437784127239915]]}}, {"type": "Feature", "properties": {"proposal_id": "visible-line-235", "tile_id": "178-gongju-labels", "sheet_id": "178-gongju", "split": "holdout_test", "proposal_kind": "visible_linework_review_only", "backend": "grayscale_ridge_v1_skeleton_v1", "pixel_length": 80.113, "point_count": 11, "confidence": 0.6816, "review_status": "unreviewed"}, "geometry": {"type": "LineString", "coordinates": [[127.12495541607505, 36.44043500790969], [127.12500255399918, 36.44047342647012], [127.12528538154402, 36.44047342647012], [127.12547393324057, 36.44039658934926], [127.12585103663368, 36.44039658934926], [127.12599245040609, 36.440358170788826], [127.12641669172334, 36.44008924086581], [127.1271237605854, 36.43993556662408], [127.12740658813023, 36.43993556662408], [127.12801938114403, 36.43966663670106], [127.12830220868885, 36.43966663670106]]}}, {"type": "Feature", "properties": {"proposal_id": "visible-line-236", "tile_id": "178-gongju-labels", "sheet_id": "178-gongju", "split": "holdout_test", "proposal_kind": "visible_linework_review_only", "backend": "grayscale_ridge_v1_skeleton_v1", "pixel_length": 128.468, "point_count": 16, "confidence": 0.7499, "review_status": "unreviewed"}, "geometry": {"type": "LineString", "coordinates": [[127.12500255399918, 36.429178369703244], [127.12528538154402, 36.42887102121979], [127.12566248493712, 36.42871734697807], [127.12646382964746, 36.42867892841764], [127.1265109675716, 36.4286405098572], [127.12702948473712, 36.428602091296774], [127.12750086397851, 36.42829474281332], [127.12825507076471, 36.42806423145073], [127.12834934661299, 36.42798739432987], [127.12834934661299, 36.427910557209], [127.12792510529574, 36.42779530152771], [127.12773655359919, 36.427641627285986], [127.12764227775092, 36.42733427880253], [127.12754800190264, 36.42721902312124], [127.12740658813023, 36.42721902312124], [127.12707662266126, 36.427487953044256]]}}, {"type": "Feature", "properties": {"proposal_id": "visible-line-237", "tile_id": "178-gongju-labels", "sheet_id": "178-gongju", "split": "holdout_test", "proposal_kind": "visible_linework_review_only", "backend": "grayscale_ridge_v1_skeleton_v1", "pixel_length": 22.899, "point_count": 5, "confidence": 0.7275, "review_status": "unreviewed"}, "geometry": {"type": "LineString", "coordinates": [[127.12509682984746, 36.4524984358852], [127.12509682984746, 36.45222950596218], [127.12528538154402, 36.45207583172045], [127.12561534701298, 36.45203741316002], [127.12570962286127, 36.452114250280886]]}}, {"type": "Feature", "properties": {"proposal_id": "visible-line-238", "tile_id": "178-gongju-labels", "sheet_id": "178-gongju", "split": "holdout_test", "proposal_kind": "visible_linework_review_only", "backend": "grayscale_ridge_v1_skeleton_v1", "pixel_length": 30.556, "point_count": 6, "confidence": 0.7606, "review_status": "unreviewed"}, "geometry": {"type": "LineString", "coordinates": [[127.12509682984746, 36.4524984358852], [127.12528538154402, 36.452690528687356], [127.12561534701298, 36.45272894724779], [127.1258981745578, 36.4524984358852], [127.1258981745578, 36.45226792452261], [127.12585103663368, 36.45222950596218]]}}, {"type": "Feature", "properties": {"proposal_id": "visible-line-239", "tile_id": "178-gongju-labels", "sheet_id": "178-gongju", "split": "holdout_test", "proposal_kind": "visible_linework_review_only", "backend": "grayscale_ridge_v1_skeleton_v1", "pixel_length": 36.728, "point_count": 7, "confidence": 0.6986, "review_status": "unreviewed"}, "geometry": {"type": "LineString", "coordinates": [[127.12523824361988, 36.440934449195304], [127.12542679531643, 36.44078077495357], [127.12566248493712, 36.440703937832716], [127.12599245040609, 36.440703937832716], [127.12632241587505, 36.44062710071185], [127.12669951926816, 36.44062710071185], [127.12679379511643, 36.44066551927228]]}}, {"type": "Feature", "properties": {"proposal_id": "visible-line-240", "tile_id": "178-gongju-labels", "sheet_id": "178-gongju", "split": "holdout_test", "proposal_kind": "visible_linework_review_only", "backend": "grayscale_ridge_v1_skeleton_v1", "pixel_length": 61.556, "point_count": 7, "confidence": 0.7627, "review_status": "unreviewed"}, "geometry": {"type": "LineString", "coordinates": [[127.12533251946816, 36.45353573701685], [127.12556820908884, 36.45353573701685], [127.12627527795091, 36.45338206277513], [127.12707662266126, 36.45330522565426], [127.12731231228196, 36.4532283885334], [127.12759513982678, 36.4532283885334], [127.12801938114403, 36.4531131328521]]}}, {"type": "Feature", "properties": {"proposal_id": "visible-line-241", "tile_id": "178-gongju-labels", "sheet_id": "178-gongju", "split": "holdout_test", "proposal_kind": "visible_linework_review_only", "backend": "grayscale_ridge_v1_skeleton_v1", "pixel_length": 39.113, "point_count": 5, "confidence": 0.7824, "review_status": "unreviewed"}, "geometry": {"type": "LineString", "coordinates": [[127.12556820908884, 36.442202261689545], [127.12580389870953, 36.44243277305213], [127.12622814002678, 36.44262486585429], [127.12646382964746, 36.44281695865645], [127.12693520888885, 36.44308588857947]]}}, {"type": "Feature", "properties": {"proposal_id": "visible-line-242", "tile_id": "178-gongju-labels", "sheet_id": "178-gongju", "split": "holdout_test", "proposal_kind": "visible_linework_review_only", "backend": "grayscale_ridge_v1_skeleton_v1", "pixel_length": 45.698, "point_count": 6, "confidence": 0.7719, "review_status": "unreviewed"}, "geometry": {"type": "LineString", "coordinates": [[127.12566248493712, 36.44197175032696], [127.12608672625436, 36.44170282040393], [127.12641669172334, 36.44158756472264], [127.1267466571923, 36.44158756472264], [127.12721803643367, 36.442010168887386], [127.12735945020609, 36.44197175032696]]}}, {"type": "Feature", "properties": {"proposal_id": "visible-line-243", "tile_id": "178-gongju-labels", "sheet_id": "178-gongju", "split": "holdout_test", "proposal_kind": "visible_linework_review_only", "backend": "grayscale_ridge_v1_skeleton_v1", "pixel_length": 18.071, "point_count": 6, "confidence": 0.6692, "review_status": "unreviewed"}, "geometry": {"type": "LineString", "coordinates": [[127.12603958833023, 36.45203741316002], [127.12603958833023, 36.45192215747873], [127.12618100210264, 36.45180690179743], [127.12646382964746, 36.45180690179743], [127.12655810549575, 36.4518837389183], [127.12655810549575, 36.451960576039156]]}}, {"type": "Feature", "properties": {"proposal_id": "visible-line-244", "tile_id": "178-gongju-labels", "sheet_id": "178-gongju", "split": "holdout_test", "proposal_kind": "visible_linework_review_only", "backend": "grayscale_ridge_v1_skeleton_v1", "pixel_length": 35.899, "point_count": 7, "confidence": 0.7262, "review_status": "unreviewed"}, "geometry": {"type": "LineString", "coordinates": [[127.12608672625436, 36.45391992262117], [127.12608672625436, 36.4538430855003], [127.12627527795091, 36.45372782981901], [127.12702948473712, 36.453650992698144], [127.12707662266126, 36.453612574137715], [127.12735945020609, 36.453612574137715], [127.12740658813023, 36.45376624837944]]}}, {"type": "Feature", "properties": {"proposal_id": "visible-line-245", "tile_id": "178-gongju-labels", "sheet_id": "178-gongju", "split": "holdout_test", "proposal_kind": "visible_linework_review_only", "backend": "grayscale_ridge_v1_skeleton_v1", "pixel_length": 22.728, "point_count": 4, "confidence": 0.7724, "review_status": "unreviewed"}, "geometry": {"type": "LineString", "coordinates": [[127.12608672625436, 36.4274111159234], [127.12622814002678, 36.42760320872555], [127.12646382964746, 36.427718464406844], [127.12688807096471, 36.42760320872555]]}}, {"type": "Feature", "properties": {"proposal_id": "visible-line-246", "tile_id": "178-gongju-labels", "sheet_id": "178-gongju", "split": "holdout_test", "proposal_kind": "visible_linework_review_only", "backend": "grayscale_ridge_v1_skeleton_v1", "pixel_length": 22.314, "point_count": 3, "confidence": 0.7786, "review_status": "unreviewed"}, "geometry": {"type": "LineString", "coordinates": [[127.12702948473712, 36.42134098337521], [127.12707662266126, 36.42111047201262], [127.12740658813023, 36.42061103072701]]}}, {"type": "Feature", "properties": {"proposal_id": "visible-line-247", "tile_id": "178-gongju-labels", "sheet_id": "178-gongju", "split": "holdout_test", "proposal_kind": "visible_linework_review_only", "backend": "grayscale_ridge_v1_skeleton_v1", "pixel_length": 25.899, "point_count": 6, "confidence": 0.6953, "review_status": "unreviewed"}, "geometry": {"type": "LineString", "coordinates": [[127.12717089850953, 36.443124307139904], [127.12721803643367, 36.44316272570033], [127.12750086397851, 36.44316272570033], [127.12754800190264, 36.443124307139904], [127.12792510529574, 36.44316272570033], [127.1281136569923, 36.44343165562335]]}}, {"type": "Feature", "properties": {"proposal_id": "visible-line-248", "tile_id": "178-gongju-labels", "sheet_id": "178-gongju", "split": "holdout_test", "proposal_kind": "visible_linework_review_only", "backend": "grayscale_ridge_v1_skeleton_v1", "pixel_length": 26.213, "point_count": 4, "confidence": 0.6301, "review_status": "unreviewed"}, "geometry": {"type": "LineString", "coordinates": [[127.12717089850953, 36.43716943027301], [127.12740658813023, 36.43697733747085], [127.12750086397851, 36.43678524466869], [127.1278779673716, 36.43640105906438]]}}, {"type": "Feature", "properties": {"proposal_id": "visible-line-249", "tile_id": "178-gongju-labels", "sheet_id": "178-gongju", "split": "holdout_test", "proposal_kind": "visible_linework_review_only", "backend": "grayscale_ridge_v1_skeleton_v1", "pixel_length": 127.326, "point_count": 11, "confidence": 0.7555, "review_status": "unreviewed"}, "geometry": {"type": "LineString", "coordinates": [[127.12721803643367, 36.425451769341386], [127.12750086397851, 36.42514442085793], [127.12754800190264, 36.42479865381405], [127.12773655359919, 36.424376049649304], [127.12816079491644, 36.42383818980326], [127.12816079491644, 36.42310823715506], [127.12853789830955, 36.42245512162773], [127.12853789830955, 36.422301447386], [127.12830220868885, 36.42203251746298], [127.12816079491644, 36.42172516897953], [127.12820793284058, 36.42114889057305]]}}, {"type": "Feature", "properties": {"proposal_id": "visible-line-250", "tile_id": "178-gongju-labels", "sheet_id": "178-gongju", "split": "holdout_test", "proposal_kind": "visible_linework_review_only", "backend": "grayscale_ridge_v1_skeleton_v1", "pixel_length": 21.071, "point_count": 4, "confidence": 0.6692, "review_status": "unreviewed"}, "geometry": {"type": "LineString", "coordinates": [[127.12726517435782, 36.44469946811759], [127.12726517435782, 36.44454579387587], [127.12750086397851, 36.44431528251328], [127.12792510529574, 36.44431528251328]]}}, {"type": "Feature", "properties": {"proposal_id": "visible-line-251", "tile_id": "178-gongju-labels", "sheet_id": "178-gongju", "split": "holdout_test", "proposal_kind": "visible_linework_review_only", "backend": "grayscale_ridge_v1_skeleton_v1", "pixel_length": 19.728, "point_count": 6, "confidence": 0.6807, "review_status": "unreviewed"}, "geometry": {"type": "LineString", "coordinates": [[127.12731231228196, 36.43843724276725], [127.12735945020609, 36.438552498448544], [127.12750086397851, 36.43866775412984], [127.12759513982678, 36.43866775412984], [127.12778369152333, 36.438514079888115], [127.12783082944748, 36.438360405646385]]}}, {"type": "Feature", "properties": {"proposal_id": "visible-line-252", "tile_id": "178-gongju-labels", "sheet_id": "178-gongju", "split": "holdout_test", "proposal_kind": "visible_linework_review_only", "backend": "grayscale_ridge_v1_skeleton_v1", "pixel_length": 30.213, "point_count": 4, "confidence": 0.7034, "review_status": "unreviewed"}, "geometry": {"type": "LineString", "coordinates": [[127.12731231228196, 36.4309456234831], [127.12764227775092, 36.431176134845686], [127.12801938114403, 36.4316755761313], [127.12820793284058, 36.43163715757087]]}}, {"type": "Feature", "properties": {"proposal_id": "visible-line-253", "tile_id": "178-gongju-labels", "sheet_id": "178-gongju", "split": "holdout_test", "proposal_kind": "visible_linework_review_only", "backend": "grayscale_ridge_v1_skeleton_v1", "pixel_length": 36.799, "point_count": 6, "confidence": 0.6528, "review_status": "unreviewed"}, "geometry": {"type": "LineString", "coordinates": [[127.12740658813023, 36.44043500790969], [127.12768941567505, 36.44024291510753], [127.12792510529574, 36.44012765942624], [127.12801938114403, 36.44012765942624], [127.1281136569923, 36.44005082230537], [127.12886786377851, 36.43989714806365]]}}, {"type": "Feature", "properties": {"proposal_id": "visible-line-254", "tile_id": "178-gongju-labels", "sheet_id": "178-gongju", "split": "holdout_test", "proposal_kind": "visible_linework_review_only", "backend": "grayscale_ridge_v1_skeleton_v1", "pixel_length": 29.314, "point_count": 7, "confidence": 0.6728, "review_status": "unreviewed"}, "geometry": {"type": "LineString", "coordinates": [[127.12745372605437, 36.447004581743485], [127.12768941567505, 36.44704300030392], [127.12792510529574, 36.4467740703809], [127.12792510529574, 36.44650514045788], [127.1278779673716, 36.446428303337015], [127.12783082944748, 36.44638988477658], [127.12764227775092, 36.44638988477658]]}}, {"type": "Feature", "properties": {"proposal_id": "visible-line-255", "tile_id": "178-gongju-labels", "sheet_id": "178-gongju", "split": "holdout_test", "proposal_kind": "visible_linework_review_only", "backend": "grayscale_ridge_v1_skeleton_v1", "pixel_length": 19.899, "point_count": 5, "confidence": 0.7264, "review_status": "unreviewed"}, "geometry": {"type": "LineString", "coordinates": [[127.12750086397851, 36.45207583172045], [127.12797224321989, 36.45226792452261], [127.12806651906816, 36.45226792452261], [127.1281136569923, 36.452306343083045], [127.12806651906816, 36.45246001732477]]}}, {"type": "Feature", "properties": {"proposal_id": "visible-line-256", "tile_id": "178-gongju-labels", "sheet_id": "178-gongju", "split": "holdout_test", "proposal_kind": "visible_linework_review_only", "backend": "grayscale_ridge_v1_skeleton_v1", "pixel_length": 27.556, "point_count": 8, "confidence": 0.6827, "review_status": "unreviewed"}, "geometry": {"type": "LineString", "coordinates": [[127.12750086397851, 36.45153797187441], [127.12764227775092, 36.45146113475355], [127.12773655359919, 36.45153797187441], [127.12773655359919, 36.45169164611614], [127.12783082944748, 36.451768483237], [127.12816079491644, 36.4518837389183], [127.12825507076471, 36.451960576039156], [127.12825507076471, 36.45207583172045]]}}, {"type": "Feature", "properties": {"proposal_id": "visible-line-257", "tile_id": "178-gongju-labels", "sheet_id": "178-gongju", "split": "holdout_test", "proposal_kind": "visible_linework_review_only", "backend": "grayscale_ridge_v1_skeleton_v1", "pixel_length": 18.314, "point_count": 3, "confidence": 0.7539, "review_status": "unreviewed"}, "geometry": {"type": "LineString", "coordinates": [[127.12759513982678, 36.4422790988104], [127.12792510529574, 36.44262486585429], [127.12820793284058, 36.442586447293856]]}}, {"type": "Feature", "properties": {"proposal_id": "visible-line-258", "tile_id": "178-gongju-labels", "sheet_id": "178-gongju", "split": "holdout_test", "proposal_kind": "visible_linework_review_only", "backend": "grayscale_ridge_v1_skeleton_v1", "pixel_length": 205.995, "point_count": 28, "confidence": 0.7623, "review_status": "unreviewed"}, "geometry": {"type": "LineString", "coordinates": [[127.12759513982678, 36.43716943027301], [127.12773655359919, 36.436900500349985], [127.12825507076471, 36.43624738482265], [127.12830220868885, 36.43597845489963], [127.12839648453713, 36.43586319921834], [127.1284907603854, 36.43544059505359], [127.12863217415781, 36.43517166513057], [127.12886786377851, 36.43497957232841], [127.12915069132333, 36.43494115376798], [127.12924496717162, 36.435017990888845], [127.12924496717162, 36.43524850225143], [127.12929210509574, 36.43528692081186], [127.12924496717162, 36.435632687855744], [127.12919782924747, 36.43567110641618], [127.12919782924747, 36.436132129141356], [127.12929210509574, 36.436362640503944], [127.12962207056472, 36.43659315186654], [127.12976348433713, 36.43659315186654], [127.13028200150265, 36.43640105906438], [127.13056482904747, 36.43620896626222], [127.13094193244058, 36.43617054770179], [127.13113048413713, 36.436324221943515], [127.13127189790954, 36.43659315186654], [127.13131903583368, 36.437054174591715], [127.1314604496061, 36.4373999416356], [127.13169613922679, 36.437592034437756], [127.1318375529992, 36.437630452998185], [127.13193182884748, 36.437592034437756]]}}, {"type": "Feature", "properties": {"proposal_id": "visible-line-259", "tile_id": "178-gongju-labels", "sheet_id": "178-gongju", "split": "holdout_test", "proposal_kind": "visible_linework_review_only", "backend": "grayscale_ridge_v1_skeleton_v1", "pixel_length": 69.627, "point_count": 13, "confidence": 0.7258, "review_status": "unreviewed"}, "geometry": {"type": "LineString", "coordinates": [[127.12773655359919, 36.453650992698144], [127.12773655359919, 36.453574155577286], [127.12783082944748, 36.45349731845642], [127.12806651906816, 36.45349731845642], [127.12825507076471, 36.453420481335556], [127.12896213962678, 36.45334364421469], [127.1291035533992, 36.45326680709383], [127.12933924301988, 36.45326680709383], [127.12957493264058, 36.45318996997297], [127.12976348433713, 36.4532283885334], [127.1300934498061, 36.4531131328521], [127.1304705531992, 36.4531131328521], [127.13061196697161, 36.45318996997297]]}}, {"type": "Feature", "properties": {"proposal_id": "visible-line-260", "tile_id": "178-gongju-labels", "sheet_id": "178-gongju", "split": "holdout_test", "proposal_kind": "visible_linework_review_only", "backend": "grayscale_ridge_v1_skeleton_v1", "pixel_length": 20.485, "point_count": 4, "confidence": 0.7088, "review_status": "unreviewed"}, "geometry": {"type": "LineString", "coordinates": [[127.12778369152333, 36.444968398040615], [127.12801938114403, 36.44481472379889], [127.12801938114403, 36.444468956755], [127.12792510529574, 36.44431528251328]]}}, {"type": "Feature", "properties": {"proposal_id": "visible-line-261", "tile_id": "178-gongju-labels", "sheet_id": "178-gongju", "split": "holdout_test", "proposal_kind": "visible_linework_review_only", "backend": "grayscale_ridge_v1_skeleton_v1", "pixel_length": 22.899, "point_count": 3, "confidence": 0.7287, "review_status": "unreviewed"}, "geometry": {"type": "LineString", "coordinates": [[127.12792510529574, 36.44431528251328], [127.12820793284058, 36.44393109690896], [127.12816079491644, 36.44354691130465]]}}, {"type": "Feature", "properties": {"proposal_id": "visible-line-262", "tile_id": "178-gongju-labels", "sheet_id": "178-gongju", "split": "holdout_test", "proposal_kind": "visible_linework_review_only", "backend": "grayscale_ridge_v1_skeleton_v1", "pixel_length": 25.142, "point_count": 4, "confidence": 0.572, "review_status": "unreviewed"}, "geometry": {"type": "LineString", "coordinates": [[127.12792510529574, 36.4372846859543], [127.12797224321989, 36.437015756031286], [127.12834934661299, 36.43659315186654], [127.12839648453713, 36.43647789618524]]}}, {"type": "Feature", "properties": {"proposal_id": "visible-line-263", "tile_id": "178-gongju-labels", "sheet_id": "178-gongju", "split": "holdout_test", "proposal_kind": "visible_linework_review_only", "backend": "grayscale_ridge_v1_skeleton_v1", "pixel_length": 32.314, "point_count": 6, "confidence": 0.702, "review_status": "unreviewed"}, "geometry": {"type": "LineString", "coordinates": [[127.12816079491644, 36.452921040049944], [127.12830220868885, 36.45299787717081], [127.12858503623367, 36.45303629573124], [127.12882072585437, 36.45295945861038], [127.12933924301988, 36.452921040049944], [127.12952779471644, 36.452844202929086]]}}, {"type": "Feature", "properties": {"proposal_id": "visible-line-264", "tile_id": "178-gongju-labels", "sheet_id": "178-gongju", "split": "holdout_test", "proposal_kind": "visible_linework_review_only", "backend": "grayscale_ridge_v1_skeleton_v1", "pixel_length": 27.142, "point_count": 4, "confidence": 0.6418, "review_status": "unreviewed"}, "geometry": {"type": "LineString", "coordinates": [[127.12816079491644, 36.42733427880253], [127.12830220868885, 36.427487953044256], [127.12900927755092, 36.427718464406844], [127.12905641547506, 36.427872138648574]]}}, {"type": "Feature", "properties": {"proposal_id": "visible-line-265", "tile_id": "178-gongju-labels", "sheet_id": "178-gongju", "split": "holdout_test", "proposal_kind": "visible_linework_review_only", "backend": "grayscale_ridge_v1_skeleton_v1", "pixel_length": 21.899, "point_count": 7, "confidence": 0.7061, "review_status": "unreviewed"}, "geometry": {"type": "LineString", "coordinates": [[127.12825507076471, 36.449924392336285], [127.12830220868885, 36.449962810896714], [127.1284907603854, 36.449924392336285], [127.1284907603854, 36.44980913665499], [127.12839648453713, 36.449732299534126], [127.1284907603854, 36.44954020673197], [127.12844362246126, 36.449386532490244]]}}, {"type": "Feature", "properties": {"proposal_id": "visible-line-266", "tile_id": "178-gongju-labels", "sheet_id": "178-gongju", "split": "holdout_test", "proposal_kind": "visible_linework_review_only", "backend": "grayscale_ridge_v1_skeleton_v1", "pixel_length": 26.657, "point_count": 5, "confidence": 0.6807, "review_status": "unreviewed"}, "geometry": {"type": "LineString", "coordinates": [[127.12825507076471, 36.43159873901043], [127.12834934661299, 36.431368227647845], [127.12830220868885, 36.43121455340612], [127.12830220868885, 36.43067669356007], [127.12825507076471, 36.430638274999644]]}}, {"type": "Feature", "properties": {"proposal_id": "visible-line-267", "tile_id": "178-gongju-labels", "sheet_id": "178-gongju", "split": "holdout_test", "proposal_kind": "visible_linework_review_only", "backend": "grayscale_ridge_v1_skeleton_v1", "pixel_length": 23.314, "point_count": 2, "confidence": 0.6289, "review_status": "unreviewed"}, "geometry": {"type": "LineString", "coordinates": [[127.12839648453713, 36.452152668841315], [127.12933924301988, 36.45246001732477]]}}, {"type": "Feature", "properties": {"proposal_id": "visible-line-268", "tile_id": "178-gongju-labels", "sheet_id": "178-gongju", "split": "holdout_test", "proposal_kind": "visible_linework_review_only", "backend": "grayscale_ridge_v1_skeleton_v1", "pixel_length": 35.142, "point_count": 6, "confidence": 0.699, "review_status": "unreviewed"}, "geometry": {"type": "LineString", "coordinates": [[127.12891500170265, 36.456532384730515], [127.12924496717162, 36.456532384730515], [127.12952779471644, 36.45668605897224], [127.12966920848885, 36.457070244576556], [127.12957493264058, 36.457262337378715], [127.12962207056472, 36.45737759306001]]}}, {"type": "Feature", "properties": {"proposal_id": "visible-line-269", "tile_id": "178-gongju-labels", "sheet_id": "178-gongju", "split": "holdout_test", "proposal_kind": "visible_linework_review_only", "backend": "grayscale_ridge_v1_skeleton_v1", "pixel_length": 76.698, "point_count": 15, "confidence": 0.7629, "review_status": "unreviewed"}, "geometry": {"type": "LineString", "coordinates": [[127.12891500170265, 36.43321231854856], [127.12891500170265, 36.433020225746404], [127.12905641547506, 36.432866551504674], [127.12915069132333, 36.432636040142086], [127.12915069132333, 36.43248236590036], [127.12933924301988, 36.43232869165863], [127.12962207056472, 36.43232869165863], [127.12971634641299, 36.4324055287795], [127.13004631188196, 36.43252078446079], [127.13014058773024, 36.43248236590036], [127.13065910489576, 36.43248236590036], [127.13103620828886, 36.43259762158166], [127.13122475998541, 36.43255920302122], [127.13131903583368, 36.43248236590036], [127.13131903583368, 36.43236711021907]]}}, {"type": "Feature", "properties": {"proposal_id": "visible-line-270", "tile_id": "178-gongju-labels", "sheet_id": "178-gongju", "split": "holdout_test", "proposal_kind": "visible_linework_review_only", "backend": "grayscale_ridge_v1_skeleton_v1", "pixel_length": 85.669, "point_count": 14, "confidence": 0.7578, "review_status": "unreviewed"}, "geometry": {"type": "LineString", "coordinates": [[127.12891500170265, 36.43321231854856], [127.12919782924747, 36.433404411350715], [127.12952779471644, 36.43328915566942], [127.12999917395783, 36.43328915566942], [127.13014058773024, 36.433365992790286], [127.1304705531992, 36.43367334127374], [127.13056482904747, 36.43398068975719], [127.13065910489576, 36.434095945438486], [127.13065910489576, 36.43421120111978], [127.13080051866817, 36.43444171248237], [127.13098907036472, 36.4345953867241], [127.13117762206127, 36.43463380528453], [127.13136617375783, 36.434480131042804], [127.13136617375783, 36.43424961968021]]}}, {"type": "Feature", "properties": {"proposal_id": "visible-line-271", "tile_id": "178-gongju-labels", "sheet_id": "178-gongju", "split": "holdout_test", "proposal_kind": "visible_linework_review_only", "backend": "grayscale_ridge_v1_skeleton_v1", "pixel_length": 54.799, "point_count": 8, "confidence": 0.7318, "review_status": "unreviewed"}, "geometry": {"type": "LineString", "coordinates": [[127.12924496717162, 36.42518283941836], [127.1294806567923, 36.42537493222052], [127.12971634641299, 36.42537493222052], [127.12995203603369, 36.425298095099656], [127.13084765659231, 36.425298095099656], [127.13089479451645, 36.42533651366009], [127.13089479451645, 36.42560544358311], [127.13061196697161, 36.42587437350613]]}}, {"type": "Feature", "properties": {"proposal_id": "visible-line-272", "tile_id": "178-gongju-labels", "sheet_id": "178-gongju", "split": "holdout_test", "proposal_kind": "visible_linework_review_only", "backend": "grayscale_ridge_v1_skeleton_v1", "pixel_length": 82.497, "point_count": 11, "confidence": 0.7604, "review_status": "unreviewed"}, "geometry": {"type": "LineString", "coordinates": [[127.12943351886817, 36.44316272570033], [127.12957493264058, 36.44343165562335], [127.12966920848885, 36.443508492744215], [127.12971634641299, 36.443700585546374], [127.12990489810954, 36.4438542597881], [127.13028200150265, 36.443700585546374], [127.13056482904747, 36.443700585546374], [127.13103620828886, 36.444238445392415], [127.13141331168197, 36.444200026831986], [127.1318375529992, 36.44381584122767], [127.13202610469575, 36.44377742266724]]}}, {"type": "Feature", "properties": {"proposal_id": "visible-line-273", "tile_id": "178-gongju-labels", "sheet_id": "178-gongju", "split": "holdout_test", "proposal_kind": "visible_linework_review_only", "backend": "grayscale_ridge_v1_skeleton_v1", "pixel_length": 20.071, "point_count": 3, "confidence": 0.7084, "review_status": "unreviewed"}, "geometry": {"type": "LineString", "coordinates": [[127.12957493264058, 36.44208700600825], [127.12976348433713, 36.44243277305213], [127.12971634641299, 36.442778540096015]]}}, {"type": "Feature", "properties": {"proposal_id": "visible-line-274", "tile_id": "178-gongju-labels", "sheet_id": "178-gongju", "split": "holdout_test", "proposal_kind": "visible_linework_review_only", "backend": "grayscale_ridge_v1_skeleton_v1", "pixel_length": 38.728, "point_count": 8, "confidence": 0.6843, "review_status": "unreviewed"}, "geometry": {"type": "LineString", "coordinates": [[127.12971634641299, 36.42426079396801], [127.12971634641299, 36.424145538286716], [127.12981062226127, 36.424030282605415], [127.12981062226127, 36.42356925988024], [127.12990489810954, 36.42333874851765], [127.1300934498061, 36.42318507427592], [127.13032913942679, 36.42318507427592], [127.13037627735092, 36.423261911396786]]}}, {"type": "Feature", "properties": {"proposal_id": "visible-line-275", "tile_id": "178-gongju-labels", "sheet_id": "178-gongju", "split": "holdout_test", "proposal_kind": "visible_linework_review_only", "backend": "grayscale_ridge_v1_skeleton_v1", "pixel_length": 50.899, "point_count": 9, "confidence": 0.7416, "review_status": "unreviewed"}, "geometry": {"type": "LineString", "coordinates": [[127.12981062226127, 36.45265211012693], [127.12999917395783, 36.45272894724779], [127.13032913942679, 36.45272894724779], [127.13037627735092, 36.452690528687356], [127.13103620828886, 36.45265211012693], [127.13108334621299, 36.45261369156649], [127.13150758753024, 36.45261369156649], [127.13155472545438, 36.45265211012693], [127.1320732426199, 36.452690528687356]]}}, {"type": "Feature", "properties": {"proposal_id": "visible-line-276", "tile_id": "178-gongju-labels", "sheet_id": "178-gongju", "split": "holdout_test", "proposal_kind": "visible_linework_review_only", "backend": "grayscale_ridge_v1_skeleton_v1", "pixel_length": 18.657, "point_count": 4, "confidence": 0.7473, "review_status": "unreviewed"}, "geometry": {"type": "LineString", "coordinates": [[127.13014058773024, 36.449732299534126], [127.13042341527506, 36.44980913665499], [127.1307062428199, 36.44980913665499], [127.13094193244058, 36.449732299534126]]}}, {"type": "Feature", "properties": {"proposal_id": "visible-line-277", "tile_id": "178-gongju-labels", "sheet_id": "178-gongju", "split": "holdout_test", "proposal_kind": "visible_linework_review_only", "backend": "grayscale_ridge_v1_skeleton_v1", "pixel_length": 53.426, "point_count": 4, "confidence": 0.7096, "review_status": "unreviewed"}, "geometry": {"type": "LineString", "coordinates": [[127.13014058773024, 36.43970505526149], [127.1304705531992, 36.4395897995802], [127.13136617375783, 36.438859846932], [127.1320732426199, 36.438552498448544]]}}, {"type": "Feature", "properties": {"proposal_id": "visible-line-278", "tile_id": "178-gongju-labels", "sheet_id": "178-gongju", "split": "holdout_test", "proposal_kind": "visible_linework_review_only", "backend": "grayscale_ridge_v1_skeleton_v1", "pixel_length": 23.728, "point_count": 4, "confidence": 0.6915, "review_status": "unreviewed"}, "geometry": {"type": "LineString", "coordinates": [[127.13023486357851, 36.44877183552334], [127.1304705531992, 36.4489639283255], [127.13061196697161, 36.449156021127656], [127.13056482904747, 36.44954020673197]]}}, {"type": "Feature", "properties": {"proposal_id": "visible-line-279", "tile_id": "178-gongju-labels", "sheet_id": "178-gongju", "split": "holdout_test", "proposal_kind": "visible_linework_review_only", "backend": "grayscale_ridge_v1_skeleton_v1", "pixel_length": 20.657, "point_count": 6, "confidence": 0.6624, "review_status": "unreviewed"}, "geometry": {"type": "LineString", "coordinates": [[127.13023486357851, 36.44711983742478], [127.13032913942679, 36.447196674545644], [127.13032913942679, 36.44742718590823], [127.13028200150265, 36.44746560446867], [127.13032913942679, 36.4475040230291], [127.13032913942679, 36.44784979007298]]}}, {"type": "Feature", "properties": {"proposal_id": "visible-line-280", "tile_id": "178-gongju-labels", "sheet_id": "178-gongju", "split": "holdout_test", "proposal_kind": "visible_linework_review_only", "backend": "grayscale_ridge_v1_skeleton_v1", "pixel_length": 18.142, "point_count": 3, "confidence": 0.6272, "review_status": "unreviewed"}, "geometry": {"type": "LineString", "coordinates": [[127.13051769112334, 36.45591768776361], [127.13075338074403, 36.45622503624706], [127.13103620828886, 36.45641712904922]]}}, {"type": "Feature", "properties": {"proposal_id": "visible-line-281", "tile_id": "178-gongju-labels", "sheet_id": "178-gongju", "split": "holdout_test", "proposal_kind": "visible_linework_review_only", "backend": "grayscale_ridge_v1_skeleton_v1", "pixel_length": 181.338, "point_count": 24, "confidence": 0.7497, "review_status": "unreviewed"}, "geometry": {"type": "LineString", "coordinates": [[127.13061196697161, 36.440934449195304], [127.1307062428199, 36.440742356393145], [127.13084765659231, 36.44062710071185], [127.13098907036472, 36.440588682151414], [127.13141331168197, 36.440588682151414], [127.1314604496061, 36.44062710071185], [127.13202610469575, 36.44066551927228], [127.1320732426199, 36.440703937832716], [127.13216751846817, 36.44066551927228], [127.13301600110266, 36.44066551927228], [127.13325169072334, 36.440588682151414], [127.13339310449577, 36.44047342647012], [127.13358165619232, 36.44008924086581], [127.133817345813, 36.439820310942785], [127.133817345813, 36.439628218140626], [127.13377020788886, 36.4395897995802], [127.13320455279921, 36.4395897995802], [127.13296886317852, 36.43951296245933], [127.13278031148197, 36.43935928821761], [127.13273317355782, 36.43912877685502], [127.13287458733024, 36.438898265492426], [127.13329882864748, 36.438514079888115], [127.13424158713025, 36.43786096436078], [127.13447727675093, 36.437630452998185]]}}, {"type": "Feature", "properties": {"proposal_id": "visible-line-282", "tile_id": "178-gongju-labels", "sheet_id": "178-gongju", "split": "holdout_test", "proposal_kind": "visible_linework_review_only", "backend": "grayscale_ridge_v1_skeleton_v1", "pixel_length": 20.899, "point_count": 4, "confidence": 0.7354, "review_status": "unreviewed"}, "geometry": {"type": "LineString", "coordinates": [[127.13061196697161, 36.440934449195304], [127.13065910489576, 36.44108812343703], [127.13094193244058, 36.441510727601774], [127.13094193244058, 36.44162598328307]]}}, {"type": "Feature", "properties": {"proposal_id": "visible-line-283", "tile_id": "178-gongju-labels", "sheet_id": "178-gongju", "split": "holdout_test", "proposal_kind": "visible_linework_review_only", "backend": "grayscale_ridge_v1_skeleton_v1", "pixel_length": 22.142, "point_count": 4, "confidence": 0.7511, "review_status": "unreviewed"}, "geometry": {"type": "LineString", "coordinates": [[127.13075338074403, 36.45326680709383], [127.13084765659231, 36.45334364421469], [127.13122475998541, 36.453458899895985], [127.13160186337852, 36.453650992698144]]}}, {"type": "Feature", "properties": {"proposal_id": "visible-line-284", "tile_id": "178-gongju-labels", "sheet_id": "178-gongju", "split": "holdout_test", "proposal_kind": "visible_linework_review_only", "backend": "grayscale_ridge_v1_skeleton_v1", "pixel_length": 79.627, "point_count": 12, "confidence": 0.7357, "review_status": "unreviewed"}, "geometry": {"type": "LineString", "coordinates": [[127.13080051866817, 36.45299787717081], [127.13084765659231, 36.45295945861038], [127.13155472545438, 36.45295945861038], [127.13197896677161, 36.453074714291674], [127.13216751846817, 36.453074714291674], [127.13235607016472, 36.45315155141254], [127.13311027695093, 36.45318996997297], [127.13315741487507, 36.4532283885334], [127.13320455279921, 36.45318996997297], [127.13372306996473, 36.4532283885334], [127.13400589750955, 36.45330522565426], [127.1341944492061, 36.45349731845642]]}}, {"type": "Feature", "properties": {"proposal_id": "visible-line-285", "tile_id": "178-gongju-labels", "sheet_id": "178-gongju", "split": "holdout_test", "proposal_kind": "visible_linework_review_only", "backend": "grayscale_ridge_v1_skeleton_v1", "pixel_length": 59.527, "point_count": 8, "confidence": 0.7572, "review_status": "unreviewed"}, "geometry": {"type": "LineString", "coordinates": [[127.13103620828886, 36.44481472379889], [127.13131903583368, 36.444776305238456], [127.13150758753024, 36.44485314235932], [127.13216751846817, 36.44535258364493], [127.13226179431645, 36.44558309500752], [127.13226179431645, 36.44596728061183], [127.13216751846817, 36.446236210534856], [127.13202610469575, 36.44635146621615]]}}, {"type": "Feature", "properties": {"proposal_id": "visible-line-286", "tile_id": "178-gongju-labels", "sheet_id": "178-gongju", "split": "holdout_test", "proposal_kind": "visible_linework_review_only", "backend": "grayscale_ridge_v1_skeleton_v1", "pixel_length": 106.225, "point_count": 15, "confidence": 0.7909, "review_status": "unreviewed"}, "geometry": {"type": "LineString", "coordinates": [[127.13117762206127, 36.4338654340759], [127.13122475998541, 36.43348124847158], [127.1314604496061, 36.43328915566942], [127.13179041507507, 36.43317389998813], [127.1322146563923, 36.43309706286726], [127.13235607016472, 36.433020225746404], [127.13273317355782, 36.43271287726295], [127.13282744940611, 36.43252078446079], [127.13306313902679, 36.43225185453777], [127.13320455279921, 36.43217501741691], [127.13348738034404, 36.43217501741691], [127.13400589750955, 36.43248236590036], [127.13424158713025, 36.4324055287795], [127.13438300090266, 36.432290273098204], [127.1344301388268, 36.432059761735616]]}}, {"type": "Feature", "properties": {"proposal_id": "visible-line-287", "tile_id": "178-gongju-labels", "sheet_id": "178-gongju", "split": "holdout_test", "proposal_kind": "visible_linework_review_only", "backend": "grayscale_ridge_v1_skeleton_v1", "pixel_length": 85.426, "point_count": 6, "confidence": 0.7497, "review_status": "unreviewed"}, "geometry": {"type": "LineString", "coordinates": [[127.13127189790954, 36.42833316137375], [127.13179041507507, 36.42902469546152], [127.13179041507507, 36.429908322351444], [127.1318375529992, 36.430061996593174], [127.1320732426199, 36.43048460075792], [127.1326860356337, 36.43113771628526]]}}, {"type": "Feature", "properties": {"proposal_id": "visible-line-288", "tile_id": "178-gongju-labels", "sheet_id": "178-gongju", "split": "holdout_test", "proposal_kind": "visible_linework_review_only", "backend": "grayscale_ridge_v1_skeleton_v1", "pixel_length": 25.556, "point_count": 8, "confidence": 0.6998, "review_status": "unreviewed"}, "geometry": {"type": "LineString", "coordinates": [[127.13150758753024, 36.45100011202837], [127.13160186337852, 36.45088485634707], [127.13174327715093, 36.45088485634707], [127.13188469092334, 36.45096169346794], [127.13202610469575, 36.45107694914923], [127.13202610469575, 36.45119220483053], [127.13193182884748, 36.45126904195139], [127.13174327715093, 36.45119220483053]]}}, {"type": "Feature", "properties": {"proposal_id": "visible-line-289", "tile_id": "178-gongju-labels", "sheet_id": "178-gongju", "split": "holdout_test", "proposal_kind": "visible_linework_review_only", "backend": "grayscale_ridge_v1_skeleton_v1", "pixel_length": 20.314, "point_count": 3, "confidence": 0.7231, "review_status": "unreviewed"}, "geometry": {"type": "LineString", "coordinates": [[127.13169613922679, 36.43897510261329], [127.13230893224059, 36.438706172690274], [127.13249748393714, 36.43866775412984]]}}, {"type": "Feature", "properties": {"proposal_id": "visible-line-290", "tile_id": "178-gongju-labels", "sheet_id": "178-gongju", "split": "holdout_test", "proposal_kind": "visible_linework_review_only", "backend": "grayscale_ridge_v1_skeleton_v1", "pixel_length": 96.225, "point_count": 11, "confidence": 0.7705, "review_status": "unreviewed"}, "geometry": {"type": "LineString", "coordinates": [[127.1318375529992, 36.42061103072701], [127.13197896677161, 36.42080312352917], [127.13240320808886, 36.421072053452185], [127.13240320808886, 36.42137940193564], [127.13212038054404, 36.42164833185866], [127.13216751846817, 36.421802006100386], [127.13273317355782, 36.422301447386], [127.13320455279921, 36.42249354018816], [127.13353451826818, 36.422762470111174], [127.13358165619232, 36.42310823715506], [127.13348738034404, 36.42333874851765]]}}, {"type": "Feature", "properties": {"proposal_id": "visible-line-291", "tile_id": "178-gongju-labels", "sheet_id": "178-gongju", "split": "holdout_test", "proposal_kind": "visible_linework_review_only", "backend": "grayscale_ridge_v1_skeleton_v1", "pixel_length": 142.711, "point_count": 25, "confidence": 0.7576, "review_status": "unreviewed"}, "geometry": {"type": "LineString", "coordinates": [[127.13188469092334, 36.442778540096015], [127.13197896677161, 36.442586447293856], [127.13226179431645, 36.44254802873343], [127.13263889770955, 36.44262486585429], [127.13287458733024, 36.44254802873343], [127.13301600110266, 36.44243277305213], [127.13311027695093, 36.4422790988104], [127.13320455279921, 36.44174123896436], [127.13339310449577, 36.441510727601774], [127.13353451826818, 36.441510727601774], [127.13372306996473, 36.441664401843504], [127.13372306996473, 36.44174123896436], [127.13391162166128, 36.44197175032696], [127.13414731128196, 36.44216384312911], [127.13447727675093, 36.44212542456868], [127.13461869052335, 36.44197175032696], [127.13461869052335, 36.44181807608523], [127.13466582844748, 36.4417796575248], [127.13466582844748, 36.44162598328307], [127.13461869052335, 36.44158756472264], [127.13461869052335, 36.44120337911832], [127.13466582844748, 36.44112654199746], [127.1348072422199, 36.44101128631616], [127.13518434561301, 36.44089603063487], [127.13551431108198, 36.44066551927228]]}}, {"type": "Feature", "properties": {"proposal_id": "visible-line-292", "tile_id": "178-gongju-labels", "sheet_id": "178-gongju", "split": "holdout_test", "proposal_kind": "visible_linework_review_only", "backend": "grayscale_ridge_v1_skeleton_v1", "pixel_length": 30.385, "point_count": 4, "confidence": 0.7649, "review_status": "unreviewed"}, "geometry": {"type": "LineString", "coordinates": [[127.13188469092334, 36.442778540096015], [127.13240320808886, 36.44339323706292], [127.13240320808886, 36.44362374842551], [127.13226179431645, 36.443700585546374]]}}, {"type": "Feature", "properties": {"proposal_id": "visible-line-293", "tile_id": "178-gongju-labels", "sheet_id": "178-gongju", "split": "holdout_test", "proposal_kind": "visible_linework_review_only", "backend": "grayscale_ridge_v1_skeleton_v1", "pixel_length": 79.426, "point_count": 9, "confidence": 0.7418, "review_status": "unreviewed"}, "geometry": {"type": "LineString", "coordinates": [[127.13193182884748, 36.453458899895985], [127.13240320808886, 36.453650992698144], [127.13306313902679, 36.45372782981901], [127.1334402424199, 36.45388150406073], [127.13367593204059, 36.45391992262117], [127.1341944492061, 36.45422727110462], [127.13438300090266, 36.45426568966505], [127.13466582844748, 36.45445778246721], [127.13509006976473, 36.45461145670893]]}}, {"type": "Feature", "properties": {"proposal_id": "visible-line-294", "tile_id": "178-gongju-labels", "sheet_id": "178-gongju", "split": "holdout_test", "proposal_kind": "visible_linework_review_only", "backend": "grayscale_ridge_v1_skeleton_v1", "pixel_length": 222.522, "point_count": 20, "confidence": 0.7727, "review_status": "unreviewed"}, "geometry": {"type": "LineString", "coordinates": [[127.13212038054404, 36.452690528687356], [127.13240320808886, 36.45280578436865], [127.13259175978541, 36.45280578436865], [127.13263889770955, 36.452844202929086], [127.13372306996473, 36.452882621489515], [127.13424158713025, 36.45299787717081], [127.13532575938542, 36.453574155577286], [127.13650420748887, 36.45449620102764], [127.1377769314406, 36.455072479434115], [127.13805975898542, 36.455110897994544], [127.1381540348337, 36.45518773511541], [127.13834258653026, 36.45518773511541], [127.13853113822681, 36.4553029907967], [127.13904965539233, 36.4553029907967], [127.1391439312406, 36.455264572236274], [127.1397567242544, 36.454918805192385], [127.1401338276475, 36.45476513095066], [127.1403695172682, 36.4545730381485], [127.14051093104061, 36.454534619588074], [127.14079375858543, 36.454342526785915]]}}, {"type": "Feature", "properties": {"proposal_id": "visible-line-295", "tile_id": "178-gongju-labels", "sheet_id": "178-gongju", "split": "holdout_test", "proposal_kind": "visible_linework_review_only", "backend": "grayscale_ridge_v1_skeleton_v1", "pixel_length": 38.728, "point_count": 3, "confidence": 0.7719, "review_status": "unreviewed"}, "geometry": {"type": "LineString", "coordinates": [[127.13240320808886, 36.43736152307517], [127.1326860356337, 36.43678524466869], [127.13282744940611, 36.43601687346006]]}}, {"type": "Feature", "properties": {"proposal_id": "visible-line-296", "tile_id": "178-gongju-labels", "sheet_id": "178-gongju", "split": "holdout_test", "proposal_kind": "visible_linework_review_only", "backend": "grayscale_ridge_v1_skeleton_v1", "pixel_length": 90.184, "point_count": 13, "confidence": 0.7622, "review_status": "unreviewed"}, "geometry": {"type": "LineString", "coordinates": [[127.13282744940611, 36.435786362097474], [127.13292172525438, 36.43547901361402], [127.13287458733024, 36.43517166513057], [127.13296886317852, 36.43497957232841], [127.13306313902679, 36.43490273520755], [127.13325169072334, 36.43490273520755], [127.13334596657162, 36.43497957232841], [127.1334402424199, 36.435210083691], [127.1334402424199, 36.43551743217445], [127.13353451826818, 36.435786362097474], [127.13386448373714, 36.436132129141356], [127.133817345813, 36.43659315186654], [127.13410017335784, 36.436900500349985]]}}, {"type": "Feature", "properties": {"proposal_id": "visible-line-297", "tile_id": "178-gongju-labels", "sheet_id": "178-gongju", "split": "holdout_test", "proposal_kind": "visible_linework_review_only", "backend": "grayscale_ridge_v1_skeleton_v1", "pixel_length": 31.314, "point_count": 4, "confidence": 0.7596, "review_status": "unreviewed"}, "geometry": {"type": "LineString", "coordinates": [[127.13282744940611, 36.43071511212051], [127.13311027695093, 36.43106087916439], [127.13315741487507, 36.43175241325216], [127.13320455279921, 36.43179083181259]]}}, {"type": "Feature", "properties": {"proposal_id": "visible-line-298", "tile_id": "178-gongju-labels", "sheet_id": "178-gongju", "split": "holdout_test", "proposal_kind": "visible_linework_review_only", "backend": "grayscale_ridge_v1_skeleton_v1", "pixel_length": 23.071, "point_count": 6, "confidence": 0.7016, "review_status": "unreviewed"}, "geometry": {"type": "LineString", "coordinates": [[127.13292172525438, 36.44980913665499], [127.13296886317852, 36.44984755521542], [127.13296886317852, 36.450116485138444], [127.13301600110266, 36.45015490369887], [127.13296886317852, 36.450500670742755], [127.13306313902679, 36.45061592642406]]}}, {"type": "Feature", "properties": {"proposal_id": "visible-line-299", "tile_id": "178-gongju-labels", "sheet_id": "178-gongju", "split": "holdout_test", "proposal_kind": "visible_linework_review_only", "backend": "grayscale_ridge_v1_skeleton_v1", "pixel_length": 22.556, "point_count": 5, "confidence": 0.6566, "review_status": "unreviewed"}, "geometry": {"type": "LineString", "coordinates": [[127.13301600110266, 36.432828132944245], [127.13320455279921, 36.432636040142086], [127.13334596657162, 36.43259762158166], [127.13358165619232, 36.432636040142086], [127.133817345813, 36.432828132944245]]}}, {"type": "Feature", "properties": {"proposal_id": "visible-line-300", "tile_id": "178-gongju-labels", "sheet_id": "178-gongju", "split": "holdout_test", "proposal_kind": "visible_linework_review_only", "backend": "grayscale_ridge_v1_skeleton_v1", "pixel_length": 47.556, "point_count": 8, "confidence": 0.6857, "review_status": "unreviewed"}, "geometry": {"type": "LineString", "coordinates": [[127.13306313902679, 36.451038530588804], [127.13325169072334, 36.451422716193115], [127.13320455279921, 36.45149955331398], [127.13325169072334, 36.451614808995274], [127.13320455279921, 36.45173006467657], [127.13325169072334, 36.45222950596218], [127.13311027695093, 36.45246001732477], [127.13311027695093, 36.452690528687356]]}}, {"type": "Feature", "properties": {"proposal_id": "visible-line-301", "tile_id": "178-gongju-labels", "sheet_id": "178-gongju", "split": "holdout_test", "proposal_kind": "visible_linework_review_only", "backend": "grayscale_ridge_v1_skeleton_v1", "pixel_length": 29.799, "point_count": 6, "confidence": 0.7173, "review_status": "unreviewed"}, "geometry": {"type": "LineString", "coordinates": [[127.13311027695093, 36.449156021127656], [127.13339310449577, 36.4488486726442], [127.13339310449577, 36.44877183552334], [127.13353451826818, 36.44857974272118], [127.13348738034404, 36.448426068479456], [127.13325169072334, 36.44857974272118]]}}, {"type": "Feature", "properties": {"proposal_id": "visible-line-302", "tile_id": "178-gongju-labels", "sheet_id": "178-gongju", "split": "holdout_test", "proposal_kind": "visible_linework_review_only", "backend": "grayscale_ridge_v1_skeleton_v1", "pixel_length": 29.899, "point_count": 28, "confidence": 0.6957, "review_status": "unreviewed"}, "geometry": {"type": "LineString", "coordinates": [[127.13353451826818, 36.42556702502268], [127.13353451826818, 36.42552860646225], [127.13353451826818, 36.425490187901815], [127.13353451826818, 36.425451769341386], [127.13353451826818, 36.42541335078096], [127.13353451826818, 36.42537493222052], [127.13353451826818, 36.42533651366009], [127.13353451826818, 36.425298095099656], [127.13353451826818, 36.42525967653923], [127.13358165619232, 36.4252212579788], [127.13362879411645, 36.4252212579788], [127.13367593204059, 36.4252212579788], [127.13372306996473, 36.4252212579788], [127.13377020788886, 36.42525967653923], [127.133817345813, 36.425298095099656], [127.133817345813, 36.42533651366009], [127.133817345813, 36.42537493222052], [127.133817345813, 36.42541335078096], [127.133817345813, 36.425451769341386], [127.133817345813, 36.425490187901815], [127.133817345813, 36.42552860646225], [127.133817345813, 36.42556702502268], [127.13377020788886, 36.42560544358311], [127.13372306996473, 36.425643862143545], [127.13367593204059, 36.425643862143545], [127.13362879411645, 36.425643862143545], [127.13358165619232, 36.42560544358311], [127.13353451826818, 36.42556702502268]]}}, {"type": "Feature", "properties": {"proposal_id": "visible-line-303", "tile_id": "178-gongju-labels", "sheet_id": "178-gongju", "split": "holdout_test", "proposal_kind": "visible_linework_review_only", "backend": "grayscale_ridge_v1_skeleton_v1", "pixel_length": 34.799, "point_count": 5, "confidence": 0.7435, "review_status": "unreviewed"}, "geometry": {"type": "LineString", "coordinates": [[127.13353451826818, 36.424183956847145], [127.13386448373714, 36.42426079396801], [127.13424158713025, 36.42452972389103], [127.13424158713025, 36.42483707237448], [127.13400589750955, 36.42506758373707]]}}, {"type": "Feature", "properties": {"proposal_id": "visible-line-304", "tile_id": "178-gongju-labels", "sheet_id": "178-gongju", "split": "holdout_test", "proposal_kind": "visible_linework_review_only", "backend": "grayscale_ridge_v1_skeleton_v1", "pixel_length": 61.527, "point_count": 10, "confidence": 0.7485, "review_status": "unreviewed"}, "geometry": {"type": "LineString", "coordinates": [[127.13367593204059, 36.44804188287514], [127.13367593204059, 36.447926627193844], [127.13391162166128, 36.44765769727082], [127.13395875958541, 36.44727351166651], [127.1341944492061, 36.44704300030392], [127.13424158713025, 36.446812488941326], [127.13447727675093, 36.44658197757874], [127.13457155259921, 36.446428303337015], [127.13457155259921, 36.446236210534856], [127.13476010429576, 36.4460441177327]]}}, {"type": "Feature", "properties": {"proposal_id": "visible-line-305", "tile_id": "178-gongju-labels", "sheet_id": "178-gongju", "split": "holdout_test", "proposal_kind": "visible_linework_review_only", "backend": "grayscale_ridge_v1_skeleton_v1", "pixel_length": 48.799, "point_count": 10, "confidence": 0.6987, "review_status": "unreviewed"}, "geometry": {"type": "LineString", "coordinates": [[127.13367593204059, 36.42683483751692], [127.133817345813, 36.426950093198215], [127.13391162166128, 36.427142186000374], [127.1340530354337, 36.427641627285986], [127.1340530354337, 36.42775688296728], [127.13395875958541, 36.427872138648574], [127.13395875958541, 36.42806423145073], [127.133817345813, 36.42825632425289], [127.133817345813, 36.428448417055044], [127.13377020788886, 36.42848683561548]]}}, {"type": "Feature", "properties": {"proposal_id": "visible-line-306", "tile_id": "178-gongju-labels", "sheet_id": "178-gongju", "split": "holdout_test", "proposal_kind": "visible_linework_review_only", "backend": "grayscale_ridge_v1_skeleton_v1", "pixel_length": 21.485, "point_count": 7, "confidence": 0.719, "review_status": "unreviewed"}, "geometry": {"type": "LineString", "coordinates": [[127.13372306996473, 36.44954020673197], [127.13395875958541, 36.44961704385283], [127.13395875958541, 36.44980913665499], [127.13391162166128, 36.44984755521542], [127.13395875958541, 36.45000122945715], [127.13386448373714, 36.45007806657801], [127.13377020788886, 36.45007806657801]]}}, {"type": "Feature", "properties": {"proposal_id": "visible-line-307", "tile_id": "178-gongju-labels", "sheet_id": "178-gongju", "split": "holdout_test", "proposal_kind": "visible_linework_review_only", "backend": "grayscale_ridge_v1_skeleton_v1", "pixel_length": 110.083, "point_count": 14, "confidence": 0.6757, "review_status": "unreviewed"}, "geometry": {"type": "LineString", "coordinates": [[127.13377020788886, 36.459874799488055], [127.13391162166128, 36.459874799488055], [127.1344301388268, 36.459682706685896], [127.13466582844748, 36.459490613883744], [127.13466582844748, 36.45941377676288], [127.13452441467507, 36.45922168396072], [127.13476010429576, 36.459068009719], [127.13551431108198, 36.45891433547727], [127.1364099316406, 36.4588374983564], [127.13645706956473, 36.45879907979597], [127.1371641384268, 36.45879907979597], [127.13721127635094, 36.4588374983564], [127.13735269012335, 36.45872224267511], [127.13782406936474, 36.45849173131252]]}}, {"type": "Feature", "properties": {"proposal_id": "visible-line-308", "tile_id": "178-gongju-labels", "sheet_id": "178-gongju", "split": "holdout_test", "proposal_kind": "visible_linework_review_only", "backend": "grayscale_ridge_v1_skeleton_v1", "pixel_length": 32.456, "point_count": 3, "confidence": 0.7861, "review_status": "unreviewed"}, "geometry": {"type": "LineString", "coordinates": [[127.133817345813, 36.4545730381485], [127.13457155259921, 36.455264572236274], [127.13490151806818, 36.45534140935713]]}}, {"type": "Feature", "properties": {"proposal_id": "visible-line-309", "tile_id": "178-gongju-labels", "sheet_id": "178-gongju", "split": "holdout_test", "proposal_kind": "visible_linework_review_only", "backend": "grayscale_ridge_v1_skeleton_v1", "pixel_length": 18.728, "point_count": 3, "confidence": 0.75, "review_status": "unreviewed"}, "geometry": {"type": "LineString", "coordinates": [[127.13391162166128, 36.454304108225486], [127.13438300090266, 36.4545730381485], [127.13461869052335, 36.45464987526937]]}}, {"type": "Feature", "properties": {"proposal_id": "visible-line-310", "tile_id": "178-gongju-labels", "sheet_id": "178-gongju", "split": "holdout_test", "proposal_kind": "visible_linework_review_only", "backend": "grayscale_ridge_v1_skeleton_v1", "pixel_length": 31.243, "point_count": 5, "confidence": 0.6946, "review_status": "unreviewed"}, "geometry": {"type": "LineString", "coordinates": [[127.13410017335784, 36.43182925037302], [127.13414731128196, 36.43175241325216], [127.13414731128196, 36.430791949241375], [127.1341944492061, 36.43075353068094], [127.13414731128196, 36.43067669356007]]}}, {"type": "Feature", "properties": {"proposal_id": "visible-line-311", "tile_id": "178-gongju-labels", "sheet_id": "178-gongju", "split": "holdout_test", "proposal_kind": "visible_linework_review_only", "backend": "grayscale_ridge_v1_skeleton_v1", "pixel_length": 25.071, "point_count": 4, "confidence": 0.6848, "review_status": "unreviewed"}, "geometry": {"type": "LineString", "coordinates": [[127.13424158713025, 36.448502905600314], [127.13438300090266, 36.448656579842044], [127.1344301388268, 36.44927127680895], [127.13457155259921, 36.44930969536938]]}}, {"type": "Feature", "properties": {"proposal_id": "visible-line-312", "tile_id": "178-gongju-labels", "sheet_id": "178-gongju", "split": "holdout_test", "proposal_kind": "visible_linework_review_only", "backend": "grayscale_ridge_v1_skeleton_v1", "pixel_length": 22.728, "point_count": 3, "confidence": 0.6371, "review_status": "unreviewed"}, "geometry": {"type": "LineString", "coordinates": [[127.13424158713025, 36.44008924086581], [127.13461869052335, 36.43955138101977], [127.13457155259921, 36.43935928821761]]}}, {"type": "Feature", "properties": {"proposal_id": "visible-line-313", "tile_id": "178-gongju-labels", "sheet_id": "178-gongju", "split": "holdout_test", "proposal_kind": "visible_linework_review_only", "backend": "grayscale_ridge_v1_skeleton_v1", "pixel_length": 121.368, "point_count": 11, "confidence": 0.8069, "review_status": "unreviewed"}, "geometry": {"type": "LineString", "coordinates": [[127.13433586297852, 36.45353573701685], [127.13452441467507, 36.453574155577286], [127.1348072422199, 36.45376624837944], [127.13494865599232, 36.453804666939874], [127.13518434561301, 36.45399675974203], [127.13537289730955, 36.45407359686289], [127.13570286277853, 36.45441936390678], [127.13607996617164, 36.4546882938298], [127.1367870350337, 36.455072479434115], [127.1381540348337, 36.455610339280156], [127.13890824161992, 36.45568717640102]]}}, {"type": "Feature", "properties": {"proposal_id": "visible-line-314", "tile_id": "178-gongju-labels", "sheet_id": "178-gongju", "split": "holdout_test", "proposal_kind": "visible_linework_review_only", "backend": "grayscale_ridge_v1_skeleton_v1", "pixel_length": 22.899, "point_count": 5, "confidence": 0.73, "review_status": "unreviewed"}, "geometry": {"type": "LineString", "coordinates": [[127.13433586297852, 36.451230623390956], [127.1344301388268, 36.45130746051182], [127.13471296637162, 36.451384297632686], [127.13499579391646, 36.451384297632686], [127.13527862146128, 36.45126904195139]]}}, {"type": "Feature", "properties": {"proposal_id": "visible-line-315", "tile_id": "178-gongju-labels", "sheet_id": "178-gongju", "split": "holdout_test", "proposal_kind": "visible_linework_review_only", "backend": "grayscale_ridge_v1_skeleton_v1", "pixel_length": 25.042, "point_count": 2, "confidence": 0.7955, "review_status": "unreviewed"}, "geometry": {"type": "LineString", "coordinates": [[127.13438300090266, 36.43674682610826], [127.13518434561301, 36.43605529202049]]}}, {"type": "Feature", "properties": {"proposal_id": "visible-line-316", "tile_id": "178-gongju-labels", "sheet_id": "178-gongju", "split": "holdout_test", "proposal_kind": "visible_linework_review_only", "backend": "grayscale_ridge_v1_skeleton_v1", "pixel_length": 96.941, "point_count": 15, "confidence": 0.7563, "review_status": "unreviewed"}, "geometry": {"type": "LineString", "coordinates": [[127.13466582844748, 36.43378859695503], [127.13466582844748, 36.43371175983417], [127.13485438014403, 36.433558085592445], [127.13527862146128, 36.43351966703201], [127.13532575938542, 36.43348124847158], [127.13551431108198, 36.43351966703201], [127.13622137994405, 36.43351966703201], [127.13659848333715, 36.43371175983417], [127.13673989710956, 36.43390385263633], [127.13673989710956, 36.43401910831762], [127.13688131088198, 36.43424961968021], [127.13688131088198, 36.43463380528453], [127.13664562126128, 36.434825898086686], [127.13650420748887, 36.434864316647115], [127.13593855239921, 36.434864316647115]]}}, {"type": "Feature", "properties": {"proposal_id": "visible-line-317", "tile_id": "178-gongju-labels", "sheet_id": "178-gongju", "split": "holdout_test", "proposal_kind": "visible_linework_review_only", "backend": "grayscale_ridge_v1_skeleton_v1", "pixel_length": 22.899, "point_count": 5, "confidence": 0.7548, "review_status": "unreviewed"}, "geometry": {"type": "LineString", "coordinates": [[127.13466582844748, 36.43378859695503], [127.13471296637162, 36.433942271196756], [127.13494865599232, 36.434288038240645], [127.13494865599232, 36.434480131042804], [127.13485438014403, 36.43451854960323]]}}, {"type": "Feature", "properties": {"proposal_id": "visible-line-318", "tile_id": "178-gongju-labels", "sheet_id": "178-gongju", "split": "holdout_test", "proposal_kind": "visible_linework_review_only", "backend": "grayscale_ridge_v1_skeleton_v1", "pixel_length": 19.414, "point_count": 3, "confidence": 0.6771, "review_status": "unreviewed"}, "geometry": {"type": "LineString", "coordinates": [[127.13471296637162, 36.45034699650103], [127.1348072422199, 36.45038541506146], [127.1348072422199, 36.451038530588804]]}}, {"type": "Feature", "properties": {"proposal_id": "visible-line-319", "tile_id": "178-gongju-labels", "sheet_id": "178-gongju", "split": "holdout_test", "proposal_kind": "visible_linework_review_only", "backend": "grayscale_ridge_v1_skeleton_v1", "pixel_length": 27.657, "point_count": 5, "confidence": 0.7123, "review_status": "unreviewed"}, "geometry": {"type": "LineString", "coordinates": [[127.1348072422199, 36.44489156091975], [127.13490151806818, 36.44504523516148], [127.13490151806818, 36.44546783932623], [127.13485438014403, 36.445506257886656], [127.13490151806818, 36.445890443490974]]}}, {"type": "Feature", "properties": {"proposal_id": "visible-line-320", "tile_id": "178-gongju-labels", "sheet_id": "178-gongju", "split": "holdout_test", "proposal_kind": "visible_linework_review_only", "backend": "grayscale_ridge_v1_skeleton_v1", "pixel_length": 38.627, "point_count": 7, "confidence": 0.7685, "review_status": "unreviewed"}, "geometry": {"type": "LineString", "coordinates": [[127.13504293184059, 36.45537982791757], [127.13523148353714, 36.45553350215929], [127.13565572485439, 36.45568717640102], [127.13575000070266, 36.45576401352188], [127.13575000070266, 36.45591768776361], [127.1360328282475, 36.45626345480749], [127.1360328282475, 36.45641712904922]]}}, {"type": "Feature", "properties": {"proposal_id": "visible-line-321", "tile_id": "178-gongju-labels", "sheet_id": "178-gongju", "split": "holdout_test", "proposal_kind": "visible_linework_review_only", "backend": "grayscale_ridge_v1_skeleton_v1", "pixel_length": 37.456, "point_count": 6, "confidence": 0.718, "review_status": "unreviewed"}, "geometry": {"type": "LineString", "coordinates": [[127.13537289730955, 36.45503406087368], [127.13593855239921, 36.4553029907967], [127.13607996617164, 36.455418246478], [127.1364099316406, 36.45553350215929], [127.13669275918542, 36.45572559496145], [127.1367870350337, 36.45572559496145]]}}, {"type": "Feature", "properties": {"proposal_id": "visible-line-322", "tile_id": "178-gongju-labels", "sheet_id": "178-gongju", "split": "holdout_test", "proposal_kind": "visible_linework_review_only", "backend": "grayscale_ridge_v1_skeleton_v1", "pixel_length": 41.456, "point_count": 35, "confidence": 0.7261, "review_status": "unreviewed"}, "geometry": {"type": "LineString", "coordinates": [[127.13551431108198, 36.438552498448544], [127.1355614490061, 36.43859091700898], [127.1355614490061, 36.43862933556941], [127.1355614490061, 36.43866775412984], [127.13560858693025, 36.438706172690274], [127.13565572485439, 36.4387445912507], [127.13570286277853, 36.4387445912507], [127.13575000070266, 36.43878300981113], [127.1357971386268, 36.4387445912507], [127.13584427655094, 36.4387445912507], [127.13589141447508, 36.4387445912507], [127.13593855239921, 36.438706172690274], [127.13598569032335, 36.43866775412984], [127.1360328282475, 36.43862933556941], [127.1360328282475, 36.43859091700898], [127.13607996617164, 36.438552498448544], [127.13607996617164, 36.438514079888115], [127.13612710409576, 36.43847566132768], [127.13612710409576, 36.43843724276725], [127.13612710409576, 36.43839882420682], [127.13612710409576, 36.438360405646385], [127.13607996617164, 36.438321987085956], [127.1360328282475, 36.43828356852553], [127.13598569032335, 36.43828356852553], [127.13593855239921, 36.43828356852553], [127.13589141447508, 36.43828356852553], [127.13584427655094, 36.43828356852553], [127.1357971386268, 36.438321987085956], [127.13575000070266, 36.438321987085956], [127.13570286277853, 36.438360405646385], [127.13565572485439, 36.43839882420682], [127.13560858693025, 36.43843724276725], [127.13560858693025, 36.43847566132768], [127.1355614490061, 36.438514079888115], [127.13551431108198, 36.438552498448544]]}}, {"type": "Feature", "properties": {"proposal_id": "visible-line-323", "tile_id": "178-gongju-labels", "sheet_id": "178-gongju", "split": "holdout_test", "proposal_kind": "visible_linework_review_only", "backend": "grayscale_ridge_v1_skeleton_v1", "pixel_length": 60.042, "point_count": 8, "confidence": 0.7568, "review_status": "unreviewed"}, "geometry": {"type": "LineString", "coordinates": [[127.13560858693025, 36.42337716707808], [127.13575000070266, 36.423492422759374], [127.1360328282475, 36.42356925988024], [127.1364099316406, 36.42356925988024], [127.13645706956473, 36.42353084131981], [127.13735269012335, 36.42356925988024], [127.1377769314406, 36.42372293412197], [127.13805975898542, 36.423991864044986]]}}, {"type": "Feature", "properties": {"proposal_id": "visible-line-324", "tile_id": "178-gongju-labels", "sheet_id": "178-gongju", "split": "holdout_test", "proposal_kind": "visible_linework_review_only", "backend": "grayscale_ridge_v1_skeleton_v1", "pixel_length": 122.882, "point_count": 15, "confidence": 0.748, "review_status": "unreviewed"}, "geometry": {"type": "LineString", "coordinates": [[127.13560858693025, 36.42337716707808], [127.13584427655094, 36.42314665571549], [127.1364099316406, 36.4230314000342], [127.13673989710956, 36.422877725792475], [127.13697558673026, 36.422685632990316], [127.13706986257853, 36.42249354018816], [127.13702272465439, 36.422186191704704], [127.13655134541301, 36.42164833185866], [127.13636279371646, 36.421264146254344], [127.13607996617164, 36.42103363489176], [127.13575000070266, 36.42087996065003], [127.13575000070266, 36.42076470496874], [127.13584427655094, 36.420687867847874], [127.13636279371646, 36.420687867847874], [127.13669275918542, 36.42061103072701]]}}, {"type": "Feature", "properties": {"proposal_id": "visible-line-325", "tile_id": "178-gongju-labels", "sheet_id": "178-gongju", "split": "holdout_test", "proposal_kind": "visible_linework_review_only", "backend": "grayscale_ridge_v1_skeleton_v1", "pixel_length": 19.142, "point_count": 4, "confidence": 0.7735, "review_status": "unreviewed"}, "geometry": {"type": "LineString", "coordinates": [[127.1357971386268, 36.45964428812547], [127.13593855239921, 36.45960586956504], [127.1361742420199, 36.45941377676288], [127.13650420748887, 36.45926010252115]]}}, {"type": "Feature", "properties": {"proposal_id": "visible-line-326", "tile_id": "178-gongju-labels", "sheet_id": "178-gongju", "split": "holdout_test", "proposal_kind": "visible_linework_review_only", "backend": "grayscale_ridge_v1_skeleton_v1", "pixel_length": 51.012, "point_count": 5, "confidence": 0.7383, "review_status": "unreviewed"}, "geometry": {"type": "LineString", "coordinates": [[127.1357971386268, 36.43567110641618], [127.13664562126128, 36.435210083691], [127.13692844880612, 36.43497957232841], [127.13739982804749, 36.43471064240539], [127.13758837974405, 36.43451854960323]]}}, {"type": "Feature", "properties": {"proposal_id": "visible-line-327", "tile_id": "178-gongju-labels", "sheet_id": "178-gongju", "split": "holdout_test", "proposal_kind": "visible_linework_review_only", "backend": "grayscale_ridge_v1_skeleton_v1", "pixel_length": 19.142, "point_count": 4, "confidence": 0.7088, "review_status": "unreviewed"}, "geometry": {"type": "LineString", "coordinates": [[127.13598569032335, 36.4523831802039], [127.13607996617164, 36.45226792452261], [127.13645706956473, 36.452114250280886], [127.13664562126128, 36.451960576039156]]}}, {"type": "Feature", "properties": {"proposal_id": "visible-line-328", "tile_id": "178-gongju-labels", "sheet_id": "178-gongju", "split": "holdout_test", "proposal_kind": "visible_linework_review_only", "backend": "grayscale_ridge_v1_skeleton_v1", "pixel_length": 137.841, "point_count": 16, "confidence": 0.7118, "review_status": "unreviewed"}, "geometry": {"type": "LineString", "coordinates": [[127.13612710409576, 36.43098404204353], [127.13612710409576, 36.430791949241375], [127.13636279371646, 36.430446182197485], [127.13636279371646, 36.43036934507663], [127.13645706956473, 36.43029250795576], [127.13655134541301, 36.430061996593174], [127.13655134541301, 36.42956255530756], [127.13688131088198, 36.42871734697807], [127.13688131088198, 36.42814106857159], [127.1367870350337, 36.427910557209], [127.1367870350337, 36.42760320872555], [127.13711700050267, 36.427103767439945], [127.13711700050267, 36.4266811632752], [127.13706986257853, 36.42660432615433], [127.13721127635094, 36.4264506519126], [127.1375412418199, 36.426373814791745]]}}, {"type": "Feature", "properties": {"proposal_id": "visible-line-329", "tile_id": "178-gongju-labels", "sheet_id": "178-gongju", "split": "holdout_test", "proposal_kind": "visible_linework_review_only", "backend": "grayscale_ridge_v1_skeleton_v1", "pixel_length": 70.284, "point_count": 10, "confidence": 0.76, "review_status": "unreviewed"}, "geometry": {"type": "LineString", "coordinates": [[127.13612710409576, 36.43098404204353], [127.13636279371646, 36.43148348332914], [127.13636279371646, 36.43182925037302], [127.13650420748887, 36.43194450605432], [127.13702272465439, 36.43194450605432], [127.13725841427508, 36.43202134317518], [127.13768265559233, 36.43182925037302], [127.13791834521301, 36.43179083181259], [127.13810689690956, 36.43163715757087], [127.13810689690956, 36.43152190188957]]}}, {"type": "Feature", "properties": {"proposal_id": "visible-line-330", "tile_id": "178-gongju-labels", "sheet_id": "178-gongju", "split": "holdout_test", "proposal_kind": "visible_linework_review_only", "backend": "grayscale_ridge_v1_skeleton_v1", "pixel_length": 21.899, "point_count": 6, "confidence": 0.701, "review_status": "unreviewed"}, "geometry": {"type": "LineString", "coordinates": [[127.13622137994405, 36.451614808995274], [127.13626851786817, 36.4516532275557], [127.13631565579232, 36.451614808995274], [127.1367870350337, 36.451614808995274], [127.13688131088198, 36.45169164611614], [127.13673989710956, 36.4518837389183]]}}, {"type": "Feature", "properties": {"proposal_id": "visible-line-331", "tile_id": "178-gongju-labels", "sheet_id": "178-gongju", "split": "holdout_test", "proposal_kind": "visible_linework_review_only", "backend": "grayscale_ridge_v1_skeleton_v1", "pixel_length": 207.723, "point_count": 23, "confidence": 0.7793, "review_status": "unreviewed"}, "geometry": {"type": "LineString", "coordinates": [[127.13631565579232, 36.44838764991902], [127.13683417295783, 36.44800346431471], [127.13688131088198, 36.44781137151255], [127.13711700050267, 36.44742718590823], [127.13739982804749, 36.447196674545644], [127.13801262106129, 36.44692774462263], [127.13853113822681, 36.44688932606219], [127.13900251746819, 36.4467740703809], [127.13947389670957, 36.446428303337015], [127.13970958633026, 36.44612095485356], [127.13970958633026, 36.44596728061183], [127.13961531048199, 36.445890443490974], [127.13937962086129, 36.445890443490974], [127.1391439312406, 36.44596728061183], [127.13867255199922, 36.44596728061183], [127.1383897244544, 36.44585202493054], [127.1381540348337, 36.445659932128386], [127.13805975898542, 36.445506257886656], [127.13805975898542, 36.44523732796364], [127.1383897244544, 36.44462263099673], [127.13843686237853, 36.444276863952844], [127.13801262106129, 36.4437390041068], [127.13796548313715, 36.44358532986508]]}}, {"type": "Feature", "properties": {"proposal_id": "visible-line-332", "tile_id": "178-gongju-labels", "sheet_id": "178-gongju", "split": "holdout_test", "proposal_kind": "visible_linework_review_only", "backend": "grayscale_ridge_v1_skeleton_v1", "pixel_length": 119.711, "point_count": 18, "confidence": 0.7376, "review_status": "unreviewed"}, "geometry": {"type": "LineString", "coordinates": [[127.13631565579232, 36.44028133366797], [127.13645706956473, 36.440588682151414], [127.13692844880612, 36.44108812343703], [127.13692844880612, 36.44120337911832], [127.13706986257853, 36.441472309041345], [127.13721127635094, 36.44158756472264], [127.13749410389578, 36.44170282040393], [127.13782406936474, 36.44174123896436], [127.13801262106129, 36.44181807608523], [127.13801262106129, 36.44197175032696], [127.13772979351646, 36.442202261689545], [127.13711700050267, 36.44243277305213], [127.1367870350337, 36.44270170297515], [127.1367870350337, 36.44281695865645], [127.13688131088198, 36.442932214337745], [127.13706986257853, 36.4430090514586], [127.13730555219922, 36.4430090514586], [127.13739982804749, 36.443124307139904]]}}, {"type": "Feature", "properties": {"proposal_id": "visible-line-333", "tile_id": "178-gongju-labels", "sheet_id": "178-gongju", "split": "holdout_test", "proposal_kind": "visible_linework_review_only", "backend": "grayscale_ridge_v1_skeleton_v1", "pixel_length": 73.941, "point_count": 65, "confidence": 0.7566, "review_status": "unreviewed"}, "geometry": {"type": "LineString", "coordinates": [[127.13631565579232, 36.43720784883344], [127.13631565579232, 36.43716943027301], [127.13636279371646, 36.43713101171258], [127.13636279371646, 36.437092593152144], [127.13636279371646, 36.437054174591715], [127.1364099316406, 36.437015756031286], [127.13645706956473, 36.43697733747085], [127.13650420748887, 36.43693891891042], [127.13655134541301, 36.436900500349985], [127.13659848333715, 36.436862081789556], [127.13664562126128, 36.436862081789556], [127.13669275918542, 36.43682366322913], [127.13673989710956, 36.43682366322913], [127.1367870350337, 36.43682366322913], [127.13683417295783, 36.436862081789556], [127.13688131088198, 36.436862081789556], [127.13692844880612, 36.436900500349985], [127.13692844880612, 36.43693891891042], [127.13697558673026, 36.43697733747085], [127.13702272465439, 36.437015756031286], [127.13702272465439, 36.437054174591715], [127.13706986257853, 36.437092593152144], [127.13706986257853, 36.43713101171258], [127.13711700050267, 36.43716943027301], [127.13711700050267, 36.43720784883344], [127.13711700050267, 36.437246267393874], [127.13711700050267, 36.4372846859543], [127.13711700050267, 36.43732310451473], [127.13711700050267, 36.43736152307517], [127.13711700050267, 36.4373999416356], [127.13711700050267, 36.43743836019603], [127.13711700050267, 36.43747677875646], [127.13711700050267, 36.43751519731689], [127.13706986257853, 36.43755361587733], [127.13706986257853, 36.437592034437756], [127.13702272465439, 36.437630452998185], [127.13697558673026, 36.43766887155862], [127.13692844880612, 36.43770729011905], [127.13688131088198, 36.437745708679486], [127.13683417295783, 36.437784127239915], [127.1367870350337, 36.437784127239915], [127.13673989710956, 36.437822545800344], [127.13669275918542, 36.43786096436078], [127.13664562126128, 36.43786096436078], [127.13659848333715, 36.43786096436078], [127.13655134541301, 36.43786096436078], [127.13650420748887, 36.43786096436078], [127.13645706956473, 36.43786096436078], [127.1364099316406, 36.437822545800344], [127.13636279371646, 36.437784127239915], [127.13636279371646, 36.437745708679486], [127.13636279371646, 36.43770729011905], [127.13636279371646, 36.43766887155862], [127.13636279371646, 36.437630452998185], [127.13636279371646, 36.437592034437756], [127.13636279371646, 36.43755361587733], [127.13636279371646, 36.43751519731689], [127.13636279371646, 36.43747677875646], [127.13636279371646, 36.43743836019603], [127.13636279371646, 36.4373999416356], [127.13636279371646, 36.43736152307517], [127.13636279371646, 36.43732310451473], [127.13636279371646, 36.4372846859543], [127.13636279371646, 36.437246267393874], [127.13631565579232, 36.43720784883344]]}}, {"type": "Feature", "properties": {"proposal_id": "visible-line-334", "tile_id": "178-gongju-labels", "sheet_id": "178-gongju", "split": "holdout_test", "proposal_kind": "visible_linework_review_only", "backend": "grayscale_ridge_v1_skeleton_v1", "pixel_length": 22.657, "point_count": 5, "confidence": 0.736, "review_status": "unreviewed"}, "geometry": {"type": "LineString", "coordinates": [[127.13636279371646, 36.44946336961111], [127.13683417295783, 36.44946336961111], [127.13692844880612, 36.44950178817154], [127.13702272465439, 36.4495786252924], [127.13706986257853, 36.44984755521542]]}}, {"type": "Feature", "properties": {"proposal_id": "visible-line-335", "tile_id": "178-gongju-labels", "sheet_id": "178-gongju", "split": "holdout_test", "proposal_kind": "visible_linework_review_only", "backend": "grayscale_ridge_v1_skeleton_v1", "pixel_length": 46.385, "point_count": 8, "confidence": 0.7713, "review_status": "unreviewed"}, "geometry": {"type": "LineString", "coordinates": [[127.13683417295783, 36.45038541506146], [127.13688131088198, 36.45057750786362], [127.13702272465439, 36.45073118210535], [127.13749410389578, 36.450846437786645], [127.13768265559233, 36.451038530588804], [127.13768265559233, 36.45119220483053], [127.1377769314406, 36.451422716193115], [127.1377769314406, 36.45169164611614]]}}, {"type": "Feature", "properties": {"proposal_id": "visible-line-336", "tile_id": "178-gongju-labels", "sheet_id": "178-gongju", "split": "holdout_test", "proposal_kind": "visible_linework_review_only", "backend": "grayscale_ridge_v1_skeleton_v1", "pixel_length": 91.154, "point_count": 11, "confidence": 0.746, "review_status": "unreviewed"}, "geometry": {"type": "LineString", "coordinates": [[127.13683417295783, 36.42064944928744], [127.13706986257853, 36.42064944928744], [127.13730555219922, 36.42076470496874], [127.13791834521301, 36.421417820496075], [127.13829544860612, 36.42168675041909], [127.13867255199922, 36.42184042466082], [127.13933248293715, 36.42184042466082], [127.13947389670957, 36.42187884322125], [127.13966244840611, 36.42203251746298], [127.1397567242544, 36.42222461026513], [127.14003955179922, 36.42241670306729]]}}, {"type": "Feature", "properties": {"proposal_id": "visible-line-337", "tile_id": "178-gongju-labels", "sheet_id": "178-gongju", "split": "holdout_test", "proposal_kind": "visible_linework_review_only", "backend": "grayscale_ridge_v1_skeleton_v1", "pixel_length": 89.385, "point_count": 9, "confidence": 0.6502, "review_status": "unreviewed"}, "geometry": {"type": "LineString", "coordinates": [[127.13692844880612, 36.455802432082315], [127.13725841427508, 36.45595610632404], [127.13782406936474, 36.455994524884474], [127.13787120728888, 36.4560329434449], [127.13829544860612, 36.4560329434449], [127.13834258653026, 36.45607136200533], [127.1395210346337, 36.455994524884474], [127.13956817255784, 36.45595610632404], [127.14088803443371, 36.45607136200533]]}}, {"type": "Feature", "properties": {"proposal_id": "visible-line-338", "tile_id": "178-gongju-labels", "sheet_id": "178-gongju", "split": "holdout_test", "proposal_kind": "visible_linework_review_only", "backend": "grayscale_ridge_v1_skeleton_v1", "pixel_length": 32.657, "point_count": 5, "confidence": 0.7466, "review_status": "unreviewed"}, "geometry": {"type": "LineString", "coordinates": [[127.13725841427508, 36.45568717640102], [127.13739982804749, 36.45576401352188], [127.13758837974405, 36.45576401352188], [127.13763551766819, 36.455802432082315], [127.13871968992336, 36.455840850642744]]}}, {"type": "Feature", "properties": {"proposal_id": "visible-line-339", "tile_id": "178-gongju-labels", "sheet_id": "178-gongju", "split": "holdout_test", "proposal_kind": "visible_linework_review_only", "backend": "grayscale_ridge_v1_skeleton_v1", "pixel_length": 18.728, "point_count": 4, "confidence": 0.7353, "review_status": "unreviewed"}, "geometry": {"type": "LineString", "coordinates": [[127.13758837974405, 36.438898265492426], [127.13763551766819, 36.43882142837157], [127.13782406936474, 36.43878300981113], [127.13820117275785, 36.43847566132768]]}}, {"type": "Feature", "properties": {"proposal_id": "visible-line-340", "tile_id": "178-gongju-labels", "sheet_id": "178-gongju", "split": "holdout_test", "proposal_kind": "visible_linework_review_only", "backend": "grayscale_ridge_v1_skeleton_v1", "pixel_length": 74.799, "point_count": 7, "confidence": 0.7034, "review_status": "unreviewed"}, "geometry": {"type": "LineString", "coordinates": [[127.13763551766819, 36.458760661235544], [127.13857827615095, 36.45872224267511], [127.13862541407508, 36.45868382411468], [127.13942675878543, 36.458606986993814], [127.14060520688888, 36.45829963851036], [127.14074662066129, 36.4582228013895], [127.14088803443371, 36.4582228013895]]}}, {"type": "Feature", "properties": {"proposal_id": "visible-line-341", "tile_id": "178-gongju-labels", "sheet_id": "178-gongju", "split": "holdout_test", "proposal_kind": "visible_linework_review_only", "backend": "grayscale_ridge_v1_skeleton_v1", "pixel_length": 22.828, "point_count": 4, "confidence": 0.6563, "review_status": "unreviewed"}, "geometry": {"type": "LineString", "coordinates": [[127.13772979351646, 36.456916570334826], [127.1381540348337, 36.456916570334826], [127.13820117275785, 36.4568781517744], [127.13876682784749, 36.45683973321397]]}}, {"type": "Feature", "properties": {"proposal_id": "visible-line-342", "tile_id": "178-gongju-labels", "sheet_id": "178-gongju", "split": "holdout_test", "proposal_kind": "visible_linework_review_only", "backend": "grayscale_ridge_v1_skeleton_v1", "pixel_length": 32.385, "point_count": 5, "confidence": 0.8116, "review_status": "unreviewed"}, "geometry": {"type": "LineString", "coordinates": [[127.13787120728888, 36.4373999416356], [127.13787120728888, 36.437092593152144], [127.13801262106129, 36.436900500349985], [127.13824831068197, 36.43670840754783], [127.13867255199922, 36.436516314745674]]}}, {"type": "Feature", "properties": {"proposal_id": "visible-line-343", "tile_id": "178-gongju-labels", "sheet_id": "178-gongju", "split": "holdout_test", "proposal_kind": "visible_linework_review_only", "backend": "grayscale_ridge_v1_skeleton_v1", "pixel_length": 23.385, "point_count": 3, "confidence": 0.805, "review_status": "unreviewed"}, "geometry": {"type": "LineString", "coordinates": [[127.13787120728888, 36.4373999416356], [127.13820117275785, 36.43770729011905], [127.13867255199922, 36.43793780148164]]}}, {"type": "Feature", "properties": {"proposal_id": "visible-line-344", "tile_id": "178-gongju-labels", "sheet_id": "178-gongju", "split": "holdout_test", "proposal_kind": "visible_linework_review_only", "backend": "grayscale_ridge_v1_skeleton_v1", "pixel_length": 22.899, "point_count": 3, "confidence": 0.5673, "review_status": "unreviewed"}, "geometry": {"type": "LineString", "coordinates": [[127.13796548313715, 36.45015490369887], [127.13805975898542, 36.449732299534126], [127.13829544860612, 36.449386532490244]]}}, {"type": "Feature", "properties": {"proposal_id": "visible-line-345", "tile_id": "178-gongju-labels", "sheet_id": "178-gongju", "split": "holdout_test", "proposal_kind": "visible_linework_review_only", "backend": "grayscale_ridge_v1_skeleton_v1", "pixel_length": 27.243, "point_count": 3, "confidence": 0.6556, "review_status": "unreviewed"}, "geometry": {"type": "LineString", "coordinates": [[127.13801262106129, 36.43332757422986], [127.13805975898542, 36.43252078446079], [127.1381540348337, 36.43232869165863]]}}, {"type": "Feature", "properties": {"proposal_id": "visible-line-346", "tile_id": "178-gongju-labels", "sheet_id": "178-gongju", "split": "holdout_test", "proposal_kind": "visible_linework_review_only", "backend": "grayscale_ridge_v1_skeleton_v1", "pixel_length": 43.456, "point_count": 6, "confidence": 0.8008, "review_status": "unreviewed"}, "geometry": {"type": "LineString", "coordinates": [[127.13801262106129, 36.426220140550015], [127.13876682784749, 36.42591279206656], [127.13900251746819, 36.4257206992644], [127.13919106916474, 36.42541335078096], [127.13919106916474, 36.42518283941836], [127.1391439312406, 36.42514442085793]]}}, {"type": "Feature", "properties": {"proposal_id": "visible-line-347", "tile_id": "178-gongju-labels", "sheet_id": "178-gongju", "split": "holdout_test", "proposal_kind": "visible_linework_review_only", "backend": "grayscale_ridge_v1_skeleton_v1", "pixel_length": 24.657, "point_count": 3, "confidence": 0.7588, "review_status": "unreviewed"}, "geometry": {"type": "LineString", "coordinates": [[127.13820117275785, 36.4509232749075], [127.13834258653026, 36.45134587907225], [127.1383897244544, 36.45180690179743]]}}, {"type": "Feature", "properties": {"proposal_id": "visible-line-348", "tile_id": "178-gongju-labels", "sheet_id": "178-gongju", "split": "holdout_test", "proposal_kind": "visible_linework_review_only", "backend": "grayscale_ridge_v1_skeleton_v1", "pixel_length": 74.355, "point_count": 8, "confidence": 0.7528, "review_status": "unreviewed"}, "geometry": {"type": "LineString", "coordinates": [[127.13820117275785, 36.4509232749075], [127.13824831068197, 36.45088485634707], [127.13820117275785, 36.45073118210535], [127.13829544860612, 36.45046225218233], [127.13829544860612, 36.44984755521542], [127.13867255199922, 36.44930969536938], [127.13890824161992, 36.44877183552334], [127.13928534501302, 36.448464487039885]]}}, {"type": "Feature", "properties": {"proposal_id": "visible-line-349", "tile_id": "178-gongju-labels", "sheet_id": "178-gongju", "split": "holdout_test", "proposal_kind": "visible_linework_review_only", "backend": "grayscale_ridge_v1_skeleton_v1", "pixel_length": 30.627, "point_count": 4, "confidence": 0.8011, "review_status": "unreviewed"}, "geometry": {"type": "LineString", "coordinates": [[127.13820117275785, 36.435210083691], [127.13862541407508, 36.435594269295315], [127.13895537954404, 36.435786362097474], [127.13904965539233, 36.43605529202049]]}}, {"type": "Feature", "properties": {"proposal_id": "visible-line-350", "tile_id": "178-gongju-labels", "sheet_id": "178-gongju", "split": "holdout_test", "proposal_kind": "visible_linework_review_only", "backend": "grayscale_ridge_v1_skeleton_v1", "pixel_length": 20.485, "point_count": 4, "confidence": 0.7639, "review_status": "unreviewed"}, "geometry": {"type": "LineString", "coordinates": [[127.13829544860612, 36.43186766893346], [127.13867255199922, 36.43198292461475], [127.13890824161992, 36.43198292461475], [127.1391439312406, 36.43186766893346]]}}, {"type": "Feature", "properties": {"proposal_id": "visible-line-351", "tile_id": "178-gongju-labels", "sheet_id": "178-gongju", "split": "holdout_test", "proposal_kind": "visible_linework_review_only", "backend": "grayscale_ridge_v1_skeleton_v1", "pixel_length": 20.243, "point_count": 3, "confidence": 0.6786, "review_status": "unreviewed"}, "geometry": {"type": "LineString", "coordinates": [[127.13848400030267, 36.431368227647845], [127.13853113822681, 36.43090720492267], [127.13862541407508, 36.430638274999644]]}}, {"type": "Feature", "properties": {"proposal_id": "visible-line-352", "tile_id": "178-gongju-labels", "sheet_id": "178-gongju", "split": "holdout_test", "proposal_kind": "visible_linework_review_only", "backend": "grayscale_ridge_v1_skeleton_v1", "pixel_length": 31.042, "point_count": 6, "confidence": 0.7578, "review_status": "unreviewed"}, "geometry": {"type": "LineString", "coordinates": [[127.13871968992336, 36.428217905692456], [127.13886110369577, 36.42814106857159], [127.13900251746819, 36.427910557209], [127.13928534501302, 36.427680045846415], [127.13937962086129, 36.427487953044256], [127.13956817255784, 36.42733427880253]]}}, {"type": "Feature", "properties": {"proposal_id": "visible-line-353", "tile_id": "178-gongju-labels", "sheet_id": "178-gongju", "split": "holdout_test", "proposal_kind": "visible_linework_review_only", "backend": "grayscale_ridge_v1_skeleton_v1", "pixel_length": 45.87, "point_count": 7, "confidence": 0.7268, "review_status": "unreviewed"}, "geometry": {"type": "LineString", "coordinates": [[127.13881396577163, 36.438898265492426], [127.13909679331647, 36.43916719541545], [127.13956817255784, 36.43920561397588], [127.1397567242544, 36.43932086965717], [127.13989813802681, 36.43951296245933], [127.13999241387509, 36.439820310942785], [127.14018096557164, 36.439973985184515]]}}, {"type": "Feature", "properties": {"proposal_id": "visible-line-354", "tile_id": "178-gongju-labels", "sheet_id": "178-gongju", "split": "holdout_test", "proposal_kind": "visible_linework_review_only", "backend": "grayscale_ridge_v1_skeleton_v1", "pixel_length": 35.113, "point_count": 3, "confidence": 0.6826, "review_status": "unreviewed"}, "geometry": {"type": "LineString", "coordinates": [[127.13890824161992, 36.42383818980326], [127.1397567242544, 36.42452972389103], [127.13999241387509, 36.42479865381405]]}}, {"type": "Feature", "properties": {"proposal_id": "visible-line-355", "tile_id": "178-gongju-labels", "sheet_id": "178-gongju", "split": "holdout_test", "proposal_kind": "visible_linework_review_only", "backend": "grayscale_ridge_v1_skeleton_v1", "pixel_length": 46.113, "point_count": 5, "confidence": 0.7149, "review_status": "unreviewed"}, "geometry": {"type": "LineString", "coordinates": [[127.1391439312406, 36.45572559496145], [127.13933248293715, 36.45557192071973], [127.13966244840611, 36.45553350215929], [127.14065234481302, 36.454880386631956], [127.14084089650957, 36.45484196807153]]}}, {"type": "Feature", "properties": {"proposal_id": "visible-line-356", "tile_id": "178-gongju-labels", "sheet_id": "178-gongju", "split": "holdout_test", "proposal_kind": "visible_linework_review_only", "backend": "grayscale_ridge_v1_skeleton_v1", "pixel_length": 24.213, "point_count": 4, "confidence": 0.6109, "review_status": "unreviewed"}, "geometry": {"type": "LineString", "coordinates": [[127.13919106916474, 36.448272394237726], [127.13956817255784, 36.44800346431471], [127.13970958633026, 36.44781137151255], [127.13994527595095, 36.44761927871039]]}}, {"type": "Feature", "properties": {"proposal_id": "visible-line-357", "tile_id": "178-gongju-labels", "sheet_id": "178-gongju", "split": "holdout_test", "proposal_kind": "visible_linework_review_only", "backend": "grayscale_ridge_v1_skeleton_v1", "pixel_length": 18.314, "point_count": 3, "confidence": 0.7561, "review_status": "unreviewed"}, "geometry": {"type": "LineString", "coordinates": [[127.13923820708888, 36.42867892841764], [127.13937962086129, 36.42852525417591], [127.13961531048199, 36.42810265001116]]}}, {"type": "Feature", "properties": {"proposal_id": "visible-line-358", "tile_id": "178-gongju-labels", "sheet_id": "178-gongju", "split": "holdout_test", "proposal_kind": "visible_linework_review_only", "backend": "grayscale_ridge_v1_skeleton_v1", "pixel_length": 32.556, "point_count": 5, "confidence": 0.7379, "review_status": "unreviewed"}, "geometry": {"type": "LineString", "coordinates": [[127.13933248293715, 36.43140664620827], [127.13942675878543, 36.431176134845686], [127.1397567242544, 36.43086878636223], [127.13985100010267, 36.43071511212051], [127.13985100010267, 36.43033092651619]]}}, {"type": "Feature", "properties": {"proposal_id": "visible-line-359", "tile_id": "178-gongju-labels", "sheet_id": "178-gongju", "split": "holdout_test", "proposal_kind": "visible_linework_review_only", "backend": "grayscale_ridge_v1_skeleton_v1", "pixel_length": 82.497, "point_count": 9, "confidence": 0.7855, "review_status": "unreviewed"}, "geometry": {"type": "LineString", "coordinates": [[127.1395210346337, 36.448272394237726], [127.1401338276475, 36.447734534391685], [127.1403695172682, 36.44761927871039], [127.14069948273716, 36.44758086014996], [127.14079375858543, 36.44777295295212], [127.14046379311647, 36.44838764991902], [127.14041665519233, 36.44873341696291], [127.14051093104061, 36.44892550976507], [127.14084089650957, 36.449156021127656]]}}, {"type": "Feature", "properties": {"proposal_id": "visible-line-360", "tile_id": "178-gongju-labels", "sheet_id": "178-gongju", "split": "holdout_test", "proposal_kind": "visible_linework_review_only", "backend": "grayscale_ridge_v1_skeleton_v1", "pixel_length": 34.698, "point_count": 5, "confidence": 0.8306, "review_status": "unreviewed"}, "geometry": {"type": "LineString", "coordinates": [[127.13956817255784, 36.42706534887951], [127.13985100010267, 36.4271806045608], [127.14041665519233, 36.42671958183563], [127.14055806896474, 36.4266811632752], [127.14079375858543, 36.42648907047304]]}}, {"type": "Feature", "properties": {"proposal_id": "visible-line-361", "tile_id": "178-gongju-labels", "sheet_id": "178-gongju", "split": "holdout_test", "proposal_kind": "visible_linework_review_only", "backend": "grayscale_ridge_v1_skeleton_v1", "pixel_length": 27.728, "point_count": 4, "confidence": 0.7376, "review_status": "unreviewed"}, "geometry": {"type": "LineString", "coordinates": [[127.13970958633026, 36.45664764041181], [127.13994527595095, 36.45660922185137], [127.14074662066129, 36.45630187336792], [127.14084089650957, 36.45630187336792]]}}, {"type": "Feature", "properties": {"proposal_id": "visible-line-362", "tile_id": "178-gongju-labels", "sheet_id": "178-gongju", "split": "holdout_test", "proposal_kind": "visible_linework_review_only", "backend": "grayscale_ridge_v1_skeleton_v1", "pixel_length": 25.142, "point_count": 6, "confidence": 0.6588, "review_status": "unreviewed"}, "geometry": {"type": "LineString", "coordinates": [[127.13999241387509, 36.45257527300606], [127.13999241387509, 36.452344761643474], [127.14018096557164, 36.452152668841315], [127.14027524141991, 36.452152668841315], [127.14051093104061, 36.452344761643474], [127.14055806896474, 36.45246001732477]]}}, {"type": "Feature", "properties": {"proposal_id": "visible-line-363", "tile_id": "178-gongju-labels", "sheet_id": "178-gongju", "split": "holdout_test", "proposal_kind": "visible_linework_review_only", "backend": "grayscale_ridge_v1_skeleton_v1", "pixel_length": 19.071, "point_count": 5, "confidence": 0.7072, "review_status": "unreviewed"}, "geometry": {"type": "LineString", "coordinates": [[127.14003955179922, 36.42241670306729], [127.1401338276475, 36.422531958748586], [127.14032237934406, 36.422531958748586], [127.14046379311647, 36.42260879586945], [127.14079375858543, 36.42264721442988]]}}, {"type": "Feature", "properties": {"proposal_id": "visible-line-364", "tile_id": "178-gongju-labels", "sheet_id": "178-gongju", "split": "holdout_test", "proposal_kind": "visible_linework_review_only", "backend": "grayscale_ridge_v1_skeleton_v1", "pixel_length": 19.485, "point_count": 4, "confidence": 0.7477, "review_status": "unreviewed"}, "geometry": {"type": "LineString", "coordinates": [[127.1401338276475, 36.4338654340759], [127.14032237934406, 36.43363492271331], [127.14065234481302, 36.43363492271331], [127.14079375858543, 36.433750178394604]]}}, {"type": "Feature", "properties": {"proposal_id": "visible-line-365", "tile_id": "178-gongju-labels", "sheet_id": "178-gongju", "split": "holdout_test", "proposal_kind": "visible_linework_review_only", "backend": "grayscale_ridge_v1_skeleton_v1", "pixel_length": 21.728, "point_count": 3, "confidence": 0.8165, "review_status": "unreviewed"}, "geometry": {"type": "LineString", "coordinates": [[127.14027524141991, 36.428947858340656], [127.14046379311647, 36.42852525417591], [127.14074662066129, 36.42829474281332]]}}, {"type": "Feature", "properties": {"proposal_id": "visible-line-366", "tile_id": "178-gongju-labels", "sheet_id": "178-gongju", "split": "holdout_test", "proposal_kind": "visible_linework_review_only", "backend": "grayscale_ridge_v1_skeleton_v1", "pixel_length": 19.071, "point_count": 6, "confidence": 0.5993, "review_status": "unreviewed"}, "geometry": {"type": "LineString", "coordinates": [[127.14041665519233, 36.4466588146996], [127.14046379311647, 36.44638988477658], [127.14055806896474, 36.44631304765572], [127.14069948273716, 36.44635146621615], [127.14069948273716, 36.44650514045788], [127.14065234481302, 36.44654355901831]]}}]}