{
  "type": "FeatureCollection",
  "name": "ink_candidate_proposals_174-cheongyang-mountain",
  "crs": {
    "type": "name",
    "properties": {
      "name": "urn:ogc:def:crs:EPSG::5132"
    }
  },
  "features": [
    {
      "type": "Feature",
      "properties": {
        "proposal_id": "ink-line-1",
        "tile_id": "174-cheongyang-mountain",
        "sheet_id": "174-cheongyang",
        "split": "development",
        "proposal_kind": "visible_linework_review_only",
        "backend": "archaeotrace_ink_v2_centerline",
        "upstream_commit": "7960acddb4e82855e2088fdfdd2244799b63775c",
        "pixel_length": 26.485,
        "point_count": 4,
        "confidence": 1.0,
        "review_status": "unreviewed"
      },
      "geometry": {
        "type": "LineString",
        "coordinates": [
          [
            126.89991828580814,
            36.47752857345936
          ],
          [
            126.90010625444579,
            36.47760517501162
          ],
          [
            126.90081113683698,
            36.47768177656388
          ],
          [
            126.90104609763404,
            36.477758378116135
          ]
        ]
      }
    },
    {
      "type": "Feature",
      "properties": {
        "proposal_id": "ink-line-2",
        "tile_id": "174-cheongyang-mountain",
        "sheet_id": "174-cheongyang",
        "split": "development",
        "proposal_kind": "visible_linework_review_only",
        "backend": "archaeotrace_ink_v2_centerline",
        "upstream_commit": "7960acddb4e82855e2088fdfdd2244799b63775c",
        "pixel_length": 18.657,
        "point_count": 4,
        "confidence": 1.0,
        "review_status": "unreviewed"
      },
      "geometry": {
        "type": "LineString",
        "coordinates": [
          [
            126.89991828580814,
            36.475651835429
          ],
          [
            126.90029422308345,
            36.47572843698126
          ],
          [
            126.9004821917211,
            36.47572843698126
          ],
          [
            126.90071715251815,
            36.475651835429
          ]
        ]
      }
    },
    {
      "type": "Feature",
      "properties": {
        "proposal_id": "ink-line-3",
        "tile_id": "174-cheongyang-mountain",
        "sheet_id": "174-cheongyang",
        "split": "development",
        "proposal_kind": "visible_linework_review_only",
        "backend": "archaeotrace_ink_v2_centerline",
        "upstream_commit": "7960acddb4e82855e2088fdfdd2244799b63775c",
        "pixel_length": 22.899,
        "point_count": 5,
        "confidence": 1.0,
        "review_status": "unreviewed"
      },
      "geometry": {
        "type": "LineString",
        "coordinates": [
          [
            126.90005926228638,
            36.45225006121364
          ],
          [
            126.90043519956168,
            36.45225006121364
          ],
          [
            126.90052918388051,
            36.452326662765905
          ],
          [
            126.90062316819933,
            36.452326662765905
          ],
          [
            126.90085812899639,
            36.452020256556864
          ]
        ]
      }
    },
    {
      "type": "Feature",
      "properties": {
        "proposal_id": "ink-line-4",
        "tile_id": "174-cheongyang-mountain",
        "sheet_id": "174-cheongyang",
        "split": "development",
        "proposal_kind": "visible_linework_review_only",
        "backend": "archaeotrace_ink_v2_centerline",
        "upstream_commit": "7960acddb4e82855e2088fdfdd2244799b63775c",
        "pixel_length": 24.243,
        "point_count": 5,
        "confidence": 1.0,
        "review_status": "unreviewed"
      },
      "geometry": {
        "type": "LineString",
        "coordinates": [
          [
            126.9001532466052,
            36.48557173644663
          ],
          [
            126.90020023876461,
            36.48561003722276
          ],
          [
            126.90038820740227,
            36.48561003722276
          ],
          [
            126.90067016035874,
            36.485533435670504
          ],
          [
            126.90123406627168,
            36.485533435670504
          ]
        ]
      }
    },
    {
      "type": "Feature",
      "properties": {
        "proposal_id": "ink-line-5",
        "tile_id": "174-cheongyang-mountain",
        "sheet_id": "174-cheongyang",
        "split": "development",
        "proposal_kind": "visible_linework_review_only",
        "backend": "archaeotrace_ink_v2_centerline",
        "upstream_commit": "7960acddb4e82855e2088fdfdd2244799b63775c",
        "pixel_length": 19.657,
        "point_count": 4,
        "confidence": 1.0,
        "review_status": "unreviewed"
      },
      "geometry": {
        "type": "LineString",
        "coordinates": [
          [
            126.90024723092402,
            36.47285587877151
          ],
          [
            126.90034121524286,
            36.472702675666994
          ],
          [
            126.90034121524286,
            36.47228136712957
          ],
          [
            126.90024723092402,
            36.47216646480118
          ]
        ]
      }
    },
    {
      "type": "Feature",
      "properties": {
        "proposal_id": "ink-line-6",
        "tile_id": "174-cheongyang-mountain",
        "sheet_id": "174-cheongyang",
        "split": "development",
        "proposal_kind": "visible_linework_review_only",
        "backend": "archaeotrace_ink_v2_centerline",
        "upstream_commit": "7960acddb4e82855e2088fdfdd2244799b63775c",
        "pixel_length": 18.243,
        "point_count": 4,
        "confidence": 1.0,
        "review_status": "unreviewed"
      },
      "geometry": {
        "type": "LineString",
        "coordinates": [
          [
            126.90029422308345,
            36.45339908449754
          ],
          [
            126.90057617603992,
            36.45332248294528
          ],
          [
            126.90104609763404,
            36.45332248294528
          ],
          [
            126.90109308979345,
            36.45336078372141
          ]
        ]
      }
    },
    {
      "type": "Feature",
      "properties": {
        "proposal_id": "ink-line-7",
        "tile_id": "174-cheongyang-mountain",
        "sheet_id": "174-cheongyang",
        "split": "development",
        "proposal_kind": "visible_linework_review_only",
        "backend": "archaeotrace_ink_v2_centerline",
        "upstream_commit": "7960acddb4e82855e2088fdfdd2244799b63775c",
        "pixel_length": 23.485,
        "point_count": 4,
        "confidence": 1.0,
        "review_status": "unreviewed"
      },
      "geometry": {
        "type": "LineString",
        "coordinates": [
          [
            126.90062316819933,
            36.47427300748832
          ],
          [
            126.90067016035874,
            36.47465601524962
          ],
          [
            126.9009051211558,
            36.474962421458656
          ],
          [
            126.9009051211558,
            36.47507732378705
          ]
        ]
      }
    },
    {
      "type": "Feature",
      "properties": {
        "proposal_id": "ink-line-8",
        "tile_id": "174-cheongyang-mountain",
        "sheet_id": "174-cheongyang",
        "split": "development",
        "proposal_kind": "visible_linework_review_only",
        "backend": "archaeotrace_ink_v2_centerline",
        "upstream_commit": "7960acddb4e82855e2088fdfdd2244799b63775c",
        "pixel_length": 44.728,
        "point_count": 9,
        "confidence": 1.0,
        "review_status": "unreviewed"
      },
      "geometry": {
        "type": "LineString",
        "coordinates": [
          [
            126.90067016035874,
            36.48725697059635
          ],
          [
            126.90076414467757,
            36.487486775253124
          ],
          [
            126.90076414467757,
            36.48771657990991
          ],
          [
            126.9009051211558,
            36.487869783014425
          ],
          [
            126.90099910547463,
            36.48790808379056
          ],
          [
            126.90161000354699,
            36.48790808379056
          ],
          [
            126.90184496434405,
            36.487984685342816
          ],
          [
            126.9020329329817,
            36.487984685342816
          ],
          [
            126.90207992514111,
            36.48794638456668
          ]
        ]
      }
    },
    {
      "type": "Feature",
      "properties": {
        "proposal_id": "ink-line-9",
        "tile_id": "174-cheongyang-mountain",
        "sheet_id": "174-cheongyang",
        "split": "development",
        "proposal_kind": "visible_linework_review_only",
        "backend": "archaeotrace_ink_v2_centerline",
        "upstream_commit": "7960acddb4e82855e2088fdfdd2244799b63775c",
        "pixel_length": 22.142,
        "point_count": 4,
        "confidence": 1.0,
        "review_status": "unreviewed"
      },
      "geometry": {
        "type": "LineString",
        "coordinates": [
          [
            126.90067016035874,
            36.478332889758086
          ],
          [
            126.90043519956168,
            36.47829458898195
          ],
          [
            126.90038820740227,
            36.478409491310344
          ],
          [
            126.90081113683698,
            36.47875419829551
          ]
        ]
      }
    },
    {
      "type": "Feature",
      "properties": {
        "proposal_id": "ink-line-10",
        "tile_id": "174-cheongyang-mountain",
        "sheet_id": "174-cheongyang",
        "split": "development",
        "proposal_kind": "visible_linework_review_only",
        "backend": "archaeotrace_ink_v2_centerline",
        "upstream_commit": "7960acddb4e82855e2088fdfdd2244799b63775c",
        "pixel_length": 43.314,
        "point_count": 6,
        "confidence": 1.0,
        "review_status": "unreviewed"
      },
      "geometry": {
        "type": "LineString",
        "coordinates": [
          [
            126.90067016035874,
            36.46171035291772
          ],
          [
            126.90099910547463,
            36.46159545058933
          ],
          [
            126.90142203490934,
            36.46159545058933
          ],
          [
            126.90184496434405,
            36.46171035291772
          ],
          [
            126.90236187809758,
            36.46171035291772
          ],
          [
            126.90254984673524,
            36.46163375136546
          ]
        ]
      }
    },
    {
      "type": "Feature",
      "properties": {
        "proposal_id": "ink-line-11",
        "tile_id": "174-cheongyang-mountain",
        "sheet_id": "174-cheongyang",
        "split": "development",
        "proposal_kind": "visible_linework_review_only",
        "backend": "archaeotrace_ink_v2_centerline",
        "upstream_commit": "7960acddb4e82855e2088fdfdd2244799b63775c",
        "pixel_length": 22.657,
        "point_count": 4,
        "confidence": 1.0,
        "review_status": "unreviewed"
      },
      "geometry": {
        "type": "LineString",
        "coordinates": [
          [
            126.90071715251815,
            36.460561329633826
          ],
          [
            126.90081113683698,
            36.460637931186085
          ],
          [
            126.90114008195286,
            36.46071453273834
          ],
          [
            126.90170398786582,
            36.46071453273834
          ]
        ]
      }
    },
    {
      "type": "Feature",
      "properties": {
        "proposal_id": "ink-line-12",
        "tile_id": "174-cheongyang-mountain",
        "sheet_id": "174-cheongyang",
        "split": "development",
        "proposal_kind": "visible_linework_review_only",
        "backend": "archaeotrace_ink_v2_centerline",
        "upstream_commit": "7960acddb4e82855e2088fdfdd2244799b63775c",
        "pixel_length": 26.485,
        "point_count": 6,
        "confidence": 1.0,
        "review_status": "unreviewed"
      },
      "geometry": {
        "type": "LineString",
        "coordinates": [
          [
            126.90076414467757,
            36.47090253918889
          ],
          [
            126.90085812899639,
            36.47082593763663
          ],
          [
            126.90109308979345,
            36.47082593763663
          ],
          [
            126.9012810584311,
            36.47090253918889
          ],
          [
            126.90170398786582,
            36.47090253918889
          ],
          [
            126.90189195650346,
            36.47082593763663
          ]
        ]
      }
    },
    {
      "type": "Feature",
      "properties": {
        "proposal_id": "ink-line-13",
        "tile_id": "174-cheongyang-mountain",
        "sheet_id": "174-cheongyang",
        "split": "development",
        "proposal_kind": "visible_linework_review_only",
        "backend": "archaeotrace_ink_v2_centerline",
        "upstream_commit": "7960acddb4e82855e2088fdfdd2244799b63775c",
        "pixel_length": 21.314,
        "point_count": 4,
        "confidence": 1.0,
        "review_status": "unreviewed"
      },
      "geometry": {
        "type": "LineString",
        "coordinates": [
          [
            126.9009051211558,
            36.476839159489025
          ],
          [
            126.90099910547463,
            36.476839159489025
          ],
          [
            126.90146902706876,
            36.4770689641458
          ],
          [
            126.90175098002523,
            36.47714556569806
          ]
        ]
      }
    },
    {
      "type": "Feature",
      "properties": {
        "proposal_id": "ink-line-14",
        "tile_id": "174-cheongyang-mountain",
        "sheet_id": "174-cheongyang",
        "split": "development",
        "proposal_kind": "visible_linework_review_only",
        "backend": "archaeotrace_ink_v2_centerline",
        "upstream_commit": "7960acddb4e82855e2088fdfdd2244799b63775c",
        "pixel_length": 27.657,
        "point_count": 4,
        "confidence": 1.0,
        "review_status": "unreviewed"
      },
      "geometry": {
        "type": "LineString",
        "coordinates": [
          [
            126.9009051211558,
            36.46339558706744
          ],
          [
            126.9009051211558,
            36.46266787232097
          ],
          [
            126.90095211331521,
            36.46255296999258
          ],
          [
            126.90114008195286,
            36.46243806766419
          ]
        ]
      }
    },
    {
      "type": "Feature",
      "properties": {
        "proposal_id": "ink-line-15",
        "tile_id": "174-cheongyang-mountain",
        "sheet_id": "174-cheongyang",
        "split": "development",
        "proposal_kind": "visible_linework_review_only",
        "backend": "archaeotrace_ink_v2_centerline",
        "upstream_commit": "7960acddb4e82855e2088fdfdd2244799b63775c",
        "pixel_length": 22.243,
        "point_count": 5,
        "confidence": 1.0,
        "review_status": "unreviewed"
      },
      "geometry": {
        "type": "LineString",
        "coordinates": [
          [
            126.90118707411227,
            36.46339558706744
          ],
          [
            126.90114008195286,
            36.463855196381
          ],
          [
            126.90118707411227,
            36.46389349715712
          ],
          [
            126.90118707411227,
            36.46416160259003
          ],
          [
            126.90123406627168,
            36.464199903366165
          ]
        ]
      }
    },
    {
      "type": "Feature",
      "properties": {
        "proposal_id": "ink-line-16",
        "tile_id": "174-cheongyang-mountain",
        "sheet_id": "174-cheongyang",
        "split": "development",
        "proposal_kind": "visible_linework_review_only",
        "backend": "archaeotrace_ink_v2_centerline",
        "upstream_commit": "7960acddb4e82855e2088fdfdd2244799b63775c",
        "pixel_length": 23.071,
        "point_count": 4,
        "confidence": 1.0,
        "review_status": "unreviewed"
      },
      "geometry": {
        "type": "LineString",
        "coordinates": [
          [
            126.90132805059051,
            36.48549513489437
          ],
          [
            126.90142203490934,
            36.48538023256598
          ],
          [
            126.90137504274993,
            36.48480572092404
          ],
          [
            126.90146902706876,
            36.484690818595645
          ]
        ]
      }
    },
    {
      "type": "Feature",
      "properties": {
        "proposal_id": "ink-line-17",
        "tile_id": "174-cheongyang-mountain",
        "sheet_id": "174-cheongyang",
        "split": "development",
        "proposal_kind": "visible_linework_review_only",
        "backend": "archaeotrace_ink_v2_centerline",
        "upstream_commit": "7960acddb4e82855e2088fdfdd2244799b63775c",
        "pixel_length": 29.142,
        "point_count": 5,
        "confidence": 1.0,
        "review_status": "unreviewed"
      },
      "geometry": {
        "type": "LineString",
        "coordinates": [
          [
            126.90146902706876,
            36.451828752676214
          ],
          [
            126.90151601922817,
            36.45209685810912
          ],
          [
            126.90170398786582,
            36.452326662765905
          ],
          [
            126.90193894866287,
            36.452326662765905
          ],
          [
            126.90222090161934,
            36.45209685810912
          ]
        ]
      }
    },
    {
      "type": "Feature",
      "properties": {
        "proposal_id": "ink-line-18",
        "tile_id": "174-cheongyang-mountain",
        "sheet_id": "174-cheongyang",
        "split": "development",
        "proposal_kind": "visible_linework_review_only",
        "backend": "archaeotrace_ink_v2_centerline",
        "upstream_commit": "7960acddb4e82855e2088fdfdd2244799b63775c",
        "pixel_length": 27.243,
        "point_count": 3,
        "confidence": 1.0,
        "review_status": "unreviewed"
      },
      "geometry": {
        "type": "LineString",
        "coordinates": [
          [
            126.90156301138758,
            36.462782774649355
          ],
          [
            126.9016569957064,
            36.46293597775388
          ],
          [
            126.90170398786582,
            36.46377859482873
          ]
        ]
      }
    },
    {
      "type": "Feature",
      "properties": {
        "proposal_id": "ink-line-19",
        "tile_id": "174-cheongyang-mountain",
        "sheet_id": "174-cheongyang",
        "split": "development",
        "proposal_kind": "visible_linework_review_only",
        "backend": "archaeotrace_ink_v2_centerline",
        "upstream_commit": "7960acddb4e82855e2088fdfdd2244799b63775c",
        "pixel_length": 20.071,
        "point_count": 4,
        "confidence": 1.0,
        "review_status": "unreviewed"
      },
      "geometry": {
        "type": "LineString",
        "coordinates": [
          [
            126.90161000354699,
            36.4715536523831
          ],
          [
            126.90184496434405,
            36.47151535160697
          ],
          [
            126.90231488593817,
            36.471668554711485
          ],
          [
            126.90245586241642,
            36.471668554711485
          ]
        ]
      }
    },
    {
      "type": "Feature",
      "properties": {
        "proposal_id": "ink-line-20",
        "tile_id": "174-cheongyang-mountain",
        "sheet_id": "174-cheongyang",
        "split": "development",
        "proposal_kind": "visible_linework_review_only",
        "backend": "archaeotrace_ink_v2_centerline",
        "upstream_commit": "7960acddb4e82855e2088fdfdd2244799b63775c",
        "pixel_length": 22.243,
        "point_count": 4,
        "confidence": 1.0,
        "review_status": "unreviewed"
      },
      "geometry": {
        "type": "LineString",
        "coordinates": [
          [
            126.90161000354699,
            36.46921730503917
          ],
          [
            126.90170398786582,
            36.46940880891982
          ],
          [
            126.90170398786582,
            36.469906719009515
          ],
          [
            126.90175098002523,
            36.47002162133791
          ]
        ]
      }
    },
    {
      "type": "Feature",
      "properties": {
        "proposal_id": "ink-line-21",
        "tile_id": "174-cheongyang-mountain",
        "sheet_id": "174-cheongyang",
        "split": "development",
        "proposal_kind": "visible_linework_review_only",
        "backend": "archaeotrace_ink_v2_centerline",
        "upstream_commit": "7960acddb4e82855e2088fdfdd2244799b63775c",
        "pixel_length": 18.314,
        "point_count": 4,
        "confidence": 1.0,
        "review_status": "unreviewed"
      },
      "geometry": {
        "type": "LineString",
        "coordinates": [
          [
            126.9016569957064,
            36.46879599650175
          ],
          [
            126.90175098002523,
            36.46875769572562
          ],
          [
            126.90207992514111,
            36.46879599650175
          ],
          [
            126.90236187809758,
            36.46902580115853
          ]
        ]
      }
    },
    {
      "type": "Feature",
      "properties": {
        "proposal_id": "ink-line-22",
        "tile_id": "174-cheongyang-mountain",
        "sheet_id": "174-cheongyang",
        "split": "development",
        "proposal_kind": "visible_linework_review_only",
        "backend": "archaeotrace_ink_v2_centerline",
        "upstream_commit": "7960acddb4e82855e2088fdfdd2244799b63775c",
        "pixel_length": 21.657,
        "point_count": 3,
        "confidence": 1.0,
        "review_status": "unreviewed"
      },
      "geometry": {
        "type": "LineString",
        "coordinates": [
          [
            126.90207992514111,
            36.48522702946146
          ],
          [
            126.90264383105406,
            36.48518872868534
          ],
          [
            126.90301976832936,
            36.48530363101372
          ]
        ]
      }
    },
    {
      "type": "Feature",
      "properties": {
        "proposal_id": "ink-line-23",
        "tile_id": "174-cheongyang-mountain",
        "sheet_id": "174-cheongyang",
        "split": "development",
        "proposal_kind": "visible_linework_review_only",
        "backend": "archaeotrace_ink_v2_centerline",
        "upstream_commit": "7960acddb4e82855e2088fdfdd2244799b63775c",
        "pixel_length": 20.899,
        "point_count": 6,
        "confidence": 1.0,
        "review_status": "unreviewed"
      },
      "geometry": {
        "type": "LineString",
        "coordinates": [
          [
            126.90222090161934,
            36.462974278530005
          ],
          [
            126.90231488593817,
            36.462974278530005
          ],
          [
            126.90245586241642,
            36.4630891808584
          ],
          [
            126.90259683889465,
            36.463050880082264
          ],
          [
            126.90269082321348,
            36.462974278530005
          ],
          [
            126.90273781537289,
            36.46266787232097
          ]
        ]
      }
    },
    {
      "type": "Feature",
      "properties": {
        "proposal_id": "ink-line-24",
        "tile_id": "174-cheongyang-mountain",
        "sheet_id": "174-cheongyang",
        "split": "development",
        "proposal_kind": "visible_linework_review_only",
        "backend": "archaeotrace_ink_v2_centerline",
        "upstream_commit": "7960acddb4e82855e2088fdfdd2244799b63775c",
        "pixel_length": 22.485,
        "point_count": 4,
        "confidence": 1.0,
        "review_status": "unreviewed"
      },
      "geometry": {
        "type": "LineString",
        "coordinates": [
          [
            126.90231488593817,
            36.460561329633826
          ],
          [
            126.90269082321348,
            36.46048472808157
          ],
          [
            126.90292578401053,
            36.46048472808157
          ],
          [
            126.90325472912642,
            36.460637931186085
          ]
        ]
      }
    },
    {
      "type": "Feature",
      "properties": {
        "proposal_id": "ink-line-25",
        "tile_id": "174-cheongyang-mountain",
        "sheet_id": "174-cheongyang",
        "split": "development",
        "proposal_kind": "visible_linework_review_only",
        "backend": "archaeotrace_ink_v2_centerline",
        "upstream_commit": "7960acddb4e82855e2088fdfdd2244799b63775c",
        "pixel_length": 28.314,
        "point_count": 3,
        "confidence": 1.0,
        "review_status": "unreviewed"
      },
      "geometry": {
        "type": "LineString",
        "coordinates": [
          [
            126.90245586241642,
            36.4829672836698
          ],
          [
            126.90259683889465,
            36.48239277202785
          ],
          [
            126.90283179969171,
            36.48200976426656
          ]
        ]
      }
    },
    {
      "type": "Feature",
      "properties": {
        "proposal_id": "ink-line-26",
        "tile_id": "174-cheongyang-mountain",
        "sheet_id": "174-cheongyang",
        "split": "development",
        "proposal_kind": "visible_linework_review_only",
        "backend": "archaeotrace_ink_v2_centerline",
        "upstream_commit": "7960acddb4e82855e2088fdfdd2244799b63775c",
        "pixel_length": 49.385,
        "point_count": 9,
        "confidence": 1.0,
        "review_status": "unreviewed"
      },
      "geometry": {
        "type": "LineString",
        "coordinates": [
          [
            126.90292578401053,
            36.45443320545304
          ],
          [
            126.9027848075323,
            36.454280002348526
          ],
          [
            126.9027848075323,
            36.454165100020134
          ],
          [
            126.90287879185112,
            36.454088498467875
          ],
          [
            126.90330172128583,
            36.453973596139484
          ],
          [
            126.90381863503937,
            36.45393529536336
          ],
          [
            126.90405359583643,
            36.45382039303497
          ],
          [
            126.90405359583643,
            36.4534756860498
          ],
          [
            126.90400660367702,
            36.453437385273666
          ]
        ]
      }
    },
    {
      "type": "Feature",
      "properties": {
        "proposal_id": "ink-line-27",
        "tile_id": "174-cheongyang-mountain",
        "sheet_id": "174-cheongyang",
        "split": "development",
        "proposal_kind": "visible_linework_review_only",
        "backend": "archaeotrace_ink_v2_centerline",
        "upstream_commit": "7960acddb4e82855e2088fdfdd2244799b63775c",
        "pixel_length": 19.657,
        "point_count": 5,
        "confidence": 1.0,
        "review_status": "unreviewed"
      },
      "geometry": {
        "type": "LineString",
        "coordinates": [
          [
            126.90311375264818,
            36.4822012681472
          ],
          [
            126.9031607448076,
            36.48212466659494
          ],
          [
            126.90334871344524,
            36.48204806504268
          ],
          [
            126.90386562719878,
            36.48204806504268
          ],
          [
            126.9039126193582,
            36.482086365818816
          ]
        ]
      }
    },
    {
      "type": "Feature",
      "properties": {
        "proposal_id": "ink-line-28",
        "tile_id": "174-cheongyang-mountain",
        "sheet_id": "174-cheongyang",
        "split": "development",
        "proposal_kind": "visible_linework_review_only",
        "backend": "archaeotrace_ink_v2_centerline",
        "upstream_commit": "7960acddb4e82855e2088fdfdd2244799b63775c",
        "pixel_length": 22.556,
        "point_count": 5,
        "confidence": 1.0,
        "review_status": "unreviewed"
      },
      "geometry": {
        "type": "LineString",
        "coordinates": [
          [
            126.90372465072055,
            36.455390724856294
          ],
          [
            126.9039596115176,
            36.4552758225279
          ],
          [
            126.90414758015525,
            36.45508431864725
          ],
          [
            126.90410058799584,
            36.454931115542735
          ],
          [
            126.9039126193582,
            36.45481621321434
          ]
        ]
      }
    },
    {
      "type": "Feature",
      "properties": {
        "proposal_id": "ink-line-29",
        "tile_id": "174-cheongyang-mountain",
        "sheet_id": "174-cheongyang",
        "split": "development",
        "proposal_kind": "visible_linework_review_only",
        "backend": "archaeotrace_ink_v2_centerline",
        "upstream_commit": "7960acddb4e82855e2088fdfdd2244799b63775c",
        "pixel_length": 18.071,
        "point_count": 4,
        "confidence": 1.0,
        "review_status": "unreviewed"
      },
      "geometry": {
        "type": "LineString",
        "coordinates": [
          [
            126.90377164287996,
            36.48315878755045
          ],
          [
            126.9039126193582,
            36.48315878755045
          ],
          [
            126.90438254095231,
            36.4833502914311
          ],
          [
            126.90452351743055,
            36.4833502914311
          ]
        ]
      }
    },
    {
      "type": "Feature",
      "properties": {
        "proposal_id": "ink-line-30",
        "tile_id": "174-cheongyang-mountain",
        "sheet_id": "174-cheongyang",
        "split": "development",
        "proposal_kind": "visible_linework_review_only",
        "backend": "archaeotrace_ink_v2_centerline",
        "upstream_commit": "7960acddb4e82855e2088fdfdd2244799b63775c",
        "pixel_length": 22.243,
        "point_count": 4,
        "confidence": 1.0,
        "review_status": "unreviewed"
      },
      "geometry": {
        "type": "LineString",
        "coordinates": [
          [
            126.90381863503937,
            36.48174165883365
          ],
          [
            126.90419457231467,
            36.48174165883365
          ],
          [
            126.90447652527114,
            36.48162675650526
          ],
          [
            126.90480547038703,
            36.48162675650526
          ]
        ]
      }
    },
    {
      "type": "Feature",
      "properties": {
        "proposal_id": "ink-line-31",
        "tile_id": "174-cheongyang-mountain",
        "sheet_id": "174-cheongyang",
        "split": "development",
        "proposal_kind": "visible_linework_review_only",
        "backend": "archaeotrace_ink_v2_centerline",
        "upstream_commit": "7960acddb4e82855e2088fdfdd2244799b63775c",
        "pixel_length": 18.899,
        "point_count": 5,
        "confidence": 1.0,
        "review_status": "unreviewed"
      },
      "geometry": {
        "type": "LineString",
        "coordinates": [
          [
            126.90424156447408,
            36.48522702946146
          ],
          [
            126.90457050958997,
            36.48503552558081
          ],
          [
            126.90475847822762,
            36.48499722480469
          ],
          [
            126.90480547038703,
            36.48503552558081
          ],
          [
            126.90499343902468,
            36.48503552558081
          ]
        ]
      }
    },
    {
      "type": "Feature",
      "properties": {
        "proposal_id": "ink-line-32",
        "tile_id": "174-cheongyang-mountain",
        "sheet_id": "174-cheongyang",
        "split": "development",
        "proposal_kind": "visible_linework_review_only",
        "backend": "archaeotrace_ink_v2_centerline",
        "upstream_commit": "7960acddb4e82855e2088fdfdd2244799b63775c",
        "pixel_length": 18.657,
        "point_count": 6,
        "confidence": 1.0,
        "review_status": "unreviewed"
      },
      "geometry": {
        "type": "LineString",
        "coordinates": [
          [
            126.90428855663349,
            36.4729707810999
          ],
          [
            126.90461750174939,
            36.4729707810999
          ],
          [
            126.9046644939088,
            36.47293248032378
          ],
          [
            126.90471148606821,
            36.472817577995386
          ],
          [
            126.90461750174939,
            36.472702675666994
          ],
          [
            126.90461750174939,
            36.4725877733386
          ]
        ]
      }
    },
    {
      "type": "Feature",
      "properties": {
        "proposal_id": "ink-line-33",
        "tile_id": "174-cheongyang-mountain",
        "sheet_id": "174-cheongyang",
        "split": "development",
        "proposal_kind": "visible_linework_review_only",
        "backend": "archaeotrace_ink_v2_centerline",
        "upstream_commit": "7960acddb4e82855e2088fdfdd2244799b63775c",
        "pixel_length": 23.314,
        "point_count": 6,
        "confidence": 1.0,
        "review_status": "unreviewed"
      },
      "geometry": {
        "type": "LineString",
        "coordinates": [
          [
            126.9043355487929,
            36.469983320561774
          ],
          [
            126.90452351743055,
            36.470098222890165
          ],
          [
            126.9046644939088,
            36.470098222890165
          ],
          [
            126.90475847822762,
            36.47002162133791
          ],
          [
            126.90471148606821,
            36.469715215128865
          ],
          [
            126.90461750174939,
            36.46960031280047
          ]
        ]
      }
    },
    {
      "type": "Feature",
      "properties": {
        "proposal_id": "ink-line-34",
        "tile_id": "174-cheongyang-mountain",
        "sheet_id": "174-cheongyang",
        "split": "development",
        "proposal_kind": "visible_linework_review_only",
        "backend": "archaeotrace_ink_v2_centerline",
        "upstream_commit": "7960acddb4e82855e2088fdfdd2244799b63775c",
        "pixel_length": 18.071,
        "point_count": 4,
        "confidence": 1.0,
        "review_status": "unreviewed"
      },
      "geometry": {
        "type": "LineString",
        "coordinates": [
          [
            126.90457050958997,
            36.46753207088946
          ],
          [
            126.90461750174939,
            36.46760867244172
          ],
          [
            126.90504043118409,
            36.46764697321785
          ],
          [
            126.90527539198115,
            36.467761875546245
          ]
        ]
      }
    },
    {
      "type": "Feature",
      "properties": {
        "proposal_id": "ink-line-35",
        "tile_id": "174-cheongyang-mountain",
        "sheet_id": "174-cheongyang",
        "split": "development",
        "proposal_kind": "visible_linework_review_only",
        "backend": "archaeotrace_ink_v2_centerline",
        "upstream_commit": "7960acddb4e82855e2088fdfdd2244799b63775c",
        "pixel_length": 20.657,
        "point_count": 3,
        "confidence": 1.0,
        "review_status": "unreviewed"
      },
      "geometry": {
        "type": "LineString",
        "coordinates": [
          [
            126.90480547038703,
            36.46435310647068
          ],
          [
            126.90527539198115,
            36.46431480569455
          ],
          [
            126.90569832141587,
            36.46442970802294
          ]
        ]
      }
    },
    {
      "type": "Feature",
      "properties": {
        "proposal_id": "ink-line-36",
        "tile_id": "174-cheongyang-mountain",
        "sheet_id": "174-cheongyang",
        "split": "development",
        "proposal_kind": "visible_linework_review_only",
        "backend": "archaeotrace_ink_v2_centerline",
        "upstream_commit": "7960acddb4e82855e2088fdfdd2244799b63775c",
        "pixel_length": 22.485,
        "point_count": 6,
        "confidence": 1.0,
        "review_status": "unreviewed"
      },
      "geometry": {
        "type": "LineString",
        "coordinates": [
          [
            126.90480547038703,
            36.45439490467692
          ],
          [
            126.90485246254644,
            36.454356603900784
          ],
          [
            126.90522839982174,
            36.454356603900784
          ],
          [
            126.90536937629997,
            36.454280002348526
          ],
          [
            126.90536937629997,
            36.454088498467875
          ],
          [
            126.90522839982174,
            36.453973596139484
          ]
        ]
      }
    },
    {
      "type": "Feature",
      "properties": {
        "proposal_id": "ink-line-37",
        "tile_id": "174-cheongyang-mountain",
        "sheet_id": "174-cheongyang",
        "split": "development",
        "proposal_kind": "visible_linework_review_only",
        "backend": "archaeotrace_ink_v2_centerline",
        "upstream_commit": "7960acddb4e82855e2088fdfdd2244799b63775c",
        "pixel_length": 40.142,
        "point_count": 9,
        "confidence": 1.0,
        "review_status": "unreviewed"
      },
      "geometry": {
        "type": "LineString",
        "coordinates": [
          [
            126.90513441550291,
            36.46243806766419
          ],
          [
            126.90518140766233,
            36.46239976688806
          ],
          [
            126.90518140766233,
            36.46224656378354
          ],
          [
            126.90536937629997,
            36.46209336067902
          ],
          [
            126.90551035277821,
            36.46205505990289
          ],
          [
            126.90555734493762,
            36.46209336067902
          ],
          [
            126.9058392978941,
            36.46209336067902
          ],
          [
            126.90612125085057,
            36.46216996223128
          ],
          [
            126.9066381646041,
            36.46220826300741
          ]
        ]
      }
    },
    {
      "type": "Feature",
      "properties": {
        "proposal_id": "ink-line-38",
        "tile_id": "174-cheongyang-mountain",
        "sheet_id": "174-cheongyang",
        "split": "development",
        "proposal_kind": "visible_linework_review_only",
        "backend": "archaeotrace_ink_v2_centerline",
        "upstream_commit": "7960acddb4e82855e2088fdfdd2244799b63775c",
        "pixel_length": 32.899,
        "point_count": 6,
        "confidence": 1.0,
        "review_status": "unreviewed"
      },
      "geometry": {
        "type": "LineString",
        "coordinates": [
          [
            126.90518140766233,
            36.488903903969934
          ],
          [
            126.90527539198115,
            36.489095407850584
          ],
          [
            126.90522839982174,
            36.48940181405962
          ],
          [
            126.90518140766233,
            36.48944011483575
          ],
          [
            126.90518140766233,
            36.48978482182092
          ],
          [
            126.90532238414056,
            36.49005292725383
          ]
        ]
      }
    },
    {
      "type": "Feature",
      "properties": {
        "proposal_id": "ink-line-39",
        "tile_id": "174-cheongyang-mountain",
        "sheet_id": "174-cheongyang",
        "split": "development",
        "proposal_kind": "visible_linework_review_only",
        "backend": "archaeotrace_ink_v2_centerline",
        "upstream_commit": "7960acddb4e82855e2088fdfdd2244799b63775c",
        "pixel_length": 20.071,
        "point_count": 6,
        "confidence": 1.0,
        "review_status": "unreviewed"
      },
      "geometry": {
        "type": "LineString",
        "coordinates": [
          [
            126.90532238414056,
            36.465770235187485
          ],
          [
            126.90532238414056,
            36.46592343829201
          ],
          [
            126.90536937629997,
            36.465961739068135
          ],
          [
            126.90555734493762,
            36.465961739068135
          ],
          [
            126.90560433709703,
            36.46592343829201
          ],
          [
            126.90598027437234,
            36.46603834062039
          ]
        ]
      }
    },
    {
      "type": "Feature",
      "properties": {
        "proposal_id": "ink-line-40",
        "tile_id": "174-cheongyang-mountain",
        "sheet_id": "174-cheongyang",
        "split": "development",
        "proposal_kind": "visible_linework_review_only",
        "backend": "archaeotrace_ink_v2_centerline",
        "upstream_commit": "7960acddb4e82855e2088fdfdd2244799b63775c",
        "pixel_length": 38.071,
        "point_count": 5,
        "confidence": 1.0,
        "review_status": "unreviewed"
      },
      "geometry": {
        "type": "LineString",
        "coordinates": [
          [
            126.90541636845938,
            36.451177639482005
          ],
          [
            126.90541636845938,
            36.45133084258652
          ],
          [
            126.90560433709703,
            36.451752151123955
          ],
          [
            126.90560433709703,
            36.45247986587042
          ],
          [
            126.90565132925646,
            36.45255646742268
          ]
        ]
      }
    },
    {
      "type": "Feature",
      "properties": {
        "proposal_id": "ink-line-41",
        "tile_id": "174-cheongyang-mountain",
        "sheet_id": "174-cheongyang",
        "split": "development",
        "proposal_kind": "visible_linework_review_only",
        "backend": "archaeotrace_ink_v2_centerline",
        "upstream_commit": "7960acddb4e82855e2088fdfdd2244799b63775c",
        "pixel_length": 20.243,
        "point_count": 3,
        "confidence": 1.0,
        "review_status": "unreviewed"
      },
      "geometry": {
        "type": "LineString",
        "coordinates": [
          [
            126.90574531357528,
            36.479175506832945
          ],
          [
            126.90569832141587,
            36.47959681537037
          ],
          [
            126.90579230573469,
            36.47990322157941
          ]
        ]
      }
    },
    {
      "type": "Feature",
      "properties": {
        "proposal_id": "ink-line-42",
        "tile_id": "174-cheongyang-mountain",
        "sheet_id": "174-cheongyang",
        "split": "development",
        "proposal_kind": "visible_linework_review_only",
        "backend": "archaeotrace_ink_v2_centerline",
        "upstream_commit": "7960acddb4e82855e2088fdfdd2244799b63775c",
        "pixel_length": 22.657,
        "point_count": 5,
        "confidence": 1.0,
        "review_status": "unreviewed"
      },
      "geometry": {
        "type": "LineString",
        "coordinates": [
          [
            126.90579230573469,
            36.47825628820583
          ],
          [
            126.9058392978941,
            36.478217987429694
          ],
          [
            126.9062152351694,
            36.47825628820583
          ],
          [
            126.90626222732881,
            36.478217987429694
          ],
          [
            126.90677914108235,
            36.47817968665357
          ]
        ]
      }
    },
    {
      "type": "Feature",
      "properties": {
        "proposal_id": "ink-line-43",
        "tile_id": "174-cheongyang-mountain",
        "sheet_id": "174-cheongyang",
        "split": "development",
        "proposal_kind": "visible_linework_review_only",
        "backend": "archaeotrace_ink_v2_centerline",
        "upstream_commit": "7960acddb4e82855e2088fdfdd2244799b63775c",
        "pixel_length": 31.314,
        "point_count": 6,
        "confidence": 1.0,
        "review_status": "unreviewed"
      },
      "geometry": {
        "type": "LineString",
        "coordinates": [
          [
            126.90598027437234,
            36.48331199065497
          ],
          [
            126.9062152351694,
            36.48319708832658
          ],
          [
            126.90682613324176,
            36.48327368987884
          ],
          [
            126.90687312540118,
            36.48331199065497
          ],
          [
            126.90724906267647,
            36.48327368987884
          ],
          [
            126.90729605483588,
            36.48323538910271
          ]
        ]
      }
    },
    {
      "type": "Feature",
      "properties": {
        "proposal_id": "ink-line-44",
        "tile_id": "174-cheongyang-mountain",
        "sheet_id": "174-cheongyang",
        "split": "development",
        "proposal_kind": "visible_linework_review_only",
        "backend": "archaeotrace_ink_v2_centerline",
        "upstream_commit": "7960acddb4e82855e2088fdfdd2244799b63775c",
        "pixel_length": 18.243,
        "point_count": 3,
        "confidence": 1.0,
        "review_status": "unreviewed"
      },
      "geometry": {
        "type": "LineString",
        "coordinates": [
          [
            126.90607425869116,
            36.466076641396526
          ],
          [
            126.9066381646041,
            36.46611494217266
          ],
          [
            126.90687312540118,
            36.46619154372492
          ]
        ]
      }
    },
    {
      "type": "Feature",
      "properties": {
        "proposal_id": "ink-line-45",
        "tile_id": "174-cheongyang-mountain",
        "sheet_id": "174-cheongyang",
        "split": "development",
        "proposal_kind": "visible_linework_review_only",
        "backend": "archaeotrace_ink_v2_centerline",
        "upstream_commit": "7960acddb4e82855e2088fdfdd2244799b63775c",
        "pixel_length": 18.485,
        "point_count": 4,
        "confidence": 1.0,
        "review_status": "unreviewed"
      },
      "geometry": {
        "type": "LineString",
        "coordinates": [
          [
            126.90612125085057,
            36.48687396283505
          ],
          [
            126.9062152351694,
            36.48714206826796
          ],
          [
            126.90640320380705,
            36.487295271372474
          ],
          [
            126.9066381646041,
            36.487295271372474
          ]
        ]
      }
    },
    {
      "type": "Feature",
      "properties": {
        "proposal_id": "ink-line-46",
        "tile_id": "174-cheongyang-mountain",
        "sheet_id": "174-cheongyang",
        "split": "development",
        "proposal_kind": "visible_linework_review_only",
        "backend": "archaeotrace_ink_v2_centerline",
        "upstream_commit": "7960acddb4e82855e2088fdfdd2244799b63775c",
        "pixel_length": 19.899,
        "point_count": 3,
        "confidence": 1.0,
        "review_status": "unreviewed"
      },
      "geometry": {
        "type": "LineString",
        "coordinates": [
          [
            126.9062152351694,
            36.48277577978915
          ],
          [
            126.90692011756059,
            36.48304388522206
          ],
          [
            126.90701410187941,
            36.48304388522206
          ]
        ]
      }
    },
    {
      "type": "Feature",
      "properties": {
        "proposal_id": "ink-line-47",
        "tile_id": "174-cheongyang-mountain",
        "sheet_id": "174-cheongyang",
        "split": "development",
        "proposal_kind": "visible_linework_review_only",
        "backend": "archaeotrace_ink_v2_centerline",
        "upstream_commit": "7960acddb4e82855e2088fdfdd2244799b63775c",
        "pixel_length": 25.485,
        "point_count": 5,
        "confidence": 1.0,
        "review_status": "unreviewed"
      },
      "geometry": {
        "type": "LineString",
        "coordinates": [
          [
            126.90659117244469,
            36.45282457285559
          ],
          [
            126.90649718812587,
            36.45263306897494
          ],
          [
            126.90649718812587,
            36.45236496354203
          ],
          [
            126.9066381646041,
            36.45209685810912
          ],
          [
            126.90659117244469,
            36.451943655004605
          ]
        ]
      }
    },
    {
      "type": "Feature",
      "properties": {
        "proposal_id": "ink-line-48",
        "tile_id": "174-cheongyang-mountain",
        "sheet_id": "174-cheongyang",
        "split": "development",
        "proposal_kind": "visible_linework_review_only",
        "backend": "archaeotrace_ink_v2_centerline",
        "upstream_commit": "7960acddb4e82855e2088fdfdd2244799b63775c",
        "pixel_length": 21.485,
        "point_count": 7,
        "confidence": 1.0,
        "review_status": "unreviewed"
      },
      "geometry": {
        "type": "LineString",
        "coordinates": [
          [
            126.90706109403882,
            36.47400490205541
          ],
          [
            126.90720207051706,
            36.47415810515993
          ],
          [
            126.90720207051706,
            36.47434960904058
          ],
          [
            126.90724906267647,
            36.47438790981671
          ],
          [
            126.90720207051706,
            36.47442621059284
          ],
          [
            126.90720207051706,
            36.47469431602575
          ],
          [
            126.90724906267647,
            36.47473261680188
          ]
        ]
      }
    },
    {
      "type": "Feature",
      "properties": {
        "proposal_id": "ink-line-49",
        "tile_id": "174-cheongyang-mountain",
        "sheet_id": "174-cheongyang",
        "split": "development",
        "proposal_kind": "visible_linework_review_only",
        "backend": "archaeotrace_ink_v2_centerline",
        "upstream_commit": "7960acddb4e82855e2088fdfdd2244799b63775c",
        "pixel_length": 21.071,
        "point_count": 3,
        "confidence": 1.0,
        "review_status": "unreviewed"
      },
      "geometry": {
        "type": "LineString",
        "coordinates": [
          [
            126.90710808619824,
            36.47691576104128
          ],
          [
            126.90729605483588,
            36.47718386647419
          ],
          [
            126.9073430469953,
            36.47764347578775
          ]
        ]
      }
    },
    {
      "type": "Feature",
      "properties": {
        "proposal_id": "ink-line-50",
        "tile_id": "174-cheongyang-mountain",
        "sheet_id": "174-cheongyang",
        "split": "development",
        "proposal_kind": "visible_linework_review_only",
        "backend": "archaeotrace_ink_v2_centerline",
        "upstream_commit": "7960acddb4e82855e2088fdfdd2244799b63775c",
        "pixel_length": 20.071,
        "point_count": 3,
        "confidence": 1.0,
        "review_status": "unreviewed"
      },
      "geometry": {
        "type": "LineString",
        "coordinates": [
          [
            126.90762499995176,
            36.45818668151377
          ],
          [
            126.90771898427059,
            36.457727072200214
          ],
          [
            126.90785996074884,
            36.45749726754344
          ]
        ]
      }
    },
    {
      "type": "Feature",
      "properties": {
        "proposal_id": "ink-line-51",
        "tile_id": "174-cheongyang-mountain",
        "sheet_id": "174-cheongyang",
        "split": "development",
        "proposal_kind": "visible_linework_review_only",
        "backend": "archaeotrace_ink_v2_centerline",
        "upstream_commit": "7960acddb4e82855e2088fdfdd2244799b63775c",
        "pixel_length": 21.657,
        "point_count": 6,
        "confidence": 1.0,
        "review_status": "unreviewed"
      },
      "geometry": {
        "type": "LineString",
        "coordinates": [
          [
            126.90771898427059,
            36.47274097644313
          ],
          [
            126.90771898427059,
            36.47247287101022
          ],
          [
            126.90767199211118,
            36.472434570234086
          ],
          [
            126.90771898427059,
            36.472128164025044
          ],
          [
            126.90776597643,
            36.47208986324892
          ],
          [
            126.90771898427059,
            36.47197496092053
          ]
        ]
      }
    },
    {
      "type": "Feature",
      "properties": {
        "proposal_id": "ink-line-52",
        "tile_id": "174-cheongyang-mountain",
        "sheet_id": "174-cheongyang",
        "split": "development",
        "proposal_kind": "visible_linework_review_only",
        "backend": "archaeotrace_ink_v2_centerline",
        "upstream_commit": "7960acddb4e82855e2088fdfdd2244799b63775c",
        "pixel_length": 19.071,
        "point_count": 4,
        "confidence": 1.0,
        "review_status": "unreviewed"
      },
      "geometry": {
        "type": "LineString",
        "coordinates": [
          [
            126.90795394506766,
            36.47883079984778
          ],
          [
            126.9080949215459,
            36.47875419829551
          ],
          [
            126.9085178509806,
            36.478792499071645
          ],
          [
            126.90875281177766,
            36.478715897519386
          ]
        ]
      }
    },
    {
      "type": "Feature",
      "properties": {
        "proposal_id": "ink-line-53",
        "tile_id": "174-cheongyang-mountain",
        "sheet_id": "174-cheongyang",
        "split": "development",
        "proposal_kind": "visible_linework_review_only",
        "backend": "archaeotrace_ink_v2_centerline",
        "upstream_commit": "7960acddb4e82855e2088fdfdd2244799b63775c",
        "pixel_length": 24.971,
        "point_count": 4,
        "confidence": 1.0,
        "review_status": "unreviewed"
      },
      "geometry": {
        "type": "LineString",
        "coordinates": [
          [
            126.90818890586472,
            36.45290117440785
          ],
          [
            126.90856484314001,
            36.45320758061689
          ],
          [
            126.9085178509806,
            36.453437385273666
          ],
          [
            126.90832988234295,
            36.45362888915432
          ]
        ]
      }
    },
    {
      "type": "Feature",
      "properties": {
        "proposal_id": "ink-line-54",
        "tile_id": "174-cheongyang-mountain",
        "sheet_id": "174-cheongyang",
        "split": "development",
        "proposal_kind": "visible_linework_review_only",
        "backend": "archaeotrace_ink_v2_centerline",
        "upstream_commit": "7960acddb4e82855e2088fdfdd2244799b63775c",
        "pixel_length": 18.414,
        "point_count": 3,
        "confidence": 1.0,
        "review_status": "unreviewed"
      },
      "geometry": {
        "type": "LineString",
        "coordinates": [
          [
            126.90832988234295,
            36.47266437489087
          ],
          [
            126.90837687450237,
            36.472626074114736
          ],
          [
            126.90837687450237,
            36.47197496092053
          ]
        ]
      }
    },
    {
      "type": "Feature",
      "properties": {
        "proposal_id": "ink-line-55",
        "tile_id": "174-cheongyang-mountain",
        "sheet_id": "174-cheongyang",
        "split": "development",
        "proposal_kind": "visible_linework_review_only",
        "backend": "archaeotrace_ink_v2_centerline",
        "upstream_commit": "7960acddb4e82855e2088fdfdd2244799b63775c",
        "pixel_length": 30.314,
        "point_count": 5,
        "confidence": 1.0,
        "review_status": "unreviewed"
      },
      "geometry": {
        "type": "LineString",
        "coordinates": [
          [
            126.90861183529942,
            36.45186705345235
          ],
          [
            126.90861183529942,
            36.45179045190008
          ],
          [
            126.90870581961825,
            36.45171385034782
          ],
          [
            126.90941070200944,
            36.451943655004605
          ],
          [
            126.90978663928473,
            36.451943655004605
          ]
        ]
      }
    },
    {
      "type": "Feature",
      "properties": {
        "proposal_id": "ink-line-56",
        "tile_id": "174-cheongyang-mountain",
        "sheet_id": "174-cheongyang",
        "split": "development",
        "proposal_kind": "visible_linework_review_only",
        "backend": "archaeotrace_ink_v2_centerline",
        "upstream_commit": "7960acddb4e82855e2088fdfdd2244799b63775c",
        "pixel_length": 19.243,
        "point_count": 3,
        "confidence": 1.0,
        "review_status": "unreviewed"
      },
      "geometry": {
        "type": "LineString",
        "coordinates": [
          [
            126.90941070200944,
            36.47201326169666
          ],
          [
            126.90941070200944,
            36.47235796868183
          ],
          [
            126.90955167848767,
            36.472702675666994
          ]
        ]
      }
    },
    {
      "type": "Feature",
      "properties": {
        "proposal_id": "ink-line-57",
        "tile_id": "174-cheongyang-mountain",
        "sheet_id": "174-cheongyang",
        "split": "development",
        "proposal_kind": "visible_linework_review_only",
        "backend": "archaeotrace_ink_v2_centerline",
        "upstream_commit": "7960acddb4e82855e2088fdfdd2244799b63775c",
        "pixel_length": 24.071,
        "point_count": 5,
        "confidence": 1.0,
        "review_status": "unreviewed"
      },
      "geometry": {
        "type": "LineString",
        "coordinates": [
          [
            126.90950468632826,
            36.46795337942689
          ],
          [
            126.90955167848767,
            36.46791507865076
          ],
          [
            126.90969265496591,
            36.46795337942689
          ],
          [
            126.90969265496591,
            36.46845128951658
          ],
          [
            126.90983363144414,
            36.46864279339723
          ]
        ]
      }
    },
    {
      "type": "Feature",
      "properties": {
        "proposal_id": "ink-line-58",
        "tile_id": "174-cheongyang-mountain",
        "sheet_id": "174-cheongyang",
        "split": "development",
        "proposal_kind": "visible_linework_review_only",
        "backend": "archaeotrace_ink_v2_centerline",
        "upstream_commit": "7960acddb4e82855e2088fdfdd2244799b63775c",
        "pixel_length": 18.071,
        "point_count": 5,
        "confidence": 1.0,
        "review_status": "unreviewed"
      },
      "geometry": {
        "type": "LineString",
        "coordinates": [
          [
            126.90959867064709,
            36.48185656116203
          ],
          [
            126.90955167848767,
            36.48193316271429
          ],
          [
            126.90955167848767,
            36.4822012681472
          ],
          [
            126.90969265496591,
            36.48231617047559
          ],
          [
            126.90988062360356,
            36.482354471251725
          ]
        ]
      }
    },
    {
      "type": "Feature",
      "properties": {
        "proposal_id": "ink-line-59",
        "tile_id": "174-cheongyang-mountain",
        "sheet_id": "174-cheongyang",
        "split": "development",
        "proposal_kind": "visible_linework_review_only",
        "backend": "archaeotrace_ink_v2_centerline",
        "upstream_commit": "7960acddb4e82855e2088fdfdd2244799b63775c",
        "pixel_length": 23.314,
        "point_count": 6,
        "confidence": 1.0,
        "review_status": "unreviewed"
      },
      "geometry": {
        "type": "LineString",
        "coordinates": [
          [
            126.90992761576298,
            36.48610794731245
          ],
          [
            126.91020956871945,
            36.48599304498406
          ],
          [
            126.91044452951651,
            36.48599304498406
          ],
          [
            126.91053851383533,
            36.485916443431805
          ],
          [
            126.91077347463239,
            36.48595474420793
          ],
          [
            126.91086745895122,
            36.48603134576019
          ]
        ]
      }
    },
    {
      "type": "Feature",
      "properties": {
        "proposal_id": "ink-line-60",
        "tile_id": "174-cheongyang-mountain",
        "sheet_id": "174-cheongyang",
        "split": "development",
        "proposal_kind": "visible_linework_review_only",
        "backend": "archaeotrace_ink_v2_centerline",
        "upstream_commit": "7960acddb4e82855e2088fdfdd2244799b63775c",
        "pixel_length": 30.485,
        "point_count": 5,
        "confidence": 1.0,
        "review_status": "unreviewed"
      },
      "geometry": {
        "type": "LineString",
        "coordinates": [
          [
            126.9099746079224,
            36.45879949393185
          ],
          [
            126.90992761576298,
            36.45876119315572
          ],
          [
            126.90992761576298,
            36.45845478694668
          ],
          [
            126.91006859224122,
            36.45799517763312
          ],
          [
            126.9099746079224,
            36.457727072200214
          ]
        ]
      }
    },
    {
      "type": "Feature",
      "properties": {
        "proposal_id": "ink-line-61",
        "tile_id": "174-cheongyang-mountain",
        "sheet_id": "174-cheongyang",
        "split": "development",
        "proposal_kind": "visible_linework_review_only",
        "backend": "archaeotrace_ink_v2_centerline",
        "upstream_commit": "7960acddb4e82855e2088fdfdd2244799b63775c",
        "pixel_length": 29.728,
        "point_count": 7,
        "confidence": 1.0,
        "review_status": "unreviewed"
      },
      "geometry": {
        "type": "LineString",
        "coordinates": [
          [
            126.91020956871945,
            36.462323165335796
          ],
          [
            126.91044452951651,
            36.462323165335796
          ],
          [
            126.91058550599475,
            36.46216996223128
          ],
          [
            126.91067949031357,
            36.46220826300741
          ],
          [
            126.91100843542947,
            36.46213166145515
          ],
          [
            126.9111494119077,
            36.46197845835063
          ],
          [
            126.9111494119077,
            36.46182525524611
          ]
        ]
      }
    },
    {
      "type": "Feature",
      "properties": {
        "proposal_id": "ink-line-62",
        "tile_id": "174-cheongyang-mountain",
        "sheet_id": "174-cheongyang",
        "split": "development",
        "proposal_kind": "visible_linework_review_only",
        "backend": "archaeotrace_ink_v2_centerline",
        "upstream_commit": "7960acddb4e82855e2088fdfdd2244799b63775c",
        "pixel_length": 24.828,
        "point_count": 4,
        "confidence": 1.0,
        "review_status": "unreviewed"
      },
      "geometry": {
        "type": "LineString",
        "coordinates": [
          [
            126.91072648247298,
            36.463548790171956
          ],
          [
            126.91067949031357,
            36.46339558706744
          ],
          [
            126.91067949031357,
            36.46266787232097
          ],
          [
            126.91072648247298,
            36.46262957154484
          ]
        ]
      }
    },
    {
      "type": "Feature",
      "properties": {
        "proposal_id": "ink-line-63",
        "tile_id": "174-cheongyang-mountain",
        "sheet_id": "174-cheongyang",
        "split": "development",
        "proposal_kind": "visible_linework_review_only",
        "backend": "archaeotrace_ink_v2_centerline",
        "upstream_commit": "7960acddb4e82855e2088fdfdd2244799b63775c",
        "pixel_length": 19.657,
        "point_count": 4,
        "confidence": 1.0,
        "review_status": "unreviewed"
      },
      "geometry": {
        "type": "LineString",
        "coordinates": [
          [
            126.91077347463239,
            36.47657105405611
          ],
          [
            126.91110241974829,
            36.476647655608375
          ],
          [
            126.91143136486417,
            36.476647655608375
          ],
          [
            126.91161933350182,
            36.47657105405611
          ]
        ]
      }
    },
    {
      "type": "Feature",
      "properties": {
        "proposal_id": "ink-line-64",
        "tile_id": "174-cheongyang-mountain",
        "sheet_id": "174-cheongyang",
        "split": "development",
        "proposal_kind": "visible_linework_review_only",
        "backend": "archaeotrace_ink_v2_centerline",
        "upstream_commit": "7960acddb4e82855e2088fdfdd2244799b63775c",
        "pixel_length": 30.314,
        "point_count": 5,
        "confidence": 1.0,
        "review_status": "unreviewed"
      },
      "geometry": {
        "type": "LineString",
        "coordinates": [
          [
            126.91100843542947,
            36.46515742276941
          ],
          [
            126.91138437270476,
            36.46504252044102
          ],
          [
            126.91180730213947,
            36.46519572354554
          ],
          [
            126.91223023157418,
            36.46519572354554
          ],
          [
            126.9122772237336,
            36.46523402432167
          ]
        ]
      }
    },
    {
      "type": "Feature",
      "properties": {
        "proposal_id": "ink-line-65",
        "tile_id": "174-cheongyang-mountain",
        "sheet_id": "174-cheongyang",
        "split": "development",
        "proposal_kind": "visible_linework_review_only",
        "backend": "archaeotrace_ink_v2_centerline",
        "upstream_commit": "7960acddb4e82855e2088fdfdd2244799b63775c",
        "pixel_length": 23.314,
        "point_count": 5,
        "confidence": 1.0,
        "review_status": "unreviewed"
      },
      "geometry": {
        "type": "LineString",
        "coordinates": [
          [
            126.91129038838594,
            36.46163375136546
          ],
          [
            126.91133738054535,
            36.46151884903707
          ],
          [
            126.91147835702358,
            36.461403946708685
          ],
          [
            126.91176030998005,
            36.461289044380294
          ],
          [
            126.91213624725536,
            36.46125074360416
          ]
        ]
      }
    },
    {
      "type": "Feature",
      "properties": {
        "proposal_id": "ink-line-66",
        "tile_id": "174-cheongyang-mountain",
        "sheet_id": "174-cheongyang",
        "split": "development",
        "proposal_kind": "visible_linework_review_only",
        "backend": "archaeotrace_ink_v2_centerline",
        "upstream_commit": "7960acddb4e82855e2088fdfdd2244799b63775c",
        "pixel_length": 38.071,
        "point_count": 5,
        "confidence": 1.0,
        "review_status": "unreviewed"
      },
      "geometry": {
        "type": "LineString",
        "coordinates": [
          [
            126.91204226293652,
            36.481588455729124
          ],
          [
            126.91204226293652,
            36.481396951848474
          ],
          [
            126.91208925509595,
            36.48135865107235
          ],
          [
            126.91208925509595,
            36.48059263554975
          ],
          [
            126.9122772237336,
            36.48020962778845
          ]
        ]
      }
    },
    {
      "type": "Feature",
      "properties": {
        "proposal_id": "ink-line-67",
        "tile_id": "174-cheongyang-mountain",
        "sheet_id": "174-cheongyang",
        "split": "development",
        "proposal_kind": "visible_linework_review_only",
        "backend": "archaeotrace_ink_v2_centerline",
        "upstream_commit": "7960acddb4e82855e2088fdfdd2244799b63775c",
        "pixel_length": 21.828,
        "point_count": 3,
        "confidence": 1.0,
        "review_status": "unreviewed"
      },
      "geometry": {
        "type": "LineString",
        "coordinates": [
          [
            126.91223023157418,
            36.45535242408016
          ],
          [
            126.9122772237336,
            36.45519922097564
          ],
          [
            126.91223023157418,
            36.454548107781434
          ]
        ]
      }
    },
    {
      "type": "Feature",
      "properties": {
        "proposal_id": "ink-line-68",
        "tile_id": "174-cheongyang-mountain",
        "sheet_id": "174-cheongyang",
        "split": "development",
        "proposal_kind": "visible_linework_review_only",
        "backend": "archaeotrace_ink_v2_centerline",
        "upstream_commit": "7960acddb4e82855e2088fdfdd2244799b63775c",
        "pixel_length": 21.828,
        "point_count": 4,
        "confidence": 1.0,
        "review_status": "unreviewed"
      },
      "geometry": {
        "type": "LineString",
        "coordinates": [
          [
            126.91232421589301,
            36.45627164270728
          ],
          [
            126.91237120805242,
            36.45619504115502
          ],
          [
            126.91237120805242,
            36.45562052951307
          ],
          [
            126.91241820021183,
            36.45546732640855
          ]
        ]
      }
    },
    {
      "type": "Feature",
      "properties": {
        "proposal_id": "ink-line-69",
        "tile_id": "174-cheongyang-mountain",
        "sheet_id": "174-cheongyang",
        "split": "development",
        "proposal_kind": "visible_linework_review_only",
        "backend": "archaeotrace_ink_v2_centerline",
        "upstream_commit": "7960acddb4e82855e2088fdfdd2244799b63775c",
        "pixel_length": 20.071,
        "point_count": 6,
        "confidence": 1.0,
        "review_status": "unreviewed"
      },
      "geometry": {
        "type": "LineString",
        "coordinates": [
          [
            126.91241820021183,
            36.46871939494949
          ],
          [
            126.91246519237124,
            36.46875769572562
          ],
          [
            126.91246519237124,
            36.4689875003824
          ],
          [
            126.91251218453066,
            36.46902580115853
          ],
          [
            126.91246519237124,
            36.469140703486914
          ],
          [
            126.91255917669007,
            36.46940880891982
          ]
        ]
      }
    },
    {
      "type": "Feature",
      "properties": {
        "proposal_id": "ink-line-70",
        "tile_id": "174-cheongyang-mountain",
        "sheet_id": "174-cheongyang",
        "split": "development",
        "proposal_kind": "visible_linework_review_only",
        "backend": "archaeotrace_ink_v2_centerline",
        "upstream_commit": "7960acddb4e82855e2088fdfdd2244799b63775c",
        "pixel_length": 20.071,
        "point_count": 4,
        "confidence": 1.0,
        "review_status": "unreviewed"
      },
      "geometry": {
        "type": "LineString",
        "coordinates": [
          [
            126.91241820021183,
            36.46197845835063
          ],
          [
            126.91255917669007,
            36.46159545058933
          ],
          [
            126.91251218453066,
            36.46136564593255
          ],
          [
            126.91241820021183,
            36.46132734515642
          ]
        ]
      }
    },
    {
      "type": "Feature",
      "properties": {
        "proposal_id": "ink-line-71",
        "tile_id": "174-cheongyang-mountain",
        "sheet_id": "174-cheongyang",
        "split": "development",
        "proposal_kind": "visible_linework_review_only",
        "backend": "archaeotrace_ink_v2_centerline",
        "upstream_commit": "7960acddb4e82855e2088fdfdd2244799b63775c",
        "pixel_length": 19.243,
        "point_count": 4,
        "confidence": 1.0,
        "review_status": "unreviewed"
      },
      "geometry": {
        "type": "LineString",
        "coordinates": [
          [
            126.91246519237124,
            36.4674554693372
          ],
          [
            126.91251218453066,
            36.46741716856107
          ],
          [
            126.91260616884948,
            36.4674554693372
          ],
          [
            126.91255917669007,
            36.46802998097915
          ]
        ]
      }
    },
    {
      "type": "Feature",
      "properties": {
        "proposal_id": "ink-line-72",
        "tile_id": "174-cheongyang-mountain",
        "sheet_id": "174-cheongyang",
        "split": "development",
        "proposal_kind": "visible_linework_review_only",
        "backend": "archaeotrace_ink_v2_centerline",
        "upstream_commit": "7960acddb4e82855e2088fdfdd2244799b63775c",
        "pixel_length": 19.243,
        "point_count": 4,
        "confidence": 1.0,
        "review_status": "unreviewed"
      },
      "geometry": {
        "type": "LineString",
        "coordinates": [
          [
            126.91251218453066,
            36.4652723250978
          ],
          [
            126.9127001531683,
            36.46531062587393
          ],
          [
            126.91279413748713,
            36.4652723250978
          ],
          [
            126.91335804340008,
            36.46531062587393
          ]
        ]
      }
    },
    {
      "type": "Feature",
      "properties": {
        "proposal_id": "ink-line-73",
        "tile_id": "174-cheongyang-mountain",
        "sheet_id": "174-cheongyang",
        "split": "development",
        "proposal_kind": "visible_linework_review_only",
        "backend": "archaeotrace_ink_v2_centerline",
        "upstream_commit": "7960acddb4e82855e2088fdfdd2244799b63775c",
        "pixel_length": 19.485,
        "point_count": 4,
        "confidence": 1.0,
        "review_status": "unreviewed"
      },
      "geometry": {
        "type": "LineString",
        "coordinates": [
          [
            126.9127001531683,
            36.48239277202785
          ],
          [
            126.91279413748713,
            36.4822012681472
          ],
          [
            126.91274714532771,
            36.48193316271429
          ],
          [
            126.91288812180595,
            36.48174165883365
          ]
        ]
      }
    },
    {
      "type": "Feature",
      "properties": {
        "proposal_id": "ink-line-74",
        "tile_id": "174-cheongyang-mountain",
        "sheet_id": "174-cheongyang",
        "split": "development",
        "proposal_kind": "visible_linework_review_only",
        "backend": "archaeotrace_ink_v2_centerline",
        "upstream_commit": "7960acddb4e82855e2088fdfdd2244799b63775c",
        "pixel_length": 21.971,
        "point_count": 4,
        "confidence": 1.0,
        "review_status": "unreviewed"
      },
      "geometry": {
        "type": "LineString",
        "coordinates": [
          [
            126.91279413748713,
            36.457956876857
          ],
          [
            126.9130760904436,
            36.45776537297635
          ],
          [
            126.91331105124067,
            36.45749726754344
          ],
          [
            126.91349901987832,
            36.45742066599117
          ]
        ]
      }
    },
    {
      "type": "Feature",
      "properties": {
        "proposal_id": "ink-line-75",
        "tile_id": "174-cheongyang-mountain",
        "sheet_id": "174-cheongyang",
        "split": "development",
        "proposal_kind": "visible_linework_review_only",
        "backend": "archaeotrace_ink_v2_centerline",
        "upstream_commit": "7960acddb4e82855e2088fdfdd2244799b63775c",
        "pixel_length": 31.728,
        "point_count": 8,
        "confidence": 1.0,
        "review_status": "unreviewed"
      },
      "geometry": {
        "type": "LineString",
        "coordinates": [
          [
            126.91284112964654,
            36.460637931186085
          ],
          [
            126.91274714532771,
            36.46071453273834
          ],
          [
            126.91274714532771,
            36.461020938947385
          ],
          [
            126.91279413748713,
            36.4611741420519
          ],
          [
            126.91298210612477,
            36.461403946708685
          ],
          [
            126.91298210612477,
            36.4615571498132
          ],
          [
            126.91302909828418,
            36.46159545058933
          ],
          [
            126.91298210612477,
            36.46171035291772
          ]
        ]
      }
    },
    {
      "type": "Feature",
      "properties": {
        "proposal_id": "ink-line-76",
        "tile_id": "174-cheongyang-mountain",
        "sheet_id": "174-cheongyang",
        "split": "development",
        "proposal_kind": "visible_linework_review_only",
        "backend": "archaeotrace_ink_v2_centerline",
        "upstream_commit": "7960acddb4e82855e2088fdfdd2244799b63775c",
        "pixel_length": 30.657,
        "point_count": 5,
        "confidence": 1.0,
        "review_status": "unreviewed"
      },
      "geometry": {
        "type": "LineString",
        "coordinates": [
          [
            126.91288812180595,
            36.46649794993395
          ],
          [
            126.91293511396536,
            36.466536250710085
          ],
          [
            126.91288812180595,
            36.46665115303848
          ],
          [
            126.91293511396536,
            36.4666894538146
          ],
          [
            126.91298210612477,
            36.46760867244172
          ]
        ]
      }
    },
    {
      "type": "Feature",
      "properties": {
        "proposal_id": "ink-line-77",
        "tile_id": "174-cheongyang-mountain",
        "sheet_id": "174-cheongyang",
        "split": "development",
        "proposal_kind": "visible_linework_review_only",
        "backend": "archaeotrace_ink_v2_centerline",
        "upstream_commit": "7960acddb4e82855e2088fdfdd2244799b63775c",
        "pixel_length": 42.899,
        "point_count": 6,
        "confidence": 1.0,
        "review_status": "unreviewed"
      },
      "geometry": {
        "type": "LineString",
        "coordinates": [
          [
            126.91288812180595,
            36.455582228736944
          ],
          [
            126.91298210612477,
            36.455314123304035
          ],
          [
            126.91298210612477,
            36.454854513990476
          ],
          [
            126.91288812180595,
            36.45458640855757
          ],
          [
            126.91288812180595,
            36.454280002348526
          ],
          [
            126.91302909828418,
            36.45405019769175
          ]
        ]
      }
    },
    {
      "type": "Feature",
      "properties": {
        "proposal_id": "ink-line-78",
        "tile_id": "174-cheongyang-mountain",
        "sheet_id": "174-cheongyang",
        "split": "development",
        "proposal_kind": "visible_linework_review_only",
        "backend": "archaeotrace_ink_v2_centerline",
        "upstream_commit": "7960acddb4e82855e2088fdfdd2244799b63775c",
        "pixel_length": 23.657,
        "point_count": 4,
        "confidence": 1.0,
        "review_status": "unreviewed"
      },
      "geometry": {
        "type": "LineString",
        "coordinates": [
          [
            126.91302909828418,
            36.48606964653632
          ],
          [
            126.91312308260302,
            36.4862994511931
          ],
          [
            126.91312308260302,
            36.48664415817827
          ],
          [
            126.91321706692185,
            36.48691226361118
          ]
        ]
      }
    },
    {
      "type": "Feature",
      "properties": {
        "proposal_id": "ink-line-79",
        "tile_id": "174-cheongyang-mountain",
        "sheet_id": "174-cheongyang",
        "split": "development",
        "proposal_kind": "visible_linework_review_only",
        "backend": "archaeotrace_ink_v2_centerline",
        "upstream_commit": "7960acddb4e82855e2088fdfdd2244799b63775c",
        "pixel_length": 21.385,
        "point_count": 4,
        "confidence": 1.0,
        "review_status": "unreviewed"
      },
      "geometry": {
        "type": "LineString",
        "coordinates": [
          [
            126.91335804340008,
            36.46389349715712
          ],
          [
            126.91326405908126,
            36.463816895604864
          ],
          [
            126.91321706692185,
            36.46366369250035
          ],
          [
            126.91368698851596,
            36.46328068473905
          ]
        ]
      }
    },
    {
      "type": "Feature",
      "properties": {
        "proposal_id": "ink-line-80",
        "tile_id": "174-cheongyang-mountain",
        "sheet_id": "174-cheongyang",
        "split": "development",
        "proposal_kind": "visible_linework_review_only",
        "backend": "archaeotrace_ink_v2_centerline",
        "upstream_commit": "7960acddb4e82855e2088fdfdd2244799b63775c",
        "pixel_length": 18.657,
        "point_count": 4,
        "confidence": 1.0,
        "review_status": "unreviewed"
      },
      "geometry": {
        "type": "LineString",
        "coordinates": [
          [
            126.91359300419714,
            36.45569713106533
          ],
          [
            126.91363999635655,
            36.45535242408016
          ],
          [
            126.91378097283479,
            36.45519922097564
          ],
          [
            126.91378097283479,
            36.455046017871126
          ]
        ]
      }
    },
    {
      "type": "Feature",
      "properties": {
        "proposal_id": "ink-line-81",
        "tile_id": "174-cheongyang-mountain",
        "sheet_id": "174-cheongyang",
        "split": "development",
        "proposal_kind": "visible_linework_review_only",
        "backend": "archaeotrace_ink_v2_centerline",
        "upstream_commit": "7960acddb4e82855e2088fdfdd2244799b63775c",
        "pixel_length": 21.899,
        "point_count": 5,
        "confidence": 1.0,
        "review_status": "unreviewed"
      },
      "geometry": {
        "type": "LineString",
        "coordinates": [
          [
            126.91401593363184,
            36.484422713162736
          ],
          [
            126.91396894147243,
            36.48426951005822
          ],
          [
            126.91410991795067,
            36.48419290850596
          ],
          [
            126.91439187090715,
            36.484231209282086
          ],
          [
            126.91467382386362,
            36.48434611161048
          ]
        ]
      }
    },
    {
      "type": "Feature",
      "properties": {
        "proposal_id": "ink-line-82",
        "tile_id": "174-cheongyang-mountain",
        "sheet_id": "174-cheongyang",
        "split": "development",
        "proposal_kind": "visible_linework_review_only",
        "backend": "archaeotrace_ink_v2_centerline",
        "upstream_commit": "7960acddb4e82855e2088fdfdd2244799b63775c",
        "pixel_length": 29.899,
        "point_count": 6,
        "confidence": 1.0,
        "review_status": "unreviewed"
      },
      "geometry": {
        "type": "LineString",
        "coordinates": [
          [
            126.91406292579126,
            36.46760867244172
          ],
          [
            126.91401593363184,
            36.46802998097915
          ],
          [
            126.91410991795067,
            36.46825978563593
          ],
          [
            126.9142039022695,
            36.46833638718819
          ],
          [
            126.91439187090715,
            36.46833638718819
          ],
          [
            126.9145798395448,
            36.46825978563593
          ]
        ]
      }
    },
    {
      "type": "Feature",
      "properties": {
        "proposal_id": "ink-line-83",
        "tile_id": "174-cheongyang-mountain",
        "sheet_id": "174-cheongyang",
        "split": "development",
        "proposal_kind": "visible_linework_review_only",
        "backend": "archaeotrace_ink_v2_centerline",
        "upstream_commit": "7960acddb4e82855e2088fdfdd2244799b63775c",
        "pixel_length": 29.728,
        "point_count": 5,
        "confidence": 1.0,
        "review_status": "unreviewed"
      },
      "geometry": {
        "type": "LineString",
        "coordinates": [
          [
            126.91429788658833,
            36.4593740055738
          ],
          [
            126.91472081602303,
            36.4593740055738
          ],
          [
            126.9150027689795,
            36.45922080246928
          ],
          [
            126.91509675329833,
            36.45895269703637
          ],
          [
            126.9149557768201,
            36.45879949393185
          ]
        ]
      }
    },
    {
      "type": "Feature",
      "properties": {
        "proposal_id": "ink-line-84",
        "tile_id": "174-cheongyang-mountain",
        "sheet_id": "174-cheongyang",
        "split": "development",
        "proposal_kind": "visible_linework_review_only",
        "backend": "archaeotrace_ink_v2_centerline",
        "upstream_commit": "7960acddb4e82855e2088fdfdd2244799b63775c",
        "pixel_length": 18.243,
        "point_count": 3,
        "confidence": 1.0,
        "review_status": "unreviewed"
      },
      "geometry": {
        "type": "LineString",
        "coordinates": [
          [
            126.91434487874774,
            36.464199903366165
          ],
          [
            126.91443886306656,
            36.46435310647068
          ],
          [
            126.91439187090715,
            36.464851016560374
          ]
        ]
      }
    },
    {
      "type": "Feature",
      "properties": {
        "proposal_id": "ink-line-85",
        "tile_id": "174-cheongyang-mountain",
        "sheet_id": "174-cheongyang",
        "split": "development",
        "proposal_kind": "visible_linework_review_only",
        "backend": "archaeotrace_ink_v2_centerline",
        "upstream_commit": "7960acddb4e82855e2088fdfdd2244799b63775c",
        "pixel_length": 21.657,
        "point_count": 4,
        "confidence": 1.0,
        "review_status": "unreviewed"
      },
      "geometry": {
        "type": "LineString",
        "coordinates": [
          [
            126.91439187090715,
            36.47178345703988
          ],
          [
            126.91443886306656,
            36.47170685548762
          ],
          [
            126.91443886306656,
            36.47120894539793
          ],
          [
            126.9145798395448,
            36.47101744151728
          ]
        ]
      }
    },
    {
      "type": "Feature",
      "properties": {
        "proposal_id": "ink-line-86",
        "tile_id": "174-cheongyang-mountain",
        "sheet_id": "174-cheongyang",
        "split": "development",
        "proposal_kind": "visible_linework_review_only",
        "backend": "archaeotrace_ink_v2_centerline",
        "upstream_commit": "7960acddb4e82855e2088fdfdd2244799b63775c",
        "pixel_length": 20.485,
        "point_count": 5,
        "confidence": 1.0,
        "review_status": "unreviewed"
      },
      "geometry": {
        "type": "LineString",
        "coordinates": [
          [
            126.91439187090715,
            36.466344746829435
          ],
          [
            126.9145798395448,
            36.466268145277176
          ],
          [
            126.91472081602303,
            36.466344746829435
          ],
          [
            126.91481480034186,
            36.46649794993395
          ],
          [
            126.91481480034186,
            36.46676605536686
          ]
        ]
      }
    },
    {
      "type": "Feature",
      "properties": {
        "proposal_id": "ink-line-87",
        "tile_id": "174-cheongyang-mountain",
        "sheet_id": "174-cheongyang",
        "split": "development",
        "proposal_kind": "visible_linework_review_only",
        "backend": "archaeotrace_ink_v2_centerline",
        "upstream_commit": "7960acddb4e82855e2088fdfdd2244799b63775c",
        "pixel_length": 24.657,
        "point_count": 6,
        "confidence": 1.0,
        "review_status": "unreviewed"
      },
      "geometry": {
        "type": "LineString",
        "coordinates": [
          [
            126.91448585522598,
            36.45171385034782
          ],
          [
            126.91472081602303,
            36.45163724879556
          ],
          [
            126.91509675329833,
            36.45163724879556
          ],
          [
            126.91514374545774,
            36.45159894801944
          ],
          [
            126.91547269057364,
            36.45159894801944
          ],
          [
            126.91556667489246,
            36.451560647243305
          ]
        ]
      }
    },
    {
      "type": "Feature",
      "properties": {
        "proposal_id": "ink-line-88",
        "tile_id": "174-cheongyang-mountain",
        "sheet_id": "174-cheongyang",
        "split": "development",
        "proposal_kind": "visible_linework_review_only",
        "backend": "archaeotrace_ink_v2_centerline",
        "upstream_commit": "7960acddb4e82855e2088fdfdd2244799b63775c",
        "pixel_length": 18.071,
        "point_count": 4,
        "confidence": 1.0,
        "review_status": "unreviewed"
      },
      "geometry": {
        "type": "LineString",
        "coordinates": [
          [
            126.91472081602303,
            36.48894220474606
          ],
          [
            126.9149557768201,
            36.48898050552219
          ],
          [
            126.91504976113892,
            36.48905710707445
          ],
          [
            126.91547269057364,
            36.48913370862671
          ]
        ]
      }
    },
    {
      "type": "Feature",
      "properties": {
        "proposal_id": "ink-line-89",
        "tile_id": "174-cheongyang-mountain",
        "sheet_id": "174-cheongyang",
        "split": "development",
        "proposal_kind": "visible_linework_review_only",
        "backend": "archaeotrace_ink_v2_centerline",
        "upstream_commit": "7960acddb4e82855e2088fdfdd2244799b63775c",
        "pixel_length": 22.657,
        "point_count": 4,
        "confidence": 1.0,
        "review_status": "unreviewed"
      },
      "geometry": {
        "type": "LineString",
        "coordinates": [
          [
            126.91476780818245,
            36.464123301813906
          ],
          [
            126.91481480034186,
            36.46427650491842
          ],
          [
            126.91481480034186,
            36.46477441500811
          ],
          [
            126.9149557768201,
            36.46492761811263
          ]
        ]
      }
    },
    {
      "type": "Feature",
      "properties": {
        "proposal_id": "ink-line-90",
        "tile_id": "174-cheongyang-mountain",
        "sheet_id": "174-cheongyang",
        "split": "development",
        "proposal_kind": "visible_linework_review_only",
        "backend": "archaeotrace_ink_v2_centerline",
        "upstream_commit": "7960acddb4e82855e2088fdfdd2244799b63775c",
        "pixel_length": 25.485,
        "point_count": 5,
        "confidence": 1.0,
        "review_status": "unreviewed"
      },
      "geometry": {
        "type": "LineString",
        "coordinates": [
          [
            126.91476780818245,
            36.456616349692446
          ],
          [
            126.91476780818245,
            36.45676955279697
          ],
          [
            126.9150027689795,
            36.45692275590149
          ],
          [
            126.9150027689795,
            36.4571908613344
          ],
          [
            126.91509675329833,
            36.457458966767305
          ]
        ]
      }
    },
    {
      "type": "Feature",
      "properties": {
        "proposal_id": "ink-line-91",
        "tile_id": "174-cheongyang-mountain",
        "sheet_id": "174-cheongyang",
        "split": "development",
        "proposal_kind": "visible_linework_review_only",
        "backend": "archaeotrace_ink_v2_centerline",
        "upstream_commit": "7960acddb4e82855e2088fdfdd2244799b63775c",
        "pixel_length": 32.142,
        "point_count": 6,
        "confidence": 1.0,
        "review_status": "unreviewed"
      },
      "geometry": {
        "type": "LineString",
        "coordinates": [
          [
            126.91490878466068,
            36.48522702946146
          ],
          [
            126.91504976113892,
            36.48549513489437
          ],
          [
            126.91509675329833,
            36.485724939551154
          ],
          [
            126.9153317140954,
            36.48610794731245
          ],
          [
            126.9153317140954,
            36.48626115041697
          ],
          [
            126.91528472193599,
            36.4862994511931
          ]
        ]
      }
    },
    {
      "type": "Feature",
      "properties": {
        "proposal_id": "ink-line-92",
        "tile_id": "174-cheongyang-mountain",
        "sheet_id": "174-cheongyang",
        "split": "development",
        "proposal_kind": "visible_linework_review_only",
        "backend": "archaeotrace_ink_v2_centerline",
        "upstream_commit": "7960acddb4e82855e2088fdfdd2244799b63775c",
        "pixel_length": 18.071,
        "point_count": 4,
        "confidence": 1.0,
        "review_status": "unreviewed"
      },
      "geometry": {
        "type": "LineString",
        "coordinates": [
          [
            126.91504976113892,
            36.46645964915783
          ],
          [
            126.9149557768201,
            36.46630644605331
          ],
          [
            126.91490878466068,
            36.46603834062039
          ],
          [
            126.91514374545774,
            36.465961739068135
          ]
        ]
      }
    },
    {
      "type": "Feature",
      "properties": {
        "proposal_id": "ink-line-93",
        "tile_id": "174-cheongyang-mountain",
        "sheet_id": "174-cheongyang",
        "split": "development",
        "proposal_kind": "visible_linework_review_only",
        "backend": "archaeotrace_ink_v2_centerline",
        "upstream_commit": "7960acddb4e82855e2088fdfdd2244799b63775c",
        "pixel_length": 33.899,
        "point_count": 6,
        "confidence": 1.0,
        "review_status": "unreviewed"
      },
      "geometry": {
        "type": "LineString",
        "coordinates": [
          [
            126.91504976113892,
            36.460446427305435
          ],
          [
            126.91551968273305,
            36.46029322420092
          ],
          [
            126.91584862784893,
            36.46029322420092
          ],
          [
            126.91608358864599,
            36.460369825753176
          ],
          [
            126.91641253376189,
            36.460369825753176
          ],
          [
            126.91650651808071,
            36.46040812652931
          ]
        ]
      }
    },
    {
      "type": "Feature",
      "properties": {
        "proposal_id": "ink-line-94",
        "tile_id": "174-cheongyang-mountain",
        "sheet_id": "174-cheongyang",
        "split": "development",
        "proposal_kind": "visible_linework_review_only",
        "backend": "archaeotrace_ink_v2_centerline",
        "upstream_commit": "7960acddb4e82855e2088fdfdd2244799b63775c",
        "pixel_length": 22.243,
        "point_count": 3,
        "confidence": 1.0,
        "review_status": "unreviewed"
      },
      "geometry": {
        "type": "LineString",
        "coordinates": [
          [
            126.91519073761715,
            36.47768177656388
          ],
          [
            126.9153317140954,
            36.478026483549044
          ],
          [
            126.9153317140954,
            36.4784860928626
          ]
        ]
      }
    },
    {
      "type": "Feature",
      "properties": {
        "proposal_id": "ink-line-95",
        "tile_id": "174-cheongyang-mountain",
        "sheet_id": "174-cheongyang",
        "split": "development",
        "proposal_kind": "visible_linework_review_only",
        "backend": "archaeotrace_ink_v2_centerline",
        "upstream_commit": "7960acddb4e82855e2088fdfdd2244799b63775c",
        "pixel_length": 32.485,
        "point_count": 4,
        "confidence": 1.0,
        "review_status": "unreviewed"
      },
      "geometry": {
        "type": "LineString",
        "coordinates": [
          [
            126.91561366705187,
            36.48813788844733
          ],
          [
            126.91584862784893,
            36.488252790775725
          ],
          [
            126.91664749455894,
            36.48829109155185
          ],
          [
            126.91702343183424,
            36.48836769310412
          ]
        ]
      }
    },
    {
      "type": "Feature",
      "properties": {
        "proposal_id": "ink-line-96",
        "tile_id": "174-cheongyang-mountain",
        "sheet_id": "174-cheongyang",
        "split": "development",
        "proposal_kind": "visible_linework_review_only",
        "backend": "archaeotrace_ink_v2_centerline",
        "upstream_commit": "7960acddb4e82855e2088fdfdd2244799b63775c",
        "pixel_length": 19.728,
        "point_count": 5,
        "confidence": 1.0,
        "review_status": "unreviewed"
      },
      "geometry": {
        "type": "LineString",
        "coordinates": [
          [
            126.9157076513707,
            36.456616349692446
          ],
          [
            126.91561366705187,
            36.456692951244705
          ],
          [
            126.91556667489246,
            36.45684615434923
          ],
          [
            126.91566065921128,
            36.45703765822988
          ],
          [
            126.91589562000834,
            36.4571908613344
          ]
        ]
      }
    },
    {
      "type": "Feature",
      "properties": {
        "proposal_id": "ink-line-97",
        "tile_id": "174-cheongyang-mountain",
        "sheet_id": "174-cheongyang",
        "split": "development",
        "proposal_kind": "visible_linework_review_only",
        "backend": "archaeotrace_ink_v2_centerline",
        "upstream_commit": "7960acddb4e82855e2088fdfdd2244799b63775c",
        "pixel_length": 20.071,
        "point_count": 5,
        "confidence": 1.0,
        "review_status": "unreviewed"
      },
      "geometry": {
        "type": "LineString",
        "coordinates": [
          [
            126.91584862784893,
            36.45569713106533
          ],
          [
            126.91594261216775,
            36.4556588302892
          ],
          [
            126.91598960432717,
            36.45569713106533
          ],
          [
            126.91650651808071,
            36.45573543184146
          ],
          [
            126.91664749455894,
            36.45562052951307
          ]
        ]
      }
    },
    {
      "type": "Feature",
      "properties": {
        "proposal_id": "ink-line-98",
        "tile_id": "174-cheongyang-mountain",
        "sheet_id": "174-cheongyang",
        "split": "development",
        "proposal_kind": "visible_linework_review_only",
        "backend": "archaeotrace_ink_v2_centerline",
        "upstream_commit": "7960acddb4e82855e2088fdfdd2244799b63775c",
        "pixel_length": 23.485,
        "point_count": 5,
        "confidence": 1.0,
        "review_status": "unreviewed"
      },
      "geometry": {
        "type": "LineString",
        "coordinates": [
          [
            126.91594261216775,
            36.47032802754694
          ],
          [
            126.9161305808054,
            36.47025142599468
          ],
          [
            126.9164595259213,
            36.47025142599468
          ],
          [
            126.91655351024012,
            36.470366328323074
          ],
          [
            126.9164595259213,
            36.47063443375598
          ]
        ]
      }
    },
    {
      "type": "Feature",
      "properties": {
        "proposal_id": "ink-line-99",
        "tile_id": "174-cheongyang-mountain",
        "sheet_id": "174-cheongyang",
        "split": "development",
        "proposal_kind": "visible_linework_review_only",
        "backend": "archaeotrace_ink_v2_centerline",
        "upstream_commit": "7960acddb4e82855e2088fdfdd2244799b63775c",
        "pixel_length": 19.657,
        "point_count": 3,
        "confidence": 1.0,
        "review_status": "unreviewed"
      },
      "geometry": {
        "type": "LineString",
        "coordinates": [
          [
            126.91608358864599,
            36.457956876857
          ],
          [
            126.91622456512422,
            36.458033478409256
          ],
          [
            126.91692944751541,
            36.458110079961514
          ]
        ]
      }
    },
    {
      "type": "Feature",
      "properties": {
        "proposal_id": "ink-line-100",
        "tile_id": "174-cheongyang-mountain",
        "sheet_id": "174-cheongyang",
        "split": "development",
        "proposal_kind": "visible_linework_review_only",
        "backend": "archaeotrace_ink_v2_centerline",
        "upstream_commit": "7960acddb4e82855e2088fdfdd2244799b63775c",
        "pixel_length": 24.071,
        "point_count": 5,
        "confidence": 1.0,
        "review_status": "unreviewed"
      },
      "geometry": {
        "type": "LineString",
        "coordinates": [
          [
            126.91650651808071,
            36.47247287101022
          ],
          [
            126.91650651808071,
            36.47216646480118
          ],
          [
            126.91669448671836,
            36.47189835936827
          ],
          [
            126.91669448671836,
            36.471668554711485
          ],
          [
            126.91664749455894,
            36.47163025393536
          ]
        ]
      }
    },
    {
      "type": "Feature",
      "properties": {
        "proposal_id": "ink-line-101",
        "tile_id": "174-cheongyang-mountain",
        "sheet_id": "174-cheongyang",
        "split": "development",
        "proposal_kind": "visible_linework_review_only",
        "backend": "archaeotrace_ink_v2_centerline",
        "upstream_commit": "7960acddb4e82855e2088fdfdd2244799b63775c",
        "pixel_length": 25.142,
        "point_count": 6,
        "confidence": 1.0,
        "review_status": "unreviewed"
      },
      "geometry": {
        "type": "LineString",
        "coordinates": [
          [
            126.91650651808071,
            36.46891089883014
          ],
          [
            126.91669448671836,
            36.469064101934656
          ],
          [
            126.916882455356,
            36.46902580115853
          ],
          [
            126.91716440831247,
            36.468872598054006
          ],
          [
            126.91735237695012,
            36.468872598054006
          ],
          [
            126.91744636126896,
            36.468949199606264
          ]
        ]
      }
    },
    {
      "type": "Feature",
      "properties": {
        "proposal_id": "ink-line-102",
        "tile_id": "174-cheongyang-mountain",
        "sheet_id": "174-cheongyang",
        "split": "development",
        "proposal_kind": "visible_linework_review_only",
        "backend": "archaeotrace_ink_v2_centerline",
        "upstream_commit": "7960acddb4e82855e2088fdfdd2244799b63775c",
        "pixel_length": 21.485,
        "point_count": 3,
        "confidence": 1.0,
        "review_status": "unreviewed"
      },
      "geometry": {
        "type": "LineString",
        "coordinates": [
          [
            126.91674147887777,
            36.454165100020134
          ],
          [
            126.916882455356,
            36.45412679924401
          ],
          [
            126.9176343299066,
            36.45431830312466
          ]
        ]
      }
    },
    {
      "type": "Feature",
      "properties": {
        "proposal_id": "ink-line-103",
        "tile_id": "174-cheongyang-mountain",
        "sheet_id": "174-cheongyang",
        "split": "development",
        "proposal_kind": "visible_linework_review_only",
        "backend": "archaeotrace_ink_v2_centerline",
        "upstream_commit": "7960acddb4e82855e2088fdfdd2244799b63775c",
        "pixel_length": 24.657,
        "point_count": 5,
        "confidence": 1.0,
        "review_status": "unreviewed"
      },
      "geometry": {
        "type": "LineString",
        "coordinates": [
          [
            126.91692944751541,
            36.48606964653632
          ],
          [
            126.9172583926313,
            36.48606964653632
          ],
          [
            126.91744636126896,
            36.48595474420793
          ],
          [
            126.91749335342837,
            36.48587814265567
          ],
          [
            126.91749335342837,
            36.48549513489437
          ]
        ]
      }
    },
    {
      "type": "Feature",
      "properties": {
        "proposal_id": "ink-line-104",
        "tile_id": "174-cheongyang-mountain",
        "sheet_id": "174-cheongyang",
        "split": "development",
        "proposal_kind": "visible_linework_review_only",
        "backend": "archaeotrace_ink_v2_centerline",
        "upstream_commit": "7960acddb4e82855e2088fdfdd2244799b63775c",
        "pixel_length": 21.314,
        "point_count": 4,
        "confidence": 1.0,
        "review_status": "unreviewed"
      },
      "geometry": {
        "type": "LineString",
        "coordinates": [
          [
            126.91697643967483,
            36.45627164270728
          ],
          [
            126.91735237695012,
            36.45615674037889
          ],
          [
            126.91754034558778,
            36.45600353727437
          ],
          [
            126.9175873377472,
            36.455773732617594
          ]
        ]
      }
    },
    {
      "type": "Feature",
      "properties": {
        "proposal_id": "ink-line-105",
        "tile_id": "174-cheongyang-mountain",
        "sheet_id": "174-cheongyang",
        "split": "development",
        "proposal_kind": "visible_linework_review_only",
        "backend": "archaeotrace_ink_v2_centerline",
        "upstream_commit": "7960acddb4e82855e2088fdfdd2244799b63775c",
        "pixel_length": 18.657,
        "point_count": 3,
        "confidence": 1.0,
        "review_status": "unreviewed"
      },
      "geometry": {
        "type": "LineString",
        "coordinates": [
          [
            126.91707042399365,
            36.475498632324474
          ],
          [
            126.91754034558778,
            36.475498632324474
          ],
          [
            126.91786929070366,
            36.475345429219956
          ]
        ]
      }
    },
    {
      "type": "Feature",
      "properties": {
        "proposal_id": "ink-line-106",
        "tile_id": "174-cheongyang-mountain",
        "sheet_id": "174-cheongyang",
        "split": "development",
        "proposal_kind": "visible_linework_review_only",
        "backend": "archaeotrace_ink_v2_centerline",
        "upstream_commit": "7960acddb4e82855e2088fdfdd2244799b63775c",
        "pixel_length": 28.657,
        "point_count": 5,
        "confidence": 1.0,
        "review_status": "unreviewed"
      },
      "geometry": {
        "type": "LineString",
        "coordinates": [
          [
            126.91707042399365,
            36.460637931186085
          ],
          [
            126.91768132206602,
            36.460637931186085
          ],
          [
            126.91786929070366,
            36.460561329633826
          ],
          [
            126.91815124366013,
            36.460561329633826
          ],
          [
            126.91833921229778,
            36.460637931186085
          ]
        ]
      }
    },
    {
      "type": "Feature",
      "properties": {
        "proposal_id": "ink-line-107",
        "tile_id": "174-cheongyang-mountain",
        "sheet_id": "174-cheongyang",
        "split": "development",
        "proposal_kind": "visible_linework_review_only",
        "backend": "archaeotrace_ink_v2_centerline",
        "upstream_commit": "7960acddb4e82855e2088fdfdd2244799b63775c",
        "pixel_length": 23.657,
        "point_count": 4,
        "confidence": 1.0,
        "review_status": "unreviewed"
      },
      "geometry": {
        "type": "LineString",
        "coordinates": [
          [
            126.91735237695012,
            36.48725697059635
          ],
          [
            126.9172583926313,
            36.48718036904409
          ],
          [
            126.91730538479071,
            36.4870654667157
          ],
          [
            126.91810425150072,
            36.487103767491824
          ]
        ]
      }
    },
    {
      "type": "Feature",
      "properties": {
        "proposal_id": "ink-line-108",
        "tile_id": "174-cheongyang-mountain",
        "sheet_id": "174-cheongyang",
        "split": "development",
        "proposal_kind": "visible_linework_review_only",
        "backend": "archaeotrace_ink_v2_centerline",
        "upstream_commit": "7960acddb4e82855e2088fdfdd2244799b63775c",
        "pixel_length": 19.071,
        "point_count": 6,
        "confidence": 1.0,
        "review_status": "unreviewed"
      },
      "geometry": {
        "type": "LineString",
        "coordinates": [
          [
            126.91749335342837,
            36.4770689641458
          ],
          [
            126.91768132206602,
            36.47714556569806
          ],
          [
            126.91791628286308,
            36.47714556569806
          ],
          [
            126.91796327502249,
            36.47718386647419
          ],
          [
            126.91819823581955,
            36.47718386647419
          ],
          [
            126.91829222013837,
            36.47710726492193
          ]
        ]
      }
    },
    {
      "type": "Feature",
      "properties": {
        "proposal_id": "ink-line-109",
        "tile_id": "174-cheongyang-mountain",
        "sheet_id": "174-cheongyang",
        "split": "development",
        "proposal_kind": "visible_linework_review_only",
        "backend": "archaeotrace_ink_v2_centerline",
        "upstream_commit": "7960acddb4e82855e2088fdfdd2244799b63775c",
        "pixel_length": 21.485,
        "point_count": 8,
        "confidence": 1.0,
        "review_status": "unreviewed"
      },
      "geometry": {
        "type": "LineString",
        "coordinates": [
          [
            126.91749335342837,
            36.463740294052606
          ],
          [
            126.91749335342837,
            36.463931797933256
          ],
          [
            126.91744636126896,
            36.46397009870938
          ],
          [
            126.91749335342837,
            36.46404670026164
          ],
          [
            126.91768132206602,
            36.464008399485515
          ],
          [
            126.91777530638484,
            36.463931797933256
          ],
          [
            126.91796327502249,
            36.463931797933256
          ],
          [
            126.9180102671819,
            36.46397009870938
          ]
        ]
      }
    },
    {
      "type": "Feature",
      "properties": {
        "proposal_id": "ink-line-110",
        "tile_id": "174-cheongyang-mountain",
        "sheet_id": "174-cheongyang",
        "split": "development",
        "proposal_kind": "visible_linework_review_only",
        "backend": "archaeotrace_ink_v2_centerline",
        "upstream_commit": "7960acddb4e82855e2088fdfdd2244799b63775c",
        "pixel_length": 18.828,
        "point_count": 3,
        "confidence": 1.0,
        "review_status": "unreviewed"
      },
      "geometry": {
        "type": "LineString",
        "coordinates": [
          [
            126.9175873377472,
            36.48982312259705
          ],
          [
            126.91815124366013,
            36.48982312259705
          ],
          [
            126.9184331966166,
            36.489746521044786
          ]
        ]
      }
    },
    {
      "type": "Feature",
      "properties": {
        "proposal_id": "ink-line-111",
        "tile_id": "174-cheongyang-mountain",
        "sheet_id": "174-cheongyang",
        "split": "development",
        "proposal_kind": "visible_linework_review_only",
        "backend": "archaeotrace_ink_v2_centerline",
        "upstream_commit": "7960acddb4e82855e2088fdfdd2244799b63775c",
        "pixel_length": 20.314,
        "point_count": 3,
        "confidence": 1.0,
        "review_status": "unreviewed"
      },
      "geometry": {
        "type": "LineString",
        "coordinates": [
          [
            126.9175873377472,
            36.481779959609774
          ],
          [
            126.91796327502249,
            36.481396951848474
          ],
          [
            126.91796327502249,
            36.481128846415565
          ]
        ]
      }
    },
    {
      "type": "Feature",
      "properties": {
        "proposal_id": "ink-line-112",
        "tile_id": "174-cheongyang-mountain",
        "sheet_id": "174-cheongyang",
        "split": "development",
        "proposal_kind": "visible_linework_review_only",
        "backend": "archaeotrace_ink_v2_centerline",
        "upstream_commit": "7960acddb4e82855e2088fdfdd2244799b63775c",
        "pixel_length": 33.657,
        "point_count": 6,
        "confidence": 1.0,
        "review_status": "unreviewed"
      },
      "geometry": {
        "type": "LineString",
        "coordinates": [
          [
            126.9176343299066,
            36.4807841394304
          ],
          [
            126.9176343299066,
            36.48070753787814
          ],
          [
            126.91772831422543,
            36.48063093632588
          ],
          [
            126.91777530638484,
            36.480669237102006
          ],
          [
            126.91899710252956,
            36.480669237102006
          ],
          [
            126.91904409468897,
            36.48063093632588
          ]
        ]
      }
    },
    {
      "type": "Feature",
      "properties": {
        "proposal_id": "ink-line-113",
        "tile_id": "174-cheongyang-mountain",
        "sheet_id": "174-cheongyang",
        "split": "development",
        "proposal_kind": "visible_linework_review_only",
        "backend": "archaeotrace_ink_v2_centerline",
        "upstream_commit": "7960acddb4e82855e2088fdfdd2244799b63775c",
        "pixel_length": 21.314,
        "point_count": 4,
        "confidence": 1.0,
        "review_status": "unreviewed"
      },
      "geometry": {
        "type": "LineString",
        "coordinates": [
          [
            126.91768132206602,
            36.457075959006005
          ],
          [
            126.91805725934131,
            36.45711425978214
          ],
          [
            126.91824522797896,
            36.4571908613344
          ],
          [
            126.91848018877603,
            36.45742066599117
          ]
        ]
      }
    },
    {
      "type": "Feature",
      "properties": {
        "proposal_id": "ink-line-114",
        "tile_id": "174-cheongyang-mountain",
        "sheet_id": "174-cheongyang",
        "split": "development",
        "proposal_kind": "visible_linework_review_only",
        "backend": "archaeotrace_ink_v2_centerline",
        "upstream_commit": "7960acddb4e82855e2088fdfdd2244799b63775c",
        "pixel_length": 19.485,
        "point_count": 7,
        "confidence": 1.0,
        "review_status": "unreviewed"
      },
      "geometry": {
        "type": "LineString",
        "coordinates": [
          [
            126.91772831422543,
            36.487448474477
          ],
          [
            126.91782229854425,
            36.487448474477
          ],
          [
            126.91791628286308,
            36.48752507602926
          ],
          [
            126.91805725934131,
            36.48752507602926
          ],
          [
            126.91815124366013,
            36.487601677581516
          ],
          [
            126.91810425150072,
            36.48783148223829
          ],
          [
            126.9180102671819,
            36.487869783014425
          ]
        ]
      }
    },
    {
      "type": "Feature",
      "properties": {
        "proposal_id": "ink-line-115",
        "tile_id": "174-cheongyang-mountain",
        "sheet_id": "174-cheongyang",
        "split": "development",
        "proposal_kind": "visible_linework_review_only",
        "backend": "archaeotrace_ink_v2_centerline",
        "upstream_commit": "7960acddb4e82855e2088fdfdd2244799b63775c",
        "pixel_length": 33.899,
        "point_count": 9,
        "confidence": 1.0,
        "review_status": "unreviewed"
      },
      "geometry": {
        "type": "LineString",
        "coordinates": [
          [
            126.91777530638484,
            36.46515742276941
          ],
          [
            126.9180102671819,
            36.46508082121715
          ],
          [
            126.91815124366013,
            36.46515742276941
          ],
          [
            126.91833921229778,
            36.46515742276941
          ],
          [
            126.91838620445719,
            36.46519572354554
          ],
          [
            126.91866815741368,
            36.46519572354554
          ],
          [
            126.91871514957309,
            36.46515742276941
          ],
          [
            126.9191380790078,
            36.46515742276941
          ],
          [
            126.91923206332662,
            36.46519572354554
          ]
        ]
      }
    },
    {
      "type": "Feature",
      "properties": {
        "proposal_id": "ink-line-116",
        "tile_id": "174-cheongyang-mountain",
        "sheet_id": "174-cheongyang",
        "split": "development",
        "proposal_kind": "visible_linework_review_only",
        "backend": "archaeotrace_ink_v2_centerline",
        "upstream_commit": "7960acddb4e82855e2088fdfdd2244799b63775c",
        "pixel_length": 18.899,
        "point_count": 3,
        "confidence": 1.0,
        "review_status": "unreviewed"
      },
      "geometry": {
        "type": "LineString",
        "coordinates": [
          [
            126.91777530638484,
            36.46224656378354
          ],
          [
            126.91810425150072,
            36.46224656378354
          ],
          [
            126.91852718093544,
            36.46197845835063
          ]
        ]
      }
    },
    {
      "type": "Feature",
      "properties": {
        "proposal_id": "ink-line-117",
        "tile_id": "174-cheongyang-mountain",
        "sheet_id": "174-cheongyang",
        "split": "development",
        "proposal_kind": "visible_linework_review_only",
        "backend": "archaeotrace_ink_v2_centerline",
        "upstream_commit": "7960acddb4e82855e2088fdfdd2244799b63775c",
        "pixel_length": 27.485,
        "point_count": 6,
        "confidence": 1.0,
        "review_status": "unreviewed"
      },
      "geometry": {
        "type": "LineString",
        "coordinates": [
          [
            126.91777530638484,
            36.45328418216915
          ],
          [
            126.91786929070366,
            36.45320758061689
          ],
          [
            126.9184331966166,
            36.45320758061689
          ],
          [
            126.91848018877603,
            36.45316927984076
          ],
          [
            126.91866815741368,
            36.45320758061689
          ],
          [
            126.91895011037015,
            36.45313097906463
          ]
        ]
      }
    },
    {
      "type": "Feature",
      "properties": {
        "proposal_id": "ink-line-118",
        "tile_id": "174-cheongyang-mountain",
        "sheet_id": "174-cheongyang",
        "split": "development",
        "proposal_kind": "visible_linework_review_only",
        "backend": "archaeotrace_ink_v2_centerline",
        "upstream_commit": "7960acddb4e82855e2088fdfdd2244799b63775c",
        "pixel_length": 30.485,
        "point_count": 6,
        "confidence": 1.0,
        "review_status": "unreviewed"
      },
      "geometry": {
        "type": "LineString",
        "coordinates": [
          [
            126.91782229854425,
            36.46029322420092
          ],
          [
            126.91791628286308,
            36.460254923424785
          ],
          [
            126.91829222013837,
            36.460254923424785
          ],
          [
            126.9187621417325,
            36.460369825753176
          ],
          [
            126.91890311821074,
            36.460446427305435
          ],
          [
            126.9191380790078,
            36.460446427305435
          ]
        ]
      }
    },
    {
      "type": "Feature",
      "properties": {
        "proposal_id": "ink-line-119",
        "tile_id": "174-cheongyang-mountain",
        "sheet_id": "174-cheongyang",
        "split": "development",
        "proposal_kind": "visible_linework_review_only",
        "backend": "archaeotrace_ink_v2_centerline",
        "upstream_commit": "7960acddb4e82855e2088fdfdd2244799b63775c",
        "pixel_length": 26.071,
        "point_count": 3,
        "confidence": 1.0,
        "review_status": "unreviewed"
      },
      "geometry": {
        "type": "LineString",
        "coordinates": [
          [
            126.91796327502249,
            36.45868459160346
          ],
          [
            126.91880913389191,
            36.45876119315572
          ],
          [
            126.91909108684838,
            36.45887609548411
          ]
        ]
      }
    },
    {
      "type": "Feature",
      "properties": {
        "proposal_id": "ink-line-120",
        "tile_id": "174-cheongyang-mountain",
        "sheet_id": "174-cheongyang",
        "split": "development",
        "proposal_kind": "visible_linework_review_only",
        "backend": "archaeotrace_ink_v2_centerline",
        "upstream_commit": "7960acddb4e82855e2088fdfdd2244799b63775c",
        "pixel_length": 19.071,
        "point_count": 3,
        "confidence": 1.0,
        "review_status": "unreviewed"
      },
      "geometry": {
        "type": "LineString",
        "coordinates": [
          [
            126.9180102671819,
            36.479252108385204
          ],
          [
            126.91833921229778,
            36.479252108385204
          ],
          [
            126.91880913389191,
            36.479443612265854
          ]
        ]
      }
    },
    {
      "type": "Feature",
      "properties": {
        "proposal_id": "ink-line-121",
        "tile_id": "174-cheongyang-mountain",
        "sheet_id": "174-cheongyang",
        "split": "development",
        "proposal_kind": "visible_linework_review_only",
        "backend": "archaeotrace_ink_v2_centerline",
        "upstream_commit": "7960acddb4e82855e2088fdfdd2244799b63775c",
        "pixel_length": 25.828,
        "point_count": 5,
        "confidence": 1.0,
        "review_status": "unreviewed"
      },
      "geometry": {
        "type": "LineString",
        "coordinates": [
          [
            126.91829222013837,
            36.45339908449754
          ],
          [
            126.91895011037015,
            36.45339908449754
          ],
          [
            126.91899710252956,
            36.45336078372141
          ],
          [
            126.91942003196426,
            36.45336078372141
          ],
          [
            126.91946702412368,
            36.45332248294528
          ]
        ]
      }
    },
    {
      "type": "Feature",
      "properties": {
        "proposal_id": "ink-line-122",
        "tile_id": "174-cheongyang-mountain",
        "sheet_id": "174-cheongyang",
        "split": "development",
        "proposal_kind": "visible_linework_review_only",
        "backend": "archaeotrace_ink_v2_centerline",
        "upstream_commit": "7960acddb4e82855e2088fdfdd2244799b63775c",
        "pixel_length": 30.314,
        "point_count": 6,
        "confidence": 1.0,
        "review_status": "unreviewed"
      },
      "geometry": {
        "type": "LineString",
        "coordinates": [
          [
            126.91852718093544,
            36.48503552558081
          ],
          [
            126.91909108684838,
            36.48503552558081
          ],
          [
            126.9191380790078,
            36.48499722480469
          ],
          [
            126.91942003196426,
            36.485150427909204
          ],
          [
            126.91956100844251,
            36.485341931789854
          ],
          [
            126.91956100844251,
            36.485456834118246
          ]
        ]
      }
    },
    {
      "type": "Feature",
      "properties": {
        "proposal_id": "ink-line-123",
        "tile_id": "174-cheongyang-mountain",
        "sheet_id": "174-cheongyang",
        "split": "development",
        "proposal_kind": "visible_linework_review_only",
        "backend": "archaeotrace_ink_v2_centerline",
        "upstream_commit": "7960acddb4e82855e2088fdfdd2244799b63775c",
        "pixel_length": 22.0,
        "point_count": 2,
        "confidence": 1.0,
        "review_status": "unreviewed"
      },
      "geometry": {
        "type": "LineString",
        "coordinates": [
          [
            126.91857417309485,
            36.487869783014425
          ],
          [
            126.91960800060193,
            36.487869783014425
          ]
        ]
      }
    },
    {
      "type": "Feature",
      "properties": {
        "proposal_id": "ink-line-124",
        "tile_id": "174-cheongyang-mountain",
        "sheet_id": "174-cheongyang",
        "split": "development",
        "proposal_kind": "visible_linework_review_only",
        "backend": "archaeotrace_ink_v2_centerline",
        "upstream_commit": "7960acddb4e82855e2088fdfdd2244799b63775c",
        "pixel_length": 41.314,
        "point_count": 6,
        "confidence": 1.0,
        "review_status": "unreviewed"
      },
      "geometry": {
        "type": "LineString",
        "coordinates": [
          [
            126.91871514957309,
            36.47032802754694
          ],
          [
            126.91866815741368,
            36.470289726770815
          ],
          [
            126.91866815741368,
            36.47002162133791
          ],
          [
            126.91890311821074,
            36.46940880891982
          ],
          [
            126.91890311821074,
            36.4689875003824
          ],
          [
            126.91880913389191,
            36.468872598054006
          ]
        ]
      }
    },
    {
      "type": "Feature",
      "properties": {
        "proposal_id": "ink-line-125",
        "tile_id": "174-cheongyang-mountain",
        "sheet_id": "174-cheongyang",
        "split": "development",
        "proposal_kind": "visible_linework_review_only",
        "backend": "archaeotrace_ink_v2_centerline",
        "upstream_commit": "7960acddb4e82855e2088fdfdd2244799b63775c",
        "pixel_length": 38.485,
        "point_count": 6,
        "confidence": 1.0,
        "review_status": "unreviewed"
      },
      "geometry": {
        "type": "LineString",
        "coordinates": [
          [
            126.91895011037015,
            36.45523752175177
          ],
          [
            126.91899710252956,
            36.455122619423385
          ],
          [
            126.91895011037015,
            36.45431830312466
          ],
          [
            126.91904409468897,
            36.45424170157239
          ],
          [
            126.91923206332662,
            36.45424170157239
          ],
          [
            126.91951401628309,
            36.45431830312466
          ]
        ]
      }
    },
    {
      "type": "Feature",
      "properties": {
        "proposal_id": "ink-line-126",
        "tile_id": "174-cheongyang-mountain",
        "sheet_id": "174-cheongyang",
        "split": "development",
        "proposal_kind": "visible_linework_review_only",
        "backend": "archaeotrace_ink_v2_centerline",
        "upstream_commit": "7960acddb4e82855e2088fdfdd2244799b63775c",
        "pixel_length": 22.243,
        "point_count": 3,
        "confidence": 1.0,
        "review_status": "unreviewed"
      },
      "geometry": {
        "type": "LineString",
        "coordinates": [
          [
            126.91909108684838,
            36.45657804891632
          ],
          [
            126.91946702412368,
            36.45665465046858
          ],
          [
            126.92007792219604,
            36.456616349692446
          ]
        ]
      }
    },
    {
      "type": "Feature",
      "properties": {
        "proposal_id": "ink-line-127",
        "tile_id": "174-cheongyang-mountain",
        "sheet_id": "174-cheongyang",
        "split": "development",
        "proposal_kind": "visible_linework_review_only",
        "backend": "archaeotrace_ink_v2_centerline",
        "upstream_commit": "7960acddb4e82855e2088fdfdd2244799b63775c",
        "pixel_length": 29.899,
        "point_count": 4,
        "confidence": 1.0,
        "review_status": "unreviewed"
      },
      "geometry": {
        "type": "LineString",
        "coordinates": [
          [
            126.9191380790078,
            36.457267462886655
          ],
          [
            126.9198899535584,
            36.45738236521505
          ],
          [
            126.92003093003663,
            36.457458966767305
          ],
          [
            126.92040686731193,
            36.457535568319564
          ]
        ]
      }
    },
    {
      "type": "Feature",
      "properties": {
        "proposal_id": "ink-line-128",
        "tile_id": "174-cheongyang-mountain",
        "sheet_id": "174-cheongyang",
        "split": "development",
        "proposal_kind": "visible_linework_review_only",
        "backend": "archaeotrace_ink_v2_centerline",
        "upstream_commit": "7960acddb4e82855e2088fdfdd2244799b63775c",
        "pixel_length": 18.243,
        "point_count": 3,
        "confidence": 1.0,
        "review_status": "unreviewed"
      },
      "geometry": {
        "type": "LineString",
        "coordinates": [
          [
            126.9191380790078,
            36.451484045691046
          ],
          [
            126.91927905548603,
            36.45140744413879
          ],
          [
            126.91993694571781,
            36.451369143362655
          ]
        ]
      }
    },
    {
      "type": "Feature",
      "properties": {
        "proposal_id": "ink-line-129",
        "tile_id": "174-cheongyang-mountain",
        "sheet_id": "174-cheongyang",
        "split": "development",
        "proposal_kind": "visible_linework_review_only",
        "backend": "archaeotrace_ink_v2_centerline",
        "upstream_commit": "7960acddb4e82855e2088fdfdd2244799b63775c",
        "pixel_length": 19.243,
        "point_count": 4,
        "confidence": 1.0,
        "review_status": "unreviewed"
      },
      "geometry": {
        "type": "LineString",
        "coordinates": [
          [
            126.91927905548603,
            36.466804356142994
          ],
          [
            126.91932604764544,
            36.46684265691913
          ],
          [
            126.91932604764544,
            36.46741716856107
          ],
          [
            126.91942003196426,
            36.46749377011333
          ]
        ]
      }
    },
    {
      "type": "Feature",
      "properties": {
        "proposal_id": "ink-line-130",
        "tile_id": "174-cheongyang-mountain",
        "sheet_id": "174-cheongyang",
        "split": "development",
        "proposal_kind": "visible_linework_review_only",
        "backend": "archaeotrace_ink_v2_centerline",
        "upstream_commit": "7960acddb4e82855e2088fdfdd2244799b63775c",
        "pixel_length": 32.899,
        "point_count": 6,
        "confidence": 1.0,
        "review_status": "unreviewed"
      },
      "geometry": {
        "type": "LineString",
        "coordinates": [
          [
            126.91932604764544,
            36.45217345966138
          ],
          [
            126.91960800060193,
            36.45209685810912
          ],
          [
            126.9198899535584,
            36.45209685810912
          ],
          [
            126.91993694571781,
            36.45205855733299
          ],
          [
            126.92059483594957,
            36.45198195578073
          ],
          [
            126.92073581242782,
            36.45190535422847
          ]
        ]
      }
    },
    {
      "type": "Feature",
      "properties": {
        "proposal_id": "ink-line-131",
        "tile_id": "174-cheongyang-mountain",
        "sheet_id": "174-cheongyang",
        "split": "development",
        "proposal_kind": "visible_linework_review_only",
        "backend": "archaeotrace_ink_v2_centerline",
        "upstream_commit": "7960acddb4e82855e2088fdfdd2244799b63775c",
        "pixel_length": 33.627,
        "point_count": 4,
        "confidence": 1.0,
        "review_status": "unreviewed"
      },
      "geometry": {
        "type": "LineString",
        "coordinates": [
          [
            126.91942003196426,
            36.466536250710085
          ],
          [
            126.91923206332662,
            36.466268145277176
          ],
          [
            126.91956100844251,
            36.46603834062039
          ],
          [
            126.92017190651487,
            36.46580853596362
          ]
        ]
      }
    },
    {
      "type": "Feature",
      "properties": {
        "proposal_id": "ink-line-132",
        "tile_id": "174-cheongyang-mountain",
        "sheet_id": "174-cheongyang",
        "split": "development",
        "proposal_kind": "visible_linework_review_only",
        "backend": "archaeotrace_ink_v2_centerline",
        "upstream_commit": "7960acddb4e82855e2088fdfdd2244799b63775c",
        "pixel_length": 22.899,
        "point_count": 4,
        "confidence": 1.0,
        "review_status": "unreviewed"
      },
      "geometry": {
        "type": "LineString",
        "coordinates": [
          [
            126.91960800060193,
            36.47622634707094
          ],
          [
            126.92017190651487,
            36.475996542414165
          ],
          [
            126.92012491435545,
            36.47591994086191
          ],
          [
            126.91984296139898,
            36.47591994086191
          ]
        ]
      }
    },
    {
      "type": "Feature",
      "properties": {
        "proposal_id": "ink-line-133",
        "tile_id": "174-cheongyang-mountain",
        "sheet_id": "174-cheongyang",
        "split": "development",
        "proposal_kind": "visible_linework_review_only",
        "backend": "archaeotrace_ink_v2_centerline",
        "upstream_commit": "7960acddb4e82855e2088fdfdd2244799b63775c",
        "pixel_length": 26.071,
        "point_count": 6,
        "confidence": 1.0,
        "review_status": "unreviewed"
      },
      "geometry": {
        "type": "LineString",
        "coordinates": [
          [
            126.91965499276134,
            36.46086773584286
          ],
          [
            126.91970198492075,
            36.460906036618994
          ],
          [
            126.92003093003663,
            36.460906036618994
          ],
          [
            126.9203128829931,
            36.46098263817125
          ],
          [
            126.920641828109,
            36.46098263817125
          ],
          [
            126.92078280458723,
            36.460906036618994
          ]
        ]
      }
    },
    {
      "type": "Feature",
      "properties": {
        "proposal_id": "ink-line-134",
        "tile_id": "174-cheongyang-mountain",
        "sheet_id": "174-cheongyang",
        "split": "development",
        "proposal_kind": "visible_linework_review_only",
        "backend": "archaeotrace_ink_v2_centerline",
        "upstream_commit": "7960acddb4e82855e2088fdfdd2244799b63775c",
        "pixel_length": 24.828,
        "point_count": 4,
        "confidence": 1.0,
        "review_status": "unreviewed"
      },
      "geometry": {
        "type": "LineString",
        "coordinates": [
          [
            126.91965499276134,
            36.452326662765905
          ],
          [
            126.91984296139898,
            36.452326662765905
          ],
          [
            126.9198899535584,
            36.45228836198977
          ],
          [
            126.92078280458723,
            36.452326662765905
          ]
        ]
      }
    },
    {
      "type": "Feature",
      "properties": {
        "proposal_id": "ink-line-135",
        "tile_id": "174-cheongyang-mountain",
        "sheet_id": "174-cheongyang",
        "split": "development",
        "proposal_kind": "visible_linework_review_only",
        "backend": "archaeotrace_ink_v2_centerline",
        "upstream_commit": "7960acddb4e82855e2088fdfdd2244799b63775c",
        "pixel_length": 27.485,
        "point_count": 4,
        "confidence": 1.0,
        "review_status": "unreviewed"
      },
      "geometry": {
        "type": "LineString",
        "coordinates": [
          [
            126.91993694571781,
            36.47480921835414
          ],
          [
            126.92007792219604,
            36.47461771447349
          ],
          [
            126.92003093003663,
            36.473928300503154
          ],
          [
            126.92012491435545,
            36.47385169895089
          ]
        ]
      }
    },
    {
      "type": "Feature",
      "properties": {
        "proposal_id": "ink-line-136",
        "tile_id": "174-cheongyang-mountain",
        "sheet_id": "174-cheongyang",
        "split": "development",
        "proposal_kind": "visible_linework_review_only",
        "backend": "archaeotrace_ink_v2_centerline",
        "upstream_commit": "7960acddb4e82855e2088fdfdd2244799b63775c",
        "pixel_length": 23.314,
        "point_count": 5,
        "confidence": 1.0,
        "review_status": "unreviewed"
      },
      "geometry": {
        "type": "LineString",
        "coordinates": [
          [
            126.91998393787722,
            36.46695755924751
          ],
          [
            126.91998393787722,
            36.46722566468042
          ],
          [
            126.92026589083369,
            36.46741716856107
          ],
          [
            126.92050085163075,
            36.46753207088946
          ],
          [
            126.92059483594957,
            36.46753207088946
          ]
        ]
      }
    },
    {
      "type": "Feature",
      "properties": {
        "proposal_id": "ink-line-137",
        "tile_id": "174-cheongyang-mountain",
        "sheet_id": "174-cheongyang",
        "split": "development",
        "proposal_kind": "visible_linework_review_only",
        "backend": "archaeotrace_ink_v2_centerline",
        "upstream_commit": "7960acddb4e82855e2088fdfdd2244799b63775c",
        "pixel_length": 21.071,
        "point_count": 6,
        "confidence": 1.0,
        "review_status": "unreviewed"
      },
      "geometry": {
        "type": "LineString",
        "coordinates": [
          [
            126.92003093003663,
            36.481205447967824
          ],
          [
            126.92012491435545,
            36.4811671471917
          ],
          [
            126.92017190651487,
            36.481205447967824
          ],
          [
            126.92040686731193,
            36.481205447967824
          ],
          [
            126.92059483594957,
            36.48128204952009
          ],
          [
            126.92092378106547,
            36.48124374874396
          ]
        ]
      }
    },
    {
      "type": "Feature",
      "properties": {
        "proposal_id": "ink-line-138",
        "tile_id": "174-cheongyang-mountain",
        "sheet_id": "174-cheongyang",
        "split": "development",
        "proposal_kind": "visible_linework_review_only",
        "backend": "archaeotrace_ink_v2_centerline",
        "upstream_commit": "7960acddb4e82855e2088fdfdd2244799b63775c",
        "pixel_length": 23.142,
        "point_count": 4,
        "confidence": 1.0,
        "review_status": "unreviewed"
      },
      "geometry": {
        "type": "LineString",
        "coordinates": [
          [
            126.92012491435545,
            36.45657804891632
          ],
          [
            126.92040686731193,
            36.45634824425954
          ],
          [
            126.92073581242782,
            36.45638654503567
          ],
          [
            126.92097077322488,
            36.45653974814019
          ]
        ]
      }
    },
    {
      "type": "Feature",
      "properties": {
        "proposal_id": "ink-line-139",
        "tile_id": "174-cheongyang-mountain",
        "sheet_id": "174-cheongyang",
        "split": "development",
        "proposal_kind": "visible_linework_review_only",
        "backend": "archaeotrace_ink_v2_centerline",
        "upstream_commit": "7960acddb4e82855e2088fdfdd2244799b63775c",
        "pixel_length": 19.828,
        "point_count": 3,
        "confidence": 1.0,
        "review_status": "unreviewed"
      },
      "geometry": {
        "type": "LineString",
        "coordinates": [
          [
            126.92035987515251,
            36.47381339817476
          ],
          [
            126.92115874186253,
            36.47377509739863
          ],
          [
            126.92125272618135,
            36.473736796622504
          ]
        ]
      }
    },
    {
      "type": "Feature",
      "properties": {
        "proposal_id": "ink-line-140",
        "tile_id": "174-cheongyang-mountain",
        "sheet_id": "174-cheongyang",
        "split": "development",
        "proposal_kind": "visible_linework_review_only",
        "backend": "archaeotrace_ink_v2_centerline",
        "upstream_commit": "7960acddb4e82855e2088fdfdd2244799b63775c",
        "pixel_length": 20.728,
        "point_count": 3,
        "confidence": 1.0,
        "review_status": "unreviewed"
      },
      "geometry": {
        "type": "LineString",
        "coordinates": [
          [
            126.92035987515251,
            36.46320408318679
          ],
          [
            126.920641828109,
            36.46339558706744
          ],
          [
            126.92115874186253,
            36.463548790171956
          ]
        ]
      }
    },
    {
      "type": "Feature",
      "properties": {
        "proposal_id": "ink-line-141",
        "tile_id": "174-cheongyang-mountain",
        "sheet_id": "174-cheongyang",
        "split": "development",
        "proposal_kind": "visible_linework_review_only",
        "backend": "archaeotrace_ink_v2_centerline",
        "upstream_commit": "7960acddb4e82855e2088fdfdd2244799b63775c",
        "pixel_length": 20.243,
        "point_count": 2,
        "confidence": 1.0,
        "review_status": "unreviewed"
      },
      "geometry": {
        "type": "LineString",
        "coordinates": [
          [
            126.92068882026841,
            36.48277577978915
          ],
          [
            126.92158167129723,
            36.48289068211754
          ]
        ]
      }
    },
    {
      "type": "Feature",
      "properties": {
        "proposal_id": "ink-line-142",
        "tile_id": "174-cheongyang-mountain",
        "sheet_id": "174-cheongyang",
        "split": "development",
        "proposal_kind": "visible_linework_review_only",
        "backend": "archaeotrace_ink_v2_centerline",
        "upstream_commit": "7960acddb4e82855e2088fdfdd2244799b63775c",
        "pixel_length": 25.314,
        "point_count": 6,
        "confidence": 1.0,
        "review_status": "unreviewed"
      },
      "geometry": {
        "type": "LineString",
        "coordinates": [
          [
            126.92087678890606,
            36.47990322157941
          ],
          [
            126.92111174970312,
            36.479826620027154
          ],
          [
            126.92139370265959,
            36.47990322157941
          ],
          [
            126.92148768697841,
            36.480018123907804
          ],
          [
            126.92148768697841,
            36.48017132701232
          ],
          [
            126.92139370265959,
            36.48032453011684
          ]
        ]
      }
    },
    {
      "type": "Feature",
      "properties": {
        "proposal_id": "ink-line-143",
        "tile_id": "174-cheongyang-mountain",
        "sheet_id": "174-cheongyang",
        "split": "development",
        "proposal_kind": "visible_linework_review_only",
        "backend": "archaeotrace_ink_v2_centerline",
        "upstream_commit": "7960acddb4e82855e2088fdfdd2244799b63775c",
        "pixel_length": 27.142,
        "point_count": 3,
        "confidence": 1.0,
        "review_status": "unreviewed"
      },
      "geometry": {
        "type": "LineString",
        "coordinates": [
          [
            126.92092378106547,
            36.451752151123955
          ],
          [
            126.9210647575437,
            36.451752151123955
          ],
          [
            126.92200460073195,
            36.452135158885255
          ]
        ]
      }
    },
    {
      "type": "Feature",
      "properties": {
        "proposal_id": "ink-line-144",
        "tile_id": "174-cheongyang-mountain",
        "sheet_id": "174-cheongyang",
        "split": "development",
        "proposal_kind": "visible_linework_review_only",
        "backend": "archaeotrace_ink_v2_centerline",
        "upstream_commit": "7960acddb4e82855e2088fdfdd2244799b63775c",
        "pixel_length": 18.657,
        "point_count": 4,
        "confidence": 1.0,
        "review_status": "unreviewed"
      },
      "geometry": {
        "type": "LineString",
        "coordinates": [
          [
            126.92101776538429,
            36.47189835936827
          ],
          [
            126.92125272618135,
            36.47182175781601
          ],
          [
            126.92129971834076,
            36.471860058592135
          ],
          [
            126.9218166320943,
            36.47189835936827
          ]
        ]
      }
    },
    {
      "type": "Feature",
      "properties": {
        "proposal_id": "ink-line-145",
        "tile_id": "174-cheongyang-mountain",
        "sheet_id": "174-cheongyang",
        "split": "development",
        "proposal_kind": "visible_linework_review_only",
        "backend": "archaeotrace_ink_v2_centerline",
        "upstream_commit": "7960acddb4e82855e2088fdfdd2244799b63775c",
        "pixel_length": 18.657,
        "point_count": 5,
        "confidence": 1.0,
        "review_status": "unreviewed"
      },
      "geometry": {
        "type": "LineString",
        "coordinates": [
          [
            126.92101776538429,
            36.46236146611193
          ],
          [
            126.92120573402194,
            36.46236146611193
          ],
          [
            126.92125272618135,
            36.46239976688806
          ],
          [
            126.92162866345664,
            36.46236146611193
          ],
          [
            126.9218166320943,
            36.46243806766419
          ]
        ]
      }
    },
    {
      "type": "Feature",
      "properties": {
        "proposal_id": "ink-line-146",
        "tile_id": "174-cheongyang-mountain",
        "sheet_id": "174-cheongyang",
        "split": "development",
        "proposal_kind": "visible_linework_review_only",
        "backend": "archaeotrace_ink_v2_centerline",
        "upstream_commit": "7960acddb4e82855e2088fdfdd2244799b63775c",
        "pixel_length": 21.071,
        "point_count": 4,
        "confidence": 1.0,
        "review_status": "unreviewed"
      },
      "geometry": {
        "type": "LineString",
        "coordinates": [
          [
            126.92120573402194,
            36.4843844123866
          ],
          [
            126.92129971834076,
            36.484422713162736
          ],
          [
            126.9217696399349,
            36.484422713162736
          ],
          [
            126.92209858505078,
            36.484575916267254
          ]
        ]
      }
    },
    {
      "type": "Feature",
      "properties": {
        "proposal_id": "ink-line-147",
        "tile_id": "174-cheongyang-mountain",
        "sheet_id": "174-cheongyang",
        "split": "development",
        "proposal_kind": "visible_linework_review_only",
        "backend": "archaeotrace_ink_v2_centerline",
        "upstream_commit": "7960acddb4e82855e2088fdfdd2244799b63775c",
        "pixel_length": 26.071,
        "point_count": 5,
        "confidence": 1.0,
        "review_status": "unreviewed"
      },
      "geometry": {
        "type": "LineString",
        "coordinates": [
          [
            126.92120573402194,
            36.47867759674325
          ],
          [
            126.92125272618135,
            36.478715897519386
          ],
          [
            126.9218166320943,
            36.478715897519386
          ],
          [
            126.92186362425372,
            36.47875419829551
          ],
          [
            126.92233354584783,
            36.47863929596713
          ]
        ]
      }
    },
    {
      "type": "Feature",
      "properties": {
        "proposal_id": "ink-line-148",
        "tile_id": "174-cheongyang-mountain",
        "sheet_id": "174-cheongyang",
        "split": "development",
        "proposal_kind": "visible_linework_review_only",
        "backend": "archaeotrace_ink_v2_centerline",
        "upstream_commit": "7960acddb4e82855e2088fdfdd2244799b63775c",
        "pixel_length": 21.828,
        "point_count": 4,
        "confidence": 1.0,
        "review_status": "unreviewed"
      },
      "geometry": {
        "type": "LineString",
        "coordinates": [
          [
            126.92162866345664,
            36.46071453273834
          ],
          [
            126.92167565561607,
            36.46040812652931
          ],
          [
            126.92172264777548,
            36.460369825753176
          ],
          [
            126.92172264777548,
            36.45991021643962
          ]
        ]
      }
    },
    {
      "type": "Feature",
      "properties": {
        "proposal_id": "ink-line-149",
        "tile_id": "174-cheongyang-mountain",
        "sheet_id": "174-cheongyang",
        "split": "development",
        "proposal_kind": "visible_linework_review_only",
        "backend": "archaeotrace_ink_v2_centerline",
        "upstream_commit": "7960acddb4e82855e2088fdfdd2244799b63775c",
        "pixel_length": 35.243,
        "point_count": 6,
        "confidence": 1.0,
        "review_status": "unreviewed"
      },
      "geometry": {
        "type": "LineString",
        "coordinates": [
          [
            126.92172264777548,
            36.45868459160346
          ],
          [
            126.92172264777548,
            36.45876119315572
          ],
          [
            126.9218166320943,
            36.45883779470798
          ],
          [
            126.9229444439202,
            36.45883779470798
          ],
          [
            126.92299143607961,
            36.45887609548411
          ],
          [
            126.92322639687667,
            36.45887609548411
          ]
        ]
      }
    },
    {
      "type": "Feature",
      "properties": {
        "proposal_id": "ink-line-150",
        "tile_id": "174-cheongyang-mountain",
        "sheet_id": "174-cheongyang",
        "split": "development",
        "proposal_kind": "visible_linework_review_only",
        "backend": "archaeotrace_ink_v2_centerline",
        "upstream_commit": "7960acddb4e82855e2088fdfdd2244799b63775c",
        "pixel_length": 23.828,
        "point_count": 3,
        "confidence": 1.0,
        "review_status": "unreviewed"
      },
      "geometry": {
        "type": "LineString",
        "coordinates": [
          [
            126.9218166320943,
            36.475345429219956
          ],
          [
            126.92191061641313,
            36.47530712844382
          ],
          [
            126.92289745176079,
            36.475345429219956
          ]
        ]
      }
    },
    {
      "type": "Feature",
      "properties": {
        "proposal_id": "ink-line-151",
        "tile_id": "174-cheongyang-mountain",
        "sheet_id": "174-cheongyang",
        "split": "development",
        "proposal_kind": "visible_linework_review_only",
        "backend": "archaeotrace_ink_v2_centerline",
        "upstream_commit": "7960acddb4e82855e2088fdfdd2244799b63775c",
        "pixel_length": 23.071,
        "point_count": 5,
        "confidence": 1.0,
        "review_status": "unreviewed"
      },
      "geometry": {
        "type": "LineString",
        "coordinates": [
          [
            126.92214557721019,
            36.45251816664655
          ],
          [
            126.92252151448548,
            36.45255646742268
          ],
          [
            126.9225685066449,
            36.45251816664655
          ],
          [
            126.92280346744197,
            36.45251816664655
          ],
          [
            126.92313241255785,
            36.452403264318164
          ]
        ]
      }
    },
    {
      "type": "Feature",
      "properties": {
        "proposal_id": "ink-line-152",
        "tile_id": "174-cheongyang-mountain",
        "sheet_id": "174-cheongyang",
        "split": "development",
        "proposal_kind": "visible_linework_review_only",
        "backend": "archaeotrace_ink_v2_centerline",
        "upstream_commit": "7960acddb4e82855e2088fdfdd2244799b63775c",
        "pixel_length": 25.728,
        "point_count": 6,
        "confidence": 1.0,
        "review_status": "unreviewed"
      },
      "geometry": {
        "type": "LineString",
        "coordinates": [
          [
            126.92238053800725,
            36.46209336067902
          ],
          [
            126.92228655368842,
            36.46209336067902
          ],
          [
            126.9221925693696,
            36.46216996223128
          ],
          [
            126.92214557721019,
            36.46243806766419
          ],
          [
            126.92228655368842,
            36.46274447387323
          ],
          [
            126.92242753016666,
            36.46285937620162
          ]
        ]
      }
    },
    {
      "type": "Feature",
      "properties": {
        "proposal_id": "ink-line-153",
        "tile_id": "174-cheongyang-mountain",
        "sheet_id": "174-cheongyang",
        "split": "development",
        "proposal_kind": "visible_linework_review_only",
        "backend": "archaeotrace_ink_v2_centerline",
        "upstream_commit": "7960acddb4e82855e2088fdfdd2244799b63775c",
        "pixel_length": 43.314,
        "point_count": 6,
        "confidence": 1.0,
        "review_status": "unreviewed"
      },
      "geometry": {
        "type": "LineString",
        "coordinates": [
          [
            126.92242753016666,
            36.478600995190995
          ],
          [
            126.92280346744197,
            36.4784860928626
          ],
          [
            126.9233203811955,
            36.4784860928626
          ],
          [
            126.92379030278961,
            36.478600995190995
          ],
          [
            126.92416624006492,
            36.478600995190995
          ],
          [
            126.92430721654316,
            36.478524393638736
          ]
        ]
      }
    },
    {
      "type": "Feature",
      "properties": {
        "proposal_id": "ink-line-154",
        "tile_id": "174-cheongyang-mountain",
        "sheet_id": "174-cheongyang",
        "split": "development",
        "proposal_kind": "visible_linework_review_only",
        "backend": "archaeotrace_ink_v2_centerline",
        "upstream_commit": "7960acddb4e82855e2088fdfdd2244799b63775c",
        "pixel_length": 24.243,
        "point_count": 3,
        "confidence": 1.0,
        "review_status": "unreviewed"
      },
      "geometry": {
        "type": "LineString",
        "coordinates": [
          [
            126.92247452232607,
            36.48484402170016
          ],
          [
            126.92266249096372,
            36.48492062325243
          ],
          [
            126.92355534199255,
            36.484882322476295
          ]
        ]
      }
    },
    {
      "type": "Feature",
      "properties": {
        "proposal_id": "ink-line-155",
        "tile_id": "174-cheongyang-mountain",
        "sheet_id": "174-cheongyang",
        "split": "development",
        "proposal_kind": "visible_linework_review_only",
        "backend": "archaeotrace_ink_v2_centerline",
        "upstream_commit": "7960acddb4e82855e2088fdfdd2244799b63775c",
        "pixel_length": 18.243,
        "point_count": 3,
        "confidence": 1.0,
        "review_status": "unreviewed"
      },
      "geometry": {
        "type": "LineString",
        "coordinates": [
          [
            126.92270948312313,
            36.48652925584988
          ],
          [
            126.9233203811955,
            36.48649095507375
          ],
          [
            126.92350834983314,
            36.48656755662601
          ]
        ]
      }
    },
    {
      "type": "Feature",
      "properties": {
        "proposal_id": "ink-line-156",
        "tile_id": "174-cheongyang-mountain",
        "sheet_id": "174-cheongyang",
        "split": "development",
        "proposal_kind": "visible_linework_review_only",
        "backend": "archaeotrace_ink_v2_centerline",
        "upstream_commit": "7960acddb4e82855e2088fdfdd2244799b63775c",
        "pixel_length": 22.071,
        "point_count": 6,
        "confidence": 1.0,
        "review_status": "unreviewed"
      },
      "geometry": {
        "type": "LineString",
        "coordinates": [
          [
            126.92270948312313,
            36.47312398420442
          ],
          [
            126.92270948312313,
            36.47304738265216
          ],
          [
            126.9229444439202,
            36.47293248032378
          ],
          [
            126.92327338903608,
            36.47293248032378
          ],
          [
            126.9233203811955,
            36.4729707810999
          ],
          [
            126.92355534199255,
            36.47293248032378
          ]
        ]
      }
    },
    {
      "type": "Feature",
      "properties": {
        "proposal_id": "ink-line-157",
        "tile_id": "174-cheongyang-mountain",
        "sheet_id": "174-cheongyang",
        "split": "development",
        "proposal_kind": "visible_linework_review_only",
        "backend": "archaeotrace_ink_v2_centerline",
        "upstream_commit": "7960acddb4e82855e2088fdfdd2244799b63775c",
        "pixel_length": 25.899,
        "point_count": 4,
        "confidence": 1.0,
        "review_status": "unreviewed"
      },
      "geometry": {
        "type": "LineString",
        "coordinates": [
          [
            126.92275647528255,
            36.45159894801944
          ],
          [
            126.9233203811955,
            36.45152234646717
          ],
          [
            126.92360233415197,
            36.451675549571696
          ],
          [
            126.92383729494904,
            36.45163724879556
          ]
        ]
      }
    },
    {
      "type": "Feature",
      "properties": {
        "proposal_id": "ink-line-158",
        "tile_id": "174-cheongyang-mountain",
        "sheet_id": "174-cheongyang",
        "split": "development",
        "proposal_kind": "visible_linework_review_only",
        "backend": "archaeotrace_ink_v2_centerline",
        "upstream_commit": "7960acddb4e82855e2088fdfdd2244799b63775c",
        "pixel_length": 26.485,
        "point_count": 7,
        "confidence": 1.0,
        "review_status": "unreviewed"
      },
      "geometry": {
        "type": "LineString",
        "coordinates": [
          [
            126.92280346744197,
            36.46209336067902
          ],
          [
            126.92289745176079,
            36.46209336067902
          ],
          [
            126.92308542039844,
            36.46228486455967
          ],
          [
            126.92308542039844,
            36.462591270768705
          ],
          [
            126.92303842823902,
            36.46262957154484
          ],
          [
            126.92303842823902,
            36.46289767697775
          ],
          [
            126.92299143607961,
            36.46293597775388
          ]
        ]
      }
    },
    {
      "type": "Feature",
      "properties": {
        "proposal_id": "ink-line-159",
        "tile_id": "174-cheongyang-mountain",
        "sheet_id": "174-cheongyang",
        "split": "development",
        "proposal_kind": "visible_linework_review_only",
        "backend": "archaeotrace_ink_v2_centerline",
        "upstream_commit": "7960acddb4e82855e2088fdfdd2244799b63775c",
        "pixel_length": 19.071,
        "point_count": 4,
        "confidence": 1.0,
        "review_status": "unreviewed"
      },
      "geometry": {
        "type": "LineString",
        "coordinates": [
          [
            126.92285045960138,
            36.458224982289906
          ],
          [
            126.92289745176079,
            36.45826328306603
          ],
          [
            126.92355534199255,
            36.45833988461829
          ],
          [
            126.92364932631138,
            36.45841648617055
          ]
        ]
      }
    },
    {
      "type": "Feature",
      "properties": {
        "proposal_id": "ink-line-160",
        "tile_id": "174-cheongyang-mountain",
        "sheet_id": "174-cheongyang",
        "split": "development",
        "proposal_kind": "visible_linework_review_only",
        "backend": "archaeotrace_ink_v2_centerline",
        "upstream_commit": "7960acddb4e82855e2088fdfdd2244799b63775c",
        "pixel_length": 24.142,
        "point_count": 5,
        "confidence": 1.0,
        "review_status": "unreviewed"
      },
      "geometry": {
        "type": "LineString",
        "coordinates": [
          [
            126.9229444439202,
            36.487869783014425
          ],
          [
            126.92308542039844,
            36.48756337680538
          ],
          [
            126.92317940471726,
            36.487486775253124
          ],
          [
            126.92341436551432,
            36.48752507602926
          ],
          [
            126.92360233415197,
            36.48771657990991
          ]
        ]
      }
    },
    {
      "type": "Feature",
      "properties": {
        "proposal_id": "ink-line-161",
        "tile_id": "174-cheongyang-mountain",
        "sheet_id": "174-cheongyang",
        "split": "development",
        "proposal_kind": "visible_linework_review_only",
        "backend": "archaeotrace_ink_v2_centerline",
        "upstream_commit": "7960acddb4e82855e2088fdfdd2244799b63775c",
        "pixel_length": 19.071,
        "point_count": 4,
        "confidence": 1.0,
        "review_status": "unreviewed"
      },
      "geometry": {
        "type": "LineString",
        "coordinates": [
          [
            126.9229444439202,
            36.46178695446998
          ],
          [
            126.9233673733549,
            36.46178695446998
          ],
          [
            126.92360233415197,
            36.46186355602224
          ],
          [
            126.9237433106302,
            36.46197845835063
          ]
        ]
      }
    },
    {
      "type": "Feature",
      "properties": {
        "proposal_id": "ink-line-162",
        "tile_id": "174-cheongyang-mountain",
        "sheet_id": "174-cheongyang",
        "split": "development",
        "proposal_kind": "visible_linework_review_only",
        "backend": "archaeotrace_ink_v2_centerline",
        "upstream_commit": "7960acddb4e82855e2088fdfdd2244799b63775c",
        "pixel_length": 20.071,
        "point_count": 3,
        "confidence": 1.0,
        "review_status": "unreviewed"
      },
      "geometry": {
        "type": "LineString",
        "coordinates": [
          [
            126.92299143607961,
            36.48426951005822
          ],
          [
            126.92350834983314,
            36.48415460772983
          ],
          [
            126.92383729494904,
            36.484231209282086
          ]
        ]
      }
    },
    {
      "type": "Feature",
      "properties": {
        "proposal_id": "ink-line-163",
        "tile_id": "174-cheongyang-mountain",
        "sheet_id": "174-cheongyang",
        "split": "development",
        "proposal_kind": "visible_linework_review_only",
        "backend": "archaeotrace_ink_v2_centerline",
        "upstream_commit": "7960acddb4e82855e2088fdfdd2244799b63775c",
        "pixel_length": 25.657,
        "point_count": 4,
        "confidence": 1.0,
        "review_status": "unreviewed"
      },
      "geometry": {
        "type": "LineString",
        "coordinates": [
          [
            126.92308542039844,
            36.475498632324474
          ],
          [
            126.92327338903608,
            36.47546033154835
          ],
          [
            126.92397827142727,
            36.475498632324474
          ],
          [
            126.92421323222433,
            36.475422030772215
          ]
        ]
      }
    },
    {
      "type": "Feature",
      "properties": {
        "proposal_id": "ink-line-164",
        "tile_id": "174-cheongyang-mountain",
        "sheet_id": "174-cheongyang",
        "split": "development",
        "proposal_kind": "visible_linework_review_only",
        "backend": "archaeotrace_ink_v2_centerline",
        "upstream_commit": "7960acddb4e82855e2088fdfdd2244799b63775c",
        "pixel_length": 18.243,
        "point_count": 3,
        "confidence": 1.0,
        "review_status": "unreviewed"
      },
      "geometry": {
        "type": "LineString",
        "coordinates": [
          [
            126.92317940471726,
            36.45301607673624
          ],
          [
            126.92341436551432,
            36.45293947518398
          ],
          [
            126.92397827142727,
            36.45297777596011
          ]
        ]
      }
    },
    {
      "type": "Feature",
      "properties": {
        "proposal_id": "ink-line-165",
        "tile_id": "174-cheongyang-mountain",
        "sheet_id": "174-cheongyang",
        "split": "development",
        "proposal_kind": "visible_linework_review_only",
        "backend": "archaeotrace_ink_v2_centerline",
        "upstream_commit": "7960acddb4e82855e2088fdfdd2244799b63775c",
        "pixel_length": 25.071,
        "point_count": 5,
        "confidence": 1.0,
        "review_status": "unreviewed"
      },
      "geometry": {
        "type": "LineString",
        "coordinates": [
          [
            126.92322639687667,
            36.460178321872526
          ],
          [
            126.92308542039844,
            36.46048472808157
          ],
          [
            126.92308542039844,
            36.46086773584286
          ],
          [
            126.92313241255785,
            36.460906036618994
          ],
          [
            126.9233203811955,
            36.46086773584286
          ]
        ]
      }
    },
    {
      "type": "Feature",
      "properties": {
        "proposal_id": "ink-line-166",
        "tile_id": "174-cheongyang-mountain",
        "sheet_id": "174-cheongyang",
        "split": "development",
        "proposal_kind": "visible_linework_review_only",
        "backend": "archaeotrace_ink_v2_centerline",
        "upstream_commit": "7960acddb4e82855e2088fdfdd2244799b63775c",
        "pixel_length": 20.657,
        "point_count": 2,
        "confidence": 1.0,
        "review_status": "unreviewed"
      },
      "geometry": {
        "type": "LineString",
        "coordinates": [
          [
            126.9233203811955,
            36.4825842759085
          ],
          [
            126.92421323222433,
            36.48243107280398
          ]
        ]
      }
    },
    {
      "type": "Feature",
      "properties": {
        "proposal_id": "ink-line-167",
        "tile_id": "174-cheongyang-mountain",
        "sheet_id": "174-cheongyang",
        "split": "development",
        "proposal_kind": "visible_linework_review_only",
        "backend": "archaeotrace_ink_v2_centerline",
        "upstream_commit": "7960acddb4e82855e2088fdfdd2244799b63775c",
        "pixel_length": 29.657,
        "point_count": 5,
        "confidence": 1.0,
        "review_status": "unreviewed"
      },
      "geometry": {
        "type": "LineString",
        "coordinates": [
          [
            126.92355534199255,
            36.47507732378705
          ],
          [
            126.92397827142727,
            36.475039023010915
          ],
          [
            126.92402526358669,
            36.47500072223479
          ],
          [
            126.92458916949963,
            36.47500072223479
          ],
          [
            126.9248711224561,
            36.47492412068253
          ]
        ]
      }
    },
    {
      "type": "Feature",
      "properties": {
        "proposal_id": "ink-line-168",
        "tile_id": "174-cheongyang-mountain",
        "sheet_id": "174-cheongyang",
        "split": "development",
        "proposal_kind": "visible_linework_review_only",
        "backend": "archaeotrace_ink_v2_centerline",
        "upstream_commit": "7960acddb4e82855e2088fdfdd2244799b63775c",
        "pixel_length": 24.314,
        "point_count": 5,
        "confidence": 1.0,
        "review_status": "unreviewed"
      },
      "geometry": {
        "type": "LineString",
        "coordinates": [
          [
            126.92379030278961,
            36.45879949393185
          ],
          [
            126.92393127926786,
            36.45883779470798
          ],
          [
            126.9240722557461,
            36.45895269703637
          ],
          [
            126.92416624006492,
            36.45914420091702
          ],
          [
            126.9240722557461,
            36.45952720867832
          ]
        ]
      }
    },
    {
      "type": "Feature",
      "properties": {
        "proposal_id": "ink-line-169",
        "tile_id": "174-cheongyang-mountain",
        "sheet_id": "174-cheongyang",
        "split": "development",
        "proposal_kind": "visible_linework_review_only",
        "backend": "archaeotrace_ink_v2_centerline",
        "upstream_commit": "7960acddb4e82855e2088fdfdd2244799b63775c",
        "pixel_length": 34.071,
        "point_count": 5,
        "confidence": 1.0,
        "review_status": "unreviewed"
      },
      "geometry": {
        "type": "LineString",
        "coordinates": [
          [
            126.9240722557461,
            36.47182175781601
          ],
          [
            126.92473014597786,
            36.47178345703988
          ],
          [
            126.92496510677493,
            36.471860058592135
          ],
          [
            126.9252470597314,
            36.471860058592135
          ],
          [
            126.92557600484729,
            36.4719366601444
          ]
        ]
      }
    },
    {
      "type": "Feature",
      "properties": {
        "proposal_id": "ink-line-170",
        "tile_id": "174-cheongyang-mountain",
        "sheet_id": "174-cheongyang",
        "split": "development",
        "proposal_kind": "visible_linework_review_only",
        "backend": "archaeotrace_ink_v2_centerline",
        "upstream_commit": "7960acddb4e82855e2088fdfdd2244799b63775c",
        "pixel_length": 21.485,
        "point_count": 5,
        "confidence": 1.0,
        "review_status": "unreviewed"
      },
      "geometry": {
        "type": "LineString",
        "coordinates": [
          [
            126.92411924790551,
            36.48978482182092
          ],
          [
            126.92402526358669,
            36.48970822026866
          ],
          [
            126.92402526358669,
            36.48944011483575
          ],
          [
            126.92416624006492,
            36.48936351328349
          ],
          [
            126.9244951851808,
            36.48944011483575
          ]
        ]
      }
    },
    {
      "type": "Feature",
      "properties": {
        "proposal_id": "ink-line-171",
        "tile_id": "174-cheongyang-mountain",
        "sheet_id": "174-cheongyang",
        "split": "development",
        "proposal_kind": "visible_linework_review_only",
        "backend": "archaeotrace_ink_v2_centerline",
        "upstream_commit": "7960acddb4e82855e2088fdfdd2244799b63775c",
        "pixel_length": 22.243,
        "point_count": 3,
        "confidence": 1.0,
        "review_status": "unreviewed"
      },
      "geometry": {
        "type": "LineString",
        "coordinates": [
          [
            126.92421323222433,
            36.46649794993395
          ],
          [
            126.92426022438374,
            36.466536250710085
          ],
          [
            126.92435420870257,
            36.467302266232686
          ]
        ]
      }
    },
    {
      "type": "Feature",
      "properties": {
        "proposal_id": "ink-line-172",
        "tile_id": "174-cheongyang-mountain",
        "sheet_id": "174-cheongyang",
        "split": "development",
        "proposal_kind": "visible_linework_review_only",
        "backend": "archaeotrace_ink_v2_centerline",
        "upstream_commit": "7960acddb4e82855e2088fdfdd2244799b63775c",
        "pixel_length": 34.385,
        "point_count": 4,
        "confidence": 1.0,
        "review_status": "unreviewed"
      },
      "geometry": {
        "type": "LineString",
        "coordinates": [
          [
            126.92421323222433,
            36.461097540499644
          ],
          [
            126.92440120086198,
            36.461212442828035
          ],
          [
            126.92505909109376,
            36.461289044380294
          ],
          [
            126.92557600484729,
            36.46159545058933
          ]
        ]
      }
    },
    {
      "type": "Feature",
      "properties": {
        "proposal_id": "ink-line-173",
        "tile_id": "174-cheongyang-mountain",
        "sheet_id": "174-cheongyang",
        "split": "development",
        "proposal_kind": "visible_linework_review_only",
        "backend": "archaeotrace_ink_v2_centerline",
        "upstream_commit": "7960acddb4e82855e2088fdfdd2244799b63775c",
        "pixel_length": 19.657,
        "point_count": 5,
        "confidence": 1.0,
        "review_status": "unreviewed"
      },
      "geometry": {
        "type": "LineString",
        "coordinates": [
          [
            126.92430721654316,
            36.4545098070053
          ],
          [
            126.92454217734021,
            36.454548107781434
          ],
          [
            126.92463616165904,
            36.45462470933369
          ],
          [
            126.92505909109376,
            36.45462470933369
          ],
          [
            126.92515307541258,
            36.45458640855757
          ]
        ]
      }
    },
    {
      "type": "Feature",
      "properties": {
        "proposal_id": "ink-line-174",
        "tile_id": "174-cheongyang-mountain",
        "sheet_id": "174-cheongyang",
        "split": "development",
        "proposal_kind": "visible_linework_review_only",
        "backend": "archaeotrace_ink_v2_centerline",
        "upstream_commit": "7960acddb4e82855e2088fdfdd2244799b63775c",
        "pixel_length": 19.414,
        "point_count": 2,
        "confidence": 1.0,
        "review_status": "unreviewed"
      },
      "geometry": {
        "type": "LineString",
        "coordinates": [
          [
            126.92435420870257,
            36.4807841394304
          ],
          [
            126.9252470597314,
            36.48082244020653
          ]
        ]
      }
    },
    {
      "type": "Feature",
      "properties": {
        "proposal_id": "ink-line-175",
        "tile_id": "174-cheongyang-mountain",
        "sheet_id": "174-cheongyang",
        "split": "development",
        "proposal_kind": "visible_linework_review_only",
        "backend": "archaeotrace_ink_v2_centerline",
        "upstream_commit": "7960acddb4e82855e2088fdfdd2244799b63775c",
        "pixel_length": 18.485,
        "point_count": 3,
        "confidence": 1.0,
        "review_status": "unreviewed"
      },
      "geometry": {
        "type": "LineString",
        "coordinates": [
          [
            126.92440120086198,
            36.46266787232097
          ],
          [
            126.92473014597786,
            36.46239976688806
          ],
          [
            126.92510608325317,
            36.46239976688806
          ]
        ]
      }
    },
    {
      "type": "Feature",
      "properties": {
        "proposal_id": "ink-line-176",
        "tile_id": "174-cheongyang-mountain",
        "sheet_id": "174-cheongyang",
        "split": "development",
        "proposal_kind": "visible_linework_review_only",
        "backend": "archaeotrace_ink_v2_centerline",
        "upstream_commit": "7960acddb4e82855e2088fdfdd2244799b63775c",
        "pixel_length": 38.556,
        "point_count": 7,
        "confidence": 1.0,
        "review_status": "unreviewed"
      },
      "geometry": {
        "type": "LineString",
        "coordinates": [
          [
            126.9248711224561,
            36.463816895604864
          ],
          [
            126.92496510677493,
            36.46370199327647
          ],
          [
            126.92496510677493,
            36.463433887843564
          ],
          [
            126.92482413029668,
            36.46312748163453
          ],
          [
            126.92482413029668,
            36.46293597775388
          ],
          [
            126.92496510677493,
            36.46285937620162
          ],
          [
            126.92534104405023,
            36.46301257930614
          ]
        ]
      }
    },
    {
      "type": "Feature",
      "properties": {
        "proposal_id": "ink-line-177",
        "tile_id": "174-cheongyang-mountain",
        "sheet_id": "174-cheongyang",
        "split": "development",
        "proposal_kind": "visible_linework_review_only",
        "backend": "archaeotrace_ink_v2_centerline",
        "upstream_commit": "7960acddb4e82855e2088fdfdd2244799b63775c",
        "pixel_length": 26.899,
        "point_count": 5,
        "confidence": 1.0,
        "review_status": "unreviewed"
      },
      "geometry": {
        "type": "LineString",
        "coordinates": [
          [
            126.92510608325317,
            36.46749377011333
          ],
          [
            126.92543502836905,
            36.4674554693372
          ],
          [
            126.92581096564435,
            36.46726396545655
          ],
          [
            126.92581096564435,
            36.466995860023644
          ],
          [
            126.92576397348493,
            36.466919258471385
          ]
        ]
      }
    },
    {
      "type": "Feature",
      "properties": {
        "proposal_id": "ink-line-178",
        "tile_id": "174-cheongyang-mountain",
        "sheet_id": "174-cheongyang",
        "split": "development",
        "proposal_kind": "visible_linework_review_only",
        "backend": "archaeotrace_ink_v2_centerline",
        "upstream_commit": "7960acddb4e82855e2088fdfdd2244799b63775c",
        "pixel_length": 27.485,
        "point_count": 7,
        "confidence": 1.0,
        "review_status": "unreviewed"
      },
      "geometry": {
        "type": "LineString",
        "coordinates": [
          [
            126.92552901268787,
            36.479443612265854
          ],
          [
            126.92571698132552,
            36.479367010713595
          ],
          [
            126.92590494996317,
            36.479367010713595
          ],
          [
            126.92604592644142,
            36.479443612265854
          ],
          [
            126.9263748715573,
            36.479443612265854
          ],
          [
            126.92642186371671,
            36.47948191304198
          ],
          [
            126.92670381667318,
            36.479443612265854
          ]
        ]
      }
    },
    {
      "type": "Feature",
      "properties": {
        "proposal_id": "ink-line-179",
        "tile_id": "174-cheongyang-mountain",
        "sheet_id": "174-cheongyang",
        "split": "development",
        "proposal_kind": "visible_linework_review_only",
        "backend": "archaeotrace_ink_v2_centerline",
        "upstream_commit": "7960acddb4e82855e2088fdfdd2244799b63775c",
        "pixel_length": 26.728,
        "point_count": 5,
        "confidence": 1.0,
        "review_status": "unreviewed"
      },
      "geometry": {
        "type": "LineString",
        "coordinates": [
          [
            126.92557600484729,
            36.46841298874045
          ],
          [
            126.92543502836905,
            36.46837468796432
          ],
          [
            126.92543502836905,
            36.46810658253141
          ],
          [
            126.92576397348493,
            36.4678384770985
          ],
          [
            126.925998934282,
            36.467761875546245
          ]
        ]
      }
    },
    {
      "type": "Feature",
      "properties": {
        "proposal_id": "ink-line-180",
        "tile_id": "174-cheongyang-mountain",
        "sheet_id": "174-cheongyang",
        "split": "development",
        "proposal_kind": "visible_linework_review_only",
        "backend": "archaeotrace_ink_v2_centerline",
        "upstream_commit": "7960acddb4e82855e2088fdfdd2244799b63775c",
        "pixel_length": 18.828,
        "point_count": 4,
        "confidence": 1.0,
        "review_status": "unreviewed"
      },
      "geometry": {
        "type": "LineString",
        "coordinates": [
          [
            126.92571698132552,
            36.46891089883014
          ],
          [
            126.92604592644142,
            36.46891089883014
          ],
          [
            126.92609291860083,
            36.468949199606264
          ],
          [
            126.92656284019495,
            36.46891089883014
          ]
        ]
      }
    },
    {
      "type": "Feature",
      "properties": {
        "proposal_id": "ink-line-181",
        "tile_id": "174-cheongyang-mountain",
        "sheet_id": "174-cheongyang",
        "split": "development",
        "proposal_kind": "visible_linework_review_only",
        "backend": "archaeotrace_ink_v2_centerline",
        "upstream_commit": "7960acddb4e82855e2088fdfdd2244799b63775c",
        "pixel_length": 18.899,
        "point_count": 3,
        "confidence": 1.0,
        "review_status": "unreviewed"
      },
      "geometry": {
        "type": "LineString",
        "coordinates": [
          [
            126.92571698132552,
            36.466153242948785
          ],
          [
            126.92576397348493,
            36.46649794993395
          ],
          [
            126.92604592644142,
            36.46676605536686
          ]
        ]
      }
    },
    {
      "type": "Feature",
      "properties": {
        "proposal_id": "ink-line-182",
        "tile_id": "174-cheongyang-mountain",
        "sheet_id": "174-cheongyang",
        "split": "development",
        "proposal_kind": "visible_linework_review_only",
        "backend": "archaeotrace_ink_v2_centerline",
        "upstream_commit": "7960acddb4e82855e2088fdfdd2244799b63775c",
        "pixel_length": 19.485,
        "point_count": 3,
        "confidence": 1.0,
        "review_status": "unreviewed"
      },
      "geometry": {
        "type": "LineString",
        "coordinates": [
          [
            126.92609291860083,
            36.451292541810396
          ],
          [
            126.92651584803554,
            36.451484045691046
          ],
          [
            126.92689178531083,
            36.45144574491491
          ]
        ]
      }
    },
    {
      "type": "Feature",
      "properties": {
        "proposal_id": "ink-line-183",
        "tile_id": "174-cheongyang-mountain",
        "sheet_id": "174-cheongyang",
        "split": "development",
        "proposal_kind": "visible_linework_review_only",
        "backend": "archaeotrace_ink_v2_centerline",
        "upstream_commit": "7960acddb4e82855e2088fdfdd2244799b63775c",
        "pixel_length": 24.485,
        "point_count": 5,
        "confidence": 1.0,
        "review_status": "unreviewed"
      },
      "geometry": {
        "type": "LineString",
        "coordinates": [
          [
            126.92613991076024,
            36.481550154953
          ],
          [
            126.92651584803554,
            36.481550154953
          ],
          [
            126.92670381667318,
            36.48162675650526
          ],
          [
            126.92698576962965,
            36.48162675650526
          ],
          [
            126.92717373826731,
            36.48147355340073
          ]
        ]
      }
    },
    {
      "type": "Feature",
      "properties": {
        "proposal_id": "ink-line-184",
        "tile_id": "174-cheongyang-mountain",
        "sheet_id": "174-cheongyang",
        "split": "development",
        "proposal_kind": "visible_linework_review_only",
        "backend": "archaeotrace_ink_v2_centerline",
        "upstream_commit": "7960acddb4e82855e2088fdfdd2244799b63775c",
        "pixel_length": 44.314,
        "point_count": 8,
        "confidence": 1.0,
        "review_status": "unreviewed"
      },
      "geometry": {
        "type": "LineString",
        "coordinates": [
          [
            126.92613991076024,
            36.47695406181741
          ],
          [
            126.92642186371671,
            36.476839159489025
          ],
          [
            126.92703276178908,
            36.476839159489025
          ],
          [
            126.92707975394849,
            36.47687746026515
          ],
          [
            126.92754967554261,
            36.47691576104128
          ],
          [
            126.92759666770202,
            36.47687746026515
          ],
          [
            126.92787862065849,
            36.47687746026515
          ],
          [
            126.92806658929614,
            36.47680085871289
          ]
        ]
      }
    },
    {
      "type": "Feature",
      "properties": {
        "proposal_id": "ink-line-185",
        "tile_id": "174-cheongyang-mountain",
        "sheet_id": "174-cheongyang",
        "split": "development",
        "proposal_kind": "visible_linework_review_only",
        "backend": "archaeotrace_ink_v2_centerline",
        "upstream_commit": "7960acddb4e82855e2088fdfdd2244799b63775c",
        "pixel_length": 21.556,
        "point_count": 4,
        "confidence": 1.0,
        "review_status": "unreviewed"
      },
      "geometry": {
        "type": "LineString",
        "coordinates": [
          [
            126.92613991076024,
            36.466268145277176
          ],
          [
            126.92604592644142,
            36.46645964915783
          ],
          [
            126.92632787939789,
            36.466727754590735
          ],
          [
            126.92656284019495,
            36.46684265691913
          ]
        ]
      }
    },
    {
      "type": "Feature",
      "properties": {
        "proposal_id": "ink-line-186",
        "tile_id": "174-cheongyang-mountain",
        "sheet_id": "174-cheongyang",
        "split": "development",
        "proposal_kind": "visible_linework_review_only",
        "backend": "archaeotrace_ink_v2_centerline",
        "upstream_commit": "7960acddb4e82855e2088fdfdd2244799b63775c",
        "pixel_length": 23.485,
        "point_count": 5,
        "confidence": 1.0,
        "review_status": "unreviewed"
      },
      "geometry": {
        "type": "LineString",
        "coordinates": [
          [
            126.92628088723848,
            36.47094083996502
          ],
          [
            126.92628088723848,
            36.47124724617406
          ],
          [
            126.9263748715573,
            36.47132384772632
          ],
          [
            126.92670381667318,
            36.47136214850245
          ],
          [
            126.92684479315142,
            36.47151535160697
          ]
        ]
      }
    },
    {
      "type": "Feature",
      "properties": {
        "proposal_id": "ink-line-187",
        "tile_id": "174-cheongyang-mountain",
        "sheet_id": "174-cheongyang",
        "split": "development",
        "proposal_kind": "visible_linework_review_only",
        "backend": "archaeotrace_ink_v2_centerline",
        "upstream_commit": "7960acddb4e82855e2088fdfdd2244799b63775c",
        "pixel_length": 27.243,
        "point_count": 5,
        "confidence": 1.0,
        "review_status": "unreviewed"
      },
      "geometry": {
        "type": "LineString",
        "coordinates": [
          [
            126.92632787939789,
            36.46948541047209
          ],
          [
            126.92651584803554,
            36.469447109695956
          ],
          [
            126.92717373826731,
            36.469447109695956
          ],
          [
            126.92736170690496,
            36.469523711248215
          ],
          [
            126.92754967554261,
            36.469523711248215
          ]
        ]
      }
    },
    {
      "type": "Feature",
      "properties": {
        "proposal_id": "ink-line-188",
        "tile_id": "174-cheongyang-mountain",
        "sheet_id": "174-cheongyang",
        "split": "development",
        "proposal_kind": "visible_linework_review_only",
        "backend": "archaeotrace_ink_v2_centerline",
        "upstream_commit": "7960acddb4e82855e2088fdfdd2244799b63775c",
        "pixel_length": 23.899,
        "point_count": 3,
        "confidence": 1.0,
        "review_status": "unreviewed"
      },
      "geometry": {
        "type": "LineString",
        "coordinates": [
          [
            126.926797800992,
            36.475230526891565
          ],
          [
            126.92731471474555,
            36.47519222611544
          ],
          [
            126.92778463633967,
            36.475422030772215
          ]
        ]
      }
    },
    {
      "type": "Feature",
      "properties": {
        "proposal_id": "ink-line-189",
        "tile_id": "174-cheongyang-mountain",
        "sheet_id": "174-cheongyang",
        "split": "development",
        "proposal_kind": "visible_linework_review_only",
        "backend": "archaeotrace_ink_v2_centerline",
        "upstream_commit": "7960acddb4e82855e2088fdfdd2244799b63775c",
        "pixel_length": 21.485,
        "point_count": 3,
        "confidence": 1.0,
        "review_status": "unreviewed"
      },
      "geometry": {
        "type": "LineString",
        "coordinates": [
          [
            126.92684479315142,
            36.46201675912676
          ],
          [
            126.92698576962965,
            36.46255296999258
          ],
          [
            126.9271267461079,
            36.46274447387323
          ]
        ]
      }
    },
    {
      "type": "Feature",
      "properties": {
        "proposal_id": "ink-line-190",
        "tile_id": "174-cheongyang-mountain",
        "sheet_id": "174-cheongyang",
        "split": "development",
        "proposal_kind": "visible_linework_review_only",
        "backend": "archaeotrace_ink_v2_centerline",
        "upstream_commit": "7960acddb4e82855e2088fdfdd2244799b63775c",
        "pixel_length": 18.414,
        "point_count": 3,
        "confidence": 1.0,
        "review_status": "unreviewed"
      },
      "geometry": {
        "type": "LineString",
        "coordinates": [
          [
            126.92740869906437,
            36.47377509739863
          ],
          [
            126.92816057361497,
            36.47377509739863
          ],
          [
            126.9282545579338,
            36.473736796622504
          ]
        ]
      }
    },
    {
      "type": "Feature",
      "properties": {
        "proposal_id": "ink-line-191",
        "tile_id": "174-cheongyang-mountain",
        "sheet_id": "174-cheongyang",
        "split": "development",
        "proposal_kind": "visible_linework_review_only",
        "backend": "archaeotrace_ink_v2_centerline",
        "upstream_commit": "7960acddb4e82855e2088fdfdd2244799b63775c",
        "pixel_length": 20.556,
        "point_count": 2,
        "confidence": 1.0,
        "review_status": "unreviewed"
      },
      "geometry": {
        "type": "LineString",
        "coordinates": [
          [
            126.92754967554261,
            36.46282107542549
          ],
          [
            126.92830155009321,
            36.463242383962914
          ]
        ]
      }
    },
    {
      "type": "Feature",
      "properties": {
        "proposal_id": "ink-line-192",
        "tile_id": "174-cheongyang-mountain",
        "sheet_id": "174-cheongyang",
        "split": "development",
        "proposal_kind": "visible_linework_review_only",
        "backend": "archaeotrace_ink_v2_centerline",
        "upstream_commit": "7960acddb4e82855e2088fdfdd2244799b63775c",
        "pixel_length": 24.071,
        "point_count": 4,
        "confidence": 1.0,
        "review_status": "unreviewed"
      },
      "geometry": {
        "type": "LineString",
        "coordinates": [
          [
            126.92773764418025,
            36.453245881393016
          ],
          [
            126.92801959713672,
            36.453245881393016
          ],
          [
            126.92830155009321,
            36.45339908449754
          ],
          [
            126.92877147168733,
            36.453437385273666
          ]
        ]
      }
    },
    {
      "type": "Feature",
      "properties": {
        "proposal_id": "ink-line-193",
        "tile_id": "174-cheongyang-mountain",
        "sheet_id": "174-cheongyang",
        "split": "development",
        "proposal_kind": "visible_linework_review_only",
        "backend": "archaeotrace_ink_v2_centerline",
        "upstream_commit": "7960acddb4e82855e2088fdfdd2244799b63775c",
        "pixel_length": 28.799,
        "point_count": 5,
        "confidence": 1.0,
        "review_status": "unreviewed"
      },
      "geometry": {
        "type": "LineString",
        "coordinates": [
          [
            126.92787862065849,
            36.457841974528606
          ],
          [
            126.9279256128179,
            36.458110079961514
          ],
          [
            126.9282545579338,
            36.45837818539442
          ],
          [
            126.92848951873086,
            36.45845478694668
          ],
          [
            126.9286774873685,
            36.4586079900512
          ]
        ]
      }
    },
    {
      "type": "Feature",
      "properties": {
        "proposal_id": "ink-line-194",
        "tile_id": "174-cheongyang-mountain",
        "sheet_id": "174-cheongyang",
        "split": "development",
        "proposal_kind": "visible_linework_review_only",
        "backend": "archaeotrace_ink_v2_centerline",
        "upstream_commit": "7960acddb4e82855e2088fdfdd2244799b63775c",
        "pixel_length": 21.899,
        "point_count": 5,
        "confidence": 1.0,
        "review_status": "unreviewed"
      },
      "geometry": {
        "type": "LineString",
        "coordinates": [
          [
            126.92801959713672,
            36.46454461035133
          ],
          [
            126.92806658929614,
            36.464391407246815
          ],
          [
            126.9282545579338,
            36.46427650491842
          ],
          [
            126.92858350304968,
            36.46431480569455
          ],
          [
            126.92877147168733,
            36.464391407246815
          ]
        ]
      }
    },
    {
      "type": "Feature",
      "properties": {
        "proposal_id": "ink-line-195",
        "tile_id": "174-cheongyang-mountain",
        "sheet_id": "174-cheongyang",
        "split": "development",
        "proposal_kind": "visible_linework_review_only",
        "backend": "archaeotrace_ink_v2_centerline",
        "upstream_commit": "7960acddb4e82855e2088fdfdd2244799b63775c",
        "pixel_length": 28.071,
        "point_count": 5,
        "confidence": 1.0,
        "review_status": "unreviewed"
      },
      "geometry": {
        "type": "LineString",
        "coordinates": [
          [
            126.92830155009321,
            36.46561703208297
          ],
          [
            126.92839553441203,
            36.46538722742619
          ],
          [
            126.92834854225262,
            36.464851016560374
          ],
          [
            126.92830155009321,
            36.46481271578424
          ],
          [
            126.92834854225262,
            36.46462121190359
          ]
        ]
      }
    },
    {
      "type": "Feature",
      "properties": {
        "proposal_id": "ink-line-196",
        "tile_id": "174-cheongyang-mountain",
        "sheet_id": "174-cheongyang",
        "split": "development",
        "proposal_kind": "visible_linework_review_only",
        "backend": "archaeotrace_ink_v2_centerline",
        "upstream_commit": "7960acddb4e82855e2088fdfdd2244799b63775c",
        "pixel_length": 26.414,
        "point_count": 4,
        "confidence": 1.0,
        "review_status": "unreviewed"
      },
      "geometry": {
        "type": "LineString",
        "coordinates": [
          [
            126.92881846384674,
            36.45711425978214
          ],
          [
            126.92881846384674,
            36.45788027530473
          ],
          [
            126.92886545600615,
            36.457918576080864
          ],
          [
            126.92910041680321,
            36.457918576080864
          ]
        ]
      }
    },
    {
      "type": "Feature",
      "properties": {
        "proposal_id": "ink-line-197",
        "tile_id": "174-cheongyang-mountain",
        "sheet_id": "174-cheongyang",
        "split": "development",
        "proposal_kind": "visible_linework_review_only",
        "backend": "archaeotrace_ink_v2_centerline",
        "upstream_commit": "7960acddb4e82855e2088fdfdd2244799b63775c",
        "pixel_length": 23.243,
        "point_count": 4,
        "confidence": 1.0,
        "review_status": "unreviewed"
      },
      "geometry": {
        "type": "LineString",
        "coordinates": [
          [
            126.92891244816556,
            36.47082593763663
          ],
          [
            126.92924139328146,
            36.4707876368605
          ],
          [
            126.92947635407852,
            36.47086423841276
          ],
          [
            126.92994627567263,
            36.47086423841276
          ]
        ]
      }
    },
    {
      "type": "Feature",
      "properties": {
        "proposal_id": "ink-line-198",
        "tile_id": "174-cheongyang-mountain",
        "sheet_id": "174-cheongyang",
        "split": "development",
        "proposal_kind": "visible_linework_review_only",
        "backend": "archaeotrace_ink_v2_centerline",
        "upstream_commit": "7960acddb4e82855e2088fdfdd2244799b63775c",
        "pixel_length": 26.485,
        "point_count": 6,
        "confidence": 1.0,
        "review_status": "unreviewed"
      },
      "geometry": {
        "type": "LineString",
        "coordinates": [
          [
            126.92900643248439,
            36.4704046290992
          ],
          [
            126.9293823697597,
            36.470481230651465
          ],
          [
            126.92952334623793,
            36.47044292987533
          ],
          [
            126.92961733055675,
            36.470366328323074
          ],
          [
            126.92961733055675,
            36.47002162133791
          ],
          [
            126.92957033839734,
            36.46994501978564
          ]
        ]
      }
    },
    {
      "type": "Feature",
      "properties": {
        "proposal_id": "ink-line-199",
        "tile_id": "174-cheongyang-mountain",
        "sheet_id": "174-cheongyang",
        "split": "development",
        "proposal_kind": "visible_linework_review_only",
        "backend": "archaeotrace_ink_v2_centerline",
        "upstream_commit": "7960acddb4e82855e2088fdfdd2244799b63775c",
        "pixel_length": 21.485,
        "point_count": 5,
        "confidence": 1.0,
        "review_status": "unreviewed"
      },
      "geometry": {
        "type": "LineString",
        "coordinates": [
          [
            126.92933537760028,
            36.4548928147666
          ],
          [
            126.92947635407852,
            36.454854513990476
          ],
          [
            126.92957033839734,
            36.454931115542735
          ],
          [
            126.92952334623793,
            36.45535242408016
          ],
          [
            126.92961733055675,
            36.45546732640855
          ]
        ]
      }
    },
    {
      "type": "Feature",
      "properties": {
        "proposal_id": "ink-line-200",
        "tile_id": "174-cheongyang-mountain",
        "sheet_id": "174-cheongyang",
        "split": "development",
        "proposal_kind": "visible_linework_review_only",
        "backend": "archaeotrace_ink_v2_centerline",
        "upstream_commit": "7960acddb4e82855e2088fdfdd2244799b63775c",
        "pixel_length": 23.071,
        "point_count": 5,
        "confidence": 1.0,
        "review_status": "unreviewed"
      },
      "geometry": {
        "type": "LineString",
        "coordinates": [
          [
            126.92947635407852,
            36.46787677787463
          ],
          [
            126.92952334623793,
            36.4674554693372
          ],
          [
            126.9294293619191,
            36.467378867784944
          ],
          [
            126.9294293619191,
            36.467187363904294
          ],
          [
            126.92952334623793,
            36.4670724615759
          ]
        ]
      }
    },
    {
      "type": "Feature",
      "properties": {
        "proposal_id": "ink-line-201",
        "tile_id": "174-cheongyang-mountain",
        "sheet_id": "174-cheongyang",
        "split": "development",
        "proposal_kind": "visible_linework_review_only",
        "backend": "archaeotrace_ink_v2_centerline",
        "upstream_commit": "7960acddb4e82855e2088fdfdd2244799b63775c",
        "pixel_length": 20.657,
        "point_count": 5,
        "confidence": 1.0,
        "review_status": "unreviewed"
      },
      "geometry": {
        "type": "LineString",
        "coordinates": [
          [
            126.92952334623793,
            36.45638654503567
          ],
          [
            126.92989928351322,
            36.45634824425954
          ],
          [
            126.92994627567263,
            36.45630994348341
          ],
          [
            126.93027522078853,
            36.45630994348341
          ],
          [
            126.93041619726677,
            36.456233341931146
          ]
        ]
      }
    },
    {
      "type": "Feature",
      "properties": {
        "proposal_id": "ink-line-202",
        "tile_id": "174-cheongyang-mountain",
        "sheet_id": "174-cheongyang",
        "split": "development",
        "proposal_kind": "visible_linework_review_only",
        "backend": "archaeotrace_ink_v2_centerline",
        "upstream_commit": "7960acddb4e82855e2088fdfdd2244799b63775c",
        "pixel_length": 20.899,
        "point_count": 3,
        "confidence": 1.0,
        "review_status": "unreviewed"
      },
      "geometry": {
        "type": "LineString",
        "coordinates": [
          [
            126.92985229135381,
            36.464123301813906
          ],
          [
            126.93013424431028,
            36.46454461035133
          ],
          [
            126.93018123646969,
            36.46481271578424
          ]
        ]
      }
    },
    {
      "type": "Feature",
      "properties": {
        "proposal_id": "ink-line-203",
        "tile_id": "174-cheongyang-mountain",
        "sheet_id": "174-cheongyang",
        "split": "development",
        "proposal_kind": "visible_linework_review_only",
        "backend": "archaeotrace_ink_v2_centerline",
        "upstream_commit": "7960acddb4e82855e2088fdfdd2244799b63775c",
        "pixel_length": 31.485,
        "point_count": 4,
        "confidence": 1.0,
        "review_status": "unreviewed"
      },
      "geometry": {
        "type": "LineString",
        "coordinates": [
          [
            126.92989928351322,
            36.4678384770985
          ],
          [
            126.9298052991944,
            36.46764697321785
          ],
          [
            126.9298052991944,
            36.467187363904294
          ],
          [
            126.92999326783205,
            36.466727754590735
          ]
        ]
      }
    },
    {
      "type": "Feature",
      "properties": {
        "proposal_id": "ink-line-204",
        "tile_id": "174-cheongyang-mountain",
        "sheet_id": "174-cheongyang",
        "split": "development",
        "proposal_kind": "visible_linework_review_only",
        "backend": "archaeotrace_ink_v2_centerline",
        "upstream_commit": "7960acddb4e82855e2088fdfdd2244799b63775c",
        "pixel_length": 21.243,
        "point_count": 4,
        "confidence": 1.0,
        "review_status": "unreviewed"
      },
      "geometry": {
        "type": "LineString",
        "coordinates": [
          [
            126.93008725215087,
            36.469830117457256
          ],
          [
            126.93008725215087,
            36.469983320561774
          ],
          [
            126.9302282286291,
            36.470289726770815
          ],
          [
            126.9302282286291,
            36.47059613297985
          ]
        ]
      }
    },
    {
      "type": "Feature",
      "properties": {
        "proposal_id": "ink-line-205",
        "tile_id": "174-cheongyang-mountain",
        "sheet_id": "174-cheongyang",
        "split": "development",
        "proposal_kind": "visible_linework_review_only",
        "backend": "archaeotrace_ink_v2_centerline",
        "upstream_commit": "7960acddb4e82855e2088fdfdd2244799b63775c",
        "pixel_length": 27.657,
        "point_count": 4,
        "confidence": 1.0,
        "review_status": "unreviewed"
      },
      "geometry": {
        "type": "LineString",
        "coordinates": [
          [
            126.93036920510735,
            36.47316228498055
          ],
          [
            126.93051018158559,
            36.47304738265216
          ],
          [
            126.93051018158559,
            36.472434570234086
          ],
          [
            126.93041619726677,
            36.47220476557731
          ]
        ]
      }
    },
    {
      "type": "Feature",
      "properties": {
        "proposal_id": "ink-line-206",
        "tile_id": "174-cheongyang-mountain",
        "sheet_id": "174-cheongyang",
        "split": "development",
        "proposal_kind": "visible_linework_review_only",
        "backend": "archaeotrace_ink_v2_centerline",
        "upstream_commit": "7960acddb4e82855e2088fdfdd2244799b63775c",
        "pixel_length": 37.142,
        "point_count": 5,
        "confidence": 1.0,
        "review_status": "unreviewed"
      },
      "geometry": {
        "type": "LineString",
        "coordinates": [
          [
            126.93036920510735,
            36.46772357477011
          ],
          [
            126.9302282286291,
            36.467570371665595
          ],
          [
            126.93013424431028,
            36.46726396545655
          ],
          [
            126.93018123646969,
            36.46676605536686
          ],
          [
            126.93036920510735,
            36.46645964915783
          ]
        ]
      }
    },
    {
      "type": "Feature",
      "properties": {
        "proposal_id": "ink-line-207",
        "tile_id": "174-cheongyang-mountain",
        "sheet_id": "174-cheongyang",
        "split": "development",
        "proposal_kind": "visible_linework_review_only",
        "backend": "archaeotrace_ink_v2_centerline",
        "upstream_commit": "7960acddb4e82855e2088fdfdd2244799b63775c",
        "pixel_length": 27.657,
        "point_count": 6,
        "confidence": 1.0,
        "review_status": "unreviewed"
      },
      "geometry": {
        "type": "LineString",
        "coordinates": [
          [
            126.93041619726677,
            36.46534892665006
          ],
          [
            126.93046318942618,
            36.4652723250978
          ],
          [
            126.93046318942618,
            36.46500421966489
          ],
          [
            126.93051018158559,
            36.46496591888876
          ],
          [
            126.93051018158559,
            36.464582911127465
          ],
          [
            126.93041619726677,
            36.46435310647068
          ]
        ]
      }
    },
    {
      "type": "Feature",
      "properties": {
        "proposal_id": "ink-line-208",
        "tile_id": "174-cheongyang-mountain",
        "sheet_id": "174-cheongyang",
        "split": "development",
        "proposal_kind": "visible_linework_review_only",
        "backend": "archaeotrace_ink_v2_centerline",
        "upstream_commit": "7960acddb4e82855e2088fdfdd2244799b63775c",
        "pixel_length": 24.728,
        "point_count": 6,
        "confidence": 1.0,
        "review_status": "unreviewed"
      },
      "geometry": {
        "type": "LineString",
        "coordinates": [
          [
            126.93051018158559,
            36.46052302885769
          ],
          [
            126.93051018158559,
            36.460637931186085
          ],
          [
            126.93060416590441,
            36.4607911342906
          ],
          [
            126.93083912670147,
            36.46098263817125
          ],
          [
            126.9309331110203,
            36.461020938947385
          ],
          [
            126.93126205613618,
            36.46098263817125
          ]
        ]
      }
    },
    {
      "type": "Feature",
      "properties": {
        "proposal_id": "ink-line-209",
        "tile_id": "174-cheongyang-mountain",
        "sheet_id": "174-cheongyang",
        "split": "development",
        "proposal_kind": "visible_linework_review_only",
        "backend": "archaeotrace_ink_v2_centerline",
        "upstream_commit": "7960acddb4e82855e2088fdfdd2244799b63775c",
        "pixel_length": 20.485,
        "point_count": 6,
        "confidence": 1.0,
        "review_status": "unreviewed"
      },
      "geometry": {
        "type": "LineString",
        "coordinates": [
          [
            126.93079213454206,
            36.481894861938166
          ],
          [
            126.9309331110203,
            36.48181826038591
          ],
          [
            126.93126205613618,
            36.48181826038591
          ],
          [
            126.93140303261443,
            36.48174165883365
          ],
          [
            126.93154400909266,
            36.48174165883365
          ],
          [
            126.93163799341148,
            36.48166505728138
          ]
        ]
      }
    },
    {
      "type": "Feature",
      "properties": {
        "proposal_id": "ink-line-210",
        "tile_id": "174-cheongyang-mountain",
        "sheet_id": "174-cheongyang",
        "split": "development",
        "proposal_kind": "visible_linework_review_only",
        "backend": "archaeotrace_ink_v2_centerline",
        "upstream_commit": "7960acddb4e82855e2088fdfdd2244799b63775c",
        "pixel_length": 20.071,
        "point_count": 4,
        "confidence": 1.0,
        "review_status": "unreviewed"
      },
      "geometry": {
        "type": "LineString",
        "coordinates": [
          [
            126.93107408749853,
            36.47377509739863
          ],
          [
            126.93145002477384,
            36.47388999972702
          ],
          [
            126.93177896988972,
            36.47388999972702
          ],
          [
            126.93191994636796,
            36.47381339817476
          ]
        ]
      }
    },
    {
      "type": "Feature",
      "properties": {
        "proposal_id": "ink-line-211",
        "tile_id": "174-cheongyang-mountain",
        "sheet_id": "174-cheongyang",
        "split": "development",
        "proposal_kind": "visible_linework_review_only",
        "backend": "archaeotrace_ink_v2_centerline",
        "upstream_commit": "7960acddb4e82855e2088fdfdd2244799b63775c",
        "pixel_length": 25.485,
        "point_count": 5,
        "confidence": 1.0,
        "review_status": "unreviewed"
      },
      "geometry": {
        "type": "LineString",
        "coordinates": [
          [
            126.93107408749853,
            36.45209685810912
          ],
          [
            126.93112107965794,
            36.45186705345235
          ],
          [
            126.93126205613618,
            36.451675549571696
          ],
          [
            126.93126205613618,
            36.45133084258652
          ],
          [
            126.93116807181735,
            36.45121594025814
          ]
        ]
      }
    },
    {
      "type": "Feature",
      "properties": {
        "proposal_id": "ink-line-212",
        "tile_id": "174-cheongyang-mountain",
        "sheet_id": "174-cheongyang",
        "split": "development",
        "proposal_kind": "visible_linework_review_only",
        "backend": "archaeotrace_ink_v2_centerline",
        "upstream_commit": "7960acddb4e82855e2088fdfdd2244799b63775c",
        "pixel_length": 21.071,
        "point_count": 3,
        "confidence": 1.0,
        "review_status": "unreviewed"
      },
      "geometry": {
        "type": "LineString",
        "coordinates": [
          [
            126.93112107965794,
            36.458301583842164
          ],
          [
            126.93116807181735,
            36.45864629082733
          ],
          [
            126.93135604045501,
            36.45902929858863
          ]
        ]
      }
    },
    {
      "type": "Feature",
      "properties": {
        "proposal_id": "ink-line-213",
        "tile_id": "174-cheongyang-mountain",
        "sheet_id": "174-cheongyang",
        "split": "development",
        "proposal_kind": "visible_linework_review_only",
        "backend": "archaeotrace_ink_v2_centerline",
        "upstream_commit": "7960acddb4e82855e2088fdfdd2244799b63775c",
        "pixel_length": 33.657,
        "point_count": 8,
        "confidence": 1.0,
        "review_status": "unreviewed"
      },
      "geometry": {
        "type": "LineString",
        "coordinates": [
          [
            126.93116807181735,
            36.48292898289367
          ],
          [
            126.93121506397677,
            36.48308218599819
          ],
          [
            126.93116807181735,
            36.48312048677432
          ],
          [
            126.93116807181735,
            36.48350349453562
          ],
          [
            126.93121506397677,
            36.48354179531175
          ],
          [
            126.93145002477384,
            36.48354179531175
          ],
          [
            126.93149701693325,
            36.48350349453562
          ],
          [
            126.93149701693325,
            36.48312048677432
          ]
        ]
      }
    },
    {
      "type": "Feature",
      "properties": {
        "proposal_id": "ink-line-214",
        "tile_id": "174-cheongyang-mountain",
        "sheet_id": "174-cheongyang",
        "split": "development",
        "proposal_kind": "visible_linework_review_only",
        "backend": "archaeotrace_ink_v2_centerline",
        "upstream_commit": "7960acddb4e82855e2088fdfdd2244799b63775c",
        "pixel_length": 29.971,
        "point_count": 7,
        "confidence": 1.0,
        "review_status": "unreviewed"
      },
      "geometry": {
        "type": "LineString",
        "coordinates": [
          [
            126.93121506397677,
            36.4807841394304
          ],
          [
            126.93140303261443,
            36.48063093632588
          ],
          [
            126.93163799341148,
            36.48055433477362
          ],
          [
            126.93187295420854,
            36.48059263554975
          ],
          [
            126.93206092284619,
            36.48070753787814
          ],
          [
            126.93220189932443,
            36.48070753787814
          ],
          [
            126.93238986796209,
            36.48063093632588
          ]
        ]
      }
    },
    {
      "type": "Feature",
      "properties": {
        "proposal_id": "ink-line-215",
        "tile_id": "174-cheongyang-mountain",
        "sheet_id": "174-cheongyang",
        "split": "development",
        "proposal_kind": "visible_linework_review_only",
        "backend": "archaeotrace_ink_v2_centerline",
        "upstream_commit": "7960acddb4e82855e2088fdfdd2244799b63775c",
        "pixel_length": 25.728,
        "point_count": 5,
        "confidence": 1.0,
        "review_status": "unreviewed"
      },
      "geometry": {
        "type": "LineString",
        "coordinates": [
          [
            126.93159100125207,
            36.48587814265567
          ],
          [
            126.93182596204913,
            36.48618454886471
          ],
          [
            126.93182596204913,
            36.48641435352149
          ],
          [
            126.93187295420854,
            36.48645265429762
          ],
          [
            126.93173197773031,
            36.48672075973053
          ]
        ]
      }
    },
    {
      "type": "Feature",
      "properties": {
        "proposal_id": "ink-line-216",
        "tile_id": "174-cheongyang-mountain",
        "sheet_id": "174-cheongyang",
        "split": "development",
        "proposal_kind": "visible_linework_review_only",
        "backend": "archaeotrace_ink_v2_centerline",
        "upstream_commit": "7960acddb4e82855e2088fdfdd2244799b63775c",
        "pixel_length": 21.828,
        "point_count": 4,
        "confidence": 1.0,
        "review_status": "unreviewed"
      },
      "geometry": {
        "type": "LineString",
        "coordinates": [
          [
            126.93159100125207,
            36.467302266232686
          ],
          [
            126.9316849855709,
            36.46726396545655
          ],
          [
            126.93253084444032,
            36.46726396545655
          ],
          [
            126.93257783659973,
            36.46722566468042
          ]
        ]
      }
    },
    {
      "type": "Feature",
      "properties": {
        "proposal_id": "ink-line-217",
        "tile_id": "174-cheongyang-mountain",
        "sheet_id": "174-cheongyang",
        "split": "development",
        "proposal_kind": "visible_linework_review_only",
        "backend": "archaeotrace_ink_v2_centerline",
        "upstream_commit": "7960acddb4e82855e2088fdfdd2244799b63775c",
        "pixel_length": 21.899,
        "point_count": 4,
        "confidence": 1.0,
        "review_status": "unreviewed"
      },
      "geometry": {
        "type": "LineString",
        "coordinates": [
          [
            126.93177896988972,
            36.483848201520786
          ],
          [
            126.93201393068678,
            36.48388650229692
          ],
          [
            126.93234287580266,
            36.484116306953695
          ],
          [
            126.93267182091856,
            36.484116306953695
          ]
        ]
      }
    },
    {
      "type": "Feature",
      "properties": {
        "proposal_id": "ink-line-218",
        "tile_id": "174-cheongyang-mountain",
        "sheet_id": "174-cheongyang",
        "split": "development",
        "proposal_kind": "visible_linework_review_only",
        "backend": "archaeotrace_ink_v2_centerline",
        "upstream_commit": "7960acddb4e82855e2088fdfdd2244799b63775c",
        "pixel_length": 20.828,
        "point_count": 4,
        "confidence": 1.0,
        "review_status": "unreviewed"
      },
      "geometry": {
        "type": "LineString",
        "coordinates": [
          [
            126.93201393068678,
            36.47431130826445
          ],
          [
            126.93229588364325,
            36.47431130826445
          ],
          [
            126.93234287580266,
            36.47427300748832
          ],
          [
            126.93295377387503,
            36.47431130826445
          ]
        ]
      }
    },
    {
      "type": "Feature",
      "properties": {
        "proposal_id": "ink-line-219",
        "tile_id": "174-cheongyang-mountain",
        "sheet_id": "174-cheongyang",
        "split": "development",
        "proposal_kind": "visible_linework_review_only",
        "backend": "archaeotrace_ink_v2_centerline",
        "upstream_commit": "7960acddb4e82855e2088fdfdd2244799b63775c",
        "pixel_length": 28.556,
        "point_count": 4,
        "confidence": 1.0,
        "review_status": "unreviewed"
      },
      "geometry": {
        "type": "LineString",
        "coordinates": [
          [
            126.93206092284619,
            36.46580853596362
          ],
          [
            126.93187295420854,
            36.46557873130684
          ],
          [
            126.93187295420854,
            36.46531062587393
          ],
          [
            126.93220189932443,
            36.4648893173365
          ]
        ]
      }
    },
    {
      "type": "Feature",
      "properties": {
        "proposal_id": "ink-line-220",
        "tile_id": "174-cheongyang-mountain",
        "sheet_id": "174-cheongyang",
        "split": "development",
        "proposal_kind": "visible_linework_review_only",
        "backend": "archaeotrace_ink_v2_centerline",
        "upstream_commit": "7960acddb4e82855e2088fdfdd2244799b63775c",
        "pixel_length": 21.728,
        "point_count": 5,
        "confidence": 1.0,
        "review_status": "unreviewed"
      },
      "geometry": {
        "type": "LineString",
        "coordinates": [
          [
            126.93206092284619,
            36.45171385034782
          ],
          [
            126.9321079150056,
            36.45159894801944
          ],
          [
            126.93238986796209,
            36.45133084258652
          ],
          [
            126.93238986796209,
            36.451101037929746
          ],
          [
            126.93229588364325,
            36.45102443637749
          ]
        ]
      }
    },
    {
      "type": "Feature",
      "properties": {
        "proposal_id": "ink-line-221",
        "tile_id": "174-cheongyang-mountain",
        "sheet_id": "174-cheongyang",
        "split": "development",
        "proposal_kind": "visible_linework_review_only",
        "backend": "archaeotrace_ink_v2_centerline",
        "upstream_commit": "7960acddb4e82855e2088fdfdd2244799b63775c",
        "pixel_length": 19.414,
        "point_count": 4,
        "confidence": 1.0,
        "review_status": "unreviewed"
      },
      "geometry": {
        "type": "LineString",
        "coordinates": [
          [
            126.9321079150056,
            36.47614974551868
          ],
          [
            126.9321079150056,
            36.475651835429
          ],
          [
            126.93215490716501,
            36.475613534652865
          ],
          [
            126.93238986796209,
            36.475613534652865
          ]
        ]
      }
    },
    {
      "type": "Feature",
      "properties": {
        "proposal_id": "ink-line-222",
        "tile_id": "174-cheongyang-mountain",
        "sheet_id": "174-cheongyang",
        "split": "development",
        "proposal_kind": "visible_linework_review_only",
        "backend": "archaeotrace_ink_v2_centerline",
        "upstream_commit": "7960acddb4e82855e2088fdfdd2244799b63775c",
        "pixel_length": 19.828,
        "point_count": 5,
        "confidence": 1.0,
        "review_status": "unreviewed"
      },
      "geometry": {
        "type": "LineString",
        "coordinates": [
          [
            126.9321079150056,
            36.4693705081437
          ],
          [
            126.93262482875915,
            36.4693705081437
          ],
          [
            126.93267182091856,
            36.46940880891982
          ],
          [
            126.93295377387503,
            36.46940880891982
          ],
          [
            126.93300076603444,
            36.4693705081437
          ]
        ]
      }
    },
    {
      "type": "Feature",
      "properties": {
        "proposal_id": "ink-line-223",
        "tile_id": "174-cheongyang-mountain",
        "sheet_id": "174-cheongyang",
        "split": "development",
        "proposal_kind": "visible_linework_review_only",
        "backend": "archaeotrace_ink_v2_centerline",
        "upstream_commit": "7960acddb4e82855e2088fdfdd2244799b63775c",
        "pixel_length": 21.314,
        "point_count": 3,
        "confidence": 1.0,
        "review_status": "unreviewed"
      },
      "geometry": {
        "type": "LineString",
        "coordinates": [
          [
            126.93215490716501,
            36.45263306897494
          ],
          [
            126.9324368601215,
            36.45290117440785
          ],
          [
            126.93295377387503,
            36.45297777596011
          ]
        ]
      }
    },
    {
      "type": "Feature",
      "properties": {
        "proposal_id": "ink-line-224",
        "tile_id": "174-cheongyang-mountain",
        "sheet_id": "174-cheongyang",
        "split": "development",
        "proposal_kind": "visible_linework_review_only",
        "backend": "archaeotrace_ink_v2_centerline",
        "upstream_commit": "7960acddb4e82855e2088fdfdd2244799b63775c",
        "pixel_length": 19.071,
        "point_count": 5,
        "confidence": 1.0,
        "review_status": "unreviewed"
      },
      "geometry": {
        "type": "LineString",
        "coordinates": [
          [
            126.93257783659973,
            36.45879949393185
          ],
          [
            126.93281279739679,
            36.45872289237959
          ],
          [
            126.93314174251267,
            36.45879949393185
          ],
          [
            126.93332971115032,
            36.45879949393185
          ],
          [
            126.93337670330973,
            36.45876119315572
          ]
        ]
      }
    },
    {
      "type": "Feature",
      "properties": {
        "proposal_id": "ink-line-225",
        "tile_id": "174-cheongyang-mountain",
        "sheet_id": "174-cheongyang",
        "split": "development",
        "proposal_kind": "visible_linework_review_only",
        "backend": "archaeotrace_ink_v2_centerline",
        "upstream_commit": "7960acddb4e82855e2088fdfdd2244799b63775c",
        "pixel_length": 28.485,
        "point_count": 4,
        "confidence": 1.0,
        "review_status": "unreviewed"
      },
      "geometry": {
        "type": "LineString",
        "coordinates": [
          [
            126.93262482875915,
            36.463548790171956
          ],
          [
            126.93262482875915,
            36.46404670026164
          ],
          [
            126.93290678171562,
            36.46423820414229
          ],
          [
            126.9332357268315,
            36.46427650491842
          ]
        ]
      }
    },
    {
      "type": "Feature",
      "properties": {
        "proposal_id": "ink-line-226",
        "tile_id": "174-cheongyang-mountain",
        "sheet_id": "174-cheongyang",
        "split": "development",
        "proposal_kind": "visible_linework_review_only",
        "backend": "archaeotrace_ink_v2_centerline",
        "upstream_commit": "7960acddb4e82855e2088fdfdd2244799b63775c",
        "pixel_length": 25.314,
        "point_count": 6,
        "confidence": 1.0,
        "review_status": "unreviewed"
      },
      "geometry": {
        "type": "LineString",
        "coordinates": [
          [
            126.93281279739679,
            36.48530363101372
          ],
          [
            126.93304775819385,
            36.48530363101372
          ],
          [
            126.93314174251267,
            36.48522702946146
          ],
          [
            126.93318873467209,
            36.48492062325243
          ],
          [
            126.93328271899091,
            36.48484402170016
          ],
          [
            126.93347068762857,
            36.48499722480469
          ]
        ]
      }
    },
    {
      "type": "Feature",
      "properties": {
        "proposal_id": "ink-line-227",
        "tile_id": "174-cheongyang-mountain",
        "sheet_id": "174-cheongyang",
        "split": "development",
        "proposal_kind": "visible_linework_review_only",
        "backend": "archaeotrace_ink_v2_centerline",
        "upstream_commit": "7960acddb4e82855e2088fdfdd2244799b63775c",
        "pixel_length": 23.071,
        "point_count": 5,
        "confidence": 1.0,
        "review_status": "unreviewed"
      },
      "geometry": {
        "type": "LineString",
        "coordinates": [
          [
            126.93290678171562,
            36.482545975132375
          ],
          [
            126.93342369546914,
            36.482469373580116
          ],
          [
            126.93347068762857,
            36.48250767435624
          ],
          [
            126.93370564842563,
            36.48250767435624
          ],
          [
            126.93389361706328,
            36.4825842759085
          ]
        ]
      }
    },
    {
      "type": "Feature",
      "properties": {
        "proposal_id": "ink-line-228",
        "tile_id": "174-cheongyang-mountain",
        "sheet_id": "174-cheongyang",
        "split": "development",
        "proposal_kind": "visible_linework_review_only",
        "backend": "archaeotrace_ink_v2_centerline",
        "upstream_commit": "7960acddb4e82855e2088fdfdd2244799b63775c",
        "pixel_length": 24.243,
        "point_count": 3,
        "confidence": 1.0,
        "review_status": "unreviewed"
      },
      "geometry": {
        "type": "LineString",
        "coordinates": [
          [
            126.93290678171562,
            36.457727072200214
          ],
          [
            126.9328597895562,
            36.457075959006005
          ],
          [
            126.93295377387503,
            36.45684615434923
          ]
        ]
      }
    },
    {
      "type": "Feature",
      "properties": {
        "proposal_id": "ink-line-229",
        "tile_id": "174-cheongyang-mountain",
        "sheet_id": "174-cheongyang",
        "split": "development",
        "proposal_kind": "visible_linework_review_only",
        "backend": "archaeotrace_ink_v2_centerline",
        "upstream_commit": "7960acddb4e82855e2088fdfdd2244799b63775c",
        "pixel_length": 26.314,
        "point_count": 6,
        "confidence": 1.0,
        "review_status": "unreviewed"
      },
      "geometry": {
        "type": "LineString",
        "coordinates": [
          [
            126.93295377387503,
            36.473928300503154
          ],
          [
            126.93300076603444,
            36.47396660127928
          ],
          [
            126.93351767978798,
            36.47396660127928
          ],
          [
            126.93365865626622,
            36.47400490205541
          ],
          [
            126.93384662490386,
            36.47408150360767
          ],
          [
            126.93403459354151,
            36.47423470671219
          ]
        ]
      }
    },
    {
      "type": "Feature",
      "properties": {
        "proposal_id": "ink-line-230",
        "tile_id": "174-cheongyang-mountain",
        "sheet_id": "174-cheongyang",
        "split": "development",
        "proposal_kind": "visible_linework_review_only",
        "backend": "archaeotrace_ink_v2_centerline",
        "upstream_commit": "7960acddb4e82855e2088fdfdd2244799b63775c",
        "pixel_length": 31.243,
        "point_count": 4,
        "confidence": 1.0,
        "review_status": "unreviewed"
      },
      "geometry": {
        "type": "LineString",
        "coordinates": [
          [
            126.93295377387503,
            36.467187363904294
          ],
          [
            126.93389361706328,
            36.46722566468042
          ],
          [
            126.93394060922269,
            36.467187363904294
          ],
          [
            126.9343635386574,
            36.46714906312816
          ]
        ]
      }
    },
    {
      "type": "Feature",
      "properties": {
        "proposal_id": "ink-line-231",
        "tile_id": "174-cheongyang-mountain",
        "sheet_id": "174-cheongyang",
        "split": "development",
        "proposal_kind": "visible_linework_review_only",
        "backend": "archaeotrace_ink_v2_centerline",
        "upstream_commit": "7960acddb4e82855e2088fdfdd2244799b63775c",
        "pixel_length": 18.243,
        "point_count": 4,
        "confidence": 1.0,
        "review_status": "unreviewed"
      },
      "geometry": {
        "type": "LineString",
        "coordinates": [
          [
            126.93318873467209,
            36.45209685810912
          ],
          [
            126.93342369546914,
            36.45209685810912
          ],
          [
            126.9336116641068,
            36.452020256556864
          ],
          [
            126.9339876013821,
            36.45198195578073
          ]
        ]
      }
    },
    {
      "type": "Feature",
      "properties": {
        "proposal_id": "ink-line-232",
        "tile_id": "174-cheongyang-mountain",
        "sheet_id": "174-cheongyang",
        "split": "development",
        "proposal_kind": "visible_linework_review_only",
        "backend": "archaeotrace_ink_v2_centerline",
        "upstream_commit": "7960acddb4e82855e2088fdfdd2244799b63775c",
        "pixel_length": 23.071,
        "point_count": 4,
        "confidence": 1.0,
        "review_status": "unreviewed"
      },
      "geometry": {
        "type": "LineString",
        "coordinates": [
          [
            126.9332357268315,
            36.47044292987533
          ],
          [
            126.9335646719474,
            36.470366328323074
          ],
          [
            126.93379963274445,
            36.470366328323074
          ],
          [
            126.93422256217916,
            36.47025142599468
          ]
        ]
      }
    },
    {
      "type": "Feature",
      "properties": {
        "proposal_id": "ink-line-233",
        "tile_id": "174-cheongyang-mountain",
        "sheet_id": "174-cheongyang",
        "split": "development",
        "proposal_kind": "visible_linework_review_only",
        "backend": "archaeotrace_ink_v2_centerline",
        "upstream_commit": "7960acddb4e82855e2088fdfdd2244799b63775c",
        "pixel_length": 18.243,
        "point_count": 3,
        "confidence": 1.0,
        "review_status": "unreviewed"
      },
      "geometry": {
        "type": "LineString",
        "coordinates": [
          [
            126.93351767978798,
            36.45864629082733
          ],
          [
            126.93365865626622,
            36.45826328306603
          ],
          [
            126.93365865626622,
            36.45799517763312
          ]
        ]
      }
    },
    {
      "type": "Feature",
      "properties": {
        "proposal_id": "ink-line-234",
        "tile_id": "174-cheongyang-mountain",
        "sheet_id": "174-cheongyang",
        "split": "development",
        "proposal_kind": "visible_linework_review_only",
        "backend": "archaeotrace_ink_v2_centerline",
        "upstream_commit": "7960acddb4e82855e2088fdfdd2244799b63775c",
        "pixel_length": 22.828,
        "point_count": 4,
        "confidence": 1.0,
        "review_status": "unreviewed"
      },
      "geometry": {
        "type": "LineString",
        "coordinates": [
          [
            126.93365865626622,
            36.475651835429
          ],
          [
            126.93365865626622,
            36.475230526891565
          ],
          [
            126.93370564842563,
            36.47519222611544
          ],
          [
            126.93365865626622,
            36.47480921835414
          ]
        ]
      }
    },
    {
      "type": "Feature",
      "properties": {
        "proposal_id": "ink-line-235",
        "tile_id": "174-cheongyang-mountain",
        "sheet_id": "174-cheongyang",
        "split": "development",
        "proposal_kind": "visible_linework_review_only",
        "backend": "archaeotrace_ink_v2_centerline",
        "upstream_commit": "7960acddb4e82855e2088fdfdd2244799b63775c",
        "pixel_length": 21.071,
        "point_count": 3,
        "confidence": 1.0,
        "review_status": "unreviewed"
      },
      "geometry": {
        "type": "LineString",
        "coordinates": [
          [
            126.93370564842563,
            36.47787328044453
          ],
          [
            126.93394060922269,
            36.47787328044453
          ],
          [
            126.93459849945447,
            36.47768177656388
          ]
        ]
      }
    },
    {
      "type": "Feature",
      "properties": {
        "proposal_id": "ink-line-236",
        "tile_id": "174-cheongyang-mountain",
        "sheet_id": "174-cheongyang",
        "split": "development",
        "proposal_kind": "visible_linework_review_only",
        "backend": "archaeotrace_ink_v2_centerline",
        "upstream_commit": "7960acddb4e82855e2088fdfdd2244799b63775c",
        "pixel_length": 26.728,
        "point_count": 6,
        "confidence": 1.0,
        "review_status": "unreviewed"
      },
      "geometry": {
        "type": "LineString",
        "coordinates": [
          [
            126.93370564842563,
            36.46841298874045
          ],
          [
            126.93394060922269,
            36.468489590292705
          ],
          [
            126.93422256217916,
            36.468681094173355
          ],
          [
            126.9343635386574,
            36.468681094173355
          ],
          [
            126.93450451513563,
            36.46875769572562
          ],
          [
            126.93478646809211,
            36.46875769572562
          ]
        ]
      }
    },
    {
      "type": "Feature",
      "properties": {
        "proposal_id": "ink-line-237",
        "tile_id": "174-cheongyang-mountain",
        "sheet_id": "174-cheongyang",
        "split": "development",
        "proposal_kind": "visible_linework_review_only",
        "backend": "archaeotrace_ink_v2_centerline",
        "upstream_commit": "7960acddb4e82855e2088fdfdd2244799b63775c",
        "pixel_length": 46.728,
        "point_count": 9,
        "confidence": 1.0,
        "review_status": "unreviewed"
      },
      "geometry": {
        "type": "LineString",
        "coordinates": [
          [
            126.93375264058504,
            36.457841974528606
          ],
          [
            126.9339876013821,
            36.457727072200214
          ],
          [
            126.93450451513563,
            36.457727072200214
          ],
          [
            126.93478646809211,
            36.45761216987182
          ],
          [
            126.93502142888917,
            36.45761216987182
          ],
          [
            126.93506842104858,
            36.457650470647955
          ],
          [
            126.93506842104858,
            36.457841974528606
          ],
          [
            126.93502142888917,
            36.45788027530473
          ],
          [
            126.93497443672976,
            36.458224982289906
          ]
        ]
      }
    },
    {
      "type": "Feature",
      "properties": {
        "proposal_id": "ink-line-238",
        "tile_id": "174-cheongyang-mountain",
        "sheet_id": "174-cheongyang",
        "split": "development",
        "proposal_kind": "visible_linework_review_only",
        "backend": "archaeotrace_ink_v2_centerline",
        "upstream_commit": "7960acddb4e82855e2088fdfdd2244799b63775c",
        "pixel_length": 25.899,
        "point_count": 4,
        "confidence": 1.0,
        "review_status": "unreviewed"
      },
      "geometry": {
        "type": "LineString",
        "coordinates": [
          [
            126.93379963274445,
            36.47653275327998
          ],
          [
            126.93417557001975,
            36.47657105405611
          ],
          [
            126.93455150729505,
            36.47649445250385
          ],
          [
            126.93488045241094,
            36.476647655608375
          ]
        ]
      }
    },
    {
      "type": "Feature",
      "properties": {
        "proposal_id": "ink-line-239",
        "tile_id": "174-cheongyang-mountain",
        "sheet_id": "174-cheongyang",
        "split": "development",
        "proposal_kind": "visible_linework_review_only",
        "backend": "archaeotrace_ink_v2_centerline",
        "upstream_commit": "7960acddb4e82855e2088fdfdd2244799b63775c",
        "pixel_length": 25.314,
        "point_count": 4,
        "confidence": 1.0,
        "review_status": "unreviewed"
      },
      "geometry": {
        "type": "LineString",
        "coordinates": [
          [
            126.93394060922269,
            36.45638654503567
          ],
          [
            126.93426955433857,
            36.45657804891632
          ],
          [
            126.9347394759327,
            36.45657804891632
          ],
          [
            126.93497443672976,
            36.45646314658793
          ]
        ]
      }
    },
    {
      "type": "Feature",
      "properties": {
        "proposal_id": "ink-line-240",
        "tile_id": "174-cheongyang-mountain",
        "sheet_id": "174-cheongyang",
        "split": "development",
        "proposal_kind": "visible_linework_review_only",
        "backend": "archaeotrace_ink_v2_centerline",
        "upstream_commit": "7960acddb4e82855e2088fdfdd2244799b63775c",
        "pixel_length": 24.385,
        "point_count": 4,
        "confidence": 1.0,
        "review_status": "unreviewed"
      },
      "geometry": {
        "type": "LineString",
        "coordinates": [
          [
            126.93394060922269,
            36.45336078372141
          ],
          [
            126.93445752297622,
            36.4538586938111
          ],
          [
            126.93459849945447,
            36.453896994587225
          ],
          [
            126.9347394759327,
            36.4538586938111
          ]
        ]
      }
    },
    {
      "type": "Feature",
      "properties": {
        "proposal_id": "ink-line-241",
        "tile_id": "174-cheongyang-mountain",
        "sheet_id": "174-cheongyang",
        "split": "development",
        "proposal_kind": "visible_linework_review_only",
        "backend": "archaeotrace_ink_v2_centerline",
        "upstream_commit": "7960acddb4e82855e2088fdfdd2244799b63775c",
        "pixel_length": 21.071,
        "point_count": 4,
        "confidence": 1.0,
        "review_status": "unreviewed"
      },
      "geometry": {
        "type": "LineString",
        "coordinates": [
          [
            126.93412857786033,
            36.46780017632237
          ],
          [
            126.93431654649798,
            36.46772357477011
          ],
          [
            126.93483346025153,
            36.467761875546245
          ],
          [
            126.93502142888917,
            36.46768527399398
          ]
        ]
      }
    },
    {
      "type": "Feature",
      "properties": {
        "proposal_id": "ink-line-242",
        "tile_id": "174-cheongyang-mountain",
        "sheet_id": "174-cheongyang",
        "split": "development",
        "proposal_kind": "visible_linework_review_only",
        "backend": "archaeotrace_ink_v2_centerline",
        "upstream_commit": "7960acddb4e82855e2088fdfdd2244799b63775c",
        "pixel_length": 21.071,
        "point_count": 5,
        "confidence": 1.0,
        "review_status": "unreviewed"
      },
      "geometry": {
        "type": "LineString",
        "coordinates": [
          [
            126.93422256217916,
            36.465693633635226
          ],
          [
            126.9344105308168,
            36.46573193441136
          ],
          [
            126.93478646809211,
            36.465693633635226
          ],
          [
            126.93488045241094,
            36.46557873130684
          ],
          [
            126.93506842104858,
            36.46554043053071
          ]
        ]
      }
    },
    {
      "type": "Feature",
      "properties": {
        "proposal_id": "ink-line-243",
        "tile_id": "174-cheongyang-mountain",
        "sheet_id": "174-cheongyang",
        "split": "development",
        "proposal_kind": "visible_linework_review_only",
        "backend": "archaeotrace_ink_v2_centerline",
        "upstream_commit": "7960acddb4e82855e2088fdfdd2244799b63775c",
        "pixel_length": 21.728,
        "point_count": 4,
        "confidence": 1.0,
        "review_status": "unreviewed"
      },
      "geometry": {
        "type": "LineString",
        "coordinates": [
          [
            126.93426955433857,
            36.48082244020653
          ],
          [
            126.93483346025153,
            36.48063093632588
          ],
          [
            126.93502142888917,
            36.480477733221356
          ],
          [
            126.93506842104858,
            36.48051603399749
          ]
        ]
      }
    },
    {
      "type": "Feature",
      "properties": {
        "proposal_id": "ink-line-244",
        "tile_id": "174-cheongyang-mountain",
        "sheet_id": "174-cheongyang",
        "split": "development",
        "proposal_kind": "visible_linework_review_only",
        "backend": "archaeotrace_ink_v2_centerline",
        "upstream_commit": "7960acddb4e82855e2088fdfdd2244799b63775c",
        "pixel_length": 19.142,
        "point_count": 4,
        "confidence": 1.0,
        "review_status": "unreviewed"
      },
      "geometry": {
        "type": "LineString",
        "coordinates": [
          [
            126.93426955433857,
            36.45278627207946
          ],
          [
            126.93459849945447,
            36.4530926782885
          ],
          [
            126.93469248377329,
            36.4530926782885
          ],
          [
            126.93492744457035,
            36.45297777596011
          ]
        ]
      }
    },
    {
      "type": "Feature",
      "properties": {
        "proposal_id": "ink-line-245",
        "tile_id": "174-cheongyang-mountain",
        "sheet_id": "174-cheongyang",
        "split": "development",
        "proposal_kind": "visible_linework_review_only",
        "backend": "archaeotrace_ink_v2_centerline",
        "upstream_commit": "7960acddb4e82855e2088fdfdd2244799b63775c",
        "pixel_length": 22.899,
        "point_count": 4,
        "confidence": 1.0,
        "review_status": "unreviewed"
      },
      "geometry": {
        "type": "LineString",
        "coordinates": [
          [
            126.93431654649798,
            36.481205447967824
          ],
          [
            126.93445752297622,
            36.481128846415565
          ],
          [
            126.93506842104858,
            36.48101394408718
          ],
          [
            126.93525638968623,
            36.480937342534915
          ]
        ]
      }
    },
    {
      "type": "Feature",
      "properties": {
        "proposal_id": "ink-line-246",
        "tile_id": "174-cheongyang-mountain",
        "sheet_id": "174-cheongyang",
        "split": "development",
        "proposal_kind": "visible_linework_review_only",
        "backend": "archaeotrace_ink_v2_centerline",
        "upstream_commit": "7960acddb4e82855e2088fdfdd2244799b63775c",
        "pixel_length": 19.828,
        "point_count": 4,
        "confidence": 1.0,
        "review_status": "unreviewed"
      },
      "geometry": {
        "type": "LineString",
        "coordinates": [
          [
            126.93445752297622,
            36.479443612265854
          ],
          [
            126.93459849945447,
            36.47948191304198
          ],
          [
            126.93525638968623,
            36.47948191304198
          ],
          [
            126.93535037400505,
            36.47952021381811
          ]
        ]
      }
    },
    {
      "type": "Feature",
      "properties": {
        "proposal_id": "ink-line-247",
        "tile_id": "174-cheongyang-mountain",
        "sheet_id": "174-cheongyang",
        "split": "development",
        "proposal_kind": "visible_linework_review_only",
        "backend": "archaeotrace_ink_v2_centerline",
        "upstream_commit": "7960acddb4e82855e2088fdfdd2244799b63775c",
        "pixel_length": 19.828,
        "point_count": 4,
        "confidence": 1.0,
        "review_status": "unreviewed"
      },
      "geometry": {
        "type": "LineString",
        "coordinates": [
          [
            126.93469248377329,
            36.48250767435624
          ],
          [
            126.93478646809211,
            36.482469373580116
          ],
          [
            126.93544435832388,
            36.482469373580116
          ],
          [
            126.93558533480213,
            36.48250767435624
          ]
        ]
      }
    },
    {
      "type": "Feature",
      "properties": {
        "proposal_id": "ink-line-248",
        "tile_id": "174-cheongyang-mountain",
        "sheet_id": "174-cheongyang",
        "split": "development",
        "proposal_kind": "visible_linework_review_only",
        "backend": "archaeotrace_ink_v2_centerline",
        "upstream_commit": "7960acddb4e82855e2088fdfdd2244799b63775c",
        "pixel_length": 29.071,
        "point_count": 3,
        "confidence": 1.0,
        "review_status": "unreviewed"
      },
      "geometry": {
        "type": "LineString",
        "coordinates": [
          [
            126.93483346025153,
            36.482086365818816
          ],
          [
            126.93544435832388,
            36.48204806504268
          ],
          [
            126.93610224855566,
            36.4822012681472
          ]
        ]
      }
    },
    {
      "type": "Feature",
      "properties": {
        "proposal_id": "ink-line-249",
        "tile_id": "174-cheongyang-mountain",
        "sheet_id": "174-cheongyang",
        "split": "development",
        "proposal_kind": "visible_linework_review_only",
        "backend": "archaeotrace_ink_v2_centerline",
        "upstream_commit": "7960acddb4e82855e2088fdfdd2244799b63775c",
        "pixel_length": 22.314,
        "point_count": 5,
        "confidence": 1.0,
        "review_status": "unreviewed"
      },
      "geometry": {
        "type": "LineString",
        "coordinates": [
          [
            126.93488045241094,
            36.48124374874396
          ],
          [
            126.93506842104858,
            36.48124374874396
          ],
          [
            126.93520939752682,
            36.4811671471917
          ],
          [
            126.93549135048329,
            36.481128846415565
          ],
          [
            126.93577330343977,
            36.480937342534915
          ]
        ]
      }
    },
    {
      "type": "Feature",
      "properties": {
        "proposal_id": "ink-line-250",
        "tile_id": "174-cheongyang-mountain",
        "sheet_id": "174-cheongyang",
        "split": "development",
        "proposal_kind": "visible_linework_review_only",
        "backend": "archaeotrace_ink_v2_centerline",
        "upstream_commit": "7960acddb4e82855e2088fdfdd2244799b63775c",
        "pixel_length": 22.071,
        "point_count": 5,
        "confidence": 1.0,
        "review_status": "unreviewed"
      },
      "geometry": {
        "type": "LineString",
        "coordinates": [
          [
            126.93488045241094,
            36.45918250169315
          ],
          [
            126.93506842104858,
            36.45925910324541
          ],
          [
            126.93525638968623,
            36.45925910324541
          ],
          [
            126.93539736616447,
            36.45933570479767
          ],
          [
            126.93582029559919,
            36.4593740055738
          ]
        ]
      }
    },
    {
      "type": "Feature",
      "properties": {
        "proposal_id": "ink-line-251",
        "tile_id": "174-cheongyang-mountain",
        "sheet_id": "174-cheongyang",
        "split": "development",
        "proposal_kind": "visible_linework_review_only",
        "backend": "archaeotrace_ink_v2_centerline",
        "upstream_commit": "7960acddb4e82855e2088fdfdd2244799b63775c",
        "pixel_length": 19.071,
        "point_count": 4,
        "confidence": 1.0,
        "review_status": "unreviewed"
      },
      "geometry": {
        "type": "LineString",
        "coordinates": [
          [
            126.93506842104858,
            36.47691576104128
          ],
          [
            126.93506842104858,
            36.4770689641458
          ],
          [
            126.93520939752682,
            36.47737537035484
          ],
          [
            126.935115413208,
            36.47756687423549
          ]
        ]
      }
    },
    {
      "type": "Feature",
      "properties": {
        "proposal_id": "ink-line-252",
        "tile_id": "174-cheongyang-mountain",
        "sheet_id": "174-cheongyang",
        "split": "development",
        "proposal_kind": "visible_linework_review_only",
        "backend": "archaeotrace_ink_v2_centerline",
        "upstream_commit": "7960acddb4e82855e2088fdfdd2244799b63775c",
        "pixel_length": 23.071,
        "point_count": 5,
        "confidence": 1.0,
        "review_status": "unreviewed"
      },
      "geometry": {
        "type": "LineString",
        "coordinates": [
          [
            126.93520939752682,
            36.48660585740214
          ],
          [
            126.9355383426427,
            36.48652925584988
          ],
          [
            126.93558533480213,
            36.48656755662601
          ],
          [
            126.93605525639624,
            36.48656755662601
          ],
          [
            126.93619623287448,
            36.48664415817827
          ]
        ]
      }
    },
    {
      "type": "Feature",
      "properties": {
        "proposal_id": "ink-line-253",
        "tile_id": "174-cheongyang-mountain",
        "sheet_id": "174-cheongyang",
        "split": "development",
        "proposal_kind": "visible_linework_review_only",
        "backend": "archaeotrace_ink_v2_centerline",
        "upstream_commit": "7960acddb4e82855e2088fdfdd2244799b63775c",
        "pixel_length": 50.899,
        "point_count": 7,
        "confidence": 1.0,
        "review_status": "unreviewed"
      },
      "geometry": {
        "type": "LineString",
        "coordinates": [
          [
            126.93530338184564,
            36.45853138849894
          ],
          [
            126.93549135048329,
            36.4586079900512
          ],
          [
            126.93624322503389,
            36.4586079900512
          ],
          [
            126.9362902171933,
            36.45864629082733
          ],
          [
            126.93690111526567,
            36.4586079900512
          ],
          [
            126.93718306822214,
            36.45853138849894
          ],
          [
            126.93755900549743,
            36.45856968927507
          ]
        ]
      }
    },
    {
      "type": "Feature",
      "properties": {
        "proposal_id": "ink-line-254",
        "tile_id": "174-cheongyang-mountain",
        "sheet_id": "174-cheongyang",
        "split": "development",
        "proposal_kind": "visible_linework_review_only",
        "backend": "archaeotrace_ink_v2_centerline",
        "upstream_commit": "7960acddb4e82855e2088fdfdd2244799b63775c",
        "pixel_length": 18.071,
        "point_count": 4,
        "confidence": 1.0,
        "review_status": "unreviewed"
      },
      "geometry": {
        "type": "LineString",
        "coordinates": [
          [
            126.93539736616447,
            36.46960031280047
          ],
          [
            126.9358672877586,
            36.469715215128865
          ],
          [
            126.93605525639624,
            36.469715215128865
          ],
          [
            126.93614924071507,
            36.46979181668112
          ]
        ]
      }
    },
    {
      "type": "Feature",
      "properties": {
        "proposal_id": "ink-line-255",
        "tile_id": "174-cheongyang-mountain",
        "sheet_id": "174-cheongyang",
        "split": "development",
        "proposal_kind": "visible_linework_review_only",
        "backend": "archaeotrace_ink_v2_centerline",
        "upstream_commit": "7960acddb4e82855e2088fdfdd2244799b63775c",
        "pixel_length": 34.314,
        "point_count": 6,
        "confidence": 1.0,
        "review_status": "unreviewed"
      },
      "geometry": {
        "type": "LineString",
        "coordinates": [
          [
            126.93549135048329,
            36.488061286895075
          ],
          [
            126.93539736616447,
            36.48802298611894
          ],
          [
            126.93539736616447,
            36.48763997835765
          ],
          [
            126.9355383426427,
            36.48752507602926
          ],
          [
            126.9358672877586,
            36.487486775253124
          ],
          [
            126.9362902171933,
            36.487601677581516
          ]
        ]
      }
    },
    {
      "type": "Feature",
      "properties": {
        "proposal_id": "ink-line-256",
        "tile_id": "174-cheongyang-mountain",
        "sheet_id": "174-cheongyang",
        "split": "development",
        "proposal_kind": "visible_linework_review_only",
        "backend": "archaeotrace_ink_v2_centerline",
        "upstream_commit": "7960acddb4e82855e2088fdfdd2244799b63775c",
        "pixel_length": 28.657,
        "point_count": 6,
        "confidence": 1.0,
        "review_status": "unreviewed"
      },
      "geometry": {
        "type": "LineString",
        "coordinates": [
          [
            126.9355383426427,
            36.479635116146504
          ],
          [
            126.93563232696154,
            36.47975001847489
          ],
          [
            126.93563232696154,
            36.47990322157941
          ],
          [
            126.93567931912095,
            36.47994152235554
          ],
          [
            126.93567931912095,
            36.48059263554975
          ],
          [
            126.93563232696154,
            36.480669237102006
          ]
        ]
      }
    },
    {
      "type": "Feature",
      "properties": {
        "proposal_id": "ink-line-257",
        "tile_id": "174-cheongyang-mountain",
        "sheet_id": "174-cheongyang",
        "split": "development",
        "proposal_kind": "visible_linework_review_only",
        "backend": "archaeotrace_ink_v2_centerline",
        "upstream_commit": "7960acddb4e82855e2088fdfdd2244799b63775c",
        "pixel_length": 27.314,
        "point_count": 6,
        "confidence": 1.0,
        "review_status": "unreviewed"
      },
      "geometry": {
        "type": "LineString",
        "coordinates": [
          [
            126.93558533480213,
            36.45657804891632
          ],
          [
            126.93591427991801,
            36.45657804891632
          ],
          [
            126.93614924071507,
            36.45665465046858
          ],
          [
            126.93633720935271,
            36.456807853573096
          ],
          [
            126.93643119367154,
            36.45696105667761
          ],
          [
            126.93643119367154,
            36.45711425978214
          ]
        ]
      }
    },
    {
      "type": "Feature",
      "properties": {
        "proposal_id": "ink-line-258",
        "tile_id": "174-cheongyang-mountain",
        "sheet_id": "174-cheongyang",
        "split": "development",
        "proposal_kind": "visible_linework_review_only",
        "backend": "archaeotrace_ink_v2_centerline",
        "upstream_commit": "7960acddb4e82855e2088fdfdd2244799b63775c",
        "pixel_length": 19.071,
        "point_count": 5,
        "confidence": 1.0,
        "review_status": "unreviewed"
      },
      "geometry": {
        "type": "LineString",
        "coordinates": [
          [
            126.93563232696154,
            36.468872598054006
          ],
          [
            126.93558533480213,
            36.46856619184497
          ],
          [
            126.93567931912095,
            36.468489590292705
          ],
          [
            126.93582029559919,
            36.468489590292705
          ],
          [
            126.93600826423683,
            36.46856619184497
          ]
        ]
      }
    },
    {
      "type": "Feature",
      "properties": {
        "proposal_id": "ink-line-259",
        "tile_id": "174-cheongyang-mountain",
        "sheet_id": "174-cheongyang",
        "split": "development",
        "proposal_kind": "visible_linework_review_only",
        "backend": "archaeotrace_ink_v2_centerline",
        "upstream_commit": "7960acddb4e82855e2088fdfdd2244799b63775c",
        "pixel_length": 24.071,
        "point_count": 5,
        "confidence": 1.0,
        "review_status": "unreviewed"
      },
      "geometry": {
        "type": "LineString",
        "coordinates": [
          [
            126.9358672877586,
            36.46814488330754
          ],
          [
            126.9358672877586,
            36.4678384770985
          ],
          [
            126.93600826423683,
            36.46753207088946
          ],
          [
            126.93600826423683,
            36.467378867784944
          ],
          [
            126.93591427991801,
            36.467302266232686
          ]
        ]
      }
    },
    {
      "type": "Feature",
      "properties": {
        "proposal_id": "ink-line-260",
        "tile_id": "174-cheongyang-mountain",
        "sheet_id": "174-cheongyang",
        "split": "development",
        "proposal_kind": "visible_linework_review_only",
        "backend": "archaeotrace_ink_v2_centerline",
        "upstream_commit": "7960acddb4e82855e2088fdfdd2244799b63775c",
        "pixel_length": 27.071,
        "point_count": 5,
        "confidence": 1.0,
        "review_status": "unreviewed"
      },
      "geometry": {
        "type": "LineString",
        "coordinates": [
          [
            126.93605525639624,
            36.484499314714995
          ],
          [
            126.93610224855566,
            36.48446101393887
          ],
          [
            126.93614924071507,
            36.48396310384918
          ],
          [
            126.93624322503389,
            36.48380990074466
          ],
          [
            126.9362902171933,
            36.48354179531175
          ]
        ]
      }
    },
    {
      "type": "Feature",
      "properties": {
        "proposal_id": "ink-line-261",
        "tile_id": "174-cheongyang-mountain",
        "sheet_id": "174-cheongyang",
        "split": "development",
        "proposal_kind": "visible_linework_review_only",
        "backend": "archaeotrace_ink_v2_centerline",
        "upstream_commit": "7960acddb4e82855e2088fdfdd2244799b63775c",
        "pixel_length": 30.971,
        "point_count": 5,
        "confidence": 1.0,
        "review_status": "unreviewed"
      },
      "geometry": {
        "type": "LineString",
        "coordinates": [
          [
            126.93614924071507,
            36.473200585756686
          ],
          [
            126.93624322503389,
            36.47358359351798
          ],
          [
            126.93647818583095,
            36.47377509739863
          ],
          [
            126.93690111526567,
            36.473928300503154
          ],
          [
            126.9369950995845,
            36.47388999972702
          ]
        ]
      }
    },
    {
      "type": "Feature",
      "properties": {
        "proposal_id": "ink-line-262",
        "tile_id": "174-cheongyang-mountain",
        "sheet_id": "174-cheongyang",
        "split": "development",
        "proposal_kind": "visible_linework_review_only",
        "backend": "archaeotrace_ink_v2_centerline",
        "upstream_commit": "7960acddb4e82855e2088fdfdd2244799b63775c",
        "pixel_length": 19.243,
        "point_count": 3,
        "confidence": 1.0,
        "review_status": "unreviewed"
      },
      "geometry": {
        "type": "LineString",
        "coordinates": [
          [
            126.93614924071507,
            36.458033478409256
          ],
          [
            126.93657217014977,
            36.458033478409256
          ],
          [
            126.9369950995845,
            36.457918576080864
          ]
        ]
      }
    },
    {
      "type": "Feature",
      "properties": {
        "proposal_id": "ink-line-263",
        "tile_id": "174-cheongyang-mountain",
        "sheet_id": "174-cheongyang",
        "split": "development",
        "proposal_kind": "visible_linework_review_only",
        "backend": "archaeotrace_ink_v2_centerline",
        "upstream_commit": "7960acddb4e82855e2088fdfdd2244799b63775c",
        "pixel_length": 44.071,
        "point_count": 5,
        "confidence": 1.0,
        "review_status": "unreviewed"
      },
      "geometry": {
        "type": "LineString",
        "coordinates": [
          [
            126.93624322503389,
            36.4648893173365
          ],
          [
            126.93657217014977,
            36.4648893173365
          ],
          [
            126.93671314662802,
            36.46496591888876
          ],
          [
            126.93676013878743,
            36.46508082121715
          ],
          [
            126.93666615446861,
            36.46619154372492
          ]
        ]
      }
    },
    {
      "type": "Feature",
      "properties": {
        "proposal_id": "ink-line-264",
        "tile_id": "174-cheongyang-mountain",
        "sheet_id": "174-cheongyang",
        "split": "development",
        "proposal_kind": "visible_linework_review_only",
        "backend": "archaeotrace_ink_v2_centerline",
        "upstream_commit": "7960acddb4e82855e2088fdfdd2244799b63775c",
        "pixel_length": 36.142,
        "point_count": 7,
        "confidence": 1.0,
        "review_status": "unreviewed"
      },
      "geometry": {
        "type": "LineString",
        "coordinates": [
          [
            126.93624322503389,
            36.458301583842164
          ],
          [
            126.9362902171933,
            36.45833988461829
          ],
          [
            126.93671314662802,
            36.458301583842164
          ],
          [
            126.93718306822214,
            36.458110079961514
          ],
          [
            126.9374180290192,
            36.458110079961514
          ],
          [
            126.93746502117861,
            36.45807177918538
          ],
          [
            126.9377469741351,
            36.45814838073764
          ]
        ]
      }
    },
    {
      "type": "Feature",
      "properties": {
        "proposal_id": "ink-line-265",
        "tile_id": "174-cheongyang-mountain",
        "sheet_id": "174-cheongyang",
        "split": "development",
        "proposal_kind": "visible_linework_review_only",
        "backend": "archaeotrace_ink_v2_centerline",
        "upstream_commit": "7960acddb4e82855e2088fdfdd2244799b63775c",
        "pixel_length": 22.485,
        "point_count": 3,
        "confidence": 1.0,
        "review_status": "unreviewed"
      },
      "geometry": {
        "type": "LineString",
        "coordinates": [
          [
            126.9362902171933,
            36.47480921835414
          ],
          [
            126.93666615446861,
            36.474962421458656
          ],
          [
            126.93723006038155,
            36.475039023010915
          ]
        ]
      }
    },
    {
      "type": "Feature",
      "properties": {
        "proposal_id": "ink-line-266",
        "tile_id": "174-cheongyang-mountain",
        "sheet_id": "174-cheongyang",
        "split": "development",
        "proposal_kind": "visible_linework_review_only",
        "backend": "archaeotrace_ink_v2_centerline",
        "upstream_commit": "7960acddb4e82855e2088fdfdd2244799b63775c",
        "pixel_length": 33.728,
        "point_count": 7,
        "confidence": 1.0,
        "review_status": "unreviewed"
      },
      "geometry": {
        "type": "LineString",
        "coordinates": [
          [
            126.93647818583095,
            36.47090253918889
          ],
          [
            126.93652517799036,
            36.47105574229341
          ],
          [
            126.93643119367154,
            36.47128554695019
          ],
          [
            126.93643119367154,
            36.471668554711485
          ],
          [
            126.93657217014977,
            36.471860058592135
          ],
          [
            126.93671314662802,
            36.47197496092053
          ],
          [
            126.93680713094685,
            36.47197496092053
          ]
        ]
      }
    },
    {
      "type": "Feature",
      "properties": {
        "proposal_id": "ink-line-267",
        "tile_id": "174-cheongyang-mountain",
        "sheet_id": "174-cheongyang",
        "split": "development",
        "proposal_kind": "visible_linework_review_only",
        "backend": "archaeotrace_ink_v2_centerline",
        "upstream_commit": "7960acddb4e82855e2088fdfdd2244799b63775c",
        "pixel_length": 22.728,
        "point_count": 4,
        "confidence": 1.0,
        "review_status": "unreviewed"
      },
      "geometry": {
        "type": "LineString",
        "coordinates": [
          [
            126.93647818583095,
            36.45179045190008
          ],
          [
            126.93694810742508,
            36.45209685810912
          ],
          [
            126.93732404470038,
            36.45209685810912
          ],
          [
            126.93737103685979,
            36.45205855733299
          ]
        ]
      }
    },
    {
      "type": "Feature",
      "properties": {
        "proposal_id": "ink-line-268",
        "tile_id": "174-cheongyang-mountain",
        "sheet_id": "174-cheongyang",
        "split": "development",
        "proposal_kind": "visible_linework_review_only",
        "backend": "archaeotrace_ink_v2_centerline",
        "upstream_commit": "7960acddb4e82855e2088fdfdd2244799b63775c",
        "pixel_length": 18.142,
        "point_count": 3,
        "confidence": 1.0,
        "review_status": "unreviewed"
      },
      "geometry": {
        "type": "LineString",
        "coordinates": [
          [
            126.93676013878743,
            36.455046017871126
          ],
          [
            126.9370420917439,
            36.45477791243822
          ],
          [
            126.93737103685979,
            36.45462470933369
          ]
        ]
      }
    },
    {
      "type": "Feature",
      "properties": {
        "proposal_id": "ink-line-269",
        "tile_id": "174-cheongyang-mountain",
        "sheet_id": "174-cheongyang",
        "split": "development",
        "proposal_kind": "visible_linework_review_only",
        "backend": "archaeotrace_ink_v2_centerline",
        "upstream_commit": "7960acddb4e82855e2088fdfdd2244799b63775c",
        "pixel_length": 18.071,
        "point_count": 5,
        "confidence": 1.0,
        "review_status": "unreviewed"
      },
      "geometry": {
        "type": "LineString",
        "coordinates": [
          [
            126.93685412310626,
            36.45278627207946
          ],
          [
            126.93718306822214,
            36.45286287363172
          ],
          [
            126.93727705254096,
            36.45293947518398
          ],
          [
            126.93727705254096,
            36.45316927984076
          ],
          [
            126.93723006038155,
            36.45320758061689
          ]
        ]
      }
    },
    {
      "type": "Feature",
      "properties": {
        "proposal_id": "ink-line-270",
        "tile_id": "174-cheongyang-mountain",
        "sheet_id": "174-cheongyang",
        "split": "development",
        "proposal_kind": "visible_linework_review_only",
        "backend": "archaeotrace_ink_v2_centerline",
        "upstream_commit": "7960acddb4e82855e2088fdfdd2244799b63775c",
        "pixel_length": 24.243,
        "point_count": 4,
        "confidence": 1.0,
        "review_status": "unreviewed"
      },
      "geometry": {
        "type": "LineString",
        "coordinates": [
          [
            126.93690111526567,
            36.48109054563944
          ],
          [
            126.93685412310626,
            36.48063093632588
          ],
          [
            126.93694810742508,
            36.4804011316691
          ],
          [
            126.93694810742508,
            36.48020962778845
          ]
        ]
      }
    },
    {
      "type": "Feature",
      "properties": {
        "proposal_id": "ink-line-271",
        "tile_id": "174-cheongyang-mountain",
        "sheet_id": "174-cheongyang",
        "split": "development",
        "proposal_kind": "visible_linework_review_only",
        "backend": "archaeotrace_ink_v2_centerline",
        "upstream_commit": "7960acddb4e82855e2088fdfdd2244799b63775c",
        "pixel_length": 34.728,
        "point_count": 6,
        "confidence": 1.0,
        "review_status": "unreviewed"
      },
      "geometry": {
        "type": "LineString",
        "coordinates": [
          [
            126.93718306822214,
            36.484575916267254
          ],
          [
            126.9374180290192,
            36.48426951005822
          ],
          [
            126.93737103685979,
            36.484231209282086
          ],
          [
            126.93737103685979,
            36.48396310384918
          ],
          [
            126.93732404470038,
            36.483924803073045
          ],
          [
            126.93723006038155,
            36.48338859220723
          ]
        ]
      }
    },
    {
      "type": "Feature",
      "properties": {
        "proposal_id": "ink-line-272",
        "tile_id": "174-cheongyang-mountain",
        "sheet_id": "174-cheongyang",
        "split": "development",
        "proposal_kind": "visible_linework_review_only",
        "backend": "archaeotrace_ink_v2_centerline",
        "upstream_commit": "7960acddb4e82855e2088fdfdd2244799b63775c",
        "pixel_length": 35.243,
        "point_count": 6,
        "confidence": 1.0,
        "review_status": "unreviewed"
      },
      "geometry": {
        "type": "LineString",
        "coordinates": [
          [
            126.93723006038155,
            36.48315878755045
          ],
          [
            126.93723006038155,
            36.482277869699466
          ],
          [
            126.93727705254096,
            36.48223956892333
          ],
          [
            126.93727705254096,
            36.481971463490424
          ],
          [
            126.93732404470038,
            36.48193316271429
          ],
          [
            126.93727705254096,
            36.48185656116203
          ]
        ]
      }
    },
    {
      "type": "Feature",
      "properties": {
        "proposal_id": "ink-line-273",
        "tile_id": "174-cheongyang-mountain",
        "sheet_id": "174-cheongyang",
        "split": "development",
        "proposal_kind": "visible_linework_review_only",
        "backend": "archaeotrace_ink_v2_centerline",
        "upstream_commit": "7960acddb4e82855e2088fdfdd2244799b63775c",
        "pixel_length": 31.213,
        "point_count": 7,
        "confidence": 1.0,
        "review_status": "unreviewed"
      },
      "geometry": {
        "type": "LineString",
        "coordinates": [
          [
            126.93723006038155,
            36.46205505990289
          ],
          [
            126.93727705254096,
            36.4619401575745
          ],
          [
            126.9374180290192,
            36.46190185679837
          ],
          [
            126.93765298981626,
            36.46171035291772
          ],
          [
            126.9377469741351,
            36.46151884903707
          ],
          [
            126.93769998197567,
            36.46136564593255
          ],
          [
            126.93746502117861,
            36.4611741420519
          ]
        ]
      }
    },
    {
      "type": "Feature",
      "properties": {
        "proposal_id": "ink-line-274",
        "tile_id": "174-cheongyang-mountain",
        "sheet_id": "174-cheongyang",
        "split": "development",
        "proposal_kind": "visible_linework_review_only",
        "backend": "archaeotrace_ink_v2_centerline",
        "upstream_commit": "7960acddb4e82855e2088fdfdd2244799b63775c",
        "pixel_length": 19.485,
        "point_count": 5,
        "confidence": 1.0,
        "review_status": "unreviewed"
      },
      "geometry": {
        "type": "LineString",
        "coordinates": [
          [
            126.93732404470038,
            36.46519572354554
          ],
          [
            126.9374180290192,
            36.46523402432167
          ],
          [
            126.93760599765685,
            36.46515742276941
          ],
          [
            126.93802892709157,
            36.46511912199328
          ],
          [
            126.93812291141039,
            36.46504252044102
          ]
        ]
      }
    },
    {
      "type": "Feature",
      "properties": {
        "proposal_id": "ink-line-275",
        "tile_id": "174-cheongyang-mountain",
        "sheet_id": "174-cheongyang",
        "split": "development",
        "proposal_kind": "visible_linework_review_only",
        "backend": "archaeotrace_ink_v2_centerline",
        "upstream_commit": "7960acddb4e82855e2088fdfdd2244799b63775c",
        "pixel_length": 19.828,
        "point_count": 2,
        "confidence": 1.0,
        "review_status": "unreviewed"
      },
      "geometry": {
        "type": "LineString",
        "coordinates": [
          [
            126.93746502117861,
            36.482277869699466
          ],
          [
            126.93755900549743,
            36.481550154953
          ]
        ]
      }
    },
    {
      "type": "Feature",
      "properties": {
        "proposal_id": "ink-line-276",
        "tile_id": "174-cheongyang-mountain",
        "sheet_id": "174-cheongyang",
        "split": "development",
        "proposal_kind": "visible_linework_review_only",
        "backend": "archaeotrace_ink_v2_centerline",
        "upstream_commit": "7960acddb4e82855e2088fdfdd2244799b63775c",
        "pixel_length": 24.899,
        "point_count": 5,
        "confidence": 1.0,
        "review_status": "unreviewed"
      },
      "geometry": {
        "type": "LineString",
        "coordinates": [
          [
            126.93746502117861,
            36.45458640855757
          ],
          [
            126.93760599765685,
            36.45443320545304
          ],
          [
            126.93769998197567,
            36.45420340079627
          ],
          [
            126.93760599765685,
            36.45393529536336
          ],
          [
            126.93760599765685,
            36.45374379148271
          ]
        ]
      }
    },
    {
      "type": "Feature",
      "properties": {
        "proposal_id": "ink-line-277",
        "tile_id": "174-cheongyang-mountain",
        "sheet_id": "174-cheongyang",
        "split": "development",
        "proposal_kind": "visible_linework_review_only",
        "backend": "archaeotrace_ink_v2_centerline",
        "upstream_commit": "7960acddb4e82855e2088fdfdd2244799b63775c",
        "pixel_length": 39.314,
        "point_count": 4,
        "confidence": 1.0,
        "review_status": "unreviewed"
      },
      "geometry": {
        "type": "LineString",
        "coordinates": [
          [
            126.93751201333802,
            36.48472911937178
          ],
          [
            126.93751201333802,
            36.484882322476295
          ],
          [
            126.93760599765685,
            36.48503552558081
          ],
          [
            126.93788795061333,
            36.48610794731245
          ]
        ]
      }
    },
    {
      "type": "Feature",
      "properties": {
        "proposal_id": "ink-line-278",
        "tile_id": "174-cheongyang-mountain",
        "sheet_id": "174-cheongyang",
        "split": "development",
        "proposal_kind": "visible_linework_review_only",
        "backend": "archaeotrace_ink_v2_centerline",
        "upstream_commit": "7960acddb4e82855e2088fdfdd2244799b63775c",
        "pixel_length": 33.485,
        "point_count": 2,
        "confidence": 1.0,
        "review_status": "unreviewed"
      },
      "geometry": {
        "type": "LineString",
        "coordinates": [
          [
            126.93751201333802,
            36.48369499841627
          ],
          [
            126.9377939662945,
            36.484882322476295
          ]
        ]
      }
    },
    {
      "type": "Feature",
      "properties": {
        "proposal_id": "ink-line-279",
        "tile_id": "174-cheongyang-mountain",
        "sheet_id": "174-cheongyang",
        "split": "development",
        "proposal_kind": "visible_linework_review_only",
        "backend": "archaeotrace_ink_v2_centerline",
        "upstream_commit": "7960acddb4e82855e2088fdfdd2244799b63775c",
        "pixel_length": 21.243,
        "point_count": 3,
        "confidence": 1.0,
        "review_status": "unreviewed"
      },
      "geometry": {
        "type": "LineString",
        "coordinates": [
          [
            126.93755900549743,
            36.473660195070245
          ],
          [
            126.93765298981626,
            36.47350699196572
          ],
          [
            126.93760599765685,
            36.472894179547644
          ]
        ]
      }
    },
    {
      "type": "Feature",
      "properties": {
        "proposal_id": "ink-line-280",
        "tile_id": "174-cheongyang-mountain",
        "sheet_id": "174-cheongyang",
        "split": "development",
        "proposal_kind": "visible_linework_review_only",
        "backend": "archaeotrace_ink_v2_centerline",
        "upstream_commit": "7960acddb4e82855e2088fdfdd2244799b63775c",
        "pixel_length": 18.828,
        "point_count": 4,
        "confidence": 1.0,
        "review_status": "unreviewed"
      },
      "geometry": {
        "type": "LineString",
        "coordinates": [
          [
            126.93755900549743,
            36.469447109695956
          ],
          [
            126.93793494277274,
            36.469447109695956
          ],
          [
            126.93798193493215,
            36.46940880891982
          ],
          [
            126.93840486436686,
            36.469447109695956
          ]
        ]
      }
    },
    {
      "type": "Feature",
      "properties": {
        "proposal_id": "ink-line-281",
        "tile_id": "174-cheongyang-mountain",
        "sheet_id": "174-cheongyang",
        "split": "development",
        "proposal_kind": "visible_linework_review_only",
        "backend": "archaeotrace_ink_v2_centerline",
        "upstream_commit": "7960acddb4e82855e2088fdfdd2244799b63775c",
        "pixel_length": 21.071,
        "point_count": 5,
        "confidence": 1.0,
        "review_status": "unreviewed"
      },
      "geometry": {
        "type": "LineString",
        "coordinates": [
          [
            126.9377939662945,
            36.46749377011333
          ],
          [
            126.9377939662945,
            36.46741716856107
          ],
          [
            126.93798193493215,
            36.467302266232686
          ],
          [
            126.93835787220745,
            36.467302266232686
          ],
          [
            126.9385928330045,
            36.467378867784944
          ]
        ]
      }
    },
    {
      "type": "Feature",
      "properties": {
        "proposal_id": "ink-line-282",
        "tile_id": "174-cheongyang-mountain",
        "sheet_id": "174-cheongyang",
        "split": "development",
        "proposal_kind": "visible_linework_review_only",
        "backend": "archaeotrace_ink_v2_centerline",
        "upstream_commit": "7960acddb4e82855e2088fdfdd2244799b63775c",
        "pixel_length": 18.657,
        "point_count": 6,
        "confidence": 1.0,
        "review_status": "unreviewed"
      },
      "geometry": {
        "type": "LineString",
        "coordinates": [
          [
            126.93793494277274,
            36.473736796622504
          ],
          [
            126.93802892709157,
            36.47358359351798
          ],
          [
            126.93802892709157,
            36.4733537888612
          ],
          [
            126.93798193493215,
            36.47331548808507
          ],
          [
            126.93798193493215,
            36.47312398420442
          ],
          [
            126.93802892709157,
            36.473085683428295
          ]
        ]
      }
    },
    {
      "type": "Feature",
      "properties": {
        "proposal_id": "ink-line-283",
        "tile_id": "174-cheongyang-mountain",
        "sheet_id": "174-cheongyang",
        "split": "development",
        "proposal_kind": "visible_linework_review_only",
        "backend": "archaeotrace_ink_v2_centerline",
        "upstream_commit": "7960acddb4e82855e2088fdfdd2244799b63775c",
        "pixel_length": 25.899,
        "point_count": 3,
        "confidence": 1.0,
        "review_status": "unreviewed"
      },
      "geometry": {
        "type": "LineString",
        "coordinates": [
          [
            126.93793494277274,
            36.46917900426305
          ],
          [
            126.93849884868568,
            36.469140703486914
          ],
          [
            126.93901576243923,
            36.4693705081437
          ]
        ]
      }
    },
    {
      "type": "Feature",
      "properties": {
        "proposal_id": "ink-line-284",
        "tile_id": "174-cheongyang-mountain",
        "sheet_id": "174-cheongyang",
        "split": "development",
        "proposal_kind": "visible_linework_review_only",
        "backend": "archaeotrace_ink_v2_centerline",
        "upstream_commit": "7960acddb4e82855e2088fdfdd2244799b63775c",
        "pixel_length": 24.899,
        "point_count": 5,
        "confidence": 1.0,
        "review_status": "unreviewed"
      },
      "geometry": {
        "type": "LineString",
        "coordinates": [
          [
            126.93793494277274,
            36.46201675912676
          ],
          [
            126.9381699035698,
            36.46190185679837
          ],
          [
            126.93845185652627,
            36.46190185679837
          ],
          [
            126.9385928330045,
            36.46205505990289
          ],
          [
            126.9385458408451,
            36.462323165335796
          ]
        ]
      }
    },
    {
      "type": "Feature",
      "properties": {
        "proposal_id": "ink-line-285",
        "tile_id": "174-cheongyang-mountain",
        "sheet_id": "174-cheongyang",
        "split": "development",
        "proposal_kind": "visible_linework_review_only",
        "backend": "archaeotrace_ink_v2_centerline",
        "upstream_commit": "7960acddb4e82855e2088fdfdd2244799b63775c",
        "pixel_length": 31.556,
        "point_count": 5,
        "confidence": 1.0,
        "review_status": "unreviewed"
      },
      "geometry": {
        "type": "LineString",
        "coordinates": [
          [
            126.93793494277274,
            36.45366718993045
          ],
          [
            126.93793494277274,
            36.45355228760206
          ],
          [
            126.93802892709157,
            36.45339908449754
          ],
          [
            126.93845185652627,
            36.45301607673624
          ],
          [
            126.93845185652627,
            36.45263306897494
          ]
        ]
      }
    },
    {
      "type": "Feature",
      "properties": {
        "proposal_id": "ink-line-286",
        "tile_id": "174-cheongyang-mountain",
        "sheet_id": "174-cheongyang",
        "split": "development",
        "proposal_kind": "visible_linework_review_only",
        "backend": "archaeotrace_ink_v2_centerline",
        "upstream_commit": "7960acddb4e82855e2088fdfdd2244799b63775c",
        "pixel_length": 25.657,
        "point_count": 5,
        "confidence": 1.0,
        "review_status": "unreviewed"
      },
      "geometry": {
        "type": "LineString",
        "coordinates": [
          [
            126.93798193493215,
            36.49005292725383
          ],
          [
            126.93788795061333,
            36.48986142337318
          ],
          [
            126.93788795061333,
            36.48947841561188
          ],
          [
            126.93798193493215,
            36.48928691173123
          ],
          [
            126.93798193493215,
            36.48913370862671
          ]
        ]
      }
    },
    {
      "type": "Feature",
      "properties": {
        "proposal_id": "ink-line-287",
        "tile_id": "174-cheongyang-mountain",
        "sheet_id": "174-cheongyang",
        "split": "development",
        "proposal_kind": "visible_linework_review_only",
        "backend": "archaeotrace_ink_v2_centerline",
        "upstream_commit": "7960acddb4e82855e2088fdfdd2244799b63775c",
        "pixel_length": 29.485,
        "point_count": 4,
        "confidence": 1.0,
        "review_status": "unreviewed"
      },
      "geometry": {
        "type": "LineString",
        "coordinates": [
          [
            126.93802892709157,
            36.48561003722276
          ],
          [
            126.93812291141039,
            36.48610794731245
          ],
          [
            126.93826388788862,
            36.486376052745356
          ],
          [
            126.93831088004804,
            36.48664415817827
          ]
        ]
      }
    },
    {
      "type": "Feature",
      "properties": {
        "proposal_id": "ink-line-288",
        "tile_id": "174-cheongyang-mountain",
        "sheet_id": "174-cheongyang",
        "split": "development",
        "proposal_kind": "visible_linework_review_only",
        "backend": "archaeotrace_ink_v2_centerline",
        "upstream_commit": "7960acddb4e82855e2088fdfdd2244799b63775c",
        "pixel_length": 28.657,
        "point_count": 6,
        "confidence": 1.0,
        "review_status": "unreviewed"
      },
      "geometry": {
        "type": "LineString",
        "coordinates": [
          [
            126.93807591925098,
            36.45638654503567
          ],
          [
            126.93802892709157,
            36.45634824425954
          ],
          [
            126.93802892709157,
            36.45619504115502
          ],
          [
            126.93807591925098,
            36.45615674037889
          ],
          [
            126.93802892709157,
            36.455390724856294
          ],
          [
            126.93807591925098,
            36.45535242408016
          ]
        ]
      }
    },
    {
      "type": "Feature",
      "properties": {
        "proposal_id": "ink-line-289",
        "tile_id": "174-cheongyang-mountain",
        "sheet_id": "174-cheongyang",
        "split": "development",
        "proposal_kind": "visible_linework_review_only",
        "backend": "archaeotrace_ink_v2_centerline",
        "upstream_commit": "7960acddb4e82855e2088fdfdd2244799b63775c",
        "pixel_length": 18.828,
        "point_count": 5,
        "confidence": 1.0,
        "review_status": "unreviewed"
      },
      "geometry": {
        "type": "LineString",
        "coordinates": [
          [
            126.93812291141039,
            36.48829109155185
          ],
          [
            126.93812291141039,
            36.48855919698476
          ],
          [
            126.9381699035698,
            36.48859749776089
          ],
          [
            126.9381699035698,
            36.488903903969934
          ],
          [
            126.93821689572921,
            36.48898050552219
          ]
        ]
      }
    },
    {
      "type": "Feature",
      "properties": {
        "proposal_id": "ink-line-290",
        "tile_id": "174-cheongyang-mountain",
        "sheet_id": "174-cheongyang",
        "split": "development",
        "proposal_kind": "visible_linework_review_only",
        "backend": "archaeotrace_ink_v2_centerline",
        "upstream_commit": "7960acddb4e82855e2088fdfdd2244799b63775c",
        "pixel_length": 21.485,
        "point_count": 7,
        "confidence": 1.0,
        "review_status": "unreviewed"
      },
      "geometry": {
        "type": "LineString",
        "coordinates": [
          [
            126.93821689572921,
            36.4729707810999
          ],
          [
            126.93831088004804,
            36.472894179547644
          ],
          [
            126.93835787220745,
            36.47274097644313
          ],
          [
            126.93831088004804,
            36.472702675666994
          ],
          [
            126.93831088004804,
            36.472511171786344
          ],
          [
            126.93835787220745,
            36.47247287101022
          ],
          [
            126.93863982516392,
            36.472511171786344
          ]
        ]
      }
    },
    {
      "type": "Feature",
      "properties": {
        "proposal_id": "ink-line-291",
        "tile_id": "174-cheongyang-mountain",
        "sheet_id": "174-cheongyang",
        "split": "development",
        "proposal_kind": "visible_linework_review_only",
        "backend": "archaeotrace_ink_v2_centerline",
        "upstream_commit": "7960acddb4e82855e2088fdfdd2244799b63775c",
        "pixel_length": 22.243,
        "point_count": 3,
        "confidence": 1.0,
        "review_status": "unreviewed"
      },
      "geometry": {
        "type": "LineString",
        "coordinates": [
          [
            126.93821689572921,
            36.46477441500811
          ],
          [
            126.9381699035698,
            36.464123301813906
          ],
          [
            126.93826388788862,
            36.46397009870938
          ]
        ]
      }
    },
    {
      "type": "Feature",
      "properties": {
        "proposal_id": "ink-line-292",
        "tile_id": "174-cheongyang-mountain",
        "sheet_id": "174-cheongyang",
        "split": "development",
        "proposal_kind": "visible_linework_review_only",
        "backend": "archaeotrace_ink_v2_centerline",
        "upstream_commit": "7960acddb4e82855e2088fdfdd2244799b63775c",
        "pixel_length": 18.071,
        "point_count": 4,
        "confidence": 1.0,
        "review_status": "unreviewed"
      },
      "geometry": {
        "type": "LineString",
        "coordinates": [
          [
            126.93826388788862,
            36.46561703208297
          ],
          [
            126.93840486436686,
            36.46584683673975
          ],
          [
            126.93840486436686,
            36.46600003984427
          ],
          [
            126.93849884868568,
            36.46622984450104
          ]
        ]
      }
    },
    {
      "type": "Feature",
      "properties": {
        "proposal_id": "ink-line-293",
        "tile_id": "174-cheongyang-mountain",
        "sheet_id": "174-cheongyang",
        "split": "development",
        "proposal_kind": "visible_linework_review_only",
        "backend": "archaeotrace_ink_v2_centerline",
        "upstream_commit": "7960acddb4e82855e2088fdfdd2244799b63775c",
        "pixel_length": 44.899,
        "point_count": 6,
        "confidence": 1.0,
        "review_status": "unreviewed"
      },
      "geometry": {
        "type": "LineString",
        "coordinates": [
          [
            126.93826388788862,
            36.45653974814019
          ],
          [
            126.93906275459864,
            36.45653974814019
          ],
          [
            126.9392977153957,
            36.45665465046858
          ],
          [
            126.9392977153957,
            36.45692275590149
          ],
          [
            126.93915673891746,
            36.45722916211053
          ],
          [
            126.93920373107687,
            36.45742066599117
          ]
        ]
      }
    },
    {
      "type": "Feature",
      "properties": {
        "proposal_id": "ink-line-294",
        "tile_id": "174-cheongyang-mountain",
        "sheet_id": "174-cheongyang",
        "split": "development",
        "proposal_kind": "visible_linework_review_only",
        "backend": "archaeotrace_ink_v2_centerline",
        "upstream_commit": "7960acddb4e82855e2088fdfdd2244799b63775c",
        "pixel_length": 22.071,
        "point_count": 4,
        "confidence": 1.0,
        "review_status": "unreviewed"
      },
      "geometry": {
        "type": "LineString",
        "coordinates": [
          [
            126.93840486436686,
            36.48369499841627
          ],
          [
            126.93831088004804,
            36.48380990074466
          ],
          [
            126.93831088004804,
            36.48419290850596
          ],
          [
            126.93845185652627,
            36.48446101393887
          ]
        ]
      }
    },
    {
      "type": "Feature",
      "properties": {
        "proposal_id": "ink-line-295",
        "tile_id": "174-cheongyang-mountain",
        "sheet_id": "174-cheongyang",
        "split": "development",
        "proposal_kind": "visible_linework_review_only",
        "backend": "archaeotrace_ink_v2_centerline",
        "upstream_commit": "7960acddb4e82855e2088fdfdd2244799b63775c",
        "pixel_length": 19.071,
        "point_count": 6,
        "confidence": 1.0,
        "review_status": "unreviewed"
      },
      "geometry": {
        "type": "LineString",
        "coordinates": [
          [
            126.9385458408451,
            36.45611843960276
          ],
          [
            126.93849884868568,
            36.4560418380505
          ],
          [
            126.9385928330045,
            36.455773732617594
          ],
          [
            126.9385458408451,
            36.4556588302892
          ],
          [
            126.9385458408451,
            36.455505627184685
          ],
          [
            126.9385928330045,
            36.45546732640855
          ]
        ]
      }
    },
    {
      "type": "Feature",
      "properties": {
        "proposal_id": "ink-line-296",
        "tile_id": "174-cheongyang-mountain",
        "sheet_id": "174-cheongyang",
        "split": "development",
        "proposal_kind": "visible_linework_review_only",
        "backend": "archaeotrace_ink_v2_centerline",
        "upstream_commit": "7960acddb4e82855e2088fdfdd2244799b63775c",
        "pixel_length": 18.657,
        "point_count": 4,
        "confidence": 1.0,
        "review_status": "unreviewed"
      },
      "geometry": {
        "type": "LineString",
        "coordinates": [
          [
            126.9385928330045,
            36.4880995876712
          ],
          [
            126.93868681732333,
            36.4884825954325
          ],
          [
            126.93878080164215,
            36.48859749776089
          ],
          [
            126.93878080164215,
            36.48875070086541
          ]
        ]
      }
    },
    {
      "type": "Feature",
      "properties": {
        "proposal_id": "ink-line-297",
        "tile_id": "174-cheongyang-mountain",
        "sheet_id": "174-cheongyang",
        "split": "development",
        "proposal_kind": "visible_linework_review_only",
        "backend": "archaeotrace_ink_v2_centerline",
        "upstream_commit": "7960acddb4e82855e2088fdfdd2244799b63775c",
        "pixel_length": 24.657,
        "point_count": 5,
        "confidence": 1.0,
        "review_status": "unreviewed"
      },
      "geometry": {
        "type": "LineString",
        "coordinates": [
          [
            126.9385928330045,
            36.45615674037889
          ],
          [
            126.93868681732333,
            36.45619504115502
          ],
          [
            126.93934470755511,
            36.45615674037889
          ],
          [
            126.93939169971452,
            36.45611843960276
          ],
          [
            126.93967365267099,
            36.45615674037889
          ]
        ]
      }
    },
    {
      "type": "Feature",
      "properties": {
        "proposal_id": "ink-line-298",
        "tile_id": "174-cheongyang-mountain",
        "sheet_id": "174-cheongyang",
        "split": "development",
        "proposal_kind": "visible_linework_review_only",
        "backend": "archaeotrace_ink_v2_centerline",
        "upstream_commit": "7960acddb4e82855e2088fdfdd2244799b63775c",
        "pixel_length": 26.314,
        "point_count": 7,
        "confidence": 1.0,
        "review_status": "unreviewed"
      },
      "geometry": {
        "type": "LineString",
        "coordinates": [
          [
            126.93863982516392,
            36.47189835936827
          ],
          [
            126.93863982516392,
            36.47174515626375
          ],
          [
            126.9385928330045,
            36.47170685548762
          ],
          [
            126.9385928330045,
            36.47151535160697
          ],
          [
            126.93863982516392,
            36.47147705083084
          ],
          [
            126.93910974675805,
            36.47170685548762
          ],
          [
            126.93920373107687,
            36.47170685548762
          ]
        ]
      }
    },
    {
      "type": "Feature",
      "properties": {
        "proposal_id": "ink-line-299",
        "tile_id": "174-cheongyang-mountain",
        "sheet_id": "174-cheongyang",
        "split": "development",
        "proposal_kind": "visible_linework_review_only",
        "backend": "archaeotrace_ink_v2_centerline",
        "upstream_commit": "7960acddb4e82855e2088fdfdd2244799b63775c",
        "pixel_length": 24.657,
        "point_count": 6,
        "confidence": 1.0,
        "review_status": "unreviewed"
      },
      "geometry": {
        "type": "LineString",
        "coordinates": [
          [
            126.93873380948274,
            36.46404670026164
          ],
          [
            126.93878080164215,
            36.464008399485515
          ],
          [
            126.93915673891746,
            36.464008399485515
          ],
          [
            126.93943869187393,
            36.46408500103777
          ],
          [
            126.93976763698981,
            36.46408500103777
          ],
          [
            126.93981462914923,
            36.46404670026164
          ]
        ]
      }
    },
    {
      "type": "Feature",
      "properties": {
        "proposal_id": "ink-line-300",
        "tile_id": "174-cheongyang-mountain",
        "sheet_id": "174-cheongyang",
        "split": "development",
        "proposal_kind": "visible_linework_review_only",
        "backend": "archaeotrace_ink_v2_centerline",
        "upstream_commit": "7960acddb4e82855e2088fdfdd2244799b63775c",
        "pixel_length": 36.243,
        "point_count": 6,
        "confidence": 1.0,
        "review_status": "unreviewed"
      },
      "geometry": {
        "type": "LineString",
        "coordinates": [
          [
            126.93896877027981,
            36.48568663877502
          ],
          [
            126.9389217781204,
            36.485724939551154
          ],
          [
            126.9389217781204,
            36.48652925584988
          ],
          [
            126.93896877027981,
            36.48656755662601
          ],
          [
            126.93896877027981,
            36.48698886516344
          ],
          [
            126.93901576243923,
            36.487027165939566
          ]
        ]
      }
    },
    {
      "type": "Feature",
      "properties": {
        "proposal_id": "ink-line-301",
        "tile_id": "174-cheongyang-mountain",
        "sheet_id": "174-cheongyang",
        "split": "development",
        "proposal_kind": "visible_linework_review_only",
        "backend": "archaeotrace_ink_v2_centerline",
        "upstream_commit": "7960acddb4e82855e2088fdfdd2244799b63775c",
        "pixel_length": 18.485,
        "point_count": 4,
        "confidence": 1.0,
        "review_status": "unreviewed"
      },
      "geometry": {
        "type": "LineString",
        "coordinates": [
          [
            126.93896877027981,
            36.472434570234086
          ],
          [
            126.93910974675805,
            36.47216646480118
          ],
          [
            126.93925072323628,
            36.472128164025044
          ],
          [
            126.93953267619275,
            36.47220476557731
          ]
        ]
      }
    },
    {
      "type": "Feature",
      "properties": {
        "proposal_id": "ink-line-302",
        "tile_id": "174-cheongyang-mountain",
        "sheet_id": "174-cheongyang",
        "split": "development",
        "proposal_kind": "visible_linework_review_only",
        "backend": "archaeotrace_ink_v2_centerline",
        "upstream_commit": "7960acddb4e82855e2088fdfdd2244799b63775c",
        "pixel_length": 21.314,
        "point_count": 4,
        "confidence": 1.0,
        "review_status": "unreviewed"
      },
      "geometry": {
        "type": "LineString",
        "coordinates": [
          [
            126.93896877027981,
            36.46048472808157
          ],
          [
            126.93943869187393,
            36.46033152497704
          ],
          [
            126.93957966835217,
            36.46033152497704
          ],
          [
            126.93976763698981,
            36.46014002109639
          ]
        ]
      }
    },
    {
      "type": "Feature",
      "properties": {
        "proposal_id": "ink-line-303",
        "tile_id": "174-cheongyang-mountain",
        "sheet_id": "174-cheongyang",
        "split": "development",
        "proposal_kind": "visible_linework_review_only",
        "backend": "archaeotrace_ink_v2_centerline",
        "upstream_commit": "7960acddb4e82855e2088fdfdd2244799b63775c",
        "pixel_length": 27.728,
        "point_count": 4,
        "confidence": 1.0,
        "review_status": "unreviewed"
      },
      "geometry": {
        "type": "LineString",
        "coordinates": [
          [
            126.93901576243923,
            36.47741367113097
          ],
          [
            126.93906275459864,
            36.47722216725032
          ],
          [
            126.93920373107687,
            36.47703066336967
          ],
          [
            126.93943869187393,
            36.47649445250385
          ]
        ]
      }
    },
    {
      "type": "Feature",
      "properties": {
        "proposal_id": "ink-line-304",
        "tile_id": "174-cheongyang-mountain",
        "sheet_id": "174-cheongyang",
        "split": "development",
        "proposal_kind": "visible_linework_review_only",
        "backend": "archaeotrace_ink_v2_centerline",
        "upstream_commit": "7960acddb4e82855e2088fdfdd2244799b63775c",
        "pixel_length": 20.314,
        "point_count": 4,
        "confidence": 1.0,
        "review_status": "unreviewed"
      },
      "geometry": {
        "type": "LineString",
        "coordinates": [
          [
            126.93906275459864,
            36.454088498467875
          ],
          [
            126.9392977153957,
            36.45439490467692
          ],
          [
            126.9392977153957,
            36.454548107781434
          ],
          [
            126.93915673891746,
            36.454739611662085
          ]
        ]
      }
    },
    {
      "type": "Feature",
      "properties": {
        "proposal_id": "ink-line-305",
        "tile_id": "174-cheongyang-mountain",
        "sheet_id": "174-cheongyang",
        "split": "development",
        "proposal_kind": "visible_linework_review_only",
        "backend": "archaeotrace_ink_v2_centerline",
        "upstream_commit": "7960acddb4e82855e2088fdfdd2244799b63775c",
        "pixel_length": 143.113,
        "point_count": 18,
        "confidence": 1.0,
        "review_status": "unreviewed"
      },
      "geometry": {
        "type": "LineString",
        "coordinates": [
          [
            126.93910974675805,
            36.47752857345936
          ],
          [
            126.93915673891746,
            36.47764347578775
          ],
          [
            126.93910974675805,
            36.47772007734001
          ],
          [
            126.93910974675805,
            36.478026483549044
          ],
          [
            126.93920373107687,
            36.47829458898195
          ],
          [
            126.93910974675805,
            36.478600995190995
          ],
          [
            126.93915673891746,
            36.479060604504554
          ],
          [
            126.93906275459864,
            36.47921380760907
          ],
          [
            126.93906275459864,
            36.47971171769876
          ],
          [
            126.93910974675805,
            36.47975001847489
          ],
          [
            126.93906275459864,
            36.48036283089297
          ],
          [
            126.93920373107687,
            36.48070753787814
          ],
          [
            126.93915673891746,
            36.480745838654265
          ],
          [
            126.93915673891746,
            36.48124374874396
          ],
          [
            126.93920373107687,
            36.48128204952009
          ],
          [
            126.93915673891746,
            36.48185656116203
          ],
          [
            126.93934470755511,
            36.482277869699466
          ],
          [
            126.9392977153957,
            36.48266087746076
          ]
        ]
      }
    },
    {
      "type": "Feature",
      "properties": {
        "proposal_id": "ink-line-306",
        "tile_id": "174-cheongyang-mountain",
        "sheet_id": "174-cheongyang",
        "split": "development",
        "proposal_kind": "visible_linework_review_only",
        "backend": "archaeotrace_ink_v2_centerline",
        "upstream_commit": "7960acddb4e82855e2088fdfdd2244799b63775c",
        "pixel_length": 25.485,
        "point_count": 4,
        "confidence": 1.0,
        "review_status": "unreviewed"
      },
      "geometry": {
        "type": "LineString",
        "coordinates": [
          [
            126.93910974675805,
            36.47025142599468
          ],
          [
            126.93939169971452,
            36.47021312521856
          ],
          [
            126.93986162130865,
            36.470366328323074
          ],
          [
            126.94019056642453,
            36.4704046290992
          ]
        ]
      }
    },
    {
      "type": "Feature",
      "properties": {
        "proposal_id": "ink-line-307",
        "tile_id": "174-cheongyang-mountain",
        "sheet_id": "174-cheongyang",
        "split": "development",
        "proposal_kind": "visible_linework_review_only",
        "backend": "archaeotrace_ink_v2_centerline",
        "upstream_commit": "7960acddb4e82855e2088fdfdd2244799b63775c",
        "pixel_length": 18.314,
        "point_count": 4,
        "confidence": 1.0,
        "review_status": "unreviewed"
      },
      "geometry": {
        "type": "LineString",
        "coordinates": [
          [
            126.93915673891746,
            36.46331898551517
          ],
          [
            126.93896877027981,
            36.4630891808584
          ],
          [
            126.93896877027981,
            36.462974278530005
          ],
          [
            126.93915673891746,
            36.46274447387323
          ]
        ]
      }
    },
    {
      "type": "Feature",
      "properties": {
        "proposal_id": "ink-line-308",
        "tile_id": "174-cheongyang-mountain",
        "sheet_id": "174-cheongyang",
        "split": "development",
        "proposal_kind": "visible_linework_review_only",
        "backend": "archaeotrace_ink_v2_centerline",
        "upstream_commit": "7960acddb4e82855e2088fdfdd2244799b63775c",
        "pixel_length": 20.828,
        "point_count": 4,
        "confidence": 1.0,
        "review_status": "unreviewed"
      },
      "geometry": {
        "type": "LineString",
        "coordinates": [
          [
            126.9392977153957,
            36.45198195578073
          ],
          [
            126.93948568403334,
            36.451943655004605
          ],
          [
            126.93957966835217,
            36.45198195578073
          ],
          [
            126.94023755858395,
            36.45198195578073
          ]
        ]
      }
    },
    {
      "type": "Feature",
      "properties": {
        "proposal_id": "ink-line-309",
        "tile_id": "174-cheongyang-mountain",
        "sheet_id": "174-cheongyang",
        "split": "development",
        "proposal_kind": "visible_linework_review_only",
        "backend": "archaeotrace_ink_v2_centerline",
        "upstream_commit": "7960acddb4e82855e2088fdfdd2244799b63775c",
        "pixel_length": 37.314,
        "point_count": 7,
        "confidence": 1.0,
        "review_status": "unreviewed"
      },
      "geometry": {
        "type": "LineString",
        "coordinates": [
          [
            126.93939169971452,
            36.45236496354203
          ],
          [
            126.9397206448304,
            36.45225006121364
          ],
          [
            126.94014357426512,
            36.45225006121364
          ],
          [
            126.94019056642453,
            36.45228836198977
          ],
          [
            126.94070748017806,
            36.452326662765905
          ],
          [
            126.94080146449689,
            36.45225006121364
          ],
          [
            126.9408484566563,
            36.45209685810912
          ]
        ]
      }
    },
    {
      "type": "Feature",
      "properties": {
        "proposal_id": "ink-line-310",
        "tile_id": "174-cheongyang-mountain",
        "sheet_id": "174-cheongyang",
        "split": "development",
        "proposal_kind": "visible_linework_review_only",
        "backend": "archaeotrace_ink_v2_centerline",
        "upstream_commit": "7960acddb4e82855e2088fdfdd2244799b63775c",
        "pixel_length": 18.828,
        "point_count": 2,
        "confidence": 1.0,
        "review_status": "unreviewed"
      },
      "geometry": {
        "type": "LineString",
        "coordinates": [
          [
            126.93957966835217,
            36.46431480569455
          ],
          [
            126.94042552722159,
            36.464391407246815
          ]
        ]
      }
    },
    {
      "type": "Feature",
      "properties": {
        "proposal_id": "ink-line-311",
        "tile_id": "174-cheongyang-mountain",
        "sheet_id": "174-cheongyang",
        "split": "development",
        "proposal_kind": "visible_linework_review_only",
        "backend": "archaeotrace_ink_v2_centerline",
        "upstream_commit": "7960acddb4e82855e2088fdfdd2244799b63775c",
        "pixel_length": 22.899,
        "point_count": 3,
        "confidence": 1.0,
        "review_status": "unreviewed"
      },
      "geometry": {
        "type": "LineString",
        "coordinates": [
          [
            126.9397206448304,
            36.475805038533515
          ],
          [
            126.93986162130865,
            36.475345429219956
          ],
          [
            126.9400495899463,
            36.475039023010915
          ]
        ]
      }
    },
    {
      "type": "Feature",
      "properties": {
        "proposal_id": "ink-line-312",
        "tile_id": "174-cheongyang-mountain",
        "sheet_id": "174-cheongyang",
        "split": "development",
        "proposal_kind": "visible_linework_review_only",
        "backend": "archaeotrace_ink_v2_centerline",
        "upstream_commit": "7960acddb4e82855e2088fdfdd2244799b63775c",
        "pixel_length": 24.556,
        "point_count": 4,
        "confidence": 1.0,
        "review_status": "unreviewed"
      },
      "geometry": {
        "type": "LineString",
        "coordinates": [
          [
            126.93981462914923,
            36.46829808641206
          ],
          [
            126.93976763698981,
            36.46837468796432
          ],
          [
            126.94000259778689,
            36.4686044926211
          ],
          [
            126.94056650369983,
            36.46879599650175
          ]
        ]
      }
    },
    {
      "type": "Feature",
      "properties": {
        "proposal_id": "ink-line-313",
        "tile_id": "174-cheongyang-mountain",
        "sheet_id": "174-cheongyang",
        "split": "development",
        "proposal_kind": "visible_linework_review_only",
        "backend": "archaeotrace_ink_v2_centerline",
        "upstream_commit": "7960acddb4e82855e2088fdfdd2244799b63775c",
        "pixel_length": 26.899,
        "point_count": 4,
        "confidence": 1.0,
        "review_status": "unreviewed"
      },
      "geometry": {
        "type": "LineString",
        "coordinates": [
          [
            126.93981462914923,
            36.46722566468042
          ],
          [
            126.94014357426512,
            36.467378867784944
          ],
          [
            126.94066048801865,
            36.46741716856107
          ],
          [
            126.94094244097514,
            36.46749377011333
          ]
        ]
      }
    },
    {
      "type": "Feature",
      "properties": {
        "proposal_id": "ink-line-314",
        "tile_id": "174-cheongyang-mountain",
        "sheet_id": "174-cheongyang",
        "split": "development",
        "proposal_kind": "visible_linework_review_only",
        "backend": "archaeotrace_ink_v2_centerline",
        "upstream_commit": "7960acddb4e82855e2088fdfdd2244799b63775c",
        "pixel_length": 21.657,
        "point_count": 5,
        "confidence": 1.0,
        "review_status": "unreviewed"
      },
      "geometry": {
        "type": "LineString",
        "coordinates": [
          [
            126.93986162130865,
            36.4829672836698
          ],
          [
            126.93981462914923,
            36.48250767435624
          ],
          [
            126.93986162130865,
            36.482469373580116
          ],
          [
            126.93986162130865,
            36.482277869699466
          ],
          [
            126.93995560562747,
            36.4822012681472
          ]
        ]
      }
    },
    {
      "type": "Feature",
      "properties": {
        "proposal_id": "ink-line-315",
        "tile_id": "174-cheongyang-mountain",
        "sheet_id": "174-cheongyang",
        "split": "development",
        "proposal_kind": "visible_linework_review_only",
        "backend": "archaeotrace_ink_v2_centerline",
        "upstream_commit": "7960acddb4e82855e2088fdfdd2244799b63775c",
        "pixel_length": 33.657,
        "point_count": 4,
        "confidence": 1.0,
        "review_status": "unreviewed"
      },
      "geometry": {
        "type": "LineString",
        "coordinates": [
          [
            126.93990861346806,
            36.45263306897494
          ],
          [
            126.94033154290277,
            36.45263306897494
          ],
          [
            126.94075447233747,
            36.45274797130333
          ],
          [
            126.94141236256925,
            36.45278627207946
          ]
        ]
      }
    },
    {
      "type": "Feature",
      "properties": {
        "proposal_id": "ink-line-316",
        "tile_id": "174-cheongyang-mountain",
        "sheet_id": "174-cheongyang",
        "split": "development",
        "proposal_kind": "visible_linework_review_only",
        "backend": "archaeotrace_ink_v2_centerline",
        "upstream_commit": "7960acddb4e82855e2088fdfdd2244799b63775c",
        "pixel_length": 18.657,
        "point_count": 5,
        "confidence": 1.0,
        "review_status": "unreviewed"
      },
      "geometry": {
        "type": "LineString",
        "coordinates": [
          [
            126.9400495899463,
            36.45562052951307
          ],
          [
            126.94023755858395,
            36.45562052951307
          ],
          [
            126.94042552722159,
            36.45573543184146
          ],
          [
            126.94042552722159,
            36.4560418380505
          ],
          [
            126.94037853506218,
            36.45608013882663
          ]
        ]
      }
    },
    {
      "type": "Feature",
      "properties": {
        "proposal_id": "ink-line-317",
        "tile_id": "174-cheongyang-mountain",
        "sheet_id": "174-cheongyang",
        "split": "development",
        "proposal_kind": "visible_linework_review_only",
        "backend": "archaeotrace_ink_v2_centerline",
        "upstream_commit": "7960acddb4e82855e2088fdfdd2244799b63775c",
        "pixel_length": 46.071,
        "point_count": 8,
        "confidence": 1.0,
        "review_status": "unreviewed"
      },
      "geometry": {
        "type": "LineString",
        "coordinates": [
          [
            126.94014357426512,
            36.48622284964084
          ],
          [
            126.94009658210571,
            36.48583984187954
          ],
          [
            126.94014357426512,
            36.48580154110341
          ],
          [
            126.94014357426512,
            36.48549513489437
          ],
          [
            126.94019056642453,
            36.485456834118246
          ],
          [
            126.94037853506218,
            36.485456834118246
          ],
          [
            126.94051951154042,
            36.485533435670504
          ],
          [
            126.94051951154042,
            36.48618454886471
          ]
        ]
      }
    },
    {
      "type": "Feature",
      "properties": {
        "proposal_id": "ink-line-318",
        "tile_id": "174-cheongyang-mountain",
        "sheet_id": "174-cheongyang",
        "split": "development",
        "proposal_kind": "visible_linework_review_only",
        "backend": "archaeotrace_ink_v2_centerline",
        "upstream_commit": "7960acddb4e82855e2088fdfdd2244799b63775c",
        "pixel_length": 18.243,
        "point_count": 3,
        "confidence": 1.0,
        "review_status": "unreviewed"
      },
      "geometry": {
        "type": "LineString",
        "coordinates": [
          [
            126.94014357426512,
            36.48312048677432
          ],
          [
            126.94009658210571,
            36.48277577978915
          ],
          [
            126.94019056642453,
            36.482469373580116
          ]
        ]
      }
    },
    {
      "type": "Feature",
      "properties": {
        "proposal_id": "ink-line-319",
        "tile_id": "174-cheongyang-mountain",
        "sheet_id": "174-cheongyang",
        "split": "development",
        "proposal_kind": "visible_linework_review_only",
        "backend": "archaeotrace_ink_v2_centerline",
        "upstream_commit": "7960acddb4e82855e2088fdfdd2244799b63775c",
        "pixel_length": 50.728,
        "point_count": 7,
        "confidence": 1.0,
        "review_status": "unreviewed"
      },
      "geometry": {
        "type": "LineString",
        "coordinates": [
          [
            126.94019056642453,
            36.47837119053422
          ],
          [
            126.94023755858395,
            36.47810308510131
          ],
          [
            126.9400495899463,
            36.47756687423549
          ],
          [
            126.9400495899463,
            36.47714556569806
          ],
          [
            126.94009658210571,
            36.47710726492193
          ],
          [
            126.94014357426512,
            36.47672425716063
          ],
          [
            126.94023755858395,
            36.47657105405611
          ]
        ]
      }
    },
    {
      "type": "Feature",
      "properties": {
        "proposal_id": "ink-line-320",
        "tile_id": "174-cheongyang-mountain",
        "sheet_id": "174-cheongyang",
        "split": "development",
        "proposal_kind": "visible_linework_review_only",
        "backend": "archaeotrace_ink_v2_centerline",
        "upstream_commit": "7960acddb4e82855e2088fdfdd2244799b63775c",
        "pixel_length": 32.385,
        "point_count": 5,
        "confidence": 1.0,
        "review_status": "unreviewed"
      },
      "geometry": {
        "type": "LineString",
        "coordinates": [
          [
            126.94037853506218,
            36.460752833514476
          ],
          [
            126.94075447233747,
            36.46071453273834
          ],
          [
            126.94098943313455,
            36.460637931186085
          ],
          [
            126.9412243939316,
            36.460446427305435
          ],
          [
            126.94145935472866,
            36.46010172032027
          ]
        ]
      }
    },
    {
      "type": "Feature",
      "properties": {
        "proposal_id": "ink-line-321",
        "tile_id": "174-cheongyang-mountain",
        "sheet_id": "174-cheongyang",
        "split": "development",
        "proposal_kind": "visible_linework_review_only",
        "backend": "archaeotrace_ink_v2_centerline",
        "upstream_commit": "7960acddb4e82855e2088fdfdd2244799b63775c",
        "pixel_length": 19.899,
        "point_count": 3,
        "confidence": 1.0,
        "review_status": "unreviewed"
      },
      "geometry": {
        "type": "LineString",
        "coordinates": [
          [
            126.940472519381,
            36.48032453011684
          ],
          [
            126.94051951154042,
            36.480018123907804
          ],
          [
            126.9408484566563,
            36.47971171769876
          ]
        ]
      }
    },
    {
      "type": "Feature",
      "properties": {
        "proposal_id": "ink-line-322",
        "tile_id": "174-cheongyang-mountain",
        "sheet_id": "174-cheongyang",
        "split": "development",
        "proposal_kind": "visible_linework_review_only",
        "backend": "archaeotrace_ink_v2_centerline",
        "upstream_commit": "7960acddb4e82855e2088fdfdd2244799b63775c",
        "pixel_length": 23.485,
        "point_count": 5,
        "confidence": 1.0,
        "review_status": "unreviewed"
      },
      "geometry": {
        "type": "LineString",
        "coordinates": [
          [
            126.940472519381,
            36.47120894539793
          ],
          [
            126.94051951154042,
            36.4711706446218
          ],
          [
            126.94103642529396,
            36.4711706446218
          ],
          [
            126.9411774017722,
            36.47113234384567
          ],
          [
            126.94141236256925,
            36.47094083996502
          ]
        ]
      }
    },
    {
      "type": "Feature",
      "properties": {
        "proposal_id": "ink-line-323",
        "tile_id": "174-cheongyang-mountain",
        "sheet_id": "174-cheongyang",
        "split": "development",
        "proposal_kind": "visible_linework_review_only",
        "backend": "archaeotrace_ink_v2_centerline",
        "upstream_commit": "7960acddb4e82855e2088fdfdd2244799b63775c",
        "pixel_length": 21.899,
        "point_count": 7,
        "confidence": 1.0,
        "review_status": "unreviewed"
      },
      "geometry": {
        "type": "LineString",
        "coordinates": [
          [
            126.940472519381,
            36.46504252044102
          ],
          [
            126.940472519381,
            36.46496591888876
          ],
          [
            126.94061349585924,
            36.4648893173365
          ],
          [
            126.94075447233747,
            36.46496591888876
          ],
          [
            126.94108341745337,
            36.46500421966489
          ],
          [
            126.9411774017722,
            36.46508082121715
          ],
          [
            126.94127138609102,
            36.46508082121715
          ]
        ]
      }
    },
    {
      "type": "Feature",
      "properties": {
        "proposal_id": "ink-line-324",
        "tile_id": "174-cheongyang-mountain",
        "sheet_id": "174-cheongyang",
        "split": "development",
        "proposal_kind": "visible_linework_review_only",
        "backend": "archaeotrace_ink_v2_centerline",
        "upstream_commit": "7960acddb4e82855e2088fdfdd2244799b63775c",
        "pixel_length": 18.071,
        "point_count": 5,
        "confidence": 1.0,
        "review_status": "unreviewed"
      },
      "geometry": {
        "type": "LineString",
        "coordinates": [
          [
            126.94051951154042,
            36.46331898551517
          ],
          [
            126.94061349585924,
            36.46328068473905
          ],
          [
            126.94103642529396,
            36.46339558706744
          ],
          [
            126.9412243939316,
            36.46339558706744
          ],
          [
            126.94127138609102,
            36.463357286291306
          ]
        ]
      }
    },
    {
      "type": "Feature",
      "properties": {
        "proposal_id": "ink-line-325",
        "tile_id": "174-cheongyang-mountain",
        "sheet_id": "174-cheongyang",
        "split": "development",
        "proposal_kind": "visible_linework_review_only",
        "backend": "archaeotrace_ink_v2_centerline",
        "upstream_commit": "7960acddb4e82855e2088fdfdd2244799b63775c",
        "pixel_length": 23.071,
        "point_count": 3,
        "confidence": 1.0,
        "review_status": "unreviewed"
      },
      "geometry": {
        "type": "LineString",
        "coordinates": [
          [
            126.94066048801865,
            36.451292541810396
          ],
          [
            126.94127138609102,
            36.45133084258652
          ],
          [
            126.94164732336631,
            36.451177639482005
          ]
        ]
      }
    },
    {
      "type": "Feature",
      "properties": {
        "proposal_id": "ink-line-326",
        "tile_id": "174-cheongyang-mountain",
        "sheet_id": "174-cheongyang",
        "split": "development",
        "proposal_kind": "visible_linework_review_only",
        "backend": "archaeotrace_ink_v2_centerline",
        "upstream_commit": "7960acddb4e82855e2088fdfdd2244799b63775c",
        "pixel_length": 18.657,
        "point_count": 5,
        "confidence": 1.0,
        "review_status": "unreviewed"
      },
      "geometry": {
        "type": "LineString",
        "coordinates": [
          [
            126.94070748017806,
            36.48725697059635
          ],
          [
            126.94089544881571,
            36.48725697059635
          ],
          [
            126.94113040961278,
            36.48733357214861
          ],
          [
            126.9411774017722,
            36.48718036904409
          ],
          [
            126.94136537040984,
            36.48714206826796
          ]
        ]
      }
    },
    {
      "type": "Feature",
      "properties": {
        "proposal_id": "ink-line-327",
        "tile_id": "174-cheongyang-mountain",
        "sheet_id": "174-cheongyang",
        "split": "development",
        "proposal_kind": "visible_linework_review_only",
        "backend": "archaeotrace_ink_v2_centerline",
        "upstream_commit": "7960acddb4e82855e2088fdfdd2244799b63775c",
        "pixel_length": 37.728,
        "point_count": 5,
        "confidence": 1.0,
        "review_status": "unreviewed"
      },
      "geometry": {
        "type": "LineString",
        "coordinates": [
          [
            126.94075447233747,
            36.45163724879556
          ],
          [
            126.94141236256925,
            36.45163724879556
          ],
          [
            126.94169431552572,
            36.451484045691046
          ],
          [
            126.94216423711985,
            36.45140744413879
          ],
          [
            126.9423522057575,
            36.451292541810396
          ]
        ]
      }
    },
    {
      "type": "Feature",
      "properties": {
        "proposal_id": "ink-line-328",
        "tile_id": "174-cheongyang-mountain",
        "sheet_id": "174-cheongyang",
        "split": "development",
        "proposal_kind": "visible_linework_review_only",
        "backend": "archaeotrace_ink_v2_centerline",
        "upstream_commit": "7960acddb4e82855e2088fdfdd2244799b63775c",
        "pixel_length": 22.243,
        "point_count": 4,
        "confidence": 1.0,
        "review_status": "unreviewed"
      },
      "geometry": {
        "type": "LineString",
        "coordinates": [
          [
            126.94080146449689,
            36.462591270768705
          ],
          [
            126.94089544881571,
            36.46243806766419
          ],
          [
            126.94089544881571,
            36.4619401575745
          ],
          [
            126.9408484566563,
            36.46178695446998
          ]
        ]
      }
    },
    {
      "type": "Feature",
      "properties": {
        "proposal_id": "ink-line-329",
        "tile_id": "174-cheongyang-mountain",
        "sheet_id": "174-cheongyang",
        "split": "development",
        "proposal_kind": "visible_linework_review_only",
        "backend": "archaeotrace_ink_v2_centerline",
        "upstream_commit": "7960acddb4e82855e2088fdfdd2244799b63775c",
        "pixel_length": 18.899,
        "point_count": 4,
        "confidence": 1.0,
        "review_status": "unreviewed"
      },
      "geometry": {
        "type": "LineString",
        "coordinates": [
          [
            126.94089544881571,
            36.48315878755045
          ],
          [
            126.94080146449689,
            36.4829672836698
          ],
          [
            126.94080146449689,
            36.482814080565284
          ],
          [
            126.94103642529396,
            36.482545975132375
          ]
        ]
      }
    },
    {
      "type": "Feature",
      "properties": {
        "proposal_id": "ink-line-330",
        "tile_id": "174-cheongyang-mountain",
        "sheet_id": "174-cheongyang",
        "split": "development",
        "proposal_kind": "visible_linework_review_only",
        "backend": "archaeotrace_ink_v2_centerline",
        "upstream_commit": "7960acddb4e82855e2088fdfdd2244799b63775c",
        "pixel_length": 25.828,
        "point_count": 5,
        "confidence": 1.0,
        "review_status": "unreviewed"
      },
      "geometry": {
        "type": "LineString",
        "coordinates": [
          [
            126.94098943313455,
            36.485456834118246
          ],
          [
            126.9411774017722,
            36.485456834118246
          ],
          [
            126.9412243939316,
            36.48541853334211
          ],
          [
            126.94131837825043,
            36.485456834118246
          ],
          [
            126.94131837825043,
            36.48614624808858
          ]
        ]
      }
    },
    {
      "type": "Feature",
      "properties": {
        "proposal_id": "ink-line-331",
        "tile_id": "174-cheongyang-mountain",
        "sheet_id": "174-cheongyang",
        "split": "development",
        "proposal_kind": "visible_linework_review_only",
        "backend": "archaeotrace_ink_v2_centerline",
        "upstream_commit": "7960acddb4e82855e2088fdfdd2244799b63775c",
        "pixel_length": 33.899,
        "point_count": 5,
        "confidence": 1.0,
        "review_status": "unreviewed"
      },
      "geometry": {
        "type": "LineString",
        "coordinates": [
          [
            126.94103642529396,
            36.45198195578073
          ],
          [
            126.94108341745337,
            36.451943655004605
          ],
          [
            126.94178829984455,
            36.451943655004605
          ],
          [
            126.94230521359809,
            36.45171385034782
          ],
          [
            126.94249318223574,
            36.45171385034782
          ]
        ]
      }
    },
    {
      "type": "Feature",
      "properties": {
        "proposal_id": "ink-line-332",
        "tile_id": "174-cheongyang-mountain",
        "sheet_id": "174-cheongyang",
        "split": "development",
        "proposal_kind": "visible_linework_review_only",
        "backend": "archaeotrace_ink_v2_centerline",
        "upstream_commit": "7960acddb4e82855e2088fdfdd2244799b63775c",
        "pixel_length": 19.243,
        "point_count": 4,
        "confidence": 1.0,
        "review_status": "unreviewed"
      },
      "geometry": {
        "type": "LineString",
        "coordinates": [
          [
            126.94113040961278,
            36.480669237102006
          ],
          [
            126.9412243939316,
            36.48082244020653
          ],
          [
            126.9412243939316,
            36.481320350296215
          ],
          [
            126.9411774017722,
            36.48135865107235
          ]
        ]
      }
    },
    {
      "type": "Feature",
      "properties": {
        "proposal_id": "ink-line-333",
        "tile_id": "174-cheongyang-mountain",
        "sheet_id": "174-cheongyang",
        "split": "development",
        "proposal_kind": "visible_linework_review_only",
        "backend": "archaeotrace_ink_v2_centerline",
        "upstream_commit": "7960acddb4e82855e2088fdfdd2244799b63775c",
        "pixel_length": 18.414,
        "point_count": 3,
        "confidence": 1.0,
        "review_status": "unreviewed"
      },
      "geometry": {
        "type": "LineString",
        "coordinates": [
          [
            126.9411774017722,
            36.48135865107235
          ],
          [
            126.9412243939316,
            36.481396951848474
          ],
          [
            126.9412243939316,
            36.48204806504268
          ]
        ]
      }
    },
    {
      "type": "Feature",
      "properties": {
        "proposal_id": "ink-line-334",
        "tile_id": "174-cheongyang-mountain",
        "sheet_id": "174-cheongyang",
        "split": "development",
        "proposal_kind": "visible_linework_review_only",
        "backend": "archaeotrace_ink_v2_centerline",
        "upstream_commit": "7960acddb4e82855e2088fdfdd2244799b63775c",
        "pixel_length": 22.243,
        "point_count": 6,
        "confidence": 1.0,
        "review_status": "unreviewed"
      },
      "geometry": {
        "type": "LineString",
        "coordinates": [
          [
            126.94131837825043,
            36.474847519130265
          ],
          [
            126.94136537040984,
            36.4748858199064
          ],
          [
            126.94174130768513,
            36.4748858199064
          ],
          [
            126.94178829984455,
            36.474847519130265
          ],
          [
            126.94221122927927,
            36.474847519130265
          ],
          [
            126.94230521359809,
            36.4748858199064
          ]
        ]
      }
    },
    {
      "type": "Feature",
      "properties": {
        "proposal_id": "ink-line-335",
        "tile_id": "174-cheongyang-mountain",
        "sheet_id": "174-cheongyang",
        "split": "development",
        "proposal_kind": "visible_linework_review_only",
        "backend": "archaeotrace_ink_v2_centerline",
        "upstream_commit": "7960acddb4e82855e2088fdfdd2244799b63775c",
        "pixel_length": 25.071,
        "point_count": 4,
        "confidence": 1.0,
        "review_status": "unreviewed"
      },
      "geometry": {
        "type": "LineString",
        "coordinates": [
          [
            126.94136537040984,
            36.45983361488736
          ],
          [
            126.94145935472866,
            36.4597570133351
          ],
          [
            126.94164732336631,
            36.45971871255897
          ],
          [
            126.94244619007632,
            36.459795314111226
          ]
        ]
      }
    },
    {
      "type": "Feature",
      "properties": {
        "proposal_id": "ink-line-336",
        "tile_id": "174-cheongyang-mountain",
        "sheet_id": "174-cheongyang",
        "split": "development",
        "proposal_kind": "visible_linework_review_only",
        "backend": "archaeotrace_ink_v2_centerline",
        "upstream_commit": "7960acddb4e82855e2088fdfdd2244799b63775c",
        "pixel_length": 18.243,
        "point_count": 5,
        "confidence": 1.0,
        "review_status": "unreviewed"
      },
      "geometry": {
        "type": "LineString",
        "coordinates": [
          [
            126.94141236256925,
            36.45948890790219
          ],
          [
            126.94178829984455,
            36.45945060712606
          ],
          [
            126.94183529200396,
            36.459412306349925
          ],
          [
            126.94216423711985,
            36.459412306349925
          ],
          [
            126.94221122927927,
            36.45945060712606
          ]
        ]
      }
    },
    {
      "type": "Feature",
      "properties": {
        "proposal_id": "ink-line-337",
        "tile_id": "174-cheongyang-mountain",
        "sheet_id": "174-cheongyang",
        "split": "development",
        "proposal_kind": "visible_linework_review_only",
        "backend": "archaeotrace_ink_v2_centerline",
        "upstream_commit": "7960acddb4e82855e2088fdfdd2244799b63775c",
        "pixel_length": 36.899,
        "point_count": 6,
        "confidence": 1.0,
        "review_status": "unreviewed"
      },
      "geometry": {
        "type": "LineString",
        "coordinates": [
          [
            126.94145935472866,
            36.47090253918889
          ],
          [
            126.94150634688808,
            36.47071103530824
          ],
          [
            126.9416003312069,
            36.47063443375598
          ],
          [
            126.94164732336631,
            36.470481230651465
          ],
          [
            126.94164732336631,
            36.469753515905
          ],
          [
            126.94178829984455,
            36.46960031280047
          ]
        ]
      }
    },
    {
      "type": "Feature",
      "properties": {
        "proposal_id": "ink-line-338",
        "tile_id": "174-cheongyang-mountain",
        "sheet_id": "174-cheongyang",
        "split": "development",
        "proposal_kind": "visible_linework_review_only",
        "backend": "archaeotrace_ink_v2_centerline",
        "upstream_commit": "7960acddb4e82855e2088fdfdd2244799b63775c",
        "pixel_length": 19.485,
        "point_count": 5,
        "confidence": 1.0,
        "review_status": "unreviewed"
      },
      "geometry": {
        "type": "LineString",
        "coordinates": [
          [
            126.9416003312069,
            36.48415460772983
          ],
          [
            126.9416003312069,
            36.48400140462531
          ],
          [
            126.94174130768513,
            36.483848201520786
          ],
          [
            126.9419762684822,
            36.48380990074466
          ],
          [
            126.94211724496044,
            36.483924803073045
          ]
        ]
      }
    },
    {
      "type": "Feature",
      "properties": {
        "proposal_id": "ink-line-339",
        "tile_id": "174-cheongyang-mountain",
        "sheet_id": "174-cheongyang",
        "split": "development",
        "proposal_kind": "visible_linework_review_only",
        "backend": "archaeotrace_ink_v2_centerline",
        "upstream_commit": "7960acddb4e82855e2088fdfdd2244799b63775c",
        "pixel_length": 20.485,
        "point_count": 5,
        "confidence": 1.0,
        "review_status": "unreviewed"
      },
      "geometry": {
        "type": "LineString",
        "coordinates": [
          [
            126.94164732336631,
            36.48867409931315
          ],
          [
            126.94188228416337,
            36.48867409931315
          ],
          [
            126.94211724496044,
            36.48859749776089
          ],
          [
            126.94230521359809,
            36.488444294656375
          ],
          [
            126.94230521359809,
            36.48829109155185
          ]
        ]
      }
    },
    {
      "type": "Feature",
      "properties": {
        "proposal_id": "ink-line-340",
        "tile_id": "174-cheongyang-mountain",
        "sheet_id": "174-cheongyang",
        "split": "development",
        "proposal_kind": "visible_linework_review_only",
        "backend": "archaeotrace_ink_v2_centerline",
        "upstream_commit": "7960acddb4e82855e2088fdfdd2244799b63775c",
        "pixel_length": 39.314,
        "point_count": 8,
        "confidence": 1.0,
        "review_status": "unreviewed"
      },
      "geometry": {
        "type": "LineString",
        "coordinates": [
          [
            126.94174130768513,
            36.45225006121364
          ],
          [
            126.94188228416337,
            36.45225006121364
          ],
          [
            126.9419762684822,
            36.45217345966138
          ],
          [
            126.9423522057575,
            36.452135158885255
          ],
          [
            126.94239919791691,
            36.45209685810912
          ],
          [
            126.94263415871397,
            36.45217345966138
          ],
          [
            126.94319806462693,
            36.45217345966138
          ],
          [
            126.94343302542399,
            36.45209685810912
          ]
        ]
      }
    },
    {
      "type": "Feature",
      "properties": {
        "proposal_id": "ink-line-341",
        "tile_id": "174-cheongyang-mountain",
        "sheet_id": "174-cheongyang",
        "split": "development",
        "proposal_kind": "visible_linework_review_only",
        "backend": "archaeotrace_ink_v2_centerline",
        "upstream_commit": "7960acddb4e82855e2088fdfdd2244799b63775c",
        "pixel_length": 19.243,
        "point_count": 3,
        "confidence": 1.0,
        "review_status": "unreviewed"
      },
      "geometry": {
        "type": "LineString",
        "coordinates": [
          [
            126.94216423711985,
            36.463165782410655
          ],
          [
            126.94221122927927,
            36.463625391724214
          ],
          [
            126.94230521359809,
            36.463855196381
          ]
        ]
      }
    },
    {
      "type": "Feature",
      "properties": {
        "proposal_id": "ink-line-342",
        "tile_id": "174-cheongyang-mountain",
        "sheet_id": "174-cheongyang",
        "split": "development",
        "proposal_kind": "visible_linework_review_only",
        "backend": "archaeotrace_ink_v2_centerline",
        "upstream_commit": "7960acddb4e82855e2088fdfdd2244799b63775c",
        "pixel_length": 20.899,
        "point_count": 3,
        "confidence": 1.0,
        "review_status": "unreviewed"
      },
      "geometry": {
        "type": "LineString",
        "coordinates": [
          [
            126.94225822143868,
            36.46216996223128
          ],
          [
            126.94254017439515,
            36.46255296999258
          ],
          [
            126.94258716655456,
            36.46285937620162
          ]
        ]
      }
    },
    {
      "type": "Feature",
      "properties": {
        "proposal_id": "ink-line-343",
        "tile_id": "174-cheongyang-mountain",
        "sheet_id": "174-cheongyang",
        "split": "development",
        "proposal_kind": "visible_linework_review_only",
        "backend": "archaeotrace_ink_v2_centerline",
        "upstream_commit": "7960acddb4e82855e2088fdfdd2244799b63775c",
        "pixel_length": 18.485,
        "point_count": 4,
        "confidence": 1.0,
        "review_status": "unreviewed"
      },
      "geometry": {
        "type": "LineString",
        "coordinates": [
          [
            126.94239919791691,
            36.46837468796432
          ],
          [
            126.94254017439515,
            36.46810658253141
          ],
          [
            126.94254017439515,
            36.46795337942689
          ],
          [
            126.94268115087338,
            36.467761875546245
          ]
        ]
      }
    },
    {
      "type": "Feature",
      "properties": {
        "proposal_id": "ink-line-344",
        "tile_id": "174-cheongyang-mountain",
        "sheet_id": "174-cheongyang",
        "split": "development",
        "proposal_kind": "visible_linework_review_only",
        "backend": "archaeotrace_ink_v2_centerline",
        "upstream_commit": "7960acddb4e82855e2088fdfdd2244799b63775c",
        "pixel_length": 20.485,
        "point_count": 4,
        "confidence": 1.0,
        "review_status": "unreviewed"
      },
      "geometry": {
        "type": "LineString",
        "coordinates": [
          [
            126.9427281430328,
            36.48618454886471
          ],
          [
            126.94291611167044,
            36.48583984187954
          ],
          [
            126.94291611167044,
            36.48568663877502
          ],
          [
            126.94301009598927,
            36.48549513489437
          ]
        ]
      }
    },
    {
      "type": "Feature",
      "properties": {
        "proposal_id": "ink-line-345",
        "tile_id": "174-cheongyang-mountain",
        "sheet_id": "174-cheongyang",
        "split": "development",
        "proposal_kind": "visible_linework_review_only",
        "backend": "archaeotrace_ink_v2_centerline",
        "upstream_commit": "7960acddb4e82855e2088fdfdd2244799b63775c",
        "pixel_length": 20.071,
        "point_count": 6,
        "confidence": 1.0,
        "review_status": "unreviewed"
      },
      "geometry": {
        "type": "LineString",
        "coordinates": [
          [
            126.9427281430328,
            36.45876119315572
          ],
          [
            126.94305708814868,
            36.45876119315572
          ],
          [
            126.9431040803081,
            36.45872289237959
          ],
          [
            126.94329204894575,
            36.45876119315572
          ],
          [
            126.94338603326457,
            36.45887609548411
          ],
          [
            126.94333904110516,
            36.4589909978125
          ]
        ]
      }
    },
    {
      "type": "Feature",
      "properties": {
        "proposal_id": "ink-line-346",
        "tile_id": "174-cheongyang-mountain",
        "sheet_id": "174-cheongyang",
        "split": "development",
        "proposal_kind": "visible_linework_review_only",
        "backend": "archaeotrace_ink_v2_centerline",
        "upstream_commit": "7960acddb4e82855e2088fdfdd2244799b63775c",
        "pixel_length": 23.243,
        "point_count": 4,
        "confidence": 1.0,
        "review_status": "unreviewed"
      },
      "geometry": {
        "type": "LineString",
        "coordinates": [
          [
            126.9427751351922,
            36.47113234384567
          ],
          [
            126.94286911951103,
            36.47063443375598
          ],
          [
            126.94291611167044,
            36.47059613297985
          ],
          [
            126.94291611167044,
            36.470289726770815
          ]
        ]
      }
    },
    {
      "type": "Feature",
      "properties": {
        "proposal_id": "ink-line-347",
        "tile_id": "174-cheongyang-mountain",
        "sheet_id": "174-cheongyang",
        "split": "development",
        "proposal_kind": "visible_linework_review_only",
        "backend": "archaeotrace_ink_v2_centerline",
        "upstream_commit": "7960acddb4e82855e2088fdfdd2244799b63775c",
        "pixel_length": 19.414,
        "point_count": 2,
        "confidence": 1.0,
        "review_status": "unreviewed"
      },
      "geometry": {
        "type": "LineString",
        "coordinates": [
          [
            126.9427751351922,
            36.46224656378354
          ],
          [
            126.94282212735162,
            36.462974278530005
          ]
        ]
      }
    },
    {
      "type": "Feature",
      "properties": {
        "proposal_id": "ink-line-348",
        "tile_id": "174-cheongyang-mountain",
        "sheet_id": "174-cheongyang",
        "split": "development",
        "proposal_kind": "visible_linework_review_only",
        "backend": "archaeotrace_ink_v2_centerline",
        "upstream_commit": "7960acddb4e82855e2088fdfdd2244799b63775c",
        "pixel_length": 23.728,
        "point_count": 4,
        "confidence": 1.0,
        "review_status": "unreviewed"
      },
      "geometry": {
        "type": "LineString",
        "coordinates": [
          [
            126.9427751351922,
            36.45776537297635
          ],
          [
            126.94291611167044,
            36.45768877142408
          ],
          [
            126.94324505678634,
            36.457727072200214
          ],
          [
            126.94352700974281,
            36.458110079961514
          ]
        ]
      }
    },
    {
      "type": "Feature",
      "properties": {
        "proposal_id": "ink-line-349",
        "tile_id": "174-cheongyang-mountain",
        "sheet_id": "174-cheongyang",
        "split": "development",
        "proposal_kind": "visible_linework_review_only",
        "backend": "archaeotrace_ink_v2_centerline",
        "upstream_commit": "7960acddb4e82855e2088fdfdd2244799b63775c",
        "pixel_length": 31.385,
        "point_count": 4,
        "confidence": 1.0,
        "review_status": "unreviewed"
      },
      "geometry": {
        "type": "LineString",
        "coordinates": [
          [
            126.9427751351922,
            36.45619504115502
          ],
          [
            126.94329204894575,
            36.45588863494598
          ],
          [
            126.94366798622104,
            36.45573543184146
          ],
          [
            126.94399693133693,
            36.45569713106533
          ]
        ]
      }
    },
    {
      "type": "Feature",
      "properties": {
        "proposal_id": "ink-line-350",
        "tile_id": "174-cheongyang-mountain",
        "sheet_id": "174-cheongyang",
        "split": "development",
        "proposal_kind": "visible_linework_review_only",
        "backend": "archaeotrace_ink_v2_centerline",
        "upstream_commit": "7960acddb4e82855e2088fdfdd2244799b63775c",
        "pixel_length": 20.0,
        "point_count": 2,
        "confidence": 1.0,
        "review_status": "unreviewed"
      },
      "geometry": {
        "type": "LineString",
        "coordinates": [
          [
            126.94282212735162,
            36.482086365818816
          ],
          [
            126.94282212735162,
            36.481320350296215
          ]
        ]
      }
    },
    {
      "type": "Feature",
      "properties": {
        "proposal_id": "ink-line-351",
        "tile_id": "174-cheongyang-mountain",
        "sheet_id": "174-cheongyang",
        "split": "development",
        "proposal_kind": "visible_linework_review_only",
        "backend": "archaeotrace_ink_v2_centerline",
        "upstream_commit": "7960acddb4e82855e2088fdfdd2244799b63775c",
        "pixel_length": 22.657,
        "point_count": 3,
        "confidence": 1.0,
        "review_status": "unreviewed"
      },
      "geometry": {
        "type": "LineString",
        "coordinates": [
          [
            126.94282212735162,
            36.48124374874396
          ],
          [
            126.94286911951103,
            36.481205447967824
          ],
          [
            126.94282212735162,
            36.48043943244523
          ]
        ]
      }
    },
    {
      "type": "Feature",
      "properties": {
        "proposal_id": "ink-line-352",
        "tile_id": "174-cheongyang-mountain",
        "sheet_id": "174-cheongyang",
        "split": "development",
        "proposal_kind": "visible_linework_review_only",
        "backend": "archaeotrace_ink_v2_centerline",
        "upstream_commit": "7960acddb4e82855e2088fdfdd2244799b63775c",
        "pixel_length": 20.485,
        "point_count": 3,
        "confidence": 1.0,
        "review_status": "unreviewed"
      },
      "geometry": {
        "type": "LineString",
        "coordinates": [
          [
            126.94286911951103,
            36.48840599388024
          ],
          [
            126.9427751351922,
            36.48794638456668
          ],
          [
            126.94296310382985,
            36.48771657990991
          ]
        ]
      }
    },
    {
      "type": "Feature",
      "properties": {
        "proposal_id": "ink-line-353",
        "tile_id": "174-cheongyang-mountain",
        "sheet_id": "174-cheongyang",
        "split": "development",
        "proposal_kind": "visible_linework_review_only",
        "backend": "archaeotrace_ink_v2_centerline",
        "upstream_commit": "7960acddb4e82855e2088fdfdd2244799b63775c",
        "pixel_length": 26.314,
        "point_count": 6,
        "confidence": 1.0,
        "review_status": "unreviewed"
      },
      "geometry": {
        "type": "LineString",
        "coordinates": [
          [
            126.94286911951103,
            36.458110079961514
          ],
          [
            126.94291611167044,
            36.45807177918538
          ],
          [
            126.9431040803081,
            36.458110079961514
          ],
          [
            126.94329204894575,
            36.458301583842164
          ],
          [
            126.9434800175834,
            36.45837818539442
          ],
          [
            126.9439029470181,
            36.45837818539442
          ]
        ]
      }
    },
    {
      "type": "Feature",
      "properties": {
        "proposal_id": "ink-line-354",
        "tile_id": "174-cheongyang-mountain",
        "sheet_id": "174-cheongyang",
        "split": "development",
        "proposal_kind": "visible_linework_review_only",
        "backend": "archaeotrace_ink_v2_centerline",
        "upstream_commit": "7960acddb4e82855e2088fdfdd2244799b63775c",
        "pixel_length": 20.314,
        "point_count": 3,
        "confidence": 1.0,
        "review_status": "unreviewed"
      },
      "geometry": {
        "type": "LineString",
        "coordinates": [
          [
            126.94296310382985,
            36.46799168020302
          ],
          [
            126.94329204894575,
            36.46753207088946
          ],
          [
            126.94333904110516,
            36.46734056700881
          ]
        ]
      }
    },
    {
      "type": "Feature",
      "properties": {
        "proposal_id": "ink-line-355",
        "tile_id": "174-cheongyang-mountain",
        "sheet_id": "174-cheongyang",
        "split": "development",
        "proposal_kind": "visible_linework_review_only",
        "backend": "archaeotrace_ink_v2_centerline",
        "upstream_commit": "7960acddb4e82855e2088fdfdd2244799b63775c",
        "pixel_length": 26.828,
        "point_count": 4,
        "confidence": 1.0,
        "review_status": "unreviewed"
      },
      "geometry": {
        "type": "LineString",
        "coordinates": [
          [
            126.94301009598927,
            36.46186355602224
          ],
          [
            126.94305708814868,
            36.46224656378354
          ],
          [
            126.9431040803081,
            36.46228486455967
          ],
          [
            126.9431040803081,
            36.46285937620162
          ]
        ]
      }
    },
    {
      "type": "Feature",
      "properties": {
        "proposal_id": "ink-line-356",
        "tile_id": "174-cheongyang-mountain",
        "sheet_id": "174-cheongyang",
        "split": "development",
        "proposal_kind": "visible_linework_review_only",
        "backend": "archaeotrace_ink_v2_centerline",
        "upstream_commit": "7960acddb4e82855e2088fdfdd2244799b63775c",
        "pixel_length": 22.728,
        "point_count": 5,
        "confidence": 1.0,
        "review_status": "unreviewed"
      },
      "geometry": {
        "type": "LineString",
        "coordinates": [
          [
            126.94305708814868,
            36.48361839686401
          ],
          [
            126.94282212735162,
            36.4833502914311
          ],
          [
            126.94282212735162,
            36.48319708832658
          ],
          [
            126.94291611167044,
            36.48312048677432
          ],
          [
            126.94319806462693,
            36.48304388522206
          ]
        ]
      }
    },
    {
      "type": "Feature",
      "properties": {
        "proposal_id": "ink-line-357",
        "tile_id": "174-cheongyang-mountain",
        "sheet_id": "174-cheongyang",
        "split": "development",
        "proposal_kind": "visible_linework_review_only",
        "backend": "archaeotrace_ink_v2_centerline",
        "upstream_commit": "7960acddb4e82855e2088fdfdd2244799b63775c",
        "pixel_length": 19.243,
        "point_count": 4,
        "confidence": 1.0,
        "review_status": "unreviewed"
      },
      "geometry": {
        "type": "LineString",
        "coordinates": [
          [
            126.9431040803081,
            36.45462470933369
          ],
          [
            126.94329204894575,
            36.45462470933369
          ],
          [
            126.94338603326457,
            36.45470131088595
          ],
          [
            126.94333904110516,
            36.45516092019951
          ]
        ]
      }
    },
    {
      "type": "Feature",
      "properties": {
        "proposal_id": "ink-line-358",
        "tile_id": "174-cheongyang-mountain",
        "sheet_id": "174-cheongyang",
        "split": "development",
        "proposal_kind": "visible_linework_review_only",
        "backend": "archaeotrace_ink_v2_centerline",
        "upstream_commit": "7960acddb4e82855e2088fdfdd2244799b63775c",
        "pixel_length": 20.899,
        "point_count": 4,
        "confidence": 1.0,
        "review_status": "unreviewed"
      },
      "geometry": {
        "type": "LineString",
        "coordinates": [
          [
            126.94319806462693,
            36.47021312521856
          ],
          [
            126.94324505678634,
            36.47005992211403
          ],
          [
            126.94343302542399,
            36.469830117457256
          ],
          [
            126.94352700974281,
            36.469523711248215
          ]
        ]
      }
    },
    {
      "type": "Feature",
      "properties": {
        "proposal_id": "ink-line-359",
        "tile_id": "174-cheongyang-mountain",
        "sheet_id": "174-cheongyang",
        "split": "development",
        "proposal_kind": "visible_linework_review_only",
        "backend": "archaeotrace_ink_v2_centerline",
        "upstream_commit": "7960acddb4e82855e2088fdfdd2244799b63775c",
        "pixel_length": 20.243,
        "point_count": 4,
        "confidence": 1.0,
        "review_status": "unreviewed"
      },
      "geometry": {
        "type": "LineString",
        "coordinates": [
          [
            126.94324505678634,
            36.48813788844733
          ],
          [
            126.94324505678634,
            36.488252790775725
          ],
          [
            126.94338603326457,
            36.488520896208634
          ],
          [
            126.94338603326457,
            36.4888656031938
          ]
        ]
      }
    },
    {
      "type": "Feature",
      "properties": {
        "proposal_id": "ink-line-360",
        "tile_id": "174-cheongyang-mountain",
        "sheet_id": "174-cheongyang",
        "split": "development",
        "proposal_kind": "visible_linework_review_only",
        "backend": "archaeotrace_ink_v2_centerline",
        "upstream_commit": "7960acddb4e82855e2088fdfdd2244799b63775c",
        "pixel_length": 21.485,
        "point_count": 4,
        "confidence": 1.0,
        "review_status": "unreviewed"
      },
      "geometry": {
        "type": "LineString",
        "coordinates": [
          [
            126.94338603326457,
            36.46910240271079
          ],
          [
            126.94343302542399,
            36.46891089883014
          ],
          [
            126.94362099406163,
            36.4686044926211
          ],
          [
            126.94366798622104,
            36.46837468796432
          ]
        ]
      }
    },
    {
      "type": "Feature",
      "properties": {
        "proposal_id": "ink-line-361",
        "tile_id": "174-cheongyang-mountain",
        "sheet_id": "174-cheongyang",
        "split": "development",
        "proposal_kind": "visible_linework_review_only",
        "backend": "archaeotrace_ink_v2_centerline",
        "upstream_commit": "7960acddb4e82855e2088fdfdd2244799b63775c",
        "pixel_length": 18.899,
        "point_count": 4,
        "confidence": 1.0,
        "review_status": "unreviewed"
      },
      "geometry": {
        "type": "LineString",
        "coordinates": [
          [
            126.94338603326457,
            36.45336078372141
          ],
          [
            126.9434800175834,
            36.453245881393016
          ],
          [
            126.94371497838046,
            36.45316927984076
          ],
          [
            126.94409091565575,
            36.45320758061689
          ]
        ]
      }
    },
    {
      "type": "Feature",
      "properties": {
        "proposal_id": "ink-line-362",
        "tile_id": "174-cheongyang-mountain",
        "sheet_id": "174-cheongyang",
        "split": "development",
        "proposal_kind": "visible_linework_review_only",
        "backend": "archaeotrace_ink_v2_centerline",
        "upstream_commit": "7960acddb4e82855e2088fdfdd2244799b63775c",
        "pixel_length": 28.243,
        "point_count": 4,
        "confidence": 1.0,
        "review_status": "unreviewed"
      },
      "geometry": {
        "type": "LineString",
        "coordinates": [
          [
            126.94352700974281,
            36.48354179531175
          ],
          [
            126.94352700974281,
            36.48400140462531
          ],
          [
            126.94362099406163,
            36.484231209282086
          ],
          [
            126.94357400190222,
            36.484575916267254
          ]
        ]
      }
    },
    {
      "type": "Feature",
      "properties": {
        "proposal_id": "ink-line-363",
        "tile_id": "174-cheongyang-mountain",
        "sheet_id": "174-cheongyang",
        "split": "development",
        "proposal_kind": "visible_linework_review_only",
        "backend": "archaeotrace_ink_v2_centerline",
        "upstream_commit": "7960acddb4e82855e2088fdfdd2244799b63775c",
        "pixel_length": 18.314,
        "point_count": 4,
        "confidence": 1.0,
        "review_status": "unreviewed"
      },
      "geometry": {
        "type": "LineString",
        "coordinates": [
          [
            126.94352700974281,
            36.45910590014089
          ],
          [
            126.94376197053987,
            36.45891439626024
          ],
          [
            126.94376197053987,
            36.45868459160346
          ],
          [
            126.94357400190222,
            36.45856968927507
          ]
        ]
      }
    },
    {
      "type": "Feature",
      "properties": {
        "proposal_id": "ink-line-364",
        "tile_id": "174-cheongyang-mountain",
        "sheet_id": "174-cheongyang",
        "split": "development",
        "proposal_kind": "visible_linework_review_only",
        "backend": "archaeotrace_ink_v2_centerline",
        "upstream_commit": "7960acddb4e82855e2088fdfdd2244799b63775c",
        "pixel_length": 18.657,
        "point_count": 4,
        "confidence": 1.0,
        "review_status": "unreviewed"
      },
      "geometry": {
        "type": "LineString",
        "coordinates": [
          [
            126.94357400190222,
            36.47051953142759
          ],
          [
            126.94352700974281,
            36.47025142599468
          ],
          [
            126.94366798622104,
            36.469983320561774
          ],
          [
            126.94366798622104,
            36.46986841823338
          ]
        ]
      }
    },
    {
      "type": "Feature",
      "properties": {
        "proposal_id": "ink-line-365",
        "tile_id": "174-cheongyang-mountain",
        "sheet_id": "174-cheongyang",
        "split": "development",
        "proposal_kind": "visible_linework_review_only",
        "backend": "archaeotrace_ink_v2_centerline",
        "upstream_commit": "7960acddb4e82855e2088fdfdd2244799b63775c",
        "pixel_length": 18.485,
        "point_count": 4,
        "confidence": 1.0,
        "review_status": "unreviewed"
      },
      "geometry": {
        "type": "LineString",
        "coordinates": [
          [
            126.94357400190222,
            36.457727072200214
          ],
          [
            126.94376197053987,
            36.457918576080864
          ],
          [
            126.94409091565575,
            36.457918576080864
          ],
          [
            126.94427888429341,
            36.457841974528606
          ]
        ]
      }
    },
    {
      "type": "Feature",
      "properties": {
        "proposal_id": "ink-line-366",
        "tile_id": "174-cheongyang-mountain",
        "sheet_id": "174-cheongyang",
        "split": "development",
        "proposal_kind": "visible_linework_review_only",
        "backend": "archaeotrace_ink_v2_centerline",
        "upstream_commit": "7960acddb4e82855e2088fdfdd2244799b63775c",
        "pixel_length": 21.142,
        "point_count": 5,
        "confidence": 1.0,
        "review_status": "unreviewed"
      },
      "geometry": {
        "type": "LineString",
        "coordinates": [
          [
            126.94376197053987,
            36.46622984450104
          ],
          [
            126.94385595485869,
            36.46630644605331
          ],
          [
            126.94404392349634,
            36.466344746829435
          ],
          [
            126.94427888429341,
            36.466268145277176
          ],
          [
            126.94451384509047,
            36.46603834062039
          ]
        ]
      }
    },
    {
      "type": "Feature",
      "properties": {
        "proposal_id": "ink-line-367",
        "tile_id": "174-cheongyang-mountain",
        "sheet_id": "174-cheongyang",
        "split": "development",
        "proposal_kind": "visible_linework_review_only",
        "backend": "archaeotrace_ink_v2_centerline",
        "upstream_commit": "7960acddb4e82855e2088fdfdd2244799b63775c",
        "pixel_length": 28.485,
        "point_count": 4,
        "confidence": 1.0,
        "review_status": "unreviewed"
      },
      "geometry": {
        "type": "LineString",
        "coordinates": [
          [
            126.94380896269928,
            36.47764347578775
          ],
          [
            126.94380896269928,
            36.47756687423549
          ],
          [
            126.94404392349634,
            36.47722216725032
          ],
          [
            126.94399693133693,
            36.476647655608375
          ]
        ]
      }
    },
    {
      "type": "Feature",
      "properties": {
        "proposal_id": "ink-line-368",
        "tile_id": "174-cheongyang-mountain",
        "sheet_id": "174-cheongyang",
        "split": "development",
        "proposal_kind": "visible_linework_review_only",
        "backend": "archaeotrace_ink_v2_centerline",
        "upstream_commit": "7960acddb4e82855e2088fdfdd2244799b63775c",
        "pixel_length": 49.314,
        "point_count": 8,
        "confidence": 1.0,
        "review_status": "unreviewed"
      },
      "geometry": {
        "type": "LineString",
        "coordinates": [
          [
            126.94385595485869,
            36.46151884903707
          ],
          [
            126.94385595485869,
            36.461672052141594
          ],
          [
            126.94399693133693,
            36.46186355602224
          ],
          [
            126.94409091565575,
            36.46216996223128
          ],
          [
            126.94409091565575,
            36.46274447387323
          ],
          [
            126.94413790781518,
            36.462782774649355
          ],
          [
            126.94404392349634,
            36.463050880082264
          ],
          [
            126.94404392349634,
            36.46328068473905
          ]
        ]
      }
    },
    {
      "type": "Feature",
      "properties": {
        "proposal_id": "ink-line-369",
        "tile_id": "174-cheongyang-mountain",
        "sheet_id": "174-cheongyang",
        "split": "development",
        "proposal_kind": "visible_linework_review_only",
        "backend": "archaeotrace_ink_v2_centerline",
        "upstream_commit": "7960acddb4e82855e2088fdfdd2244799b63775c",
        "pixel_length": 23.899,
        "point_count": 6,
        "confidence": 1.0,
        "review_status": "unreviewed"
      },
      "geometry": {
        "type": "LineString",
        "coordinates": [
          [
            126.94385595485869,
            36.459603810230576
          ],
          [
            126.94376197053987,
            36.4597570133351
          ],
          [
            126.94376197053987,
            36.45991021643962
          ],
          [
            126.94380896269928,
            36.45994851721575
          ],
          [
            126.94380896269928,
            36.46010172032027
          ],
          [
            126.94399693133693,
            36.46040812652931
          ]
        ]
      }
    },
    {
      "type": "Feature",
      "properties": {
        "proposal_id": "ink-line-370",
        "tile_id": "174-cheongyang-mountain",
        "sheet_id": "174-cheongyang",
        "split": "development",
        "proposal_kind": "visible_linework_review_only",
        "backend": "archaeotrace_ink_v2_centerline",
        "upstream_commit": "7960acddb4e82855e2088fdfdd2244799b63775c",
        "pixel_length": 20.828,
        "point_count": 3,
        "confidence": 1.0,
        "review_status": "unreviewed"
      },
      "geometry": {
        "type": "LineString",
        "coordinates": [
          [
            126.94385595485869,
            36.45634824425954
          ],
          [
            126.94394993917751,
            36.45653974814019
          ],
          [
            126.94394993917751,
            36.45711425978214
          ]
        ]
      }
    },
    {
      "type": "Feature",
      "properties": {
        "proposal_id": "ink-line-371",
        "tile_id": "174-cheongyang-mountain",
        "sheet_id": "174-cheongyang",
        "split": "development",
        "proposal_kind": "visible_linework_review_only",
        "backend": "archaeotrace_ink_v2_centerline",
        "upstream_commit": "7960acddb4e82855e2088fdfdd2244799b63775c",
        "pixel_length": 20.899,
        "point_count": 6,
        "confidence": 1.0,
        "review_status": "unreviewed"
      },
      "geometry": {
        "type": "LineString",
        "coordinates": [
          [
            126.9439029470181,
            36.48135865107235
          ],
          [
            126.94399693133693,
            36.48135865107235
          ],
          [
            126.94413790781518,
            36.48124374874396
          ],
          [
            126.94413790781518,
            36.48101394408718
          ],
          [
            126.94432587645282,
            36.48097564331105
          ],
          [
            126.94446685293106,
            36.480860740982656
          ]
        ]
      }
    },
    {
      "type": "Feature",
      "properties": {
        "proposal_id": "ink-line-372",
        "tile_id": "174-cheongyang-mountain",
        "sheet_id": "174-cheongyang",
        "split": "development",
        "proposal_kind": "visible_linework_review_only",
        "backend": "archaeotrace_ink_v2_centerline",
        "upstream_commit": "7960acddb4e82855e2088fdfdd2244799b63775c",
        "pixel_length": 21.071,
        "point_count": 4,
        "confidence": 1.0,
        "review_status": "unreviewed"
      },
      "geometry": {
        "type": "LineString",
        "coordinates": [
          [
            126.94394993917751,
            36.490014626477695
          ],
          [
            126.9439029470181,
            36.48966991949253
          ],
          [
            126.94399693133693,
            36.48959331794027
          ],
          [
            126.94437286861223,
            36.48951671638801
          ]
        ]
      }
    },
    {
      "type": "Feature",
      "properties": {
        "proposal_id": "ink-line-373",
        "tile_id": "174-cheongyang-mountain",
        "sheet_id": "174-cheongyang",
        "split": "development",
        "proposal_kind": "visible_linework_review_only",
        "backend": "archaeotrace_ink_v2_centerline",
        "upstream_commit": "7960acddb4e82855e2088fdfdd2244799b63775c",
        "pixel_length": 18.657,
        "point_count": 4,
        "confidence": 1.0,
        "review_status": "unreviewed"
      },
      "geometry": {
        "type": "LineString",
        "coordinates": [
          [
            126.94394993917751,
            36.47791158122066
          ],
          [
            126.94432587645282,
            36.47787328044453
          ],
          [
            126.94437286861223,
            36.4778349796684
          ],
          [
            126.94474880588753,
            36.47791158122066
          ]
        ]
      }
    },
    {
      "type": "Feature",
      "properties": {
        "proposal_id": "ink-line-374",
        "tile_id": "174-cheongyang-mountain",
        "sheet_id": "174-cheongyang",
        "split": "development",
        "proposal_kind": "visible_linework_review_only",
        "backend": "archaeotrace_ink_v2_centerline",
        "upstream_commit": "7960acddb4e82855e2088fdfdd2244799b63775c",
        "pixel_length": 28.657,
        "point_count": 7,
        "confidence": 1.0,
        "review_status": "unreviewed"
      },
      "geometry": {
        "type": "LineString",
        "coordinates": [
          [
            126.94418489997459,
            36.45585033416985
          ],
          [
            126.944231892134,
            36.45592693572211
          ],
          [
            126.944231892134,
            36.456233341931146
          ],
          [
            126.94418489997459,
            36.45627164270728
          ],
          [
            126.944231892134,
            36.456692951244705
          ],
          [
            126.94427888429341,
            36.45673125202084
          ],
          [
            126.94446685293106,
            36.45673125202084
          ]
        ]
      }
    },
    {
      "type": "Feature",
      "properties": {
        "proposal_id": "ink-line-375",
        "tile_id": "174-cheongyang-mountain",
        "sheet_id": "174-cheongyang",
        "split": "development",
        "proposal_kind": "visible_linework_review_only",
        "backend": "archaeotrace_ink_v2_centerline",
        "upstream_commit": "7960acddb4e82855e2088fdfdd2244799b63775c",
        "pixel_length": 19.071,
        "point_count": 4,
        "confidence": 1.0,
        "review_status": "unreviewed"
      },
      "geometry": {
        "type": "LineString",
        "coordinates": [
          [
            126.94427888429341,
            36.48878900164154
          ],
          [
            126.944231892134,
            36.48840599388024
          ],
          [
            126.94427888429341,
            36.48829109155185
          ],
          [
            126.94446685293106,
            36.488176189223466
          ]
        ]
      }
    },
    {
      "type": "Feature",
      "properties": {
        "proposal_id": "ink-line-376",
        "tile_id": "174-cheongyang-mountain",
        "sheet_id": "174-cheongyang",
        "split": "development",
        "proposal_kind": "visible_linework_review_only",
        "backend": "archaeotrace_ink_v2_centerline",
        "upstream_commit": "7960acddb4e82855e2088fdfdd2244799b63775c",
        "pixel_length": 34.485,
        "point_count": 8,
        "confidence": 1.0,
        "review_status": "unreviewed"
      },
      "geometry": {
        "type": "LineString",
        "coordinates": [
          [
            126.94427888429341,
            36.46377859482873
          ],
          [
            126.94432587645282,
            36.46339558706744
          ],
          [
            126.94437286861223,
            36.463357286291306
          ],
          [
            126.94437286861223,
            36.463050880082264
          ],
          [
            126.94446685293106,
            36.462782774649355
          ],
          [
            126.94446685293106,
            36.46262957154484
          ],
          [
            126.94441986077165,
            36.462591270768705
          ],
          [
            126.94446685293106,
            36.46255296999258
          ]
        ]
      }
    },
    {
      "type": "Feature",
      "properties": {
        "proposal_id": "ink-line-377",
        "tile_id": "174-cheongyang-mountain",
        "sheet_id": "174-cheongyang",
        "split": "development",
        "proposal_kind": "visible_linework_review_only",
        "backend": "archaeotrace_ink_v2_centerline",
        "upstream_commit": "7960acddb4e82855e2088fdfdd2244799b63775c",
        "pixel_length": 29.657,
        "point_count": 6,
        "confidence": 1.0,
        "review_status": "unreviewed"
      },
      "geometry": {
        "type": "LineString",
        "coordinates": [
          [
            126.94441986077165,
            36.46956201202435
          ],
          [
            126.94474880588753,
            36.46956201202435
          ],
          [
            126.94484279020635,
            36.46948541047209
          ],
          [
            126.94498376668459,
            36.46948541047209
          ],
          [
            126.94512474316282,
            36.46956201202435
          ],
          [
            126.94573564123519,
            36.46956201202435
          ]
        ]
      }
    },
    {
      "type": "Feature",
      "properties": {
        "proposal_id": "ink-line-378",
        "tile_id": "174-cheongyang-mountain",
        "sheet_id": "174-cheongyang",
        "split": "development",
        "proposal_kind": "visible_linework_review_only",
        "backend": "archaeotrace_ink_v2_centerline",
        "upstream_commit": "7960acddb4e82855e2088fdfdd2244799b63775c",
        "pixel_length": 23.728,
        "point_count": 4,
        "confidence": 1.0,
        "review_status": "unreviewed"
      },
      "geometry": {
        "type": "LineString",
        "coordinates": [
          [
            126.94470181372812,
            36.47856269441487
          ],
          [
            126.94479579804694,
            36.478524393638736
          ],
          [
            126.94493677452517,
            36.478600995190995
          ],
          [
            126.94521872748166,
            36.479175506832945
          ]
        ]
      }
    },
    {
      "type": "Feature",
      "properties": {
        "proposal_id": "ink-line-379",
        "tile_id": "174-cheongyang-mountain",
        "sheet_id": "174-cheongyang",
        "split": "development",
        "proposal_kind": "visible_linework_review_only",
        "backend": "archaeotrace_ink_v2_centerline",
        "upstream_commit": "7960acddb4e82855e2088fdfdd2244799b63775c",
        "pixel_length": 19.071,
        "point_count": 4,
        "confidence": 1.0,
        "review_status": "unreviewed"
      },
      "geometry": {
        "type": "LineString",
        "coordinates": [
          [
            126.94474880588753,
            36.485724939551154
          ],
          [
            126.9446548215687,
            36.48587814265567
          ],
          [
            126.9446548215687,
            36.48614624808858
          ],
          [
            126.94479579804694,
            36.486376052745356
          ]
        ]
      }
    },
    {
      "type": "Feature",
      "properties": {
        "proposal_id": "ink-line-380",
        "tile_id": "174-cheongyang-mountain",
        "sheet_id": "174-cheongyang",
        "split": "development",
        "proposal_kind": "visible_linework_review_only",
        "backend": "archaeotrace_ink_v2_centerline",
        "upstream_commit": "7960acddb4e82855e2088fdfdd2244799b63775c",
        "pixel_length": 19.071,
        "point_count": 6,
        "confidence": 1.0,
        "review_status": "unreviewed"
      },
      "geometry": {
        "type": "LineString",
        "coordinates": [
          [
            126.94488978236576,
            36.45991021643962
          ],
          [
            126.94488978236576,
            36.46002511876801
          ],
          [
            126.945030758844,
            36.46010172032027
          ],
          [
            126.94531271180048,
            36.46010172032027
          ],
          [
            126.94545368827872,
            36.46002511876801
          ],
          [
            126.94554767259754,
            36.460063419544134
          ]
        ]
      }
    },
    {
      "type": "Feature",
      "properties": {
        "proposal_id": "ink-line-381",
        "tile_id": "174-cheongyang-mountain",
        "sheet_id": "174-cheongyang",
        "split": "development",
        "proposal_kind": "visible_linework_review_only",
        "backend": "archaeotrace_ink_v2_centerline",
        "upstream_commit": "7960acddb4e82855e2088fdfdd2244799b63775c",
        "pixel_length": 26.556,
        "point_count": 5,
        "confidence": 1.0,
        "review_status": "unreviewed"
      },
      "geometry": {
        "type": "LineString",
        "coordinates": [
          [
            126.945030758844,
            36.47201326169666
          ],
          [
            126.94512474316282,
            36.472243066353435
          ],
          [
            126.9454066961193,
            36.472511171786344
          ],
          [
            126.94568864907578,
            36.47254947256248
          ],
          [
            126.94582962555401,
            36.47247287101022
          ]
        ]
      }
    },
    {
      "type": "Feature",
      "properties": {
        "proposal_id": "ink-line-382",
        "tile_id": "174-cheongyang-mountain",
        "sheet_id": "174-cheongyang",
        "split": "development",
        "proposal_kind": "visible_linework_review_only",
        "backend": "archaeotrace_ink_v2_centerline",
        "upstream_commit": "7960acddb4e82855e2088fdfdd2244799b63775c",
        "pixel_length": 19.243,
        "point_count": 3,
        "confidence": 1.0,
        "review_status": "unreviewed"
      },
      "geometry": {
        "type": "LineString",
        "coordinates": [
          [
            126.94531271180048,
            36.47798818277292
          ],
          [
            126.9454066961193,
            36.47787328044453
          ],
          [
            126.9453597039599,
            36.47729876880258
          ]
        ]
      }
    },
    {
      "type": "Feature",
      "properties": {
        "proposal_id": "ink-line-383",
        "tile_id": "174-cheongyang-mountain",
        "sheet_id": "174-cheongyang",
        "split": "development",
        "proposal_kind": "visible_linework_review_only",
        "backend": "archaeotrace_ink_v2_centerline",
        "upstream_commit": "7960acddb4e82855e2088fdfdd2244799b63775c",
        "pixel_length": 21.485,
        "point_count": 4,
        "confidence": 1.0,
        "review_status": "unreviewed"
      },
      "geometry": {
        "type": "LineString",
        "coordinates": [
          [
            126.94550068043813,
            36.485341931789854
          ],
          [
            126.94559466475695,
            36.484958924028554
          ],
          [
            126.94582962555401,
            36.48480572092404
          ],
          [
            126.94601759419166,
            36.48480572092404
          ]
        ]
      }
    },
    {
      "type": "Feature",
      "properties": {
        "proposal_id": "ink-line-384",
        "tile_id": "174-cheongyang-mountain",
        "sheet_id": "174-cheongyang",
        "split": "development",
        "proposal_kind": "visible_linework_review_only",
        "backend": "archaeotrace_ink_v2_centerline",
        "upstream_commit": "7960acddb4e82855e2088fdfdd2244799b63775c",
        "pixel_length": 23.799,
        "point_count": 2,
        "confidence": 1.0,
        "review_status": "unreviewed"
      },
      "geometry": {
        "type": "LineString",
        "coordinates": [
          [
            126.94554767259754,
            36.46630644605331
          ],
          [
            126.9462055628293,
            36.46561703208297
          ]
        ]
      }
    },
    {
      "type": "Feature",
      "properties": {
        "proposal_id": "ink-line-385",
        "tile_id": "174-cheongyang-mountain",
        "sheet_id": "174-cheongyang",
        "split": "development",
        "proposal_kind": "visible_linework_review_only",
        "backend": "archaeotrace_ink_v2_centerline",
        "upstream_commit": "7960acddb4e82855e2088fdfdd2244799b63775c",
        "pixel_length": 22.314,
        "point_count": 4,
        "confidence": 1.0,
        "review_status": "unreviewed"
      },
      "geometry": {
        "type": "LineString",
        "coordinates": [
          [
            126.94564165691637,
            36.46780017632237
          ],
          [
            126.94550068043813,
            36.46768527399398
          ],
          [
            126.94550068043813,
            36.46741716856107
          ],
          [
            126.94573564123519,
            36.4670724615759
          ]
        ]
      }
    },
    {
      "type": "Feature",
      "properties": {
        "proposal_id": "ink-line-386",
        "tile_id": "174-cheongyang-mountain",
        "sheet_id": "174-cheongyang",
        "split": "development",
        "proposal_kind": "visible_linework_review_only",
        "backend": "archaeotrace_ink_v2_centerline",
        "upstream_commit": "7960acddb4e82855e2088fdfdd2244799b63775c",
        "pixel_length": 27.728,
        "point_count": 6,
        "confidence": 1.0,
        "review_status": "unreviewed"
      },
      "geometry": {
        "type": "LineString",
        "coordinates": [
          [
            126.9457826333946,
            36.48756337680538
          ],
          [
            126.94582962555401,
            36.48752507602926
          ],
          [
            126.94611157851048,
            36.48752507602926
          ],
          [
            126.94639353146697,
            36.48737187292474
          ],
          [
            126.94644052362638,
            36.487218669820216
          ],
          [
            126.94629954714814,
            36.48695056438731
          ]
        ]
      }
    },
    {
      "type": "Feature",
      "properties": {
        "proposal_id": "ink-line-387",
        "tile_id": "174-cheongyang-mountain",
        "sheet_id": "174-cheongyang",
        "split": "development",
        "proposal_kind": "visible_linework_review_only",
        "backend": "archaeotrace_ink_v2_centerline",
        "upstream_commit": "7960acddb4e82855e2088fdfdd2244799b63775c",
        "pixel_length": 30.971,
        "point_count": 7,
        "confidence": 1.0,
        "review_status": "unreviewed"
      },
      "geometry": {
        "type": "LineString",
        "coordinates": [
          [
            126.9457826333946,
            36.46289767697775
          ],
          [
            126.94582962555401,
            36.46285937620162
          ],
          [
            126.94582962555401,
            36.46262957154484
          ],
          [
            126.94597060203225,
            36.46236146611193
          ],
          [
            126.94611157851048,
            36.462323165335796
          ],
          [
            126.94629954714814,
            36.46239976688806
          ],
          [
            126.9465345079452,
            36.462591270768705
          ]
        ]
      }
    },
    {
      "type": "Feature",
      "properties": {
        "proposal_id": "ink-line-388",
        "tile_id": "174-cheongyang-mountain",
        "sheet_id": "174-cheongyang",
        "split": "development",
        "proposal_kind": "visible_linework_review_only",
        "backend": "archaeotrace_ink_v2_centerline",
        "upstream_commit": "7960acddb4e82855e2088fdfdd2244799b63775c",
        "pixel_length": 20.657,
        "point_count": 6,
        "confidence": 1.0,
        "review_status": "unreviewed"
      },
      "geometry": {
        "type": "LineString",
        "coordinates": [
          [
            126.94587661771342,
            36.45297777596011
          ],
          [
            126.94587661771342,
            36.45274797130333
          ],
          [
            126.94592360987284,
            36.4527096705272
          ],
          [
            126.94582962555401,
            36.45244156509429
          ],
          [
            126.94582962555401,
            36.45228836198977
          ],
          [
            126.94587661771342,
            36.45225006121364
          ]
        ]
      }
    },
    {
      "type": "Feature",
      "properties": {
        "proposal_id": "ink-line-389",
        "tile_id": "174-cheongyang-mountain",
        "sheet_id": "174-cheongyang",
        "split": "development",
        "proposal_kind": "visible_linework_review_only",
        "backend": "archaeotrace_ink_v2_centerline",
        "upstream_commit": "7960acddb4e82855e2088fdfdd2244799b63775c",
        "pixel_length": 22.071,
        "point_count": 5,
        "confidence": 1.0,
        "review_status": "unreviewed"
      },
      "geometry": {
        "type": "LineString",
        "coordinates": [
          [
            126.94601759419166,
            36.47817968665357
          ],
          [
            126.94606458635107,
            36.47837119053422
          ],
          [
            126.9461585706699,
            36.4784860928626
          ],
          [
            126.9461585706699,
            36.47883079984778
          ],
          [
            126.94606458635107,
            36.47894570217616
          ]
        ]
      }
    },
    {
      "type": "Feature",
      "properties": {
        "proposal_id": "ink-line-390",
        "tile_id": "174-cheongyang-mountain",
        "sheet_id": "174-cheongyang",
        "split": "development",
        "proposal_kind": "visible_linework_review_only",
        "backend": "archaeotrace_ink_v2_centerline",
        "upstream_commit": "7960acddb4e82855e2088fdfdd2244799b63775c",
        "pixel_length": 31.142,
        "point_count": 6,
        "confidence": 1.0,
        "review_status": "unreviewed"
      },
      "geometry": {
        "type": "LineString",
        "coordinates": [
          [
            126.94611157851048,
            36.459603810230576
          ],
          [
            126.9462055628293,
            36.45968041178284
          ],
          [
            126.9462055628293,
            36.45994851721575
          ],
          [
            126.94629954714814,
            36.46021662264866
          ],
          [
            126.94644052362638,
            36.46021662264866
          ],
          [
            126.94672247658285,
            36.45991021643962
          ]
        ]
      }
    },
    {
      "type": "Feature",
      "properties": {
        "proposal_id": "ink-line-391",
        "tile_id": "174-cheongyang-mountain",
        "sheet_id": "174-cheongyang",
        "split": "development",
        "proposal_kind": "visible_linework_review_only",
        "backend": "archaeotrace_ink_v2_centerline",
        "upstream_commit": "7960acddb4e82855e2088fdfdd2244799b63775c",
        "pixel_length": 24.799,
        "point_count": 3,
        "confidence": 1.0,
        "review_status": "unreviewed"
      },
      "geometry": {
        "type": "LineString",
        "coordinates": [
          [
            126.9461585706699,
            36.45837818539442
          ],
          [
            126.94639353146697,
            36.45799517763312
          ],
          [
            126.94681646090167,
            36.457650470647955
          ]
        ]
      }
    },
    {
      "type": "Feature",
      "properties": {
        "proposal_id": "ink-line-392",
        "tile_id": "174-cheongyang-mountain",
        "sheet_id": "174-cheongyang",
        "split": "development",
        "proposal_kind": "visible_linework_review_only",
        "backend": "archaeotrace_ink_v2_centerline",
        "upstream_commit": "7960acddb4e82855e2088fdfdd2244799b63775c",
        "pixel_length": 26.414,
        "point_count": 4,
        "confidence": 1.0,
        "review_status": "unreviewed"
      },
      "geometry": {
        "type": "LineString",
        "coordinates": [
          [
            126.9462055628293,
            36.48641435352149
          ],
          [
            126.9462055628293,
            36.48561003722276
          ],
          [
            126.94625255498872,
            36.48557173644663
          ],
          [
            126.94625255498872,
            36.48541853334211
          ]
        ]
      }
    },
    {
      "type": "Feature",
      "properties": {
        "proposal_id": "ink-line-393",
        "tile_id": "174-cheongyang-mountain",
        "sheet_id": "174-cheongyang",
        "split": "development",
        "proposal_kind": "visible_linework_review_only",
        "backend": "archaeotrace_ink_v2_centerline",
        "upstream_commit": "7960acddb4e82855e2088fdfdd2244799b63775c",
        "pixel_length": 20.485,
        "point_count": 6,
        "confidence": 1.0,
        "review_status": "unreviewed"
      },
      "geometry": {
        "type": "LineString",
        "coordinates": [
          [
            126.94639353146697,
            36.488635798537025
          ],
          [
            126.94662849226403,
            36.488635798537025
          ],
          [
            126.94667548442344,
            36.48867409931315
          ],
          [
            126.94681646090167,
            36.48859749776089
          ],
          [
            126.94686345306108,
            36.48836769310412
          ],
          [
            126.94676946874226,
            36.488252790775725
          ]
        ]
      }
    },
    {
      "type": "Feature",
      "properties": {
        "proposal_id": "ink-line-394",
        "tile_id": "174-cheongyang-mountain",
        "sheet_id": "174-cheongyang",
        "split": "development",
        "proposal_kind": "visible_linework_review_only",
        "backend": "archaeotrace_ink_v2_centerline",
        "upstream_commit": "7960acddb4e82855e2088fdfdd2244799b63775c",
        "pixel_length": 24.485,
        "point_count": 4,
        "confidence": 1.0,
        "review_status": "unreviewed"
      },
      "geometry": {
        "type": "LineString",
        "coordinates": [
          [
            126.94639353146697,
            36.48480572092404
          ],
          [
            126.94672247658285,
            36.48492062325243
          ],
          [
            126.94714540601755,
            36.48492062325243
          ],
          [
            126.94742735897404,
            36.48480572092404
          ]
        ]
      }
    },
    {
      "type": "Feature",
      "properties": {
        "proposal_id": "ink-line-395",
        "tile_id": "174-cheongyang-mountain",
        "sheet_id": "174-cheongyang",
        "split": "development",
        "proposal_kind": "visible_linework_review_only",
        "backend": "archaeotrace_ink_v2_centerline",
        "upstream_commit": "7960acddb4e82855e2088fdfdd2244799b63775c",
        "pixel_length": 29.142,
        "point_count": 4,
        "confidence": 1.0,
        "review_status": "unreviewed"
      },
      "geometry": {
        "type": "LineString",
        "coordinates": [
          [
            126.94639353146697,
            36.47572843698126
          ],
          [
            126.94672247658285,
            36.47553693310061
          ],
          [
            126.94719239817697,
            36.475498632324474
          ],
          [
            126.94756833545227,
            36.475345429219956
          ]
        ]
      }
    },
    {
      "type": "Feature",
      "properties": {
        "proposal_id": "ink-line-396",
        "tile_id": "174-cheongyang-mountain",
        "sheet_id": "174-cheongyang",
        "split": "development",
        "proposal_kind": "visible_linework_review_only",
        "backend": "archaeotrace_ink_v2_centerline",
        "upstream_commit": "7960acddb4e82855e2088fdfdd2244799b63775c",
        "pixel_length": 22.485,
        "point_count": 8,
        "confidence": 1.0,
        "review_status": "unreviewed"
      },
      "geometry": {
        "type": "LineString",
        "coordinates": [
          [
            126.94662849226403,
            36.48905710707445
          ],
          [
            126.94662849226403,
            36.48898050552219
          ],
          [
            126.94672247658285,
            36.488903903969934
          ],
          [
            126.9469104452205,
            36.488903903969934
          ],
          [
            126.94705142169873,
            36.48898050552219
          ],
          [
            126.94723939033638,
            36.48898050552219
          ],
          [
            126.94728638249579,
            36.48901880629832
          ],
          [
            126.94747435113345,
            36.48898050552219
          ]
        ]
      }
    },
    {
      "type": "Feature",
      "properties": {
        "proposal_id": "ink-line-397",
        "tile_id": "174-cheongyang-mountain",
        "sheet_id": "174-cheongyang",
        "split": "development",
        "proposal_kind": "visible_linework_review_only",
        "backend": "archaeotrace_ink_v2_centerline",
        "upstream_commit": "7960acddb4e82855e2088fdfdd2244799b63775c",
        "pixel_length": 18.657,
        "point_count": 6,
        "confidence": 1.0,
        "review_status": "unreviewed"
      },
      "geometry": {
        "type": "LineString",
        "coordinates": [
          [
            126.94662849226403,
            36.48426951005822
          ],
          [
            126.94644052362638,
            36.48426951005822
          ],
          [
            126.94639353146697,
            36.484307810834345
          ],
          [
            126.94644052362638,
            36.48446101393887
          ],
          [
            126.9465345079452,
            36.48453761549113
          ],
          [
            126.94681646090167,
            36.48453761549113
          ]
        ]
      }
    },
    {
      "type": "Feature",
      "properties": {
        "proposal_id": "ink-line-398",
        "tile_id": "174-cheongyang-mountain",
        "sheet_id": "174-cheongyang",
        "split": "development",
        "proposal_kind": "visible_linework_review_only",
        "backend": "archaeotrace_ink_v2_centerline",
        "upstream_commit": "7960acddb4e82855e2088fdfdd2244799b63775c",
        "pixel_length": 27.485,
        "point_count": 5,
        "confidence": 1.0,
        "review_status": "unreviewed"
      },
      "geometry": {
        "type": "LineString",
        "coordinates": [
          [
            126.94662849226403,
            36.475996542414165
          ],
          [
            126.94672247658285,
            36.476073143966424
          ],
          [
            126.94695743737991,
            36.476073143966424
          ],
          [
            126.94700442953932,
            36.47611144474256
          ],
          [
            126.94780329624933,
            36.475996542414165
          ]
        ]
      }
    },
    {
      "type": "Feature",
      "properties": {
        "proposal_id": "ink-line-399",
        "tile_id": "174-cheongyang-mountain",
        "sheet_id": "174-cheongyang",
        "split": "development",
        "proposal_kind": "visible_linework_review_only",
        "backend": "archaeotrace_ink_v2_centerline",
        "upstream_commit": "7960acddb4e82855e2088fdfdd2244799b63775c",
        "pixel_length": 27.556,
        "point_count": 6,
        "confidence": 1.0,
        "review_status": "unreviewed"
      },
      "geometry": {
        "type": "LineString",
        "coordinates": [
          [
            126.94662849226403,
            36.46320408318679
          ],
          [
            126.94676946874226,
            36.46351048939582
          ],
          [
            126.94695743737991,
            36.463625391724214
          ],
          [
            126.94709841385814,
            36.46358709094808
          ],
          [
            126.94723939033638,
            36.4634721886197
          ],
          [
            126.94728638249579,
            36.46328068473905
          ]
        ]
      }
    },
    {
      "type": "Feature",
      "properties": {
        "proposal_id": "ink-line-400",
        "tile_id": "174-cheongyang-mountain",
        "sheet_id": "174-cheongyang",
        "split": "development",
        "proposal_kind": "visible_linework_review_only",
        "backend": "archaeotrace_ink_v2_centerline",
        "upstream_commit": "7960acddb4e82855e2088fdfdd2244799b63775c",
        "pixel_length": 23.799,
        "point_count": 4,
        "confidence": 1.0,
        "review_status": "unreviewed"
      },
      "geometry": {
        "type": "LineString",
        "coordinates": [
          [
            126.94662849226403,
            36.4627061730971
          ],
          [
            126.94686345306108,
            36.46289767697775
          ],
          [
            126.94700442953932,
            36.46293597775388
          ],
          [
            126.94742735897404,
            36.462591270768705
          ]
        ]
      }
    },
    {
      "type": "Feature",
      "properties": {
        "proposal_id": "ink-line-401",
        "tile_id": "174-cheongyang-mountain",
        "sheet_id": "174-cheongyang",
        "split": "development",
        "proposal_kind": "visible_linework_review_only",
        "backend": "archaeotrace_ink_v2_centerline",
        "upstream_commit": "7960acddb4e82855e2088fdfdd2244799b63775c",
        "pixel_length": 18.971,
        "point_count": 3,
        "confidence": 1.0,
        "review_status": "unreviewed"
      },
      "geometry": {
        "type": "LineString",
        "coordinates": [
          [
            126.94676946874226,
            36.45983361488736
          ],
          [
            126.94686345306108,
            36.45968041178284
          ],
          [
            126.9473333746552,
            36.45929740402154
          ]
        ]
      }
    },
    {
      "type": "Feature",
      "properties": {
        "proposal_id": "ink-line-402",
        "tile_id": "174-cheongyang-mountain",
        "sheet_id": "174-cheongyang",
        "split": "development",
        "proposal_kind": "visible_linework_review_only",
        "backend": "archaeotrace_ink_v2_centerline",
        "upstream_commit": "7960acddb4e82855e2088fdfdd2244799b63775c",
        "pixel_length": 19.657,
        "point_count": 3,
        "confidence": 1.0,
        "review_status": "unreviewed"
      },
      "geometry": {
        "type": "LineString",
        "coordinates": [
          [
            126.94719239817697,
            36.45516092019951
          ],
          [
            126.9473333746552,
            36.454931115542735
          ],
          [
            126.94728638249579,
            36.454471506229176
          ]
        ]
      }
    },
    {
      "type": "Feature",
      "properties": {
        "proposal_id": "ink-line-403",
        "tile_id": "174-cheongyang-mountain",
        "sheet_id": "174-cheongyang",
        "split": "development",
        "proposal_kind": "visible_linework_review_only",
        "backend": "archaeotrace_ink_v2_centerline",
        "upstream_commit": "7960acddb4e82855e2088fdfdd2244799b63775c",
        "pixel_length": 20.243,
        "point_count": 5,
        "confidence": 1.0,
        "review_status": "unreviewed"
      },
      "geometry": {
        "type": "LineString",
        "coordinates": [
          [
            126.9473333746552,
            36.4607911342906
          ],
          [
            126.94738036681463,
            36.460829435066735
          ],
          [
            126.94738036681463,
            36.4611741420519
          ],
          [
            126.9473333746552,
            36.461212442828035
          ],
          [
            126.94738036681463,
            36.46151884903707
          ]
        ]
      }
    },
    {
      "type": "Feature",
      "properties": {
        "proposal_id": "ink-line-404",
        "tile_id": "174-cheongyang-mountain",
        "sheet_id": "174-cheongyang",
        "split": "development",
        "proposal_kind": "visible_linework_review_only",
        "backend": "archaeotrace_ink_v2_centerline",
        "upstream_commit": "7960acddb4e82855e2088fdfdd2244799b63775c",
        "pixel_length": 22.657,
        "point_count": 5,
        "confidence": 1.0,
        "review_status": "unreviewed"
      },
      "geometry": {
        "type": "LineString",
        "coordinates": [
          [
            126.9473333746552,
            36.45362888915432
          ],
          [
            126.94756833545227,
            36.45362888915432
          ],
          [
            126.94775630408992,
            36.453705490706575
          ],
          [
            126.94775630408992,
            36.45405019769175
          ],
          [
            126.9476623197711,
            36.454165100020134
          ]
        ]
      }
    },
    {
      "type": "Feature",
      "properties": {
        "proposal_id": "ink-line-405",
        "tile_id": "174-cheongyang-mountain",
        "sheet_id": "174-cheongyang",
        "split": "development",
        "proposal_kind": "visible_linework_review_only",
        "backend": "archaeotrace_ink_v2_centerline",
        "upstream_commit": "7960acddb4e82855e2088fdfdd2244799b63775c",
        "pixel_length": 31.899,
        "point_count": 6,
        "confidence": 1.0,
        "review_status": "unreviewed"
      },
      "geometry": {
        "type": "LineString",
        "coordinates": [
          [
            126.94752134329286,
            36.48660585740214
          ],
          [
            126.9476623197711,
            36.48687396283505
          ],
          [
            126.94761532761169,
            36.487295271372474
          ],
          [
            126.94756833545227,
            36.48733357214861
          ],
          [
            126.94756833545227,
            36.487601677581516
          ],
          [
            126.9476623197711,
            36.48771657990991
          ]
        ]
      }
    },
    {
      "type": "Feature",
      "properties": {
        "proposal_id": "ink-line-406",
        "tile_id": "174-cheongyang-mountain",
        "sheet_id": "174-cheongyang",
        "split": "development",
        "proposal_kind": "visible_linework_review_only",
        "backend": "archaeotrace_ink_v2_centerline",
        "upstream_commit": "7960acddb4e82855e2088fdfdd2244799b63775c",
        "pixel_length": 47.87,
        "point_count": 8,
        "confidence": 1.0,
        "review_status": "unreviewed"
      },
      "geometry": {
        "type": "LineString",
        "coordinates": [
          [
            126.94752134329286,
            36.465961739068135
          ],
          [
            126.94700442953932,
            36.466344746829435
          ],
          [
            126.9469104452205,
            36.46649794993395
          ],
          [
            126.9469104452205,
            36.466727754590735
          ],
          [
            126.94714540601755,
            36.46695755924751
          ],
          [
            126.94747435113345,
            36.46695755924751
          ],
          [
            126.94761532761169,
            36.46688095769525
          ],
          [
            126.94775630408992,
            36.46688095769525
          ]
        ]
      }
    },
    {
      "type": "Feature",
      "properties": {
        "proposal_id": "ink-line-407",
        "tile_id": "174-cheongyang-mountain",
        "sheet_id": "174-cheongyang",
        "split": "development",
        "proposal_kind": "visible_linework_review_only",
        "backend": "archaeotrace_ink_v2_centerline",
        "upstream_commit": "7960acddb4e82855e2088fdfdd2244799b63775c",
        "pixel_length": 21.828,
        "point_count": 5,
        "confidence": 1.0,
        "review_status": "unreviewed"
      },
      "geometry": {
        "type": "LineString",
        "coordinates": [
          [
            126.94770931193051,
            36.47687746026515
          ],
          [
            126.94775630408992,
            36.47691576104128
          ],
          [
            126.94775630408992,
            36.47718386647419
          ],
          [
            126.94780329624933,
            36.47722216725032
          ],
          [
            126.94780329624933,
            36.47768177656388
          ]
        ]
      }
    },
    {
      "type": "Feature",
      "properties": {
        "proposal_id": "ink-line-408",
        "tile_id": "174-cheongyang-mountain",
        "sheet_id": "174-cheongyang",
        "split": "development",
        "proposal_kind": "visible_linework_review_only",
        "backend": "archaeotrace_ink_v2_centerline",
        "upstream_commit": "7960acddb4e82855e2088fdfdd2244799b63775c",
        "pixel_length": 21.899,
        "point_count": 20,
        "confidence": 1.0,
        "review_status": "unreviewed"
      },
      "geometry": {
        "type": "LineString",
        "coordinates": [
          [
            126.90720207051706,
            36.45968041178284
          ],
          [
            126.90720207051706,
            36.45964211100671
          ],
          [
            126.90724906267647,
            36.459603810230576
          ],
          [
            126.90729605483588,
            36.459603810230576
          ],
          [
            126.9073430469953,
            36.459603810230576
          ],
          [
            126.9073900391547,
            36.459603810230576
          ],
          [
            126.90743703131412,
            36.459603810230576
          ],
          [
            126.90748402347353,
            36.459603810230576
          ],
          [
            126.90753101563294,
            36.45964211100671
          ],
          [
            126.90757800779235,
            36.45968041178284
          ],
          [
            126.90757800779235,
            36.45971871255897
          ],
          [
            126.90757800779235,
            36.4597570133351
          ],
          [
            126.90753101563294,
            36.459795314111226
          ],
          [
            126.90748402347353,
            36.459795314111226
          ],
          [
            126.90743703131412,
            36.459795314111226
          ],
          [
            126.9073900391547,
            36.459795314111226
          ],
          [
            126.9073430469953,
            36.459795314111226
          ],
          [
            126.90729605483588,
            36.4597570133351
          ],
          [
            126.90724906267647,
            36.45971871255897
          ],
          [
            126.90720207051706,
            36.45968041178284
          ]
        ]
      }
    }
  ]
}