{
  "type": "FeatureCollection",
  "name": "ink_candidate_proposals_174-cheongyang-hydro",
  "crs": {
    "type": "name",
    "properties": {
      "name": "urn:ogc:def:crs:EPSG::5132"
    }
  },
  "features": [
    {
      "type": "Feature",
      "properties": {
        "proposal_id": "ink-line-1",
        "tile_id": "174-cheongyang-hydro",
        "sheet_id": "174-cheongyang",
        "split": "development",
        "proposal_kind": "visible_linework_review_only",
        "backend": "archaeotrace_ink_v2_centerline",
        "upstream_commit": "7960acddb4e82855e2088fdfdd2244799b63775c",
        "pixel_length": 40.485,
        "point_count": 6,
        "confidence": 1.0,
        "review_status": "unreviewed"
      },
      "geometry": {
        "type": "LineString",
        "coordinates": [
          [
            126.93244158198551,
            36.38187185412794
          ],
          [
            126.93253561677712,
            36.38168000076249
          ],
          [
            126.93253561677712,
            36.381334664704696
          ],
          [
            126.93244158198551,
            36.38114281133925
          ],
          [
            126.93244158198551,
            36.380528880569834
          ],
          [
            126.93253561677712,
            36.38041376855057
          ]
        ]
      }
    },
    {
      "type": "Feature",
      "properties": {
        "proposal_id": "ink-line-2",
        "tile_id": "174-cheongyang-hydro",
        "sheet_id": "174-cheongyang",
        "split": "development",
        "proposal_kind": "visible_linework_review_only",
        "backend": "archaeotrace_ink_v2_centerline",
        "upstream_commit": "7960acddb4e82855e2088fdfdd2244799b63775c",
        "pixel_length": 18.485,
        "point_count": 5,
        "confidence": 1.0,
        "review_status": "unreviewed"
      },
      "geometry": {
        "type": "LineString",
        "coordinates": [
          [
            126.93244158198551,
            36.37941613105026
          ],
          [
            126.93258263417292,
            36.37949287239644
          ],
          [
            126.93272368636032,
            36.37949287239644
          ],
          [
            126.9328647385477,
            36.379377760377174
          ],
          [
            126.93291175594351,
            36.379109165665554
          ]
        ]
      }
    },
    {
      "type": "Feature",
      "properties": {
        "proposal_id": "ink-line-3",
        "tile_id": "174-cheongyang-hydro",
        "sheet_id": "174-cheongyang",
        "split": "development",
        "proposal_kind": "visible_linework_review_only",
        "backend": "archaeotrace_ink_v2_centerline",
        "upstream_commit": "7960acddb4e82855e2088fdfdd2244799b63775c",
        "pixel_length": 21.657,
        "point_count": 3,
        "confidence": 1.0,
        "review_status": "unreviewed"
      },
      "geometry": {
        "type": "LineString",
        "coordinates": [
          [
            126.93244158198551,
            36.367367739700434
          ],
          [
            126.93244158198551,
            36.367636334412055
          ],
          [
            126.93262965156872,
            36.36813515316221
          ]
        ]
      }
    },
    {
      "type": "Feature",
      "properties": {
        "proposal_id": "ink-line-4",
        "tile_id": "174-cheongyang-hydro",
        "sheet_id": "174-cheongyang",
        "split": "development",
        "proposal_kind": "visible_linework_review_only",
        "backend": "archaeotrace_ink_v2_centerline",
        "upstream_commit": "7960acddb4e82855e2088fdfdd2244799b63775c",
        "pixel_length": 18.828,
        "point_count": 2,
        "confidence": 1.0,
        "review_status": "unreviewed"
      },
      "geometry": {
        "type": "LineString",
        "coordinates": [
          [
            126.93253561677712,
            36.3863612228793
          ],
          [
            126.9333819299015,
            36.386284481533124
          ]
        ]
      }
    },
    {
      "type": "Feature",
      "properties": {
        "proposal_id": "ink-line-5",
        "tile_id": "174-cheongyang-hydro",
        "sheet_id": "174-cheongyang",
        "split": "development",
        "proposal_kind": "visible_linework_review_only",
        "backend": "archaeotrace_ink_v2_centerline",
        "upstream_commit": "7960acddb4e82855e2088fdfdd2244799b63775c",
        "pixel_length": 27.657,
        "point_count": 5,
        "confidence": 1.0,
        "review_status": "unreviewed"
      },
      "geometry": {
        "type": "LineString",
        "coordinates": [
          [
            126.93253561677712,
            36.383329939705305
          ],
          [
            126.93253561677712,
            36.38348342239766
          ],
          [
            126.93267666896452,
            36.38379038778237
          ],
          [
            126.93267666896452,
            36.38428920653252
          ],
          [
            126.93262965156872,
            36.38432757720561
          ]
        ]
      }
    },
    {
      "type": "Feature",
      "properties": {
        "proposal_id": "ink-line-6",
        "tile_id": "174-cheongyang-hydro",
        "sheet_id": "174-cheongyang",
        "split": "development",
        "proposal_kind": "visible_linework_review_only",
        "backend": "archaeotrace_ink_v2_centerline",
        "upstream_commit": "7960acddb4e82855e2088fdfdd2244799b63775c",
        "pixel_length": 18.071,
        "point_count": 4,
        "confidence": 1.0,
        "review_status": "unreviewed"
      },
      "geometry": {
        "type": "LineString",
        "coordinates": [
          [
            126.93258263417292,
            36.39019829018817
          ],
          [
            126.93267666896452,
            36.3900831781689
          ],
          [
            126.93262965156872,
            36.389699471438014
          ],
          [
            126.93272368636032,
            36.38958435941875
          ]
        ]
      }
    },
    {
      "type": "Feature",
      "properties": {
        "proposal_id": "ink-line-7",
        "tile_id": "174-cheongyang-hydro",
        "sheet_id": "174-cheongyang",
        "split": "development",
        "proposal_kind": "visible_linework_review_only",
        "backend": "archaeotrace_ink_v2_centerline",
        "upstream_commit": "7960acddb4e82855e2088fdfdd2244799b63775c",
        "pixel_length": 18.728,
        "point_count": 4,
        "confidence": 1.0,
        "review_status": "unreviewed"
      },
      "geometry": {
        "type": "LineString",
        "coordinates": [
          [
            126.93258263417292,
            36.384864766628844
          ],
          [
            126.93262965156872,
            36.38505661999429
          ],
          [
            126.93272368636032,
            36.38517173201355
          ],
          [
            126.93305280813091,
            36.385401956052085
          ]
        ]
      }
    },
    {
      "type": "Feature",
      "properties": {
        "proposal_id": "ink-line-8",
        "tile_id": "174-cheongyang-hydro",
        "sheet_id": "174-cheongyang",
        "split": "development",
        "proposal_kind": "visible_linework_review_only",
        "backend": "archaeotrace_ink_v2_centerline",
        "upstream_commit": "7960acddb4e82855e2088fdfdd2244799b63775c",
        "pixel_length": 25.071,
        "point_count": 4,
        "confidence": 1.0,
        "review_status": "unreviewed"
      },
      "geometry": {
        "type": "LineString",
        "coordinates": [
          [
            126.93262965156872,
            36.39180985845789
          ],
          [
            126.93272368636032,
            36.3921168238426
          ],
          [
            126.93267666896452,
            36.39238541855422
          ],
          [
            126.9327707037561,
            36.39269238393893
          ]
        ]
      }
    },
    {
      "type": "Feature",
      "properties": {
        "proposal_id": "ink-line-9",
        "tile_id": "174-cheongyang-hydro",
        "sheet_id": "174-cheongyang",
        "split": "development",
        "proposal_kind": "visible_linework_review_only",
        "backend": "archaeotrace_ink_v2_centerline",
        "upstream_commit": "7960acddb4e82855e2088fdfdd2244799b63775c",
        "pixel_length": 52.314,
        "point_count": 9,
        "confidence": 1.0,
        "review_status": "unreviewed"
      },
      "geometry": {
        "type": "LineString",
        "coordinates": [
          [
            126.93267666896452,
            36.39342142672761
          ],
          [
            126.93309982552671,
            36.393383056054525
          ],
          [
            126.9333819299015,
            36.39349816807379
          ],
          [
            126.9333819299015,
            36.393651650766145
          ],
          [
            126.9333349125057,
            36.393690021439234
          ],
          [
            126.9333819299015,
            36.39372839211232
          ],
          [
            126.9333819299015,
            36.39430395220865
          ],
          [
            126.9333349125057,
            36.39434232288174
          ],
          [
            126.9327707037561,
            36.39430395220865
          ]
        ]
      }
    },
    {
      "type": "Feature",
      "properties": {
        "proposal_id": "ink-line-10",
        "tile_id": "174-cheongyang-hydro",
        "sheet_id": "174-cheongyang",
        "split": "development",
        "proposal_kind": "visible_linework_review_only",
        "backend": "archaeotrace_ink_v2_centerline",
        "upstream_commit": "7960acddb4e82855e2088fdfdd2244799b63775c",
        "pixel_length": 34.385,
        "point_count": 7,
        "confidence": 1.0,
        "review_status": "unreviewed"
      },
      "geometry": {
        "type": "LineString",
        "coordinates": [
          [
            126.93291175594351,
            36.39065873826523
          ],
          [
            126.93300579073511,
            36.39069710893832
          ],
          [
            126.9331468429225,
            36.39062036759214
          ],
          [
            126.9331468429225,
            36.39039014355361
          ],
          [
            126.93300579073511,
            36.39019829018817
          ],
          [
            126.93295877333931,
            36.389929695476546
          ],
          [
            126.9332408777141,
            36.389699471438014
          ]
        ]
      }
    },
    {
      "type": "Feature",
      "properties": {
        "proposal_id": "ink-line-11",
        "tile_id": "174-cheongyang-hydro",
        "sheet_id": "174-cheongyang",
        "split": "development",
        "proposal_kind": "visible_linework_review_only",
        "backend": "archaeotrace_ink_v2_centerline",
        "upstream_commit": "7960acddb4e82855e2088fdfdd2244799b63775c",
        "pixel_length": 20.899,
        "point_count": 6,
        "confidence": 1.0,
        "review_status": "unreviewed"
      },
      "geometry": {
        "type": "LineString",
        "coordinates": [
          [
            126.93295877333931,
            36.391656375765535
          ],
          [
            126.93300579073511,
            36.3917714877848
          ],
          [
            126.93300579073511,
            36.391924970477156
          ],
          [
            126.93295877333931,
            36.391963341150245
          ],
          [
            126.93300579073511,
            36.39219356518878
          ],
          [
            126.9331938603183,
            36.39234704788113
          ]
        ]
      }
    },
    {
      "type": "Feature",
      "properties": {
        "proposal_id": "ink-line-12",
        "tile_id": "174-cheongyang-hydro",
        "sheet_id": "174-cheongyang",
        "split": "development",
        "proposal_kind": "visible_linework_review_only",
        "backend": "archaeotrace_ink_v2_centerline",
        "upstream_commit": "7960acddb4e82855e2088fdfdd2244799b63775c",
        "pixel_length": 29.899,
        "point_count": 6,
        "confidence": 1.0,
        "review_status": "unreviewed"
      },
      "geometry": {
        "type": "LineString",
        "coordinates": [
          [
            126.93309982552671,
            36.38045213922366
          ],
          [
            126.9331938603183,
            36.38060562191601
          ],
          [
            126.9331938603183,
            36.380797475281454
          ],
          [
            126.9332878951099,
            36.3809893286469
          ],
          [
            126.9332878951099,
            36.38125792335852
          ],
          [
            126.9331468429225,
            36.38148814739705
          ]
        ]
      }
    },
    {
      "type": "Feature",
      "properties": {
        "proposal_id": "ink-line-13",
        "tile_id": "174-cheongyang-hydro",
        "sheet_id": "174-cheongyang",
        "split": "development",
        "proposal_kind": "visible_linework_review_only",
        "backend": "archaeotrace_ink_v2_centerline",
        "upstream_commit": "7960acddb4e82855e2088fdfdd2244799b63775c",
        "pixel_length": 18.314,
        "point_count": 5,
        "confidence": 1.0,
        "review_status": "unreviewed"
      },
      "geometry": {
        "type": "LineString",
        "coordinates": [
          [
            126.9334759646931,
            36.3921168238426
          ],
          [
            126.93366403427629,
            36.392231935861865
          ],
          [
            126.9338521038595,
            36.39230867720804
          ],
          [
            126.93399315604688,
            36.39230867720804
          ],
          [
            126.93418122563008,
            36.39242378922731
          ]
        ]
      }
    },
    {
      "type": "Feature",
      "properties": {
        "proposal_id": "ink-line-14",
        "tile_id": "174-cheongyang-hydro",
        "sheet_id": "174-cheongyang",
        "split": "development",
        "proposal_kind": "visible_linework_review_only",
        "backend": "archaeotrace_ink_v2_centerline",
        "upstream_commit": "7960acddb4e82855e2088fdfdd2244799b63775c",
        "pixel_length": 19.071,
        "point_count": 4,
        "confidence": 1.0,
        "review_status": "unreviewed"
      },
      "geometry": {
        "type": "LineString",
        "coordinates": [
          [
            126.93356999948469,
            36.359885458448154
          ],
          [
            126.93380508646369,
            36.35977034642889
          ],
          [
            126.93413420823428,
            36.35977034642889
          ],
          [
            126.93436929521327,
            36.359847087775066
          ]
        ]
      }
    },
    {
      "type": "Feature",
      "properties": {
        "proposal_id": "ink-line-15",
        "tile_id": "174-cheongyang-hydro",
        "sheet_id": "174-cheongyang",
        "split": "development",
        "proposal_kind": "visible_linework_review_only",
        "backend": "archaeotrace_ink_v2_centerline",
        "upstream_commit": "7960acddb4e82855e2088fdfdd2244799b63775c",
        "pixel_length": 18.314,
        "point_count": 6,
        "confidence": 1.0,
        "review_status": "unreviewed"
      },
      "geometry": {
        "type": "LineString",
        "coordinates": [
          [
            126.93375806906789,
            36.368173523835296
          ],
          [
            126.93389912125528,
            36.36805841181603
          ],
          [
            126.93399315604688,
            36.36805841181603
          ],
          [
            126.93418122563008,
            36.367943299796764
          ],
          [
            126.93436929521327,
            36.367904929123675
          ],
          [
            126.93446333000487,
            36.367943299796764
          ]
        ]
      }
    },
    {
      "type": "Feature",
      "properties": {
        "proposal_id": "ink-line-16",
        "tile_id": "174-cheongyang-hydro",
        "sheet_id": "174-cheongyang",
        "split": "development",
        "proposal_kind": "visible_linework_review_only",
        "backend": "archaeotrace_ink_v2_centerline",
        "upstream_commit": "7960acddb4e82855e2088fdfdd2244799b63775c",
        "pixel_length": 18.071,
        "point_count": 2,
        "confidence": 1.0,
        "review_status": "unreviewed"
      },
      "geometry": {
        "type": "LineString",
        "coordinates": [
          [
            126.93408719083848,
            36.37116643633621
          ],
          [
            126.93432227781747,
            36.37178036710563
          ]
        ]
      }
    },
    {
      "type": "Feature",
      "properties": {
        "proposal_id": "ink-line-17",
        "tile_id": "174-cheongyang-hydro",
        "sheet_id": "174-cheongyang",
        "split": "development",
        "proposal_kind": "visible_linework_review_only",
        "backend": "archaeotrace_ink_v2_centerline",
        "upstream_commit": "7960acddb4e82855e2088fdfdd2244799b63775c",
        "pixel_length": 20.899,
        "point_count": 3,
        "confidence": 1.0,
        "review_status": "unreviewed"
      },
      "geometry": {
        "type": "LineString",
        "coordinates": [
          [
            126.93432227781747,
            36.389392506053305
          ],
          [
            126.93479245177546,
            36.389430876726394
          ],
          [
            126.93512157354606,
            36.389699471438014
          ]
        ]
      }
    },
    {
      "type": "Feature",
      "properties": {
        "proposal_id": "ink-line-18",
        "tile_id": "174-cheongyang-hydro",
        "sheet_id": "174-cheongyang",
        "split": "development",
        "proposal_kind": "visible_linework_review_only",
        "backend": "archaeotrace_ink_v2_centerline",
        "upstream_commit": "7960acddb4e82855e2088fdfdd2244799b63775c",
        "pixel_length": 19.071,
        "point_count": 7,
        "confidence": 1.0,
        "review_status": "unreviewed"
      },
      "geometry": {
        "type": "LineString",
        "coordinates": [
          [
            126.93436929521327,
            36.383061344993685
          ],
          [
            126.93418122563008,
            36.38309971566677
          ],
          [
            126.93413420823428,
            36.38321482768604
          ],
          [
            126.93422824302587,
            36.38329156903222
          ],
          [
            126.93436929521327,
            36.38329156903222
          ],
          [
            126.93441631260907,
            36.38325319835913
          ],
          [
            126.93441631260907,
            36.38309971566677
          ]
        ]
      }
    },
    {
      "type": "Feature",
      "properties": {
        "proposal_id": "ink-line-19",
        "tile_id": "174-cheongyang-hydro",
        "sheet_id": "174-cheongyang",
        "split": "development",
        "proposal_kind": "visible_linework_review_only",
        "backend": "archaeotrace_ink_v2_centerline",
        "upstream_commit": "7960acddb4e82855e2088fdfdd2244799b63775c",
        "pixel_length": 27.728,
        "point_count": 5,
        "confidence": 1.0,
        "review_status": "unreviewed"
      },
      "geometry": {
        "type": "LineString",
        "coordinates": [
          [
            126.93451034740067,
            36.38582403345606
          ],
          [
            126.93483946917127,
            36.385977516148415
          ],
          [
            126.93516859094186,
            36.385977516148415
          ],
          [
            126.93545069531665,
            36.38590077480224
          ],
          [
            126.93563876489985,
            36.386015886821504
          ]
        ]
      }
    },
    {
      "type": "Feature",
      "properties": {
        "proposal_id": "ink-line-20",
        "tile_id": "174-cheongyang-hydro",
        "sheet_id": "174-cheongyang",
        "split": "development",
        "proposal_kind": "visible_linework_review_only",
        "backend": "archaeotrace_ink_v2_centerline",
        "upstream_commit": "7960acddb4e82855e2088fdfdd2244799b63775c",
        "pixel_length": 24.971,
        "point_count": 4,
        "confidence": 1.0,
        "review_status": "unreviewed"
      },
      "geometry": {
        "type": "LineString",
        "coordinates": [
          [
            126.93451034740067,
            36.3802986565313
          ],
          [
            126.93446333000487,
            36.38014517383895
          ],
          [
            126.93455736479648,
            36.38003006181968
          ],
          [
            126.93516859094186,
            36.379684725761884
          ]
        ]
      }
    },
    {
      "type": "Feature",
      "properties": {
        "proposal_id": "ink-line-21",
        "tile_id": "174-cheongyang-hydro",
        "sheet_id": "174-cheongyang",
        "split": "development",
        "proposal_kind": "visible_linework_review_only",
        "backend": "archaeotrace_ink_v2_centerline",
        "upstream_commit": "7960acddb4e82855e2088fdfdd2244799b63775c",
        "pixel_length": 19.071,
        "point_count": 5,
        "confidence": 1.0,
        "review_status": "unreviewed"
      },
      "geometry": {
        "type": "LineString",
        "coordinates": [
          [
            126.93465139958806,
            36.36890256662398
          ],
          [
            126.93465139958806,
            36.369017678643246
          ],
          [
            126.93479245177546,
            36.36913279066251
          ],
          [
            126.93498052135865,
            36.3691711613356
          ],
          [
            126.93493350396287,
            36.36943975604722
          ]
        ]
      }
    },
    {
      "type": "Feature",
      "properties": {
        "proposal_id": "ink-line-22",
        "tile_id": "174-cheongyang-hydro",
        "sheet_id": "174-cheongyang",
        "split": "development",
        "proposal_kind": "visible_linework_review_only",
        "backend": "archaeotrace_ink_v2_centerline",
        "upstream_commit": "7960acddb4e82855e2088fdfdd2244799b63775c",
        "pixel_length": 20.314,
        "point_count": 4,
        "confidence": 1.0,
        "review_status": "unreviewed"
      },
      "geometry": {
        "type": "LineString",
        "coordinates": [
          [
            126.93507455615025,
            36.3634539310454
          ],
          [
            126.93540367792085,
            36.36368415508393
          ],
          [
            126.93563876489985,
            36.36368415508393
          ],
          [
            126.93587385187884,
            36.36360741373775
          ]
        ]
      }
    },
    {
      "type": "Feature",
      "properties": {
        "proposal_id": "ink-line-23",
        "tile_id": "174-cheongyang-hydro",
        "sheet_id": "174-cheongyang",
        "split": "development",
        "proposal_kind": "visible_linework_review_only",
        "backend": "archaeotrace_ink_v2_centerline",
        "upstream_commit": "7960acddb4e82855e2088fdfdd2244799b63775c",
        "pixel_length": 18.071,
        "point_count": 5,
        "confidence": 1.0,
        "review_status": "unreviewed"
      },
      "geometry": {
        "type": "LineString",
        "coordinates": [
          [
            126.93512157354606,
            36.36399112046864
          ],
          [
            126.93540367792085,
            36.364106232487906
          ],
          [
            126.93577981708724,
            36.364106232487906
          ],
          [
            126.93582683448304,
            36.364144603160995
          ],
          [
            126.93587385187884,
            36.364106232487906
          ]
        ]
      }
    },
    {
      "type": "Feature",
      "properties": {
        "proposal_id": "ink-line-24",
        "tile_id": "174-cheongyang-hydro",
        "sheet_id": "174-cheongyang",
        "split": "development",
        "proposal_kind": "visible_linework_review_only",
        "backend": "archaeotrace_ink_v2_centerline",
        "upstream_commit": "7960acddb4e82855e2088fdfdd2244799b63775c",
        "pixel_length": 27.314,
        "point_count": 6,
        "confidence": 1.0,
        "review_status": "unreviewed"
      },
      "geometry": {
        "type": "LineString",
        "coordinates": [
          [
            126.93516859094186,
            36.38559380941753
          ],
          [
            126.93521560833766,
            36.38551706807135
          ],
          [
            126.93545069531665,
            36.385440326725174
          ],
          [
            126.93573279969144,
            36.385440326725174
          ],
          [
            126.93592086927464,
            36.38563218009062
          ],
          [
            126.93596788667044,
            36.38586240412915
          ]
        ]
      }
    },
    {
      "type": "Feature",
      "properties": {
        "proposal_id": "ink-line-25",
        "tile_id": "174-cheongyang-hydro",
        "sheet_id": "174-cheongyang",
        "split": "development",
        "proposal_kind": "visible_linework_review_only",
        "backend": "archaeotrace_ink_v2_centerline",
        "upstream_commit": "7960acddb4e82855e2088fdfdd2244799b63775c",
        "pixel_length": 19.243,
        "point_count": 4,
        "confidence": 1.0,
        "review_status": "unreviewed"
      },
      "geometry": {
        "type": "LineString",
        "coordinates": [
          [
            126.93545069531665,
            36.377113890664944
          ],
          [
            126.93549771271245,
            36.37742085604965
          ],
          [
            126.93559174750405,
            36.3776127094151
          ],
          [
            126.93559174750405,
            36.37780456278054
          ]
        ]
      }
    },
    {
      "type": "Feature",
      "properties": {
        "proposal_id": "ink-line-26",
        "tile_id": "174-cheongyang-hydro",
        "sheet_id": "174-cheongyang",
        "split": "development",
        "proposal_kind": "visible_linework_review_only",
        "backend": "archaeotrace_ink_v2_centerline",
        "upstream_commit": "7960acddb4e82855e2088fdfdd2244799b63775c",
        "pixel_length": 23.071,
        "point_count": 4,
        "confidence": 1.0,
        "review_status": "unreviewed"
      },
      "geometry": {
        "type": "LineString",
        "coordinates": [
          [
            126.93549771271245,
            36.371319919028565
          ],
          [
            126.93582683448304,
            36.37143503104783
          ],
          [
            126.93629700844103,
            36.37143503104783
          ],
          [
            126.93648507802422,
            36.371358289701654
          ]
        ]
      }
    },
    {
      "type": "Feature",
      "properties": {
        "proposal_id": "ink-line-27",
        "tile_id": "174-cheongyang-hydro",
        "sheet_id": "174-cheongyang",
        "split": "development",
        "proposal_kind": "visible_linework_review_only",
        "backend": "archaeotrace_ink_v2_centerline",
        "upstream_commit": "7960acddb4e82855e2088fdfdd2244799b63775c",
        "pixel_length": 22.485,
        "point_count": 4,
        "confidence": 1.0,
        "review_status": "unreviewed"
      },
      "geometry": {
        "type": "LineString",
        "coordinates": [
          [
            126.93559174750405,
            36.361266802679346
          ],
          [
            126.93563876489985,
            36.36122843200626
          ],
          [
            126.93629700844103,
            36.361266802679346
          ],
          [
            126.93653209542002,
            36.3614202853717
          ]
        ]
      }
    },
    {
      "type": "Feature",
      "properties": {
        "proposal_id": "ink-line-28",
        "tile_id": "174-cheongyang-hydro",
        "sheet_id": "174-cheongyang",
        "split": "development",
        "proposal_kind": "visible_linework_review_only",
        "backend": "archaeotrace_ink_v2_centerline",
        "upstream_commit": "7960acddb4e82855e2088fdfdd2244799b63775c",
        "pixel_length": 19.243,
        "point_count": 3,
        "confidence": 1.0,
        "review_status": "unreviewed"
      },
      "geometry": {
        "type": "LineString",
        "coordinates": [
          [
            126.93573279969144,
            36.367022403642636
          ],
          [
            126.93624999104523,
            36.36698403296955
          ],
          [
            126.93657911281582,
            36.367060774315725
          ]
        ]
      }
    },
    {
      "type": "Feature",
      "properties": {
        "proposal_id": "ink-line-29",
        "tile_id": "174-cheongyang-hydro",
        "sheet_id": "174-cheongyang",
        "split": "development",
        "proposal_kind": "visible_linework_review_only",
        "backend": "archaeotrace_ink_v2_centerline",
        "upstream_commit": "7960acddb4e82855e2088fdfdd2244799b63775c",
        "pixel_length": 42.385,
        "point_count": 7,
        "confidence": 1.0,
        "review_status": "unreviewed"
      },
      "geometry": {
        "type": "LineString",
        "coordinates": [
          [
            126.93577981708724,
            36.39284586663128
          ],
          [
            126.93587385187884,
            36.392538901246574
          ],
          [
            126.93587385187884,
            36.39219356518878
          ],
          [
            126.93596788667044,
            36.39204008249642
          ],
          [
            126.93629700844103,
            36.39180985845789
          ],
          [
            126.93648507802422,
            36.3917714877848
          ],
          [
            126.93672016500322,
            36.39184822913098
          ]
        ]
      }
    },
    {
      "type": "Feature",
      "properties": {
        "proposal_id": "ink-line-30",
        "tile_id": "174-cheongyang-hydro",
        "sheet_id": "174-cheongyang",
        "split": "development",
        "proposal_kind": "visible_linework_review_only",
        "backend": "archaeotrace_ink_v2_centerline",
        "upstream_commit": "7960acddb4e82855e2088fdfdd2244799b63775c",
        "pixel_length": 19.071,
        "point_count": 6,
        "confidence": 1.0,
        "review_status": "unreviewed"
      },
      "geometry": {
        "type": "LineString",
        "coordinates": [
          [
            126.93577981708724,
            36.36249466421818
          ],
          [
            126.93587385187884,
            36.362456293545094
          ],
          [
            126.93587385187884,
            36.36222606950656
          ],
          [
            126.93592086927464,
            36.36218769883347
          ],
          [
            126.93582683448304,
            36.36199584546803
          ],
          [
            126.93587385187884,
            36.361880733448764
          ]
        ]
      }
    },
    {
      "type": "Feature",
      "properties": {
        "proposal_id": "ink-line-31",
        "tile_id": "174-cheongyang-hydro",
        "sheet_id": "174-cheongyang",
        "split": "development",
        "proposal_kind": "visible_linework_review_only",
        "backend": "archaeotrace_ink_v2_centerline",
        "upstream_commit": "7960acddb4e82855e2088fdfdd2244799b63775c",
        "pixel_length": 19.657,
        "point_count": 5,
        "confidence": 1.0,
        "review_status": "unreviewed"
      },
      "geometry": {
        "type": "LineString",
        "coordinates": [
          [
            126.93582683448304,
            36.377689450761274
          ],
          [
            126.93587385187884,
            36.37799641614598
          ],
          [
            126.93596788667044,
            36.37814989883834
          ],
          [
            126.93596788667044,
            36.37834175220378
          ],
          [
            126.93601490406624,
            36.37838012287687
          ]
        ]
      }
    },
    {
      "type": "Feature",
      "properties": {
        "proposal_id": "ink-line-32",
        "tile_id": "174-cheongyang-hydro",
        "sheet_id": "174-cheongyang",
        "split": "development",
        "proposal_kind": "visible_linework_review_only",
        "backend": "archaeotrace_ink_v2_centerline",
        "upstream_commit": "7960acddb4e82855e2088fdfdd2244799b63775c",
        "pixel_length": 18.243,
        "point_count": 4,
        "confidence": 1.0,
        "review_status": "unreviewed"
      },
      "geometry": {
        "type": "LineString",
        "coordinates": [
          [
            126.93596788667044,
            36.376768554607146
          ],
          [
            126.93601490406624,
            36.377075519991855
          ],
          [
            126.93610893885783,
            36.37722900268421
          ],
          [
            126.93610893885783,
            36.37742085604965
          ]
        ]
      }
    },
    {
      "type": "Feature",
      "properties": {
        "proposal_id": "ink-line-33",
        "tile_id": "174-cheongyang-hydro",
        "sheet_id": "174-cheongyang",
        "split": "development",
        "proposal_kind": "visible_linework_review_only",
        "backend": "archaeotrace_ink_v2_centerline",
        "upstream_commit": "7960acddb4e82855e2088fdfdd2244799b63775c",
        "pixel_length": 18.485,
        "point_count": 4,
        "confidence": 1.0,
        "review_status": "unreviewed"
      },
      "geometry": {
        "type": "LineString",
        "coordinates": [
          [
            126.93601490406624,
            36.382792750282064
          ],
          [
            126.93610893885783,
            36.38290786230133
          ],
          [
            126.93606192146204,
            36.38309971566677
          ],
          [
            126.93620297364943,
            36.38340668105148
          ]
        ]
      }
    },
    {
      "type": "Feature",
      "properties": {
        "proposal_id": "ink-line-34",
        "tile_id": "174-cheongyang-hydro",
        "sheet_id": "174-cheongyang",
        "split": "development",
        "proposal_kind": "visible_linework_review_only",
        "backend": "archaeotrace_ink_v2_centerline",
        "upstream_commit": "7960acddb4e82855e2088fdfdd2244799b63775c",
        "pixel_length": 19.828,
        "point_count": 3,
        "confidence": 1.0,
        "review_status": "unreviewed"
      },
      "geometry": {
        "type": "LineString",
        "coordinates": [
          [
            126.93601490406624,
            36.382754379608976
          ],
          [
            126.93606192146204,
            36.38260089691662
          ],
          [
            126.93601490406624,
            36.38202533682029
          ]
        ]
      }
    },
    {
      "type": "Feature",
      "properties": {
        "proposal_id": "ink-line-35",
        "tile_id": "174-cheongyang-hydro",
        "sheet_id": "174-cheongyang",
        "split": "development",
        "proposal_kind": "visible_linework_review_only",
        "backend": "archaeotrace_ink_v2_centerline",
        "upstream_commit": "7960acddb4e82855e2088fdfdd2244799b63775c",
        "pixel_length": 19.071,
        "point_count": 5,
        "confidence": 1.0,
        "review_status": "unreviewed"
      },
      "geometry": {
        "type": "LineString",
        "coordinates": [
          [
            126.93606192146204,
            36.39004480749581
          ],
          [
            126.93615595625363,
            36.389968066149635
          ],
          [
            126.93662613021162,
            36.39000643682272
          ],
          [
            126.93672016500322,
            36.38989132480346
          ],
          [
            126.93681419979482,
            36.38989132480346
          ]
        ]
      }
    },
    {
      "type": "Feature",
      "properties": {
        "proposal_id": "ink-line-36",
        "tile_id": "174-cheongyang-hydro",
        "sheet_id": "174-cheongyang",
        "split": "development",
        "proposal_kind": "visible_linework_review_only",
        "backend": "archaeotrace_ink_v2_centerline",
        "upstream_commit": "7960acddb4e82855e2088fdfdd2244799b63775c",
        "pixel_length": 26.385,
        "point_count": 5,
        "confidence": 1.0,
        "review_status": "unreviewed"
      },
      "geometry": {
        "type": "LineString",
        "coordinates": [
          [
            126.93610893885783,
            36.39146452240009
          ],
          [
            126.93639104323263,
            36.39123429836156
          ],
          [
            126.93653209542002,
            36.39119592768847
          ],
          [
            126.93681419979482,
            36.39123429836156
          ],
          [
            126.93709630416961,
            36.391426151727
          ]
        ]
      }
    },
    {
      "type": "Feature",
      "properties": {
        "proposal_id": "ink-line-37",
        "tile_id": "174-cheongyang-hydro",
        "sheet_id": "174-cheongyang",
        "split": "development",
        "proposal_kind": "visible_linework_review_only",
        "backend": "archaeotrace_ink_v2_centerline",
        "upstream_commit": "7960acddb4e82855e2088fdfdd2244799b63775c",
        "pixel_length": 21.657,
        "point_count": 4,
        "confidence": 1.0,
        "review_status": "unreviewed"
      },
      "geometry": {
        "type": "LineString",
        "coordinates": [
          [
            126.93620297364943,
            36.36894093729707
          ],
          [
            126.93629700844103,
            36.36924790268178
          ],
          [
            126.93629700844103,
            36.36947812672031
          ],
          [
            126.93639104323263,
            36.36970835075884
          ]
        ]
      }
    },
    {
      "type": "Feature",
      "properties": {
        "proposal_id": "ink-line-38",
        "tile_id": "174-cheongyang-hydro",
        "sheet_id": "174-cheongyang",
        "split": "development",
        "proposal_kind": "visible_linework_review_only",
        "backend": "archaeotrace_ink_v2_centerline",
        "upstream_commit": "7960acddb4e82855e2088fdfdd2244799b63775c",
        "pixel_length": 60.243,
        "point_count": 5,
        "confidence": 1.0,
        "review_status": "unreviewed"
      },
      "geometry": {
        "type": "LineString",
        "coordinates": [
          [
            126.93624999104523,
            36.37987657912733
          ],
          [
            126.93620297364943,
            36.38003006181968
          ],
          [
            126.93624999104523,
            36.38006843249277
          ],
          [
            126.93624999104523,
            36.38210207816647
          ],
          [
            126.93629700844103,
            36.38214044883956
          ]
        ]
      }
    },
    {
      "type": "Feature",
      "properties": {
        "proposal_id": "ink-line-39",
        "tile_id": "174-cheongyang-hydro",
        "sheet_id": "174-cheongyang",
        "split": "development",
        "proposal_kind": "visible_linework_review_only",
        "backend": "archaeotrace_ink_v2_centerline",
        "upstream_commit": "7960acddb4e82855e2088fdfdd2244799b63775c",
        "pixel_length": 43.728,
        "point_count": 5,
        "confidence": 1.0,
        "review_status": "unreviewed"
      },
      "geometry": {
        "type": "LineString",
        "coordinates": [
          [
            126.93634402583683,
            36.38371364643619
          ],
          [
            126.93657911281582,
            36.3843659478787
          ],
          [
            126.93657911281582,
            36.38451943057105
          ],
          [
            126.93667314760742,
            36.3846729132634
          ],
          [
            126.93676718239902,
            36.38524847335973
          ]
        ]
      }
    },
    {
      "type": "Feature",
      "properties": {
        "proposal_id": "ink-line-40",
        "tile_id": "174-cheongyang-hydro",
        "sheet_id": "174-cheongyang",
        "split": "development",
        "proposal_kind": "visible_linework_review_only",
        "backend": "archaeotrace_ink_v2_centerline",
        "upstream_commit": "7960acddb4e82855e2088fdfdd2244799b63775c",
        "pixel_length": 32.799,
        "point_count": 5,
        "confidence": 1.0,
        "review_status": "unreviewed"
      },
      "geometry": {
        "type": "LineString",
        "coordinates": [
          [
            126.93653209542002,
            36.38847160989918
          ],
          [
            126.93648507802422,
            36.388394868553
          ],
          [
            126.93653209542002,
            36.38812627384138
          ],
          [
            126.93667314760742,
            36.38789604980285
          ],
          [
            126.93709630416961,
            36.387435601725784
          ]
        ]
      }
    },
    {
      "type": "Feature",
      "properties": {
        "proposal_id": "ink-line-41",
        "tile_id": "174-cheongyang-hydro",
        "sheet_id": "174-cheongyang",
        "split": "development",
        "proposal_kind": "visible_linework_review_only",
        "backend": "archaeotrace_ink_v2_centerline",
        "upstream_commit": "7960acddb4e82855e2088fdfdd2244799b63775c",
        "pixel_length": 37.485,
        "point_count": 4,
        "confidence": 1.0,
        "review_status": "unreviewed"
      },
      "geometry": {
        "type": "LineString",
        "coordinates": [
          [
            126.93667314760742,
            36.39403535749703
          ],
          [
            126.93676718239902,
            36.393958616150854
          ],
          [
            126.93695525198221,
            36.39357490941997
          ],
          [
            126.93695525198221,
            36.39269238393893
          ]
        ]
      }
    },
    {
      "type": "Feature",
      "properties": {
        "proposal_id": "ink-line-42",
        "tile_id": "174-cheongyang-hydro",
        "sheet_id": "174-cheongyang",
        "split": "development",
        "proposal_kind": "visible_linework_review_only",
        "backend": "archaeotrace_ink_v2_centerline",
        "upstream_commit": "7960acddb4e82855e2088fdfdd2244799b63775c",
        "pixel_length": 24.071,
        "point_count": 5,
        "confidence": 1.0,
        "review_status": "unreviewed"
      },
      "geometry": {
        "type": "LineString",
        "coordinates": [
          [
            126.93681419979482,
            36.38532521470591
          ],
          [
            126.93690823458641,
            36.38555543874444
          ],
          [
            126.93690823458641,
            36.38582403345606
          ],
          [
            126.93704928677381,
            36.386015886821504
          ],
          [
            126.93704928677381,
            36.38616936951386
          ]
        ]
      }
    },
    {
      "type": "Feature",
      "properties": {
        "proposal_id": "ink-line-43",
        "tile_id": "174-cheongyang-hydro",
        "sheet_id": "174-cheongyang",
        "split": "development",
        "proposal_kind": "visible_linework_review_only",
        "backend": "archaeotrace_ink_v2_centerline",
        "upstream_commit": "7960acddb4e82855e2088fdfdd2244799b63775c",
        "pixel_length": 25.728,
        "point_count": 6,
        "confidence": 1.0,
        "review_status": "unreviewed"
      },
      "geometry": {
        "type": "LineString",
        "coordinates": [
          [
            126.93690823458641,
            36.36119006133317
          ],
          [
            126.93709630416961,
            36.36149702671788
          ],
          [
            126.9372843737528,
            36.361612138737144
          ],
          [
            126.9375194607318,
            36.361612138737144
          ],
          [
            126.9376605129192,
            36.361573768064055
          ],
          [
            126.937707530315,
            36.36149702671788
          ]
        ]
      }
    },
    {
      "type": "Feature",
      "properties": {
        "proposal_id": "ink-line-44",
        "tile_id": "174-cheongyang-hydro",
        "sheet_id": "174-cheongyang",
        "split": "development",
        "proposal_kind": "visible_linework_review_only",
        "backend": "archaeotrace_ink_v2_centerline",
        "upstream_commit": "7960acddb4e82855e2088fdfdd2244799b63775c",
        "pixel_length": 18.899,
        "point_count": 5,
        "confidence": 1.0,
        "review_status": "unreviewed"
      },
      "geometry": {
        "type": "LineString",
        "coordinates": [
          [
            126.93695525198221,
            36.380490509896745
          ],
          [
            126.93704928677381,
            36.38056725124292
          ],
          [
            126.937237356357,
            36.38056725124292
          ],
          [
            126.9374254259402,
            36.38041376855057
          ],
          [
            126.9373784085444,
            36.380183544512036
          ]
        ]
      }
    },
    {
      "type": "Feature",
      "properties": {
        "proposal_id": "ink-line-45",
        "tile_id": "174-cheongyang-hydro",
        "sheet_id": "174-cheongyang",
        "split": "development",
        "proposal_kind": "visible_linework_review_only",
        "backend": "archaeotrace_ink_v2_centerline",
        "upstream_commit": "7960acddb4e82855e2088fdfdd2244799b63775c",
        "pixel_length": 19.243,
        "point_count": 3,
        "confidence": 1.0,
        "review_status": "unreviewed"
      },
      "geometry": {
        "type": "LineString",
        "coordinates": [
          [
            126.93700226937801,
            36.358465743543874
          ],
          [
            126.93714332156542,
            36.35861922623623
          ],
          [
            126.93714332156542,
            36.35915641565947
          ]
        ]
      }
    },
    {
      "type": "Feature",
      "properties": {
        "proposal_id": "ink-line-46",
        "tile_id": "174-cheongyang-hydro",
        "sheet_id": "174-cheongyang",
        "split": "development",
        "proposal_kind": "visible_linework_review_only",
        "backend": "archaeotrace_ink_v2_centerline",
        "upstream_commit": "7960acddb4e82855e2088fdfdd2244799b63775c",
        "pixel_length": 33.314,
        "point_count": 6,
        "confidence": 1.0,
        "review_status": "unreviewed"
      },
      "geometry": {
        "type": "LineString",
        "coordinates": [
          [
            126.93704928677381,
            36.38497987864811
          ],
          [
            126.93714332156542,
            36.38494150797502
          ],
          [
            126.9371903389612,
            36.38459617191723
          ],
          [
            126.9372843737528,
            36.384481059897965
          ],
          [
            126.9372843737528,
            36.38409735316708
          ],
          [
            126.93709630416961,
            36.38386712912855
          ]
        ]
      }
    },
    {
      "type": "Feature",
      "properties": {
        "proposal_id": "ink-line-47",
        "tile_id": "174-cheongyang-hydro",
        "sheet_id": "174-cheongyang",
        "split": "development",
        "proposal_kind": "visible_linework_review_only",
        "backend": "archaeotrace_ink_v2_centerline",
        "upstream_commit": "7960acddb4e82855e2088fdfdd2244799b63775c",
        "pixel_length": 19.385,
        "point_count": 2,
        "confidence": 1.0,
        "review_status": "unreviewed"
      },
      "geometry": {
        "type": "LineString",
        "coordinates": [
          [
            126.937237356357,
            36.39031340220743
          ],
          [
            126.9378485825024,
            36.390850591630674
          ]
        ]
      }
    },
    {
      "type": "Feature",
      "properties": {
        "proposal_id": "ink-line-48",
        "tile_id": "174-cheongyang-hydro",
        "sheet_id": "174-cheongyang",
        "split": "development",
        "proposal_kind": "visible_linework_review_only",
        "backend": "archaeotrace_ink_v2_centerline",
        "upstream_commit": "7960acddb4e82855e2088fdfdd2244799b63775c",
        "pixel_length": 18.414,
        "point_count": 3,
        "confidence": 1.0,
        "review_status": "unreviewed"
      },
      "geometry": {
        "type": "LineString",
        "coordinates": [
          [
            126.9376605129192,
            36.372739633932845
          ],
          [
            126.937707530315,
            36.372778004605934
          ],
          [
            126.937707530315,
            36.37343030604844
          ]
        ]
      }
    },
    {
      "type": "Feature",
      "properties": {
        "proposal_id": "ink-line-49",
        "tile_id": "174-cheongyang-hydro",
        "sheet_id": "174-cheongyang",
        "split": "development",
        "proposal_kind": "visible_linework_review_only",
        "backend": "archaeotrace_ink_v2_centerline",
        "upstream_commit": "7960acddb4e82855e2088fdfdd2244799b63775c",
        "pixel_length": 38.071,
        "point_count": 6,
        "confidence": 1.0,
        "review_status": "unreviewed"
      },
      "geometry": {
        "type": "LineString",
        "coordinates": [
          [
            126.9377545477108,
            36.37212570316343
          ],
          [
            126.9378015651066,
            36.37208733249034
          ],
          [
            126.93803665208559,
            36.37208733249034
          ],
          [
            126.93831875646038,
            36.37197222047107
          ],
          [
            126.93940015656376,
            36.37197222047107
          ],
          [
            126.93944717395955,
            36.37193384979798
          ]
        ]
      }
    },
    {
      "type": "Feature",
      "properties": {
        "proposal_id": "ink-line-50",
        "tile_id": "174-cheongyang-hydro",
        "sheet_id": "174-cheongyang",
        "split": "development",
        "proposal_kind": "visible_linework_review_only",
        "backend": "archaeotrace_ink_v2_centerline",
        "upstream_commit": "7960acddb4e82855e2088fdfdd2244799b63775c",
        "pixel_length": 20.071,
        "point_count": 4,
        "confidence": 1.0,
        "review_status": "unreviewed"
      },
      "geometry": {
        "type": "LineString",
        "coordinates": [
          [
            126.93831875646038,
            36.36226444017965
          ],
          [
            126.93822472166879,
            36.362110957487296
          ],
          [
            126.93822472166879,
            36.36180399210259
          ],
          [
            126.93836577385618,
            36.361573768064055
          ]
        ]
      }
    },
    {
      "type": "Feature",
      "properties": {
        "proposal_id": "ink-line-51",
        "tile_id": "174-cheongyang-hydro",
        "sheet_id": "174-cheongyang",
        "split": "development",
        "proposal_kind": "visible_linework_review_only",
        "backend": "archaeotrace_ink_v2_centerline",
        "upstream_commit": "7960acddb4e82855e2088fdfdd2244799b63775c",
        "pixel_length": 23.485,
        "point_count": 6,
        "confidence": 1.0,
        "review_status": "unreviewed"
      },
      "geometry": {
        "type": "LineString",
        "coordinates": [
          [
            126.93836577385618,
            36.37742085604965
          ],
          [
            126.93831875646038,
            36.3772673733573
          ],
          [
            126.93831875646038,
            36.37699877864568
          ],
          [
            126.93836577385618,
            36.3769220372995
          ],
          [
            126.93845980864778,
            36.37684529595332
          ],
          [
            126.93874191302257,
            36.3769220372995
          ]
        ]
      }
    },
    {
      "type": "Feature",
      "properties": {
        "proposal_id": "ink-line-52",
        "tile_id": "174-cheongyang-hydro",
        "sheet_id": "174-cheongyang",
        "split": "development",
        "proposal_kind": "visible_linework_review_only",
        "backend": "archaeotrace_ink_v2_centerline",
        "upstream_commit": "7960acddb4e82855e2088fdfdd2244799b63775c",
        "pixel_length": 24.485,
        "point_count": 4,
        "confidence": 1.0,
        "review_status": "unreviewed"
      },
      "geometry": {
        "type": "LineString",
        "coordinates": [
          [
            126.93841279125198,
            36.38785767912976
          ],
          [
            126.93902401739737,
            36.38778093778358
          ],
          [
            126.93925910437636,
            36.387665825764316
          ],
          [
            126.93930612177216,
            36.38751234307196
          ]
        ]
      }
    },
    {
      "type": "Feature",
      "properties": {
        "proposal_id": "ink-line-53",
        "tile_id": "174-cheongyang-hydro",
        "sheet_id": "174-cheongyang",
        "split": "development",
        "proposal_kind": "visible_linework_review_only",
        "backend": "archaeotrace_ink_v2_centerline",
        "upstream_commit": "7960acddb4e82855e2088fdfdd2244799b63775c",
        "pixel_length": 19.899,
        "point_count": 5,
        "confidence": 1.0,
        "review_status": "unreviewed"
      },
      "geometry": {
        "type": "LineString",
        "coordinates": [
          [
            126.93841279125198,
            36.38386712912855
          ],
          [
            126.93855384343938,
            36.38398224114781
          ],
          [
            126.93864787823098,
            36.384174094513256
          ],
          [
            126.93860086083518,
            36.384481059897965
          ],
          [
            126.93855384343938,
            36.38451943057105
          ]
        ]
      }
    },
    {
      "type": "Feature",
      "properties": {
        "proposal_id": "ink-line-54",
        "tile_id": "174-cheongyang-hydro",
        "sheet_id": "174-cheongyang",
        "split": "development",
        "proposal_kind": "visible_linework_review_only",
        "backend": "archaeotrace_ink_v2_centerline",
        "upstream_commit": "7960acddb4e82855e2088fdfdd2244799b63775c",
        "pixel_length": 30.728,
        "point_count": 6,
        "confidence": 1.0,
        "review_status": "unreviewed"
      },
      "geometry": {
        "type": "LineString",
        "coordinates": [
          [
            126.93855384343938,
            36.39123429836156
          ],
          [
            126.93869489562677,
            36.391426151727
          ],
          [
            126.93869489562677,
            36.39161800509245
          ],
          [
            126.93878893041837,
            36.391694746438624
          ],
          [
            126.93888296520997,
            36.3921168238426
          ],
          [
            126.93897700000157,
            36.392270306534954
          ]
        ]
      }
    },
    {
      "type": "Feature",
      "properties": {
        "proposal_id": "ink-line-55",
        "tile_id": "174-cheongyang-hydro",
        "sheet_id": "174-cheongyang",
        "split": "development",
        "proposal_kind": "visible_linework_review_only",
        "backend": "archaeotrace_ink_v2_centerline",
        "upstream_commit": "7960acddb4e82855e2088fdfdd2244799b63775c",
        "pixel_length": 21.728,
        "point_count": 4,
        "confidence": 1.0,
        "review_status": "unreviewed"
      },
      "geometry": {
        "type": "LineString",
        "coordinates": [
          [
            126.93874191302257,
            36.382178819512646
          ],
          [
            126.93892998260577,
            36.381948595474114
          ],
          [
            126.93897700000157,
            36.38168000076249
          ],
          [
            126.93916506958476,
            36.38148814739705
          ]
        ]
      }
    },
    {
      "type": "Feature",
      "properties": {
        "proposal_id": "ink-line-56",
        "tile_id": "174-cheongyang-hydro",
        "sheet_id": "174-cheongyang",
        "split": "development",
        "proposal_kind": "visible_linework_review_only",
        "backend": "archaeotrace_ink_v2_centerline",
        "upstream_commit": "7960acddb4e82855e2088fdfdd2244799b63775c",
        "pixel_length": 22.071,
        "point_count": 2,
        "confidence": 1.0,
        "review_status": "unreviewed"
      },
      "geometry": {
        "type": "LineString",
        "coordinates": [
          [
            126.93892998260577,
            36.39150289307318
          ],
          [
            126.93916506958476,
            36.392270306534954
          ]
        ]
      }
    },
    {
      "type": "Feature",
      "properties": {
        "proposal_id": "ink-line-57",
        "tile_id": "174-cheongyang-hydro",
        "sheet_id": "174-cheongyang",
        "split": "development",
        "proposal_kind": "visible_linework_review_only",
        "backend": "archaeotrace_ink_v2_centerline",
        "upstream_commit": "7960acddb4e82855e2088fdfdd2244799b63775c",
        "pixel_length": 24.314,
        "point_count": 5,
        "confidence": 1.0,
        "review_status": "unreviewed"
      },
      "geometry": {
        "type": "LineString",
        "coordinates": [
          [
            126.93907103479316,
            36.3850182493212
          ],
          [
            126.93916506958476,
            36.38494150797502
          ],
          [
            126.93930612177216,
            36.3846729132634
          ],
          [
            126.93930612177216,
            36.38451943057105
          ],
          [
            126.93916506958476,
            36.384212465186344
          ]
        ]
      }
    },
    {
      "type": "Feature",
      "properties": {
        "proposal_id": "ink-line-58",
        "tile_id": "174-cheongyang-hydro",
        "sheet_id": "174-cheongyang",
        "split": "development",
        "proposal_kind": "visible_linework_review_only",
        "backend": "archaeotrace_ink_v2_centerline",
        "upstream_commit": "7960acddb4e82855e2088fdfdd2244799b63775c",
        "pixel_length": 31.899,
        "point_count": 6,
        "confidence": 1.0,
        "review_status": "unreviewed"
      },
      "geometry": {
        "type": "LineString",
        "coordinates": [
          [
            126.93907103479316,
            36.36049938921757
          ],
          [
            126.93925910437636,
            36.36092146662155
          ],
          [
            126.93925910437636,
            36.361266802679346
          ],
          [
            126.93930612177216,
            36.361305173352434
          ],
          [
            126.93921208698056,
            36.36145865604479
          ],
          [
            126.93921208698056,
            36.361612138737144
          ]
        ]
      }
    },
    {
      "type": "Feature",
      "properties": {
        "proposal_id": "ink-line-59",
        "tile_id": "174-cheongyang-hydro",
        "sheet_id": "174-cheongyang",
        "split": "development",
        "proposal_kind": "visible_linework_review_only",
        "backend": "archaeotrace_ink_v2_centerline",
        "upstream_commit": "7960acddb4e82855e2088fdfdd2244799b63775c",
        "pixel_length": 33.728,
        "point_count": 6,
        "confidence": 1.0,
        "review_status": "unreviewed"
      },
      "geometry": {
        "type": "LineString",
        "coordinates": [
          [
            126.93916506958476,
            36.3597319757558
          ],
          [
            126.93940015656376,
            36.360115682486686
          ],
          [
            126.93940015656376,
            36.36038427719831
          ],
          [
            126.93944717395955,
            36.36053775989066
          ],
          [
            126.93954120875115,
            36.36061450123684
          ],
          [
            126.93958822614695,
            36.36088309594846
          ]
        ]
      }
    },
    {
      "type": "Feature",
      "properties": {
        "proposal_id": "ink-line-60",
        "tile_id": "174-cheongyang-hydro",
        "sheet_id": "174-cheongyang",
        "split": "development",
        "proposal_kind": "visible_linework_review_only",
        "backend": "archaeotrace_ink_v2_centerline",
        "upstream_commit": "7960acddb4e82855e2088fdfdd2244799b63775c",
        "pixel_length": 33.828,
        "point_count": 5,
        "confidence": 1.0,
        "review_status": "unreviewed"
      },
      "geometry": {
        "type": "LineString",
        "coordinates": [
          [
            126.93925910437636,
            36.358734338255495
          ],
          [
            126.93925910437636,
            36.35792855412063
          ],
          [
            126.93930612177216,
            36.357890183447545
          ],
          [
            126.93972927833435,
            36.357890183447545
          ],
          [
            126.93977629573016,
            36.35796692479372
          ]
        ]
      }
    },
    {
      "type": "Feature",
      "properties": {
        "proposal_id": "ink-line-61",
        "tile_id": "174-cheongyang-hydro",
        "sheet_id": "174-cheongyang",
        "split": "development",
        "proposal_kind": "visible_linework_review_only",
        "backend": "archaeotrace_ink_v2_centerline",
        "upstream_commit": "7960acddb4e82855e2088fdfdd2244799b63775c",
        "pixel_length": 27.899,
        "point_count": 5,
        "confidence": 1.0,
        "review_status": "unreviewed"
      },
      "geometry": {
        "type": "LineString",
        "coordinates": [
          [
            126.93935313916796,
            36.38325319835913
          ],
          [
            126.93944717395955,
            36.38313808633986
          ],
          [
            126.93940015656376,
            36.38256252624353
          ],
          [
            126.93944717395955,
            36.38240904355118
          ],
          [
            126.93958822614695,
            36.38229393153191
          ]
        ]
      }
    },
    {
      "type": "Feature",
      "properties": {
        "proposal_id": "ink-line-62",
        "tile_id": "174-cheongyang-hydro",
        "sheet_id": "174-cheongyang",
        "split": "development",
        "proposal_kind": "visible_linework_review_only",
        "backend": "archaeotrace_ink_v2_centerline",
        "upstream_commit": "7960acddb4e82855e2088fdfdd2244799b63775c",
        "pixel_length": 22.485,
        "point_count": 5,
        "confidence": 1.0,
        "review_status": "unreviewed"
      },
      "geometry": {
        "type": "LineString",
        "coordinates": [
          [
            126.93949419135535,
            36.39230867720804
          ],
          [
            126.93949419135535,
            36.39242378922731
          ],
          [
            126.93958822614695,
            36.392538901246574
          ],
          [
            126.93958822614695,
            36.39265401326584
          ],
          [
            126.93977629573016,
            36.393076090669815
          ]
        ]
      }
    },
    {
      "type": "Feature",
      "properties": {
        "proposal_id": "ink-line-63",
        "tile_id": "174-cheongyang-hydro",
        "sheet_id": "174-cheongyang",
        "split": "development",
        "proposal_kind": "visible_linework_review_only",
        "backend": "archaeotrace_ink_v2_centerline",
        "upstream_commit": "7960acddb4e82855e2088fdfdd2244799b63775c",
        "pixel_length": 19.485,
        "point_count": 2,
        "confidence": 1.0,
        "review_status": "unreviewed"
      },
      "geometry": {
        "type": "LineString",
        "coordinates": [
          [
            126.93958822614695,
            36.39073547961141
          ],
          [
            126.93987033052174,
            36.391387781053915
          ]
        ]
      }
    },
    {
      "type": "Feature",
      "properties": {
        "proposal_id": "ink-line-64",
        "tile_id": "174-cheongyang-hydro",
        "sheet_id": "174-cheongyang",
        "split": "development",
        "proposal_kind": "visible_linework_review_only",
        "backend": "archaeotrace_ink_v2_centerline",
        "upstream_commit": "7960acddb4e82855e2088fdfdd2244799b63775c",
        "pixel_length": 23.071,
        "point_count": 4,
        "confidence": 1.0,
        "review_status": "unreviewed"
      },
      "geometry": {
        "type": "LineString",
        "coordinates": [
          [
            126.93968226093855,
            36.3836752757631
          ],
          [
            126.93977629573016,
            36.383598534416926
          ],
          [
            126.93991734791754,
            36.38325319835913
          ],
          [
            126.93991734791754,
            36.38286949162824
          ]
        ]
      }
    },
    {
      "type": "Feature",
      "properties": {
        "proposal_id": "ink-line-65",
        "tile_id": "174-cheongyang-hydro",
        "sheet_id": "174-cheongyang",
        "split": "development",
        "proposal_kind": "visible_linework_review_only",
        "backend": "archaeotrace_ink_v2_centerline",
        "upstream_commit": "7960acddb4e82855e2088fdfdd2244799b63775c",
        "pixel_length": 19.485,
        "point_count": 5,
        "confidence": 1.0,
        "review_status": "unreviewed"
      },
      "geometry": {
        "type": "LineString",
        "coordinates": [
          [
            126.93991734791754,
            36.3934597974007
          ],
          [
            126.93987033052174,
            36.39353653874688
          ],
          [
            126.94005840010495,
            36.393920245477766
          ],
          [
            126.94005840010495,
            36.39407372817012
          ],
          [
            126.94001138270914,
            36.39411209884321
          ]
        ]
      }
    },
    {
      "type": "Feature",
      "properties": {
        "proposal_id": "ink-line-66",
        "tile_id": "174-cheongyang-hydro",
        "sheet_id": "174-cheongyang",
        "split": "development",
        "proposal_kind": "visible_linework_review_only",
        "backend": "archaeotrace_ink_v2_centerline",
        "upstream_commit": "7960acddb4e82855e2088fdfdd2244799b63775c",
        "pixel_length": 28.899,
        "point_count": 7,
        "confidence": 1.0,
        "review_status": "unreviewed"
      },
      "geometry": {
        "type": "LineString",
        "coordinates": [
          [
            126.94005840010495,
            36.375962770472285
          ],
          [
            126.94024646968813,
            36.37607788249155
          ],
          [
            126.94024646968813,
            36.37642321854935
          ],
          [
            126.94029348708393,
            36.37646158922244
          ],
          [
            126.94019945229233,
            36.37661507191479
          ],
          [
            126.94019945229233,
            36.37684529595332
          ],
          [
            126.94029348708393,
            36.37688366662641
          ]
        ]
      }
    },
    {
      "type": "Feature",
      "properties": {
        "proposal_id": "ink-line-67",
        "tile_id": "174-cheongyang-hydro",
        "sheet_id": "174-cheongyang",
        "split": "development",
        "proposal_kind": "visible_linework_review_only",
        "backend": "archaeotrace_ink_v2_centerline",
        "upstream_commit": "7960acddb4e82855e2088fdfdd2244799b63775c",
        "pixel_length": 24.142,
        "point_count": 5,
        "confidence": 1.0,
        "review_status": "unreviewed"
      },
      "geometry": {
        "type": "LineString",
        "coordinates": [
          [
            126.94024646968813,
            36.38981458345728
          ],
          [
            126.94010541750075,
            36.38954598874566
          ],
          [
            126.94010541750075,
            36.389430876726394
          ],
          [
            126.94019945229233,
            36.38923902336095
          ],
          [
            126.94043453927134,
            36.38904716999551
          ]
        ]
      }
    },
    {
      "type": "Feature",
      "properties": {
        "proposal_id": "ink-line-68",
        "tile_id": "174-cheongyang-hydro",
        "sheet_id": "174-cheongyang",
        "split": "development",
        "proposal_kind": "visible_linework_review_only",
        "backend": "archaeotrace_ink_v2_centerline",
        "upstream_commit": "7960acddb4e82855e2088fdfdd2244799b63775c",
        "pixel_length": 23.071,
        "point_count": 4,
        "confidence": 1.0,
        "review_status": "unreviewed"
      },
      "geometry": {
        "type": "LineString",
        "coordinates": [
          [
            126.94029348708393,
            36.38989132480346
          ],
          [
            126.94029348708393,
            36.39000643682272
          ],
          [
            126.94048155666714,
            36.39039014355361
          ],
          [
            126.94043453927134,
            36.39069710893832
          ]
        ]
      }
    },
    {
      "type": "Feature",
      "properties": {
        "proposal_id": "ink-line-69",
        "tile_id": "174-cheongyang-hydro",
        "sheet_id": "174-cheongyang",
        "split": "development",
        "proposal_kind": "visible_linework_review_only",
        "backend": "archaeotrace_ink_v2_centerline",
        "upstream_commit": "7960acddb4e82855e2088fdfdd2244799b63775c",
        "pixel_length": 32.213,
        "point_count": 6,
        "confidence": 1.0,
        "review_status": "unreviewed"
      },
      "geometry": {
        "type": "LineString",
        "coordinates": [
          [
            126.94090471322932,
            36.387435601725784
          ],
          [
            126.9412808523957,
            36.38778093778358
          ],
          [
            126.94151593937471,
            36.38785767912976
          ],
          [
            126.9417510263537,
            36.387704196437404
          ],
          [
            126.9417510263537,
            36.38747397239887
          ],
          [
            126.9417040089579,
            36.387435601725784
          ]
        ]
      }
    },
    {
      "type": "Feature",
      "properties": {
        "proposal_id": "ink-line-70",
        "tile_id": "174-cheongyang-hydro",
        "sheet_id": "174-cheongyang",
        "split": "development",
        "proposal_kind": "visible_linework_review_only",
        "backend": "archaeotrace_ink_v2_centerline",
        "upstream_commit": "7960acddb4e82855e2088fdfdd2244799b63775c",
        "pixel_length": 18.657,
        "point_count": 4,
        "confidence": 1.0,
        "review_status": "unreviewed"
      },
      "geometry": {
        "type": "LineString",
        "coordinates": [
          [
            126.94118681760412,
            36.37630810653008
          ],
          [
            126.94123383499992,
            36.375962770472285
          ],
          [
            126.94132786979151,
            36.37584765845302
          ],
          [
            126.94137488718731,
            36.375655805087575
          ]
        ]
      }
    },
    {
      "type": "Feature",
      "properties": {
        "proposal_id": "ink-line-71",
        "tile_id": "174-cheongyang-hydro",
        "sheet_id": "174-cheongyang",
        "split": "development",
        "proposal_kind": "visible_linework_review_only",
        "backend": "archaeotrace_ink_v2_centerline",
        "upstream_commit": "7960acddb4e82855e2088fdfdd2244799b63775c",
        "pixel_length": 22.899,
        "point_count": 6,
        "confidence": 1.0,
        "review_status": "unreviewed"
      },
      "geometry": {
        "type": "LineString",
        "coordinates": [
          [
            126.9412808523957,
            36.38946924739948
          ],
          [
            126.94123383499992,
            36.38958435941875
          ],
          [
            126.9412808523957,
            36.38962273009184
          ],
          [
            126.94132786979151,
            36.389929695476546
          ],
          [
            126.94146892197891,
            36.39004480749581
          ],
          [
            126.9417040089579,
            36.3900831781689
          ]
        ]
      }
    },
    {
      "type": "Feature",
      "properties": {
        "proposal_id": "ink-line-72",
        "tile_id": "174-cheongyang-hydro",
        "sheet_id": "174-cheongyang",
        "split": "development",
        "proposal_kind": "visible_linework_review_only",
        "backend": "archaeotrace_ink_v2_centerline",
        "upstream_commit": "7960acddb4e82855e2088fdfdd2244799b63775c",
        "pixel_length": 18.243,
        "point_count": 3,
        "confidence": 1.0,
        "review_status": "unreviewed"
      },
      "geometry": {
        "type": "LineString",
        "coordinates": [
          [
            126.94160997416631,
            36.37611625316464
          ],
          [
            126.9416569915621,
            36.375694175760664
          ],
          [
            126.9417510263537,
            36.37546395172213
          ]
        ]
      }
    },
    {
      "type": "Feature",
      "properties": {
        "proposal_id": "ink-line-73",
        "tile_id": "174-cheongyang-hydro",
        "sheet_id": "174-cheongyang",
        "split": "development",
        "proposal_kind": "visible_linework_review_only",
        "backend": "archaeotrace_ink_v2_centerline",
        "upstream_commit": "7960acddb4e82855e2088fdfdd2244799b63775c",
        "pixel_length": 31.314,
        "point_count": 6,
        "confidence": 1.0,
        "review_status": "unreviewed"
      },
      "geometry": {
        "type": "LineString",
        "coordinates": [
          [
            126.9416569915621,
            36.35604839113929
          ],
          [
            126.9416569915621,
            36.35639372719709
          ],
          [
            126.9418450611453,
            36.35654720988944
          ],
          [
            126.9423152351033,
            36.35666232190871
          ],
          [
            126.94250330468648,
            36.35666232190871
          ],
          [
            126.94255032208228,
            36.35662395123562
          ]
        ]
      }
    },
    {
      "type": "Feature",
      "properties": {
        "proposal_id": "ink-line-74",
        "tile_id": "174-cheongyang-hydro",
        "sheet_id": "174-cheongyang",
        "split": "development",
        "proposal_kind": "visible_linework_review_only",
        "backend": "archaeotrace_ink_v2_centerline",
        "upstream_commit": "7960acddb4e82855e2088fdfdd2244799b63775c",
        "pixel_length": 18.071,
        "point_count": 4,
        "confidence": 1.0,
        "review_status": "unreviewed"
      },
      "geometry": {
        "type": "LineString",
        "coordinates": [
          [
            126.9417040089579,
            36.37922427768482
          ],
          [
            126.9417510263537,
            36.3789556829732
          ],
          [
            126.9419390959369,
            36.37868708826158
          ],
          [
            126.9419390959369,
            36.3786103469154
          ]
        ]
      }
    },
    {
      "type": "Feature",
      "properties": {
        "proposal_id": "ink-line-75",
        "tile_id": "174-cheongyang-hydro",
        "sheet_id": "174-cheongyang",
        "split": "development",
        "proposal_kind": "visible_linework_review_only",
        "backend": "archaeotrace_ink_v2_centerline",
        "upstream_commit": "7960acddb4e82855e2088fdfdd2244799b63775c",
        "pixel_length": 34.556,
        "point_count": 7,
        "confidence": 1.0,
        "review_status": "unreviewed"
      },
      "geometry": {
        "type": "LineString",
        "coordinates": [
          [
            126.9417980437495,
            36.380490509896745
          ],
          [
            126.9417510263537,
            36.380528880569834
          ],
          [
            126.9417510263537,
            36.38083584595454
          ],
          [
            126.9417980437495,
            36.38091258730072
          ],
          [
            126.94203313072849,
            36.381104440666164
          ],
          [
            126.94240926989488,
            36.38114281133925
          ],
          [
            126.94269137426969,
            36.38125792335852
          ]
        ]
      }
    },
    {
      "type": "Feature",
      "properties": {
        "proposal_id": "ink-line-76",
        "tile_id": "174-cheongyang-hydro",
        "sheet_id": "174-cheongyang",
        "split": "development",
        "proposal_kind": "visible_linework_review_only",
        "backend": "archaeotrace_ink_v2_centerline",
        "upstream_commit": "7960acddb4e82855e2088fdfdd2244799b63775c",
        "pixel_length": 21.243,
        "point_count": 4,
        "confidence": 1.0,
        "review_status": "unreviewed"
      },
      "geometry": {
        "type": "LineString",
        "coordinates": [
          [
            126.9418450611453,
            36.37638484787626
          ],
          [
            126.9418920785411,
            36.37630810653008
          ],
          [
            126.9418920785411,
            36.37584765845302
          ],
          [
            126.9419861133327,
            36.37561743441449
          ]
        ]
      }
    },
    {
      "type": "Feature",
      "properties": {
        "proposal_id": "ink-line-77",
        "tile_id": "174-cheongyang-hydro",
        "sheet_id": "174-cheongyang",
        "split": "development",
        "proposal_kind": "visible_linework_review_only",
        "backend": "archaeotrace_ink_v2_centerline",
        "upstream_commit": "7960acddb4e82855e2088fdfdd2244799b63775c",
        "pixel_length": 27.485,
        "point_count": 6,
        "confidence": 1.0,
        "review_status": "unreviewed"
      },
      "geometry": {
        "type": "LineString",
        "coordinates": [
          [
            126.9418920785411,
            36.38674492961019
          ],
          [
            126.9417980437495,
            36.38662981759092
          ],
          [
            126.9417980437495,
            36.38639959355239
          ],
          [
            126.9418920785411,
            36.38616936951386
          ],
          [
            126.9418920785411,
            36.38593914547533
          ],
          [
            126.9419861133327,
            36.38578566278297
          ]
        ]
      }
    },
    {
      "type": "Feature",
      "properties": {
        "proposal_id": "ink-line-78",
        "tile_id": "174-cheongyang-hydro",
        "sheet_id": "174-cheongyang",
        "split": "development",
        "proposal_kind": "visible_linework_review_only",
        "backend": "archaeotrace_ink_v2_centerline",
        "upstream_commit": "7960acddb4e82855e2088fdfdd2244799b63775c",
        "pixel_length": 22.657,
        "point_count": 5,
        "confidence": 1.0,
        "review_status": "unreviewed"
      },
      "geometry": {
        "type": "LineString",
        "coordinates": [
          [
            126.94203313072849,
            36.38820301518756
          ],
          [
            126.9419861133327,
            36.38816464451447
          ],
          [
            126.94208014812429,
            36.387934420475936
          ],
          [
            126.94208014812429,
            36.38747397239887
          ],
          [
            126.94203313072849,
            36.387397231052695
          ]
        ]
      }
    },
    {
      "type": "Feature",
      "properties": {
        "proposal_id": "ink-line-79",
        "tile_id": "174-cheongyang-hydro",
        "sheet_id": "174-cheongyang",
        "split": "development",
        "proposal_kind": "visible_linework_review_only",
        "backend": "archaeotrace_ink_v2_centerline",
        "upstream_commit": "7960acddb4e82855e2088fdfdd2244799b63775c",
        "pixel_length": 25.142,
        "point_count": 6,
        "confidence": 1.0,
        "review_status": "unreviewed"
      },
      "geometry": {
        "type": "LineString",
        "coordinates": [
          [
            126.94217418291589,
            36.38033702720439
          ],
          [
            126.94217418291589,
            36.380528880569834
          ],
          [
            126.9422682177075,
            36.38060562191601
          ],
          [
            126.94245628729068,
            36.38060562191601
          ],
          [
            126.94255032208228,
            36.38045213922366
          ],
          [
            126.94283242645707,
            36.380221915185125
          ]
        ]
      }
    },
    {
      "type": "Feature",
      "properties": {
        "proposal_id": "ink-line-80",
        "tile_id": "174-cheongyang-hydro",
        "sheet_id": "174-cheongyang",
        "split": "development",
        "proposal_kind": "visible_linework_review_only",
        "backend": "archaeotrace_ink_v2_centerline",
        "upstream_commit": "7960acddb4e82855e2088fdfdd2244799b63775c",
        "pixel_length": 20.899,
        "point_count": 4,
        "confidence": 1.0,
        "review_status": "unreviewed"
      },
      "geometry": {
        "type": "LineString",
        "coordinates": [
          [
            126.94222120031169,
            36.385094990667376
          ],
          [
            126.94240926989488,
            36.385133361340465
          ],
          [
            126.94287944385287,
            36.385363585379
          ],
          [
            126.94306751343608,
            36.385363585379
          ]
        ]
      }
    },
    {
      "type": "Feature",
      "properties": {
        "proposal_id": "ink-line-81",
        "tile_id": "174-cheongyang-hydro",
        "sheet_id": "174-cheongyang",
        "split": "development",
        "proposal_kind": "visible_linework_review_only",
        "backend": "archaeotrace_ink_v2_centerline",
        "upstream_commit": "7960acddb4e82855e2088fdfdd2244799b63775c",
        "pixel_length": 28.657,
        "point_count": 5,
        "confidence": 1.0,
        "review_status": "unreviewed"
      },
      "geometry": {
        "type": "LineString",
        "coordinates": [
          [
            126.9422682177075,
            36.38716700701416
          ],
          [
            126.9423622524991,
            36.38732048970652
          ],
          [
            126.9423622524991,
            36.388011161822114
          ],
          [
            126.9423152351033,
            36.3880495324952
          ],
          [
            126.9423622524991,
            36.38820301518756
          ]
        ]
      }
    },
    {
      "type": "Feature",
      "properties": {
        "proposal_id": "ink-line-82",
        "tile_id": "174-cheongyang-hydro",
        "sheet_id": "174-cheongyang",
        "split": "development",
        "proposal_kind": "visible_linework_review_only",
        "backend": "archaeotrace_ink_v2_centerline",
        "upstream_commit": "7960acddb4e82855e2088fdfdd2244799b63775c",
        "pixel_length": 50.071,
        "point_count": 6,
        "confidence": 1.0,
        "review_status": "unreviewed"
      },
      "geometry": {
        "type": "LineString",
        "coordinates": [
          [
            126.94255032208228,
            36.38620774018695
          ],
          [
            126.94259733947808,
            36.38616936951386
          ],
          [
            126.94287944385287,
            36.38616936951386
          ],
          [
            126.94292646124867,
            36.38620774018695
          ],
          [
            126.94471312228903,
            36.38616936951386
          ],
          [
            126.94480715708063,
            36.38609262816768
          ]
        ]
      }
    },
    {
      "type": "Feature",
      "properties": {
        "proposal_id": "ink-line-83",
        "tile_id": "174-cheongyang-hydro",
        "sheet_id": "174-cheongyang",
        "split": "development",
        "proposal_kind": "visible_linework_review_only",
        "backend": "archaeotrace_ink_v2_centerline",
        "upstream_commit": "7960acddb4e82855e2088fdfdd2244799b63775c",
        "pixel_length": 19.657,
        "point_count": 3,
        "confidence": 1.0,
        "review_status": "unreviewed"
      },
      "geometry": {
        "type": "LineString",
        "coordinates": [
          [
            126.94264435687388,
            36.39119592768847
          ],
          [
            126.94259733947808,
            36.39073547961141
          ],
          [
            126.94273839166549,
            36.390505255572876
          ]
        ]
      }
    },
    {
      "type": "Feature",
      "properties": {
        "proposal_id": "ink-line-84",
        "tile_id": "174-cheongyang-hydro",
        "sheet_id": "174-cheongyang",
        "split": "development",
        "proposal_kind": "visible_linework_review_only",
        "backend": "archaeotrace_ink_v2_centerline",
        "upstream_commit": "7960acddb4e82855e2088fdfdd2244799b63775c",
        "pixel_length": 28.485,
        "point_count": 6,
        "confidence": 1.0,
        "review_status": "unreviewed"
      },
      "geometry": {
        "type": "LineString",
        "coordinates": [
          [
            126.94264435687388,
            36.38716700701416
          ],
          [
            126.94273839166549,
            36.38724374836034
          ],
          [
            126.94273839166549,
            36.38751234307196
          ],
          [
            126.94287944385287,
            36.38778093778358
          ],
          [
            126.94287944385287,
            36.38812627384138
          ],
          [
            126.94292646124867,
            36.38816464451447
          ]
        ]
      }
    },
    {
      "type": "Feature",
      "properties": {
        "proposal_id": "ink-line-85",
        "tile_id": "174-cheongyang-hydro",
        "sheet_id": "174-cheongyang",
        "split": "development",
        "proposal_kind": "visible_linework_review_only",
        "backend": "archaeotrace_ink_v2_centerline",
        "upstream_commit": "7960acddb4e82855e2088fdfdd2244799b63775c",
        "pixel_length": 21.657,
        "point_count": 3,
        "confidence": 1.0,
        "review_status": "unreviewed"
      },
      "geometry": {
        "type": "LineString",
        "coordinates": [
          [
            126.94269137426969,
            36.376269735856994
          ],
          [
            126.94287944385287,
            36.37577091710684
          ],
          [
            126.94287944385287,
            36.37550232239522
          ]
        ]
      }
    },
    {
      "type": "Feature",
      "properties": {
        "proposal_id": "ink-line-86",
        "tile_id": "174-cheongyang-hydro",
        "sheet_id": "174-cheongyang",
        "split": "development",
        "proposal_kind": "visible_linework_review_only",
        "backend": "archaeotrace_ink_v2_centerline",
        "upstream_commit": "7960acddb4e82855e2088fdfdd2244799b63775c",
        "pixel_length": 37.243,
        "point_count": 6,
        "confidence": 1.0,
        "review_status": "unreviewed"
      },
      "geometry": {
        "type": "LineString",
        "coordinates": [
          [
            126.94273839166549,
            36.38574729210988
          ],
          [
            126.94283242645707,
            36.38578566278297
          ],
          [
            126.94358470478986,
            36.38578566278297
          ],
          [
            126.94363172218566,
            36.38574729210988
          ],
          [
            126.94433698312264,
            36.38574729210988
          ],
          [
            126.94443101791424,
            36.385708921436795
          ]
        ]
      }
    },
    {
      "type": "Feature",
      "properties": {
        "proposal_id": "ink-line-87",
        "tile_id": "174-cheongyang-hydro",
        "sheet_id": "174-cheongyang",
        "split": "development",
        "proposal_kind": "visible_linework_review_only",
        "backend": "archaeotrace_ink_v2_centerline",
        "upstream_commit": "7960acddb4e82855e2088fdfdd2244799b63775c",
        "pixel_length": 25.414,
        "point_count": 2,
        "confidence": 1.0,
        "review_status": "unreviewed"
      },
      "geometry": {
        "type": "LineString",
        "coordinates": [
          [
            126.94273839166549,
            36.36813515316221
          ],
          [
            126.94278540906127,
            36.36717588633499
          ]
        ]
      }
    },
    {
      "type": "Feature",
      "properties": {
        "proposal_id": "ink-line-88",
        "tile_id": "174-cheongyang-hydro",
        "sheet_id": "174-cheongyang",
        "split": "development",
        "proposal_kind": "visible_linework_review_only",
        "backend": "archaeotrace_ink_v2_centerline",
        "upstream_commit": "7960acddb4e82855e2088fdfdd2244799b63775c",
        "pixel_length": 49.971,
        "point_count": 8,
        "confidence": 1.0,
        "review_status": "unreviewed"
      },
      "geometry": {
        "type": "LineString",
        "coordinates": [
          [
            126.94283242645707,
            36.36832700652765
          ],
          [
            126.94292646124867,
            36.368442118546916
          ],
          [
            126.94297347864448,
            36.3688258252778
          ],
          [
            126.94320856562346,
            36.36924790268178
          ],
          [
            126.94316154822766,
            36.36955486806649
          ],
          [
            126.94311453083186,
            36.369593238739576
          ],
          [
            126.94311453083186,
            36.369938574797374
          ],
          [
            126.94302049604028,
            36.37005368681664
          ]
        ]
      }
    },
    {
      "type": "Feature",
      "properties": {
        "proposal_id": "ink-line-89",
        "tile_id": "174-cheongyang-hydro",
        "sheet_id": "174-cheongyang",
        "split": "development",
        "proposal_kind": "visible_linework_review_only",
        "backend": "archaeotrace_ink_v2_centerline",
        "upstream_commit": "7960acddb4e82855e2088fdfdd2244799b63775c",
        "pixel_length": 18.243,
        "point_count": 3,
        "confidence": 1.0,
        "review_status": "unreviewed"
      },
      "geometry": {
        "type": "LineString",
        "coordinates": [
          [
            126.94292646124867,
            36.39353653874688
          ],
          [
            126.94292646124867,
            36.39388187480468
          ],
          [
            126.94306751343608,
            36.394188840189386
          ]
        ]
      }
    },
    {
      "type": "Feature",
      "properties": {
        "proposal_id": "ink-line-90",
        "tile_id": "174-cheongyang-hydro",
        "sheet_id": "174-cheongyang",
        "split": "development",
        "proposal_kind": "visible_linework_review_only",
        "backend": "archaeotrace_ink_v2_centerline",
        "upstream_commit": "7960acddb4e82855e2088fdfdd2244799b63775c",
        "pixel_length": 36.142,
        "point_count": 6,
        "confidence": 1.0,
        "review_status": "unreviewed"
      },
      "geometry": {
        "type": "LineString",
        "coordinates": [
          [
            126.94306751343608,
            36.38010680316586
          ],
          [
            126.94311453083186,
            36.37983820845424
          ],
          [
            126.94302049604028,
            36.379646355088795
          ],
          [
            126.94320856562346,
            36.37941613105026
          ],
          [
            126.94320856562346,
            36.37914753633864
          ],
          [
            126.94306751343608,
            36.37887894162702
          ]
        ]
      }
    },
    {
      "type": "Feature",
      "properties": {
        "proposal_id": "ink-line-91",
        "tile_id": "174-cheongyang-hydro",
        "sheet_id": "174-cheongyang",
        "split": "development",
        "proposal_kind": "visible_linework_review_only",
        "backend": "archaeotrace_ink_v2_centerline",
        "upstream_commit": "7960acddb4e82855e2088fdfdd2244799b63775c",
        "pixel_length": 21.828,
        "point_count": 4,
        "confidence": 1.0,
        "review_status": "unreviewed"
      },
      "geometry": {
        "type": "LineString",
        "coordinates": [
          [
            126.94320856562346,
            36.35662395123562
          ],
          [
            126.94320856562346,
            36.35693091662033
          ],
          [
            126.94330260041507,
            36.35712276998577
          ],
          [
            126.94330260041507,
            36.35742973537048
          ]
        ]
      }
    },
    {
      "type": "Feature",
      "properties": {
        "proposal_id": "ink-line-92",
        "tile_id": "174-cheongyang-hydro",
        "sheet_id": "174-cheongyang",
        "split": "development",
        "proposal_kind": "visible_linework_review_only",
        "backend": "archaeotrace_ink_v2_centerline",
        "upstream_commit": "7960acddb4e82855e2088fdfdd2244799b63775c",
        "pixel_length": 24.556,
        "point_count": 3,
        "confidence": 1.0,
        "review_status": "unreviewed"
      },
      "geometry": {
        "type": "LineString",
        "coordinates": [
          [
            126.94330260041507,
            36.38214044883956
          ],
          [
            126.94367873958146,
            36.38210207816647
          ],
          [
            126.94424294833104,
            36.382485784897355
          ]
        ]
      }
    },
    {
      "type": "Feature",
      "properties": {
        "proposal_id": "ink-line-93",
        "tile_id": "174-cheongyang-hydro",
        "sheet_id": "174-cheongyang",
        "split": "development",
        "proposal_kind": "visible_linework_review_only",
        "backend": "archaeotrace_ink_v2_centerline",
        "upstream_commit": "7960acddb4e82855e2088fdfdd2244799b63775c",
        "pixel_length": 27.728,
        "point_count": 3,
        "confidence": 1.0,
        "review_status": "unreviewed"
      },
      "geometry": {
        "type": "LineString",
        "coordinates": [
          [
            126.94330260041507,
            36.3600773118136
          ],
          [
            126.94320856562346,
            36.35965523440962
          ],
          [
            126.94353768739406,
            36.35915641565947
          ]
        ]
      }
    },
    {
      "type": "Feature",
      "properties": {
        "proposal_id": "ink-line-94",
        "tile_id": "174-cheongyang-hydro",
        "sheet_id": "174-cheongyang",
        "split": "development",
        "proposal_kind": "visible_linework_review_only",
        "backend": "archaeotrace_ink_v2_centerline",
        "upstream_commit": "7960acddb4e82855e2088fdfdd2244799b63775c",
        "pixel_length": 23.657,
        "point_count": 6,
        "confidence": 1.0,
        "review_status": "unreviewed"
      },
      "geometry": {
        "type": "LineString",
        "coordinates": [
          [
            126.94349066999825,
            36.386860041629454
          ],
          [
            126.94344365260247,
            36.386821670956365
          ],
          [
            126.94344365260247,
            36.38666818826401
          ],
          [
            126.94353768739406,
            36.38659144691783
          ],
          [
            126.94414891353945,
            36.38659144691783
          ],
          [
            126.94419593093525,
            36.38666818826401
          ]
        ]
      }
    },
    {
      "type": "Feature",
      "properties": {
        "proposal_id": "ink-line-95",
        "tile_id": "174-cheongyang-hydro",
        "sheet_id": "174-cheongyang",
        "split": "development",
        "proposal_kind": "visible_linework_review_only",
        "backend": "archaeotrace_ink_v2_centerline",
        "upstream_commit": "7960acddb4e82855e2088fdfdd2244799b63775c",
        "pixel_length": 19.485,
        "point_count": 4,
        "confidence": 1.0,
        "review_status": "unreviewed"
      },
      "geometry": {
        "type": "LineString",
        "coordinates": [
          [
            126.94358470478986,
            36.38256252624353
          ],
          [
            126.94377277437306,
            36.38271600893589
          ],
          [
            126.94377277437306,
            36.38309971566677
          ],
          [
            126.94367873958146,
            36.38321482768604
          ]
        ]
      }
    },
    {
      "type": "Feature",
      "properties": {
        "proposal_id": "ink-line-96",
        "tile_id": "174-cheongyang-hydro",
        "sheet_id": "174-cheongyang",
        "split": "development",
        "proposal_kind": "visible_linework_review_only",
        "backend": "archaeotrace_ink_v2_centerline",
        "upstream_commit": "7960acddb4e82855e2088fdfdd2244799b63775c",
        "pixel_length": 31.485,
        "point_count": 6,
        "confidence": 1.0,
        "review_status": "unreviewed"
      },
      "geometry": {
        "type": "LineString",
        "coordinates": [
          [
            126.94391382656045,
            36.38121955268543
          ],
          [
            126.94405487874785,
            36.38121955268543
          ],
          [
            126.94419593093525,
            36.38141140605087
          ],
          [
            126.94414891353945,
            36.38187185412794
          ],
          [
            126.94419593093525,
            36.381910224801025
          ],
          [
            126.94424294833104,
            36.382217190185735
          ]
        ]
      }
    },
    {
      "type": "Feature",
      "properties": {
        "proposal_id": "ink-line-97",
        "tile_id": "174-cheongyang-hydro",
        "sheet_id": "174-cheongyang",
        "split": "development",
        "proposal_kind": "visible_linework_review_only",
        "backend": "archaeotrace_ink_v2_centerline",
        "upstream_commit": "7960acddb4e82855e2088fdfdd2244799b63775c",
        "pixel_length": 37.556,
        "point_count": 6,
        "confidence": 1.0,
        "review_status": "unreviewed"
      },
      "geometry": {
        "type": "LineString",
        "coordinates": [
          [
            126.94396084395625,
            36.387972791149025
          ],
          [
            126.94433698312264,
            36.38785767912976
          ],
          [
            126.94452505270584,
            36.38789604980285
          ],
          [
            126.94461908749743,
            36.387972791149025
          ],
          [
            126.94466610489323,
            36.38820301518756
          ],
          [
            126.94447803531004,
            36.38870183393771
          ]
        ]
      }
    },
    {
      "type": "Feature",
      "properties": {
        "proposal_id": "ink-line-98",
        "tile_id": "174-cheongyang-hydro",
        "sheet_id": "174-cheongyang",
        "split": "development",
        "proposal_kind": "visible_linework_review_only",
        "backend": "archaeotrace_ink_v2_centerline",
        "upstream_commit": "7960acddb4e82855e2088fdfdd2244799b63775c",
        "pixel_length": 38.071,
        "point_count": 7,
        "confidence": 1.0,
        "review_status": "unreviewed"
      },
      "geometry": {
        "type": "LineString",
        "coordinates": [
          [
            126.94400786135205,
            36.389430876726394
          ],
          [
            126.94410189614365,
            36.38946924739948
          ],
          [
            126.94485417447643,
            36.38946924739948
          ],
          [
            126.94490119187223,
            36.389430876726394
          ],
          [
            126.94537136583021,
            36.389430876726394
          ],
          [
            126.94546540062181,
            36.389392506053305
          ],
          [
            126.94570048760082,
            36.38946924739948
          ]
        ]
      }
    },
    {
      "type": "Feature",
      "properties": {
        "proposal_id": "ink-line-99",
        "tile_id": "174-cheongyang-hydro",
        "sheet_id": "174-cheongyang",
        "split": "development",
        "proposal_kind": "visible_linework_review_only",
        "backend": "archaeotrace_ink_v2_centerline",
        "upstream_commit": "7960acddb4e82855e2088fdfdd2244799b63775c",
        "pixel_length": 23.828,
        "point_count": 3,
        "confidence": 1.0,
        "review_status": "unreviewed"
      },
      "geometry": {
        "type": "LineString",
        "coordinates": [
          [
            126.94433698312264,
            36.3900831781689
          ],
          [
            126.94532434843443,
            36.39004480749581
          ],
          [
            126.94541838322601,
            36.39000643682272
          ]
        ]
      }
    },
    {
      "type": "Feature",
      "properties": {
        "proposal_id": "ink-line-100",
        "tile_id": "174-cheongyang-hydro",
        "sheet_id": "174-cheongyang",
        "split": "development",
        "proposal_kind": "visible_linework_review_only",
        "backend": "archaeotrace_ink_v2_centerline",
        "upstream_commit": "7960acddb4e82855e2088fdfdd2244799b63775c",
        "pixel_length": 22.071,
        "point_count": 4,
        "confidence": 1.0,
        "review_status": "unreviewed"
      },
      "geometry": {
        "type": "LineString",
        "coordinates": [
          [
            126.94457207010164,
            36.381373035377784
          ],
          [
            126.94447803531004,
            36.38168000076249
          ],
          [
            126.94447803531004,
            36.3819869661472
          ],
          [
            126.94461908749743,
            36.38214044883956
          ]
        ]
      }
    },
    {
      "type": "Feature",
      "properties": {
        "proposal_id": "ink-line-101",
        "tile_id": "174-cheongyang-hydro",
        "sheet_id": "174-cheongyang",
        "split": "development",
        "proposal_kind": "visible_linework_review_only",
        "backend": "archaeotrace_ink_v2_centerline",
        "upstream_commit": "7960acddb4e82855e2088fdfdd2244799b63775c",
        "pixel_length": 24.243,
        "point_count": 3,
        "confidence": 1.0,
        "review_status": "unreviewed"
      },
      "geometry": {
        "type": "LineString",
        "coordinates": [
          [
            126.94471312228903,
            36.382178819512646
          ],
          [
            126.94565347020502,
            36.382217190185735
          ],
          [
            126.9457945223924,
            36.38214044883956
          ]
        ]
      }
    },
    {
      "type": "Feature",
      "properties": {
        "proposal_id": "ink-line-102",
        "tile_id": "174-cheongyang-hydro",
        "sheet_id": "174-cheongyang",
        "split": "development",
        "proposal_kind": "visible_linework_review_only",
        "backend": "archaeotrace_ink_v2_centerline",
        "upstream_commit": "7960acddb4e82855e2088fdfdd2244799b63775c",
        "pixel_length": 23.071,
        "point_count": 6,
        "confidence": 1.0,
        "review_status": "unreviewed"
      },
      "geometry": {
        "type": "LineString",
        "coordinates": [
          [
            126.94485417447643,
            36.39257727191966
          ],
          [
            126.94504224405962,
            36.392538901246574
          ],
          [
            126.94523031364282,
            36.39257727191966
          ],
          [
            126.94532434843443,
            36.39242378922731
          ],
          [
            126.94565347020502,
            36.39242378922731
          ],
          [
            126.9457475049966,
            36.39238541855422
          ]
        ]
      }
    },
    {
      "type": "Feature",
      "properties": {
        "proposal_id": "ink-line-103",
        "tile_id": "174-cheongyang-hydro",
        "sheet_id": "174-cheongyang",
        "split": "development",
        "proposal_kind": "visible_linework_review_only",
        "backend": "archaeotrace_ink_v2_centerline",
        "upstream_commit": "7960acddb4e82855e2088fdfdd2244799b63775c",
        "pixel_length": 26.899,
        "point_count": 5,
        "confidence": 1.0,
        "review_status": "unreviewed"
      },
      "geometry": {
        "type": "LineString",
        "coordinates": [
          [
            126.94494820926803,
            36.38474965460958
          ],
          [
            126.94513627885122,
            36.384826395955756
          ],
          [
            126.94555943541341,
            36.384864766628844
          ],
          [
            126.9457475049966,
            36.3846729132634
          ],
          [
            126.9457475049966,
            36.384442689224876
          ]
        ]
      }
    },
    {
      "type": "Feature",
      "properties": {
        "proposal_id": "ink-line-104",
        "tile_id": "174-cheongyang-hydro",
        "sheet_id": "174-cheongyang",
        "split": "development",
        "proposal_kind": "visible_linework_review_only",
        "backend": "archaeotrace_ink_v2_centerline",
        "upstream_commit": "7960acddb4e82855e2088fdfdd2244799b63775c",
        "pixel_length": 26.071,
        "point_count": 5,
        "confidence": 1.0,
        "review_status": "unreviewed"
      },
      "geometry": {
        "type": "LineString",
        "coordinates": [
          [
            126.94537136583021,
            36.35827389017843
          ],
          [
            126.94570048760082,
            36.35823551950534
          ],
          [
            126.9459825919756,
            36.358120407486076
          ],
          [
            126.9464057485378,
            36.358120407486076
          ],
          [
            126.94649978332939,
            36.35808203681299
          ]
        ]
      }
    },
    {
      "type": "Feature",
      "properties": {
        "proposal_id": "ink-line-105",
        "tile_id": "174-cheongyang-hydro",
        "sheet_id": "174-cheongyang",
        "split": "development",
        "proposal_kind": "visible_linework_review_only",
        "backend": "archaeotrace_ink_v2_centerline",
        "upstream_commit": "7960acddb4e82855e2088fdfdd2244799b63775c",
        "pixel_length": 29.243,
        "point_count": 4,
        "confidence": 1.0,
        "review_status": "unreviewed"
      },
      "geometry": {
        "type": "LineString",
        "coordinates": [
          [
            126.94541838322601,
            36.3843659478787
          ],
          [
            126.94546540062181,
            36.38405898249399
          ],
          [
            126.94560645280922,
            36.38398224114781
          ],
          [
            126.9464057485378,
            36.38398224114781
          ]
        ]
      }
    },
    {
      "type": "Feature",
      "properties": {
        "proposal_id": "ink-line-106",
        "tile_id": "174-cheongyang-hydro",
        "sheet_id": "174-cheongyang",
        "split": "development",
        "proposal_kind": "visible_linework_review_only",
        "backend": "archaeotrace_ink_v2_centerline",
        "upstream_commit": "7960acddb4e82855e2088fdfdd2244799b63775c",
        "pixel_length": 18.142,
        "point_count": 4,
        "confidence": 1.0,
        "review_status": "unreviewed"
      },
      "geometry": {
        "type": "LineString",
        "coordinates": [
          [
            126.94541838322601,
            36.375387210375955
          ],
          [
            126.94541838322601,
            36.37546395172213
          ],
          [
            126.94570048760082,
            36.375694175760664
          ],
          [
            126.9459825919756,
            36.37584765845302
          ]
        ]
      }
    },
    {
      "type": "Feature",
      "properties": {
        "proposal_id": "ink-line-107",
        "tile_id": "174-cheongyang-hydro",
        "sheet_id": "174-cheongyang",
        "split": "development",
        "proposal_kind": "visible_linework_review_only",
        "backend": "archaeotrace_ink_v2_centerline",
        "upstream_commit": "7960acddb4e82855e2088fdfdd2244799b63775c",
        "pixel_length": 22.899,
        "point_count": 6,
        "confidence": 1.0,
        "review_status": "unreviewed"
      },
      "geometry": {
        "type": "LineString",
        "coordinates": [
          [
            126.94551241801761,
            36.37461979691419
          ],
          [
            126.94541838322601,
            36.37450468489492
          ],
          [
            126.94551241801761,
            36.37431283152948
          ],
          [
            126.94565347020502,
            36.3742360901833
          ],
          [
            126.94602960937141,
            36.3742360901833
          ],
          [
            126.9460766267672,
            36.374197719510214
          ]
        ]
      }
    },
    {
      "type": "Feature",
      "properties": {
        "proposal_id": "ink-line-108",
        "tile_id": "174-cheongyang-hydro",
        "sheet_id": "174-cheongyang",
        "split": "development",
        "proposal_kind": "visible_linework_review_only",
        "backend": "archaeotrace_ink_v2_centerline",
        "upstream_commit": "7960acddb4e82855e2088fdfdd2244799b63775c",
        "pixel_length": 23.485,
        "point_count": 6,
        "confidence": 1.0,
        "review_status": "unreviewed"
      },
      "geometry": {
        "type": "LineString",
        "coordinates": [
          [
            126.94555943541341,
            36.38060562191601
          ],
          [
            126.94560645280922,
            36.3802986565313
          ],
          [
            126.94565347020502,
            36.38026028585821
          ],
          [
            126.94560645280922,
            36.380221915185125
          ],
          [
            126.94565347020502,
            36.38006843249277
          ],
          [
            126.94555943541341,
            36.37979983778115
          ]
        ]
      }
    },
    {
      "type": "Feature",
      "properties": {
        "proposal_id": "ink-line-109",
        "tile_id": "174-cheongyang-hydro",
        "sheet_id": "174-cheongyang",
        "split": "development",
        "proposal_kind": "visible_linework_review_only",
        "backend": "archaeotrace_ink_v2_centerline",
        "upstream_commit": "7960acddb4e82855e2088fdfdd2244799b63775c",
        "pixel_length": 30.556,
        "point_count": 7,
        "confidence": 1.0,
        "review_status": "unreviewed"
      },
      "geometry": {
        "type": "LineString",
        "coordinates": [
          [
            126.94555943541341,
            36.365602688738356
          ],
          [
            126.94537136583021,
            36.365449206046
          ],
          [
            126.94532434843443,
            36.365334094026736
          ],
          [
            126.94537136583021,
            36.36514224066129
          ],
          [
            126.94560645280922,
            36.364950387295856
          ],
          [
            126.9459355745798,
            36.364950387295856
          ],
          [
            126.9459825919756,
            36.364988757968945
          ]
        ]
      }
    },
    {
      "type": "Feature",
      "properties": {
        "proposal_id": "ink-line-110",
        "tile_id": "174-cheongyang-hydro",
        "sheet_id": "174-cheongyang",
        "split": "development",
        "proposal_kind": "visible_linework_review_only",
        "backend": "archaeotrace_ink_v2_centerline",
        "upstream_commit": "7960acddb4e82855e2088fdfdd2244799b63775c",
        "pixel_length": 22.243,
        "point_count": 4,
        "confidence": 1.0,
        "review_status": "unreviewed"
      },
      "geometry": {
        "type": "LineString",
        "coordinates": [
          [
            126.94560645280922,
            36.36249466421818
          ],
          [
            126.9460766267672,
            36.362456293545094
          ],
          [
            126.9462646963504,
            36.36237955219892
          ],
          [
            126.94659381812099,
            36.36237955219892
          ]
        ]
      }
    },
    {
      "type": "Feature",
      "properties": {
        "proposal_id": "ink-line-111",
        "tile_id": "174-cheongyang-hydro",
        "sheet_id": "174-cheongyang",
        "split": "development",
        "proposal_kind": "visible_linework_review_only",
        "backend": "archaeotrace_ink_v2_centerline",
        "upstream_commit": "7960acddb4e82855e2088fdfdd2244799b63775c",
        "pixel_length": 20.142,
        "point_count": 3,
        "confidence": 1.0,
        "review_status": "unreviewed"
      },
      "geometry": {
        "type": "LineString",
        "coordinates": [
          [
            126.9459355745798,
            36.375118615664334
          ],
          [
            126.9461706615588,
            36.37550232239522
          ],
          [
            126.94645276593359,
            36.375694175760664
          ]
        ]
      }
    },
    {
      "type": "Feature",
      "properties": {
        "proposal_id": "ink-line-112",
        "tile_id": "174-cheongyang-hydro",
        "sheet_id": "174-cheongyang",
        "split": "development",
        "proposal_kind": "visible_linework_review_only",
        "backend": "archaeotrace_ink_v2_centerline",
        "upstream_commit": "7960acddb4e82855e2088fdfdd2244799b63775c",
        "pixel_length": 25.071,
        "point_count": 6,
        "confidence": 1.0,
        "review_status": "unreviewed"
      },
      "geometry": {
        "type": "LineString",
        "coordinates": [
          [
            126.9462176789546,
            36.37296985797138
          ],
          [
            126.946358731142,
            36.37296985797138
          ],
          [
            126.94673487030839,
            36.37308496999064
          ],
          [
            126.94701697468318,
            36.37308496999064
          ],
          [
            126.94706399207898,
            36.37312334066373
          ],
          [
            126.94729907905797,
            36.37308496999064
          ]
        ]
      }
    },
    {
      "type": "Feature",
      "properties": {
        "proposal_id": "ink-line-113",
        "tile_id": "174-cheongyang-hydro",
        "sheet_id": "174-cheongyang",
        "split": "development",
        "proposal_kind": "visible_linework_review_only",
        "backend": "archaeotrace_ink_v2_centerline",
        "upstream_commit": "7960acddb4e82855e2088fdfdd2244799b63775c",
        "pixel_length": 29.071,
        "point_count": 6,
        "confidence": 1.0,
        "review_status": "unreviewed"
      },
      "geometry": {
        "type": "LineString",
        "coordinates": [
          [
            126.94645276593359,
            36.39088896230376
          ],
          [
            126.9464057485378,
            36.39073547961141
          ],
          [
            126.94645276593359,
            36.39035177288052
          ],
          [
            126.94654680072519,
            36.390275031534344
          ],
          [
            126.94664083551679,
            36.39031340220743
          ],
          [
            126.94706399207898,
            36.39031340220743
          ]
        ]
      }
    },
    {
      "type": "Feature",
      "properties": {
        "proposal_id": "ink-line-114",
        "tile_id": "174-cheongyang-hydro",
        "sheet_id": "174-cheongyang",
        "split": "development",
        "proposal_kind": "visible_linework_review_only",
        "backend": "archaeotrace_ink_v2_centerline",
        "upstream_commit": "7960acddb4e82855e2088fdfdd2244799b63775c",
        "pixel_length": 24.414,
        "point_count": 3,
        "confidence": 1.0,
        "review_status": "unreviewed"
      },
      "geometry": {
        "type": "LineString",
        "coordinates": [
          [
            126.94645276593359,
            36.357583218062835
          ],
          [
            126.94744013124537,
            36.357583218062835
          ],
          [
            126.94758118343276,
            36.35754484738975
          ]
        ]
      }
    },
    {
      "type": "Feature",
      "properties": {
        "proposal_id": "ink-line-115",
        "tile_id": "174-cheongyang-hydro",
        "sheet_id": "174-cheongyang",
        "split": "development",
        "proposal_kind": "visible_linework_review_only",
        "backend": "archaeotrace_ink_v2_centerline",
        "upstream_commit": "7960acddb4e82855e2088fdfdd2244799b63775c",
        "pixel_length": 22.243,
        "point_count": 3,
        "confidence": 1.0,
        "review_status": "unreviewed"
      },
      "geometry": {
        "type": "LineString",
        "coordinates": [
          [
            126.94649978332939,
            36.38732048970652
          ],
          [
            126.94706399207898,
            36.38720537768725
          ],
          [
            126.94748714864117,
            36.38720537768725
          ]
        ]
      }
    },
    {
      "type": "Feature",
      "properties": {
        "proposal_id": "ink-line-116",
        "tile_id": "174-cheongyang-hydro",
        "sheet_id": "174-cheongyang",
        "split": "development",
        "proposal_kind": "visible_linework_review_only",
        "backend": "archaeotrace_ink_v2_centerline",
        "upstream_commit": "7960acddb4e82855e2088fdfdd2244799b63775c",
        "pixel_length": 30.314,
        "point_count": 7,
        "confidence": 1.0,
        "review_status": "unreviewed"
      },
      "geometry": {
        "type": "LineString",
        "coordinates": [
          [
            126.94649978332939,
            36.381334664704696
          ],
          [
            126.94687592249578,
            36.38125792335852
          ],
          [
            126.94711100947478,
            36.38114281133925
          ],
          [
            126.94715802687058,
            36.38118118201234
          ],
          [
            126.94734609645377,
            36.38114281133925
          ],
          [
            126.94767521822436,
            36.38114281133925
          ],
          [
            126.94776925301596,
            36.38118118201234
          ]
        ]
      }
    },
    {
      "type": "Feature",
      "properties": {
        "proposal_id": "ink-line-117",
        "tile_id": "174-cheongyang-hydro",
        "sheet_id": "174-cheongyang",
        "split": "development",
        "proposal_kind": "visible_linework_review_only",
        "backend": "archaeotrace_ink_v2_centerline",
        "upstream_commit": "7960acddb4e82855e2088fdfdd2244799b63775c",
        "pixel_length": 21.485,
        "point_count": 4,
        "confidence": 1.0,
        "review_status": "unreviewed"
      },
      "geometry": {
        "type": "LineString",
        "coordinates": [
          [
            126.94654680072519,
            36.37062924691297
          ],
          [
            126.94673487030839,
            36.3705141348937
          ],
          [
            126.94678188770419,
            36.37009205748973
          ],
          [
            126.94687592249578,
            36.369938574797374
          ]
        ]
      }
    },
    {
      "type": "Feature",
      "properties": {
        "proposal_id": "ink-line-118",
        "tile_id": "174-cheongyang-hydro",
        "sheet_id": "174-cheongyang",
        "split": "development",
        "proposal_kind": "visible_linework_review_only",
        "backend": "archaeotrace_ink_v2_centerline",
        "upstream_commit": "7960acddb4e82855e2088fdfdd2244799b63775c",
        "pixel_length": 28.485,
        "point_count": 5,
        "confidence": 1.0,
        "review_status": "unreviewed"
      },
      "geometry": {
        "type": "LineString",
        "coordinates": [
          [
            126.94673487030839,
            36.38981458345728
          ],
          [
            126.94664083551679,
            36.389699471438014
          ],
          [
            126.94664083551679,
            36.38954598874566
          ],
          [
            126.94678188770419,
            36.38916228201477
          ],
          [
            126.94673487030839,
            36.388816945956975
          ]
        ]
      }
    },
    {
      "type": "Feature",
      "properties": {
        "proposal_id": "ink-line-119",
        "tile_id": "174-cheongyang-hydro",
        "sheet_id": "174-cheongyang",
        "split": "development",
        "proposal_kind": "visible_linework_review_only",
        "backend": "archaeotrace_ink_v2_centerline",
        "upstream_commit": "7960acddb4e82855e2088fdfdd2244799b63775c",
        "pixel_length": 29.142,
        "point_count": 5,
        "confidence": 1.0,
        "review_status": "unreviewed"
      },
      "geometry": {
        "type": "LineString",
        "coordinates": [
          [
            126.94673487030839,
            36.38613099884077
          ],
          [
            126.94692293989158,
            36.386246110860036
          ],
          [
            126.94739311384957,
            36.386284481533124
          ],
          [
            126.94762820082856,
            36.38616936951386
          ],
          [
            126.94776925301596,
            36.38593914547533
          ]
        ]
      }
    },
    {
      "type": "Feature",
      "properties": {
        "proposal_id": "ink-line-120",
        "tile_id": "174-cheongyang-hydro",
        "sheet_id": "174-cheongyang",
        "split": "development",
        "proposal_kind": "visible_linework_review_only",
        "backend": "archaeotrace_ink_v2_centerline",
        "upstream_commit": "7960acddb4e82855e2088fdfdd2244799b63775c",
        "pixel_length": 22.728,
        "point_count": 7,
        "confidence": 1.0,
        "review_status": "unreviewed"
      },
      "geometry": {
        "type": "LineString",
        "coordinates": [
          [
            126.94673487030839,
            36.363569043064665
          ],
          [
            126.94696995728738,
            36.36341556037231
          ],
          [
            126.94711100947478,
            36.36341556037231
          ],
          [
            126.94720504426637,
            36.36349230171849
          ],
          [
            126.94715802687058,
            36.36360741373775
          ],
          [
            126.94720504426637,
            36.3637992671032
          ],
          [
            126.94715802687058,
            36.363837637776285
          ]
        ]
      }
    },
    {
      "type": "Feature",
      "properties": {
        "proposal_id": "ink-line-121",
        "tile_id": "174-cheongyang-hydro",
        "sheet_id": "174-cheongyang",
        "split": "development",
        "proposal_kind": "visible_linework_review_only",
        "backend": "archaeotrace_ink_v2_centerline",
        "upstream_commit": "7960acddb4e82855e2088fdfdd2244799b63775c",
        "pixel_length": 19.414,
        "point_count": 2,
        "confidence": 1.0,
        "review_status": "unreviewed"
      },
      "geometry": {
        "type": "LineString",
        "coordinates": [
          [
            126.94678188770419,
            36.385094990667376
          ],
          [
            126.94682890509998,
            36.38582403345606
          ]
        ]
      }
    },
    {
      "type": "Feature",
      "properties": {
        "proposal_id": "ink-line-122",
        "tile_id": "174-cheongyang-hydro",
        "sheet_id": "174-cheongyang",
        "split": "development",
        "proposal_kind": "visible_linework_review_only",
        "backend": "archaeotrace_ink_v2_centerline",
        "upstream_commit": "7960acddb4e82855e2088fdfdd2244799b63775c",
        "pixel_length": 22.828,
        "point_count": 5,
        "confidence": 1.0,
        "review_status": "unreviewed"
      },
      "geometry": {
        "type": "LineString",
        "coordinates": [
          [
            126.94682890509998,
            36.39319120268908
          ],
          [
            126.94701697468318,
            36.39319120268908
          ],
          [
            126.94706399207898,
            36.39315283201599
          ],
          [
            126.94706399207898,
            36.39257727191966
          ],
          [
            126.94711100947478,
            36.392500530573486
          ]
        ]
      }
    },
    {
      "type": "Feature",
      "properties": {
        "proposal_id": "ink-line-123",
        "tile_id": "174-cheongyang-hydro",
        "sheet_id": "174-cheongyang",
        "split": "development",
        "proposal_kind": "visible_linework_review_only",
        "backend": "archaeotrace_ink_v2_centerline",
        "upstream_commit": "7960acddb4e82855e2088fdfdd2244799b63775c",
        "pixel_length": 20.485,
        "point_count": 7,
        "confidence": 1.0,
        "review_status": "unreviewed"
      },
      "geometry": {
        "type": "LineString",
        "coordinates": [
          [
            126.94682890509998,
            36.368173523835296
          ],
          [
            126.94664083551679,
            36.368173523835296
          ],
          [
            126.94654680072519,
            36.36832700652765
          ],
          [
            126.94664083551679,
            36.36840374787383
          ],
          [
            126.94678188770419,
            36.36840374787383
          ],
          [
            126.94687592249578,
            36.36832700652765
          ],
          [
            126.94687592249578,
            36.368211894508384
          ]
        ]
      }
    },
    {
      "type": "Feature",
      "properties": {
        "proposal_id": "ink-line-124",
        "tile_id": "174-cheongyang-hydro",
        "sheet_id": "174-cheongyang",
        "split": "development",
        "proposal_kind": "visible_linework_review_only",
        "backend": "archaeotrace_ink_v2_centerline",
        "upstream_commit": "7960acddb4e82855e2088fdfdd2244799b63775c",
        "pixel_length": 23.899,
        "point_count": 4,
        "confidence": 1.0,
        "review_status": "unreviewed"
      },
      "geometry": {
        "type": "LineString",
        "coordinates": [
          [
            126.94696995728738,
            36.36721425700808
          ],
          [
            126.94744013124537,
            36.36717588633499
          ],
          [
            126.94776925301596,
            36.367367739700434
          ],
          [
            126.94781627041176,
            36.36752122239279
          ]
        ]
      }
    },
    {
      "type": "Feature",
      "properties": {
        "proposal_id": "ink-line-125",
        "tile_id": "174-cheongyang-hydro",
        "sheet_id": "174-cheongyang",
        "split": "development",
        "proposal_kind": "visible_linework_review_only",
        "backend": "archaeotrace_ink_v2_centerline",
        "upstream_commit": "7960acddb4e82855e2088fdfdd2244799b63775c",
        "pixel_length": 23.899,
        "point_count": 7,
        "confidence": 1.0,
        "review_status": "unreviewed"
      },
      "geometry": {
        "type": "LineString",
        "coordinates": [
          [
            126.94706399207898,
            36.38474965460958
          ],
          [
            126.94715802687058,
            36.38497987864811
          ],
          [
            126.94729907905797,
            36.385094990667376
          ],
          [
            126.94758118343276,
            36.385094990667376
          ],
          [
            126.94762820082856,
            36.38505661999429
          ],
          [
            126.94781627041176,
            36.38505661999429
          ],
          [
            126.94786328780756,
            36.385094990667376
          ]
        ]
      }
    },
    {
      "type": "Feature",
      "properties": {
        "proposal_id": "ink-line-126",
        "tile_id": "174-cheongyang-hydro",
        "sheet_id": "174-cheongyang",
        "split": "development",
        "proposal_kind": "visible_linework_review_only",
        "backend": "archaeotrace_ink_v2_centerline",
        "upstream_commit": "7960acddb4e82855e2088fdfdd2244799b63775c",
        "pixel_length": 33.485,
        "point_count": 4,
        "confidence": 1.0,
        "review_status": "unreviewed"
      },
      "geometry": {
        "type": "LineString",
        "coordinates": [
          [
            126.94720504426637,
            36.39230867720804
          ],
          [
            126.94776925301596,
            36.39219356518878
          ],
          [
            126.94842749655714,
            36.392231935861865
          ],
          [
            126.94866258353615,
            36.39230867720804
          ]
        ]
      }
    },
    {
      "type": "Feature",
      "properties": {
        "proposal_id": "ink-line-127",
        "tile_id": "174-cheongyang-hydro",
        "sheet_id": "174-cheongyang",
        "split": "development",
        "proposal_kind": "visible_linework_review_only",
        "backend": "archaeotrace_ink_v2_centerline",
        "upstream_commit": "7960acddb4e82855e2088fdfdd2244799b63775c",
        "pixel_length": 18.556,
        "point_count": 2,
        "confidence": 1.0,
        "review_status": "unreviewed"
      },
      "geometry": {
        "type": "LineString",
        "coordinates": [
          [
            126.94725206166217,
            36.37201059114416
          ],
          [
            126.94791030520337,
            36.372432668548136
          ]
        ]
      }
    },
    {
      "type": "Feature",
      "properties": {
        "proposal_id": "ink-line-128",
        "tile_id": "174-cheongyang-hydro",
        "sheet_id": "174-cheongyang",
        "split": "development",
        "proposal_kind": "visible_linework_review_only",
        "backend": "archaeotrace_ink_v2_centerline",
        "upstream_commit": "7960acddb4e82855e2088fdfdd2244799b63775c",
        "pixel_length": 18.657,
        "point_count": 4,
        "confidence": 1.0,
        "review_status": "unreviewed"
      },
      "geometry": {
        "type": "LineString",
        "coordinates": [
          [
            126.94729907905797,
            36.36924790268178
          ],
          [
            126.94744013124537,
            36.36897930797016
          ],
          [
            126.94744013124537,
            36.36871071325854
          ],
          [
            126.94729907905797,
            36.36867234258545
          ]
        ]
      }
    },
    {
      "type": "Feature",
      "properties": {
        "proposal_id": "ink-line-129",
        "tile_id": "174-cheongyang-hydro",
        "sheet_id": "174-cheongyang",
        "split": "development",
        "proposal_kind": "visible_linework_review_only",
        "backend": "archaeotrace_ink_v2_centerline",
        "upstream_commit": "7960acddb4e82855e2088fdfdd2244799b63775c",
        "pixel_length": 23.071,
        "point_count": 5,
        "confidence": 1.0,
        "review_status": "unreviewed"
      },
      "geometry": {
        "type": "LineString",
        "coordinates": [
          [
            126.94734609645377,
            36.386860041629454
          ],
          [
            126.94762820082856,
            36.38693678297563
          ],
          [
            126.94795732259915,
            36.38689841230254
          ],
          [
            126.94805135739075,
            36.38697515364872
          ],
          [
            126.94833346176554,
            36.38697515364872
          ]
        ]
      }
    },
    {
      "type": "Feature",
      "properties": {
        "proposal_id": "ink-line-130",
        "tile_id": "174-cheongyang-hydro",
        "sheet_id": "174-cheongyang",
        "split": "development",
        "proposal_kind": "visible_linework_review_only",
        "backend": "archaeotrace_ink_v2_centerline",
        "upstream_commit": "7960acddb4e82855e2088fdfdd2244799b63775c",
        "pixel_length": 52.385,
        "point_count": 8,
        "confidence": 1.0,
        "review_status": "unreviewed"
      },
      "geometry": {
        "type": "LineString",
        "coordinates": [
          [
            126.94786328780756,
            36.376269735856994
          ],
          [
            126.94823942697396,
            36.37638484787626
          ],
          [
            126.94842749655714,
            36.37638484787626
          ],
          [
            126.94903872270253,
            36.376538330568614
          ],
          [
            126.94922679228573,
            36.376538330568614
          ],
          [
            126.94941486186892,
            36.37661507191479
          ],
          [
            126.94960293145212,
            36.37661507191479
          ],
          [
            126.95007310541011,
            36.376768554607146
          ]
        ]
      }
    },
    {
      "type": "Feature",
      "properties": {
        "proposal_id": "ink-line-131",
        "tile_id": "174-cheongyang-hydro",
        "sheet_id": "174-cheongyang",
        "split": "development",
        "proposal_kind": "visible_linework_review_only",
        "backend": "archaeotrace_ink_v2_centerline",
        "upstream_commit": "7960acddb4e82855e2088fdfdd2244799b63775c",
        "pixel_length": 22.899,
        "point_count": 5,
        "confidence": 1.0,
        "review_status": "unreviewed"
      },
      "geometry": {
        "type": "LineString",
        "coordinates": [
          [
            126.94791030520337,
            36.371626884413274
          ],
          [
            126.94805135739075,
            36.371857108451806
          ],
          [
            126.94823942697396,
            36.37197222047107
          ],
          [
            126.94838047916134,
            36.37193384979798
          ],
          [
            126.94838047916134,
            36.37166525508636
          ]
        ]
      }
    },
    {
      "type": "Feature",
      "properties": {
        "proposal_id": "ink-line-132",
        "tile_id": "174-cheongyang-hydro",
        "sheet_id": "174-cheongyang",
        "split": "development",
        "proposal_kind": "visible_linework_review_only",
        "backend": "archaeotrace_ink_v2_centerline",
        "upstream_commit": "7960acddb4e82855e2088fdfdd2244799b63775c",
        "pixel_length": 22.485,
        "point_count": 5,
        "confidence": 1.0,
        "review_status": "unreviewed"
      },
      "geometry": {
        "type": "LineString",
        "coordinates": [
          [
            126.94800433999495,
            36.35723788200504
          ],
          [
            126.94800433999495,
            36.35685417527415
          ],
          [
            126.94791030520337,
            36.356739063254885
          ],
          [
            126.94795732259915,
            36.35662395123562
          ],
          [
            126.94814539218235,
            36.35650883921635
          ]
        ]
      }
    },
    {
      "type": "Feature",
      "properties": {
        "proposal_id": "ink-line-133",
        "tile_id": "174-cheongyang-hydro",
        "sheet_id": "174-cheongyang",
        "split": "development",
        "proposal_kind": "visible_linework_review_only",
        "backend": "archaeotrace_ink_v2_centerline",
        "upstream_commit": "7960acddb4e82855e2088fdfdd2244799b63775c",
        "pixel_length": 26.728,
        "point_count": 3,
        "confidence": 1.0,
        "review_status": "unreviewed"
      },
      "geometry": {
        "type": "LineString",
        "coordinates": [
          [
            126.94838047916134,
            36.385094990667376
          ],
          [
            126.94847451395295,
            36.38459617191723
          ],
          [
            126.94880363572354,
            36.384212465186344
          ]
        ]
      }
    },
    {
      "type": "Feature",
      "properties": {
        "proposal_id": "ink-line-134",
        "tile_id": "174-cheongyang-hydro",
        "sheet_id": "174-cheongyang",
        "split": "development",
        "proposal_kind": "visible_linework_review_only",
        "backend": "archaeotrace_ink_v2_centerline",
        "upstream_commit": "7960acddb4e82855e2088fdfdd2244799b63775c",
        "pixel_length": 18.485,
        "point_count": 4,
        "confidence": 1.0,
        "review_status": "unreviewed"
      },
      "geometry": {
        "type": "LineString",
        "coordinates": [
          [
            126.94847451395295,
            36.38286949162824
          ],
          [
            126.94866258353615,
            36.38294623297442
          ],
          [
            126.94880363572354,
            36.38294623297442
          ],
          [
            126.94899170530674,
            36.38260089691662
          ]
        ]
      }
    },
    {
      "type": "Feature",
      "properties": {
        "proposal_id": "ink-line-135",
        "tile_id": "174-cheongyang-hydro",
        "sheet_id": "174-cheongyang",
        "split": "development",
        "proposal_kind": "visible_linework_review_only",
        "backend": "archaeotrace_ink_v2_centerline",
        "upstream_commit": "7960acddb4e82855e2088fdfdd2244799b63775c",
        "pixel_length": 22.657,
        "point_count": 3,
        "confidence": 1.0,
        "review_status": "unreviewed"
      },
      "geometry": {
        "type": "LineString",
        "coordinates": [
          [
            126.94847451395295,
            36.3705141348937
          ],
          [
            126.94861556614035,
            36.37070598825915
          ],
          [
            126.94856854874455,
            36.371319919028565
          ]
        ]
      }
    },
    {
      "type": "Feature",
      "properties": {
        "proposal_id": "ink-line-136",
        "tile_id": "174-cheongyang-hydro",
        "sheet_id": "174-cheongyang",
        "split": "development",
        "proposal_kind": "visible_linework_review_only",
        "backend": "archaeotrace_ink_v2_centerline",
        "upstream_commit": "7960acddb4e82855e2088fdfdd2244799b63775c",
        "pixel_length": 19.071,
        "point_count": 6,
        "confidence": 1.0,
        "review_status": "unreviewed"
      },
      "geometry": {
        "type": "LineString",
        "coordinates": [
          [
            126.94852153134875,
            36.35570305508149
          ],
          [
            126.94861556614035,
            36.3556646844084
          ],
          [
            126.94889767051514,
            36.35570305508149
          ],
          [
            126.94899170530674,
            36.355856537773846
          ],
          [
            126.94894468791094,
            36.355894908446935
          ],
          [
            126.94894468791094,
            36.35604839113929
          ]
        ]
      }
    },
    {
      "type": "Feature",
      "properties": {
        "proposal_id": "ink-line-137",
        "tile_id": "174-cheongyang-hydro",
        "sheet_id": "174-cheongyang",
        "split": "development",
        "proposal_kind": "visible_linework_review_only",
        "backend": "archaeotrace_ink_v2_centerline",
        "upstream_commit": "7960acddb4e82855e2088fdfdd2244799b63775c",
        "pixel_length": 24.899,
        "point_count": 5,
        "confidence": 1.0,
        "review_status": "unreviewed"
      },
      "geometry": {
        "type": "LineString",
        "coordinates": [
          [
            126.94875661832774,
            36.38398224114781
          ],
          [
            126.94894468791094,
            36.38386712912855
          ],
          [
            126.94903872270253,
            36.383598534416926
          ],
          [
            126.94903872270253,
            36.38329156903222
          ],
          [
            126.94913275749413,
            36.38317645701295
          ]
        ]
      }
    },
    {
      "type": "Feature",
      "properties": {
        "proposal_id": "ink-line-138",
        "tile_id": "174-cheongyang-hydro",
        "sheet_id": "174-cheongyang",
        "split": "development",
        "proposal_kind": "visible_linework_review_only",
        "backend": "archaeotrace_ink_v2_centerline",
        "upstream_commit": "7960acddb4e82855e2088fdfdd2244799b63775c",
        "pixel_length": 24.728,
        "point_count": 6,
        "confidence": 1.0,
        "review_status": "unreviewed"
      },
      "geometry": {
        "type": "LineString",
        "coordinates": [
          [
            126.94899170530674,
            36.39184822913098
          ],
          [
            126.94941486186892,
            36.39173311711171
          ],
          [
            126.94950889666052,
            36.391656375765535
          ],
          [
            126.94955591405632,
            36.39157963441936
          ],
          [
            126.94950889666052,
            36.39146452240009
          ],
          [
            126.94927380968153,
            36.391387781053915
          ]
        ]
      }
    },
    {
      "type": "Feature",
      "properties": {
        "proposal_id": "ink-line-139",
        "tile_id": "174-cheongyang-hydro",
        "sheet_id": "174-cheongyang",
        "split": "development",
        "proposal_kind": "visible_linework_review_only",
        "backend": "archaeotrace_ink_v2_centerline",
        "upstream_commit": "7960acddb4e82855e2088fdfdd2244799b63775c",
        "pixel_length": 35.485,
        "point_count": 6,
        "confidence": 1.0,
        "review_status": "unreviewed"
      },
      "geometry": {
        "type": "LineString",
        "coordinates": [
          [
            126.94908574009833,
            36.39104244499612
          ],
          [
            126.94908574009833,
            36.39031340220743
          ],
          [
            126.94917977488993,
            36.390236660861255
          ],
          [
            126.94936784447313,
            36.390236660861255
          ],
          [
            126.94946187926472,
            36.39031340220743
          ],
          [
            126.94936784447313,
            36.390543626245965
          ]
        ]
      }
    },
    {
      "type": "Feature",
      "properties": {
        "proposal_id": "ink-line-140",
        "tile_id": "174-cheongyang-hydro",
        "sheet_id": "174-cheongyang",
        "split": "development",
        "proposal_kind": "visible_linework_review_only",
        "backend": "archaeotrace_ink_v2_centerline",
        "upstream_commit": "7960acddb4e82855e2088fdfdd2244799b63775c",
        "pixel_length": 21.899,
        "point_count": 6,
        "confidence": 1.0,
        "review_status": "unreviewed"
      },
      "geometry": {
        "type": "LineString",
        "coordinates": [
          [
            126.94941486186892,
            36.38329156903222
          ],
          [
            126.94946187926472,
            36.38325319835913
          ],
          [
            126.94974398363952,
            36.38325319835913
          ],
          [
            126.94983801843111,
            36.383368310378394
          ],
          [
            126.94983801843111,
            36.38348342239766
          ],
          [
            126.94964994884792,
            36.38371364643619
          ]
        ]
      }
    },
    {
      "type": "Feature",
      "properties": {
        "proposal_id": "ink-line-141",
        "tile_id": "174-cheongyang-hydro",
        "sheet_id": "174-cheongyang",
        "split": "development",
        "proposal_kind": "visible_linework_review_only",
        "backend": "archaeotrace_ink_v2_centerline",
        "upstream_commit": "7960acddb4e82855e2088fdfdd2244799b63775c",
        "pixel_length": 22.899,
        "point_count": 3,
        "confidence": 1.0,
        "review_status": "unreviewed"
      },
      "geometry": {
        "type": "LineString",
        "coordinates": [
          [
            126.94955591405632,
            36.39299934932364
          ],
          [
            126.94969696624372,
            36.3924621599004
          ],
          [
            126.94988503582691,
            36.392231935861865
          ]
        ]
      }
    },
    {
      "type": "Feature",
      "properties": {
        "proposal_id": "ink-line-142",
        "tile_id": "174-cheongyang-hydro",
        "sheet_id": "174-cheongyang",
        "split": "development",
        "proposal_kind": "visible_linework_review_only",
        "backend": "archaeotrace_ink_v2_centerline",
        "upstream_commit": "7960acddb4e82855e2088fdfdd2244799b63775c",
        "pixel_length": 22.485,
        "point_count": 6,
        "confidence": 1.0,
        "review_status": "unreviewed"
      },
      "geometry": {
        "type": "LineString",
        "coordinates": [
          [
            126.94974398363952,
            36.365602688738356
          ],
          [
            126.94969696624372,
            36.36575617143071
          ],
          [
            126.94983801843111,
            36.36587128344998
          ],
          [
            126.95007310541011,
            36.36587128344998
          ],
          [
            126.9501671402017,
            36.36575617143071
          ],
          [
            126.9501671402017,
            36.36556431806527
          ]
        ]
      }
    },
    {
      "type": "Feature",
      "properties": {
        "proposal_id": "ink-line-143",
        "tile_id": "174-cheongyang-hydro",
        "sheet_id": "174-cheongyang",
        "split": "development",
        "proposal_kind": "visible_linework_review_only",
        "backend": "archaeotrace_ink_v2_centerline",
        "upstream_commit": "7960acddb4e82855e2088fdfdd2244799b63775c",
        "pixel_length": 24.899,
        "point_count": 4,
        "confidence": 1.0,
        "review_status": "unreviewed"
      },
      "geometry": {
        "type": "LineString",
        "coordinates": [
          [
            126.94997907061851,
            36.38958435941875
          ],
          [
            126.95007310541011,
            36.389354135380216
          ],
          [
            126.95002608801431,
            36.38897042864933
          ],
          [
            126.9503081923891,
            36.388816945956975
          ]
        ]
      }
    },
    {
      "type": "Feature",
      "properties": {
        "proposal_id": "ink-line-144",
        "tile_id": "174-cheongyang-hydro",
        "sheet_id": "174-cheongyang",
        "split": "development",
        "proposal_kind": "visible_linework_review_only",
        "backend": "archaeotrace_ink_v2_centerline",
        "upstream_commit": "7960acddb4e82855e2088fdfdd2244799b63775c",
        "pixel_length": 19.0,
        "point_count": 2,
        "confidence": 1.0,
        "review_status": "unreviewed"
      },
      "geometry": {
        "type": "LineString",
        "coordinates": [
          [
            126.95012012280591,
            36.36909441998942
          ],
          [
            126.95012012280591,
            36.36836537720074
          ]
        ]
      }
    },
    {
      "type": "Feature",
      "properties": {
        "proposal_id": "ink-line-145",
        "tile_id": "174-cheongyang-hydro",
        "sheet_id": "174-cheongyang",
        "split": "development",
        "proposal_kind": "visible_linework_review_only",
        "backend": "archaeotrace_ink_v2_centerline",
        "upstream_commit": "7960acddb4e82855e2088fdfdd2244799b63775c",
        "pixel_length": 19.071,
        "point_count": 5,
        "confidence": 1.0,
        "review_status": "unreviewed"
      },
      "geometry": {
        "type": "LineString",
        "coordinates": [
          [
            126.9501671402017,
            36.383636905090015
          ],
          [
            126.9503081923891,
            36.38356016374384
          ],
          [
            126.95059029676389,
            36.38352179307075
          ],
          [
            126.9506843315555,
            36.38344505172457
          ],
          [
            126.9506843315555,
            36.38321482768604
          ]
        ]
      }
    },
    {
      "type": "Feature",
      "properties": {
        "proposal_id": "ink-line-146",
        "tile_id": "174-cheongyang-hydro",
        "sheet_id": "174-cheongyang",
        "split": "development",
        "proposal_kind": "visible_linework_review_only",
        "backend": "archaeotrace_ink_v2_centerline",
        "upstream_commit": "7960acddb4e82855e2088fdfdd2244799b63775c",
        "pixel_length": 22.314,
        "point_count": 5,
        "confidence": 1.0,
        "review_status": "unreviewed"
      },
      "geometry": {
        "type": "LineString",
        "coordinates": [
          [
            126.9503552097849,
            36.3867065589371
          ],
          [
            126.9503552097849,
            36.38647633489857
          ],
          [
            126.9504492445765,
            36.38632285220621
          ],
          [
            126.95063731415969,
            36.38616936951386
          ],
          [
            126.9508724011387,
            36.38609262816768
          ]
        ]
      }
    },
    {
      "type": "Feature",
      "properties": {
        "proposal_id": "ink-line-147",
        "tile_id": "174-cheongyang-hydro",
        "sheet_id": "174-cheongyang",
        "split": "development",
        "proposal_kind": "visible_linework_review_only",
        "backend": "archaeotrace_ink_v2_centerline",
        "upstream_commit": "7960acddb4e82855e2088fdfdd2244799b63775c",
        "pixel_length": 18.899,
        "point_count": 3,
        "confidence": 1.0,
        "review_status": "unreviewed"
      },
      "geometry": {
        "type": "LineString",
        "coordinates": [
          [
            126.95063731415969,
            36.361266802679346
          ],
          [
            126.95106047072188,
            36.361036578640814
          ],
          [
            126.95138959249248,
            36.360998207967725
          ]
        ]
      }
    },
    {
      "type": "Feature",
      "properties": {
        "proposal_id": "ink-line-148",
        "tile_id": "174-cheongyang-hydro",
        "sheet_id": "174-cheongyang",
        "split": "development",
        "proposal_kind": "visible_linework_review_only",
        "backend": "archaeotrace_ink_v2_centerline",
        "upstream_commit": "7960acddb4e82855e2088fdfdd2244799b63775c",
        "pixel_length": 42.556,
        "point_count": 7,
        "confidence": 1.0,
        "review_status": "unreviewed"
      },
      "geometry": {
        "type": "LineString",
        "coordinates": [
          [
            126.9507313489513,
            36.38463454259032
          ],
          [
            126.9507313489513,
            36.38432757720561
          ],
          [
            126.95091941853448,
            36.384174094513256
          ],
          [
            126.95110748811769,
            36.384174094513256
          ],
          [
            126.95115450551349,
            36.38413572384017
          ],
          [
            126.95148362728408,
            36.384174094513256
          ],
          [
            126.95214187082526,
            36.3843659478787
          ]
        ]
      }
    },
    {
      "type": "Feature",
      "properties": {
        "proposal_id": "ink-line-149",
        "tile_id": "174-cheongyang-hydro",
        "sheet_id": "174-cheongyang",
        "split": "development",
        "proposal_kind": "visible_linework_review_only",
        "backend": "archaeotrace_ink_v2_centerline",
        "upstream_commit": "7960acddb4e82855e2088fdfdd2244799b63775c",
        "pixel_length": 27.243,
        "point_count": 4,
        "confidence": 1.0,
        "review_status": "unreviewed"
      },
      "geometry": {
        "type": "LineString",
        "coordinates": [
          [
            126.9507783663471,
            36.39100407432303
          ],
          [
            126.9507783663471,
            36.390275031534344
          ],
          [
            126.95091941853448,
            36.39019829018817
          ],
          [
            126.95110748811769,
            36.390236660861255
          ]
        ]
      }
    },
    {
      "type": "Feature",
      "properties": {
        "proposal_id": "ink-line-150",
        "tile_id": "174-cheongyang-hydro",
        "sheet_id": "174-cheongyang",
        "split": "development",
        "proposal_kind": "visible_linework_review_only",
        "backend": "archaeotrace_ink_v2_centerline",
        "upstream_commit": "7960acddb4e82855e2088fdfdd2244799b63775c",
        "pixel_length": 24.071,
        "point_count": 3,
        "confidence": 1.0,
        "review_status": "unreviewed"
      },
      "geometry": {
        "type": "LineString",
        "coordinates": [
          [
            126.9508253837429,
            36.371012953643856
          ],
          [
            126.9507783663471,
            36.37124317768239
          ],
          [
            126.95096643593028,
            36.371857108451806
          ]
        ]
      }
    },
    {
      "type": "Feature",
      "properties": {
        "proposal_id": "ink-line-151",
        "tile_id": "174-cheongyang-hydro",
        "sheet_id": "174-cheongyang",
        "split": "development",
        "proposal_kind": "visible_linework_review_only",
        "backend": "archaeotrace_ink_v2_centerline",
        "upstream_commit": "7960acddb4e82855e2088fdfdd2244799b63775c",
        "pixel_length": 28.828,
        "point_count": 4,
        "confidence": 1.0,
        "review_status": "unreviewed"
      },
      "geometry": {
        "type": "LineString",
        "coordinates": [
          [
            126.95091941853448,
            36.356163503158555
          ],
          [
            126.95091941853448,
            36.356355356524
          ],
          [
            126.95101345332608,
            36.35662395123562
          ],
          [
            126.95101345332608,
            36.35723788200504
          ]
        ]
      }
    },
    {
      "type": "Feature",
      "properties": {
        "proposal_id": "ink-line-152",
        "tile_id": "174-cheongyang-hydro",
        "sheet_id": "174-cheongyang",
        "split": "development",
        "proposal_kind": "visible_linework_review_only",
        "backend": "archaeotrace_ink_v2_centerline",
        "upstream_commit": "7960acddb4e82855e2088fdfdd2244799b63775c",
        "pixel_length": 36.799,
        "point_count": 5,
        "confidence": 1.0,
        "review_status": "unreviewed"
      },
      "geometry": {
        "type": "LineString",
        "coordinates": [
          [
            126.95101345332608,
            36.39234704788113
          ],
          [
            126.95148362728408,
            36.39215519451569
          ],
          [
            126.95157766207568,
            36.39215519451569
          ],
          [
            126.95171871426307,
            36.39200171182333
          ],
          [
            126.95242397520005,
            36.3917714877848
          ]
        ]
      }
    },
    {
      "type": "Feature",
      "properties": {
        "proposal_id": "ink-line-153",
        "tile_id": "174-cheongyang-hydro",
        "sheet_id": "174-cheongyang",
        "split": "development",
        "proposal_kind": "visible_linework_review_only",
        "backend": "archaeotrace_ink_v2_centerline",
        "upstream_commit": "7960acddb4e82855e2088fdfdd2244799b63775c",
        "pixel_length": 22.899,
        "point_count": 5,
        "confidence": 1.0,
        "review_status": "unreviewed"
      },
      "geometry": {
        "type": "LineString",
        "coordinates": [
          [
            126.95101345332608,
            36.37089784162459
          ],
          [
            126.95115450551349,
            36.3708594709515
          ],
          [
            126.95134257509667,
            36.37093621229768
          ],
          [
            126.95171871426307,
            36.37097458297077
          ],
          [
            126.95195380124207,
            36.3708594709515
          ]
        ]
      }
    },
    {
      "type": "Feature",
      "properties": {
        "proposal_id": "ink-line-154",
        "tile_id": "174-cheongyang-hydro",
        "sheet_id": "174-cheongyang",
        "split": "development",
        "proposal_kind": "visible_linework_review_only",
        "backend": "archaeotrace_ink_v2_centerline",
        "upstream_commit": "7960acddb4e82855e2088fdfdd2244799b63775c",
        "pixel_length": 25.728,
        "point_count": 7,
        "confidence": 1.0,
        "review_status": "unreviewed"
      },
      "geometry": {
        "type": "LineString",
        "coordinates": [
          [
            126.95110748811769,
            36.38904716999551
          ],
          [
            126.95157766207568,
            36.388855316630064
          ],
          [
            126.95176573165887,
            36.388855316630064
          ],
          [
            126.95181274905467,
            36.388816945956975
          ],
          [
            126.95185976645047,
            36.388855316630064
          ],
          [
            126.95204783603366,
            36.388855316630064
          ],
          [
            126.95214187082526,
            36.38893205797624
          ]
        ]
      }
    },
    {
      "type": "Feature",
      "properties": {
        "proposal_id": "ink-line-155",
        "tile_id": "174-cheongyang-hydro",
        "sheet_id": "174-cheongyang",
        "split": "development",
        "proposal_kind": "visible_linework_review_only",
        "backend": "archaeotrace_ink_v2_centerline",
        "upstream_commit": "7960acddb4e82855e2088fdfdd2244799b63775c",
        "pixel_length": 27.314,
        "point_count": 6,
        "confidence": 1.0,
        "review_status": "unreviewed"
      },
      "geometry": {
        "type": "LineString",
        "coordinates": [
          [
            126.95110748811769,
            36.3695164973934
          ],
          [
            126.95110748811769,
            36.369363014701044
          ],
          [
            126.95096643593028,
            36.369017678643246
          ],
          [
            126.95115450551349,
            36.368787454604714
          ],
          [
            126.95115450551349,
            36.36863397191236
          ],
          [
            126.95110748811769,
            36.36859560123927
          ]
        ]
      }
    },
    {
      "type": "Feature",
      "properties": {
        "proposal_id": "ink-line-156",
        "tile_id": "174-cheongyang-hydro",
        "sheet_id": "174-cheongyang",
        "split": "development",
        "proposal_kind": "visible_linework_review_only",
        "backend": "archaeotrace_ink_v2_centerline",
        "upstream_commit": "7960acddb4e82855e2088fdfdd2244799b63775c",
        "pixel_length": 19.899,
        "point_count": 4,
        "confidence": 1.0,
        "review_status": "unreviewed"
      },
      "geometry": {
        "type": "LineString",
        "coordinates": [
          [
            126.95124854030509,
            36.38962273009184
          ],
          [
            126.95138959249248,
            36.38950761807257
          ],
          [
            126.95162467947148,
            36.389430876726394
          ],
          [
            126.95204783603366,
            36.38950761807257
          ]
        ]
      }
    },
    {
      "type": "Feature",
      "properties": {
        "proposal_id": "ink-line-157",
        "tile_id": "174-cheongyang-hydro",
        "sheet_id": "174-cheongyang",
        "split": "development",
        "proposal_kind": "visible_linework_review_only",
        "backend": "archaeotrace_ink_v2_centerline",
        "upstream_commit": "7960acddb4e82855e2088fdfdd2244799b63775c",
        "pixel_length": 27.899,
        "point_count": 6,
        "confidence": 1.0,
        "review_status": "unreviewed"
      },
      "geometry": {
        "type": "LineString",
        "coordinates": [
          [
            126.95134257509667,
            36.36825026518147
          ],
          [
            126.95143660988828,
            36.368480489220005
          ],
          [
            126.95143660988828,
            36.36871071325854
          ],
          [
            126.95153064467988,
            36.368787454604714
          ],
          [
            126.95148362728408,
            36.36894093729707
          ],
          [
            126.95157766207568,
            36.36920953200869
          ]
        ]
      }
    },
    {
      "type": "Feature",
      "properties": {
        "proposal_id": "ink-line-158",
        "tile_id": "174-cheongyang-hydro",
        "sheet_id": "174-cheongyang",
        "split": "development",
        "proposal_kind": "visible_linework_review_only",
        "backend": "archaeotrace_ink_v2_centerline",
        "upstream_commit": "7960acddb4e82855e2088fdfdd2244799b63775c",
        "pixel_length": 19.414,
        "point_count": 3,
        "confidence": 1.0,
        "review_status": "unreviewed"
      },
      "geometry": {
        "type": "LineString",
        "coordinates": [
          [
            126.95143660988828,
            36.35877270892858
          ],
          [
            126.95148362728408,
            36.35892619162094
          ],
          [
            126.95148362728408,
            36.35950175171727
          ]
        ]
      }
    },
    {
      "type": "Feature",
      "properties": {
        "proposal_id": "ink-line-159",
        "tile_id": "174-cheongyang-hydro",
        "sheet_id": "174-cheongyang",
        "split": "development",
        "proposal_kind": "visible_linework_review_only",
        "backend": "archaeotrace_ink_v2_centerline",
        "upstream_commit": "7960acddb4e82855e2088fdfdd2244799b63775c",
        "pixel_length": 19.071,
        "point_count": 4,
        "confidence": 1.0,
        "review_status": "unreviewed"
      },
      "geometry": {
        "type": "LineString",
        "coordinates": [
          [
            126.95153064467988,
            36.37032228152826
          ],
          [
            126.95157766207568,
            36.370475764220615
          ],
          [
            126.95185976645047,
            36.370475764220615
          ],
          [
            126.95218888822106,
            36.37032228152826
          ]
        ]
      }
    },
    {
      "type": "Feature",
      "properties": {
        "proposal_id": "ink-line-160",
        "tile_id": "174-cheongyang-hydro",
        "sheet_id": "174-cheongyang",
        "split": "development",
        "proposal_kind": "visible_linework_review_only",
        "backend": "archaeotrace_ink_v2_centerline",
        "upstream_commit": "7960acddb4e82855e2088fdfdd2244799b63775c",
        "pixel_length": 20.657,
        "point_count": 2,
        "confidence": 1.0,
        "review_status": "unreviewed"
      },
      "geometry": {
        "type": "LineString",
        "coordinates": [
          [
            126.95153064467988,
            36.360154053159775
          ],
          [
            126.95171871426307,
            36.36088309594846
          ]
        ]
      }
    },
    {
      "type": "Feature",
      "properties": {
        "proposal_id": "ink-line-161",
        "tile_id": "174-cheongyang-hydro",
        "sheet_id": "174-cheongyang",
        "split": "development",
        "proposal_kind": "visible_linework_review_only",
        "backend": "archaeotrace_ink_v2_centerline",
        "upstream_commit": "7960acddb4e82855e2088fdfdd2244799b63775c",
        "pixel_length": 22.899,
        "point_count": 4,
        "confidence": 1.0,
        "review_status": "unreviewed"
      },
      "geometry": {
        "type": "LineString",
        "coordinates": [
          [
            126.95167169686727,
            36.38168000076249
          ],
          [
            126.95223590561686,
            36.38179511278176
          ],
          [
            126.95232994040846,
            36.38187185412794
          ],
          [
            126.95242397520005,
            36.38210207816647
          ]
        ]
      }
    },
    {
      "type": "Feature",
      "properties": {
        "proposal_id": "ink-line-162",
        "tile_id": "174-cheongyang-hydro",
        "sheet_id": "174-cheongyang",
        "split": "development",
        "proposal_kind": "visible_linework_review_only",
        "backend": "archaeotrace_ink_v2_centerline",
        "upstream_commit": "7960acddb4e82855e2088fdfdd2244799b63775c",
        "pixel_length": 18.657,
        "point_count": 2,
        "confidence": 1.0,
        "review_status": "unreviewed"
      },
      "geometry": {
        "type": "LineString",
        "coordinates": [
          [
            126.95176573165887,
            36.36095983729464
          ],
          [
            126.95195380124207,
            36.361612138737144
          ]
        ]
      }
    },
    {
      "type": "Feature",
      "properties": {
        "proposal_id": "ink-line-163",
        "tile_id": "174-cheongyang-hydro",
        "sheet_id": "174-cheongyang",
        "split": "development",
        "proposal_kind": "visible_linework_review_only",
        "backend": "archaeotrace_ink_v2_centerline",
        "upstream_commit": "7960acddb4e82855e2088fdfdd2244799b63775c",
        "pixel_length": 29.485,
        "point_count": 4,
        "confidence": 1.0,
        "review_status": "unreviewed"
      },
      "geometry": {
        "type": "LineString",
        "coordinates": [
          [
            126.95185976645047,
            36.365027128642026
          ],
          [
            126.95242397520005,
            36.36514224066129
          ],
          [
            126.95284713176224,
            36.36514224066129
          ],
          [
            126.95312923613703,
            36.36525735268056
          ]
        ]
      }
    },
    {
      "type": "Feature",
      "properties": {
        "proposal_id": "ink-line-164",
        "tile_id": "174-cheongyang-hydro",
        "sheet_id": "174-cheongyang",
        "split": "development",
        "proposal_kind": "visible_linework_review_only",
        "backend": "archaeotrace_ink_v2_centerline",
        "upstream_commit": "7960acddb4e82855e2088fdfdd2244799b63775c",
        "pixel_length": 27.485,
        "point_count": 4,
        "confidence": 1.0,
        "review_status": "unreviewed"
      },
      "geometry": {
        "type": "LineString",
        "coordinates": [
          [
            126.95195380124207,
            36.39073547961141
          ],
          [
            126.95247099259585,
            36.390543626245965
          ],
          [
            126.95303520134544,
            36.390543626245965
          ],
          [
            126.95312923613703,
            36.390505255572876
          ]
        ]
      }
    },
    {
      "type": "Feature",
      "properties": {
        "proposal_id": "ink-line-165",
        "tile_id": "174-cheongyang-hydro",
        "sheet_id": "174-cheongyang",
        "split": "development",
        "proposal_kind": "visible_linework_review_only",
        "backend": "archaeotrace_ink_v2_centerline",
        "upstream_commit": "7960acddb4e82855e2088fdfdd2244799b63775c",
        "pixel_length": 21.657,
        "point_count": 5,
        "confidence": 1.0,
        "review_status": "unreviewed"
      },
      "geometry": {
        "type": "LineString",
        "coordinates": [
          [
            126.95195380124207,
            36.3786103469154
          ],
          [
            126.95200081863786,
            36.37864871758849
          ],
          [
            126.95218888822106,
            36.37864871758849
          ],
          [
            126.95228292301266,
            36.37857197624231
          ],
          [
            126.95223590561686,
            36.37807315749216
          ]
        ]
      }
    },
    {
      "type": "Feature",
      "properties": {
        "proposal_id": "ink-line-166",
        "tile_id": "174-cheongyang-hydro",
        "sheet_id": "174-cheongyang",
        "split": "development",
        "proposal_kind": "visible_linework_review_only",
        "backend": "archaeotrace_ink_v2_centerline",
        "upstream_commit": "7960acddb4e82855e2088fdfdd2244799b63775c",
        "pixel_length": 22.657,
        "point_count": 2,
        "confidence": 1.0,
        "review_status": "unreviewed"
      },
      "geometry": {
        "type": "LineString",
        "coordinates": [
          [
            126.95204783603366,
            36.36199584546803
          ],
          [
            126.95223590561686,
            36.36280162960289
          ]
        ]
      }
    },
    {
      "type": "Feature",
      "properties": {
        "proposal_id": "ink-line-167",
        "tile_id": "174-cheongyang-hydro",
        "sheet_id": "174-cheongyang",
        "split": "development",
        "proposal_kind": "visible_linework_review_only",
        "backend": "archaeotrace_ink_v2_centerline",
        "upstream_commit": "7960acddb4e82855e2088fdfdd2244799b63775c",
        "pixel_length": 19.828,
        "point_count": 3,
        "confidence": 1.0,
        "review_status": "unreviewed"
      },
      "geometry": {
        "type": "LineString",
        "coordinates": [
          [
            126.95214187082526,
            36.385401956052085
          ],
          [
            126.95247099259585,
            36.38532521470591
          ],
          [
            126.95303520134544,
            36.38532521470591
          ]
        ]
      }
    },
    {
      "type": "Feature",
      "properties": {
        "proposal_id": "ink-line-168",
        "tile_id": "174-cheongyang-hydro",
        "sheet_id": "174-cheongyang",
        "split": "development",
        "proposal_kind": "visible_linework_review_only",
        "backend": "archaeotrace_ink_v2_centerline",
        "upstream_commit": "7960acddb4e82855e2088fdfdd2244799b63775c",
        "pixel_length": 32.899,
        "point_count": 4,
        "confidence": 1.0,
        "review_status": "unreviewed"
      },
      "geometry": {
        "type": "LineString",
        "coordinates": [
          [
            126.95218888822106,
            36.39119592768847
          ],
          [
            126.95256502738745,
            36.391080815669206
          ],
          [
            126.95317625353283,
            36.391080815669206
          ],
          [
            126.95359941009502,
            36.39092733297685
          ]
        ]
      }
    },
    {
      "type": "Feature",
      "properties": {
        "proposal_id": "ink-line-169",
        "tile_id": "174-cheongyang-hydro",
        "sheet_id": "174-cheongyang",
        "split": "development",
        "proposal_kind": "visible_linework_review_only",
        "backend": "archaeotrace_ink_v2_centerline",
        "upstream_commit": "7960acddb4e82855e2088fdfdd2244799b63775c",
        "pixel_length": 19.657,
        "point_count": 7,
        "confidence": 1.0,
        "review_status": "unreviewed"
      },
      "geometry": {
        "type": "LineString",
        "coordinates": [
          [
            126.95223590561686,
            36.366178248834686
          ],
          [
            126.95228292301266,
            36.3661398781616
          ],
          [
            126.95256502738745,
            36.3661398781616
          ],
          [
            126.95261204478325,
            36.366178248834686
          ],
          [
            126.95284713176224,
            36.366178248834686
          ],
          [
            126.95294116655384,
            36.36625499018086
          ],
          [
            126.95308221874124,
            36.36625499018086
          ]
        ]
      }
    },
    {
      "type": "Feature",
      "properties": {
        "proposal_id": "ink-line-170",
        "tile_id": "174-cheongyang-hydro",
        "sheet_id": "174-cheongyang",
        "split": "development",
        "proposal_kind": "visible_linework_review_only",
        "backend": "archaeotrace_ink_v2_centerline",
        "upstream_commit": "7960acddb4e82855e2088fdfdd2244799b63775c",
        "pixel_length": 22.657,
        "point_count": 4,
        "confidence": 1.0,
        "review_status": "unreviewed"
      },
      "geometry": {
        "type": "LineString",
        "coordinates": [
          [
            126.95228292301266,
            36.3850182493212
          ],
          [
            126.95237695780425,
            36.38505661999429
          ],
          [
            126.95289414915804,
            36.38505661999429
          ],
          [
            126.95327028832443,
            36.38494150797502
          ]
        ]
      }
    },
    {
      "type": "Feature",
      "properties": {
        "proposal_id": "ink-line-171",
        "tile_id": "174-cheongyang-hydro",
        "sheet_id": "174-cheongyang",
        "split": "development",
        "proposal_kind": "visible_linework_review_only",
        "backend": "archaeotrace_ink_v2_centerline",
        "upstream_commit": "7960acddb4e82855e2088fdfdd2244799b63775c",
        "pixel_length": 20.485,
        "point_count": 6,
        "confidence": 1.0,
        "review_status": "unreviewed"
      },
      "geometry": {
        "type": "LineString",
        "coordinates": [
          [
            126.95237695780425,
            36.39000643682272
          ],
          [
            126.95256502738745,
            36.39000643682272
          ],
          [
            126.95284713176224,
            36.3900831781689
          ],
          [
            126.95289414915804,
            36.39015991951508
          ],
          [
            126.95284713176224,
            36.390236660861255
          ],
          [
            126.95265906217905,
            36.39031340220743
          ]
        ]
      }
    },
    {
      "type": "Feature",
      "properties": {
        "proposal_id": "ink-line-172",
        "tile_id": "174-cheongyang-hydro",
        "sheet_id": "174-cheongyang",
        "split": "development",
        "proposal_kind": "visible_linework_review_only",
        "backend": "archaeotrace_ink_v2_centerline",
        "upstream_commit": "7960acddb4e82855e2088fdfdd2244799b63775c",
        "pixel_length": 38.728,
        "point_count": 8,
        "confidence": 1.0,
        "review_status": "unreviewed"
      },
      "geometry": {
        "type": "LineString",
        "coordinates": [
          [
            126.95237695780425,
            36.389661100764926
          ],
          [
            126.95251800999165,
            36.389699471438014
          ],
          [
            126.95289414915804,
            36.389699471438014
          ],
          [
            126.95294116655384,
            36.389661100764926
          ],
          [
            126.95322327092863,
            36.389699471438014
          ],
          [
            126.95341134051183,
            36.389968066149635
          ],
          [
            126.95341134051183,
            36.390236660861255
          ],
          [
            126.95331730572023,
            36.39035177288052
          ]
        ]
      }
    },
    {
      "type": "Feature",
      "properties": {
        "proposal_id": "ink-line-173",
        "tile_id": "174-cheongyang-hydro",
        "sheet_id": "174-cheongyang",
        "split": "development",
        "proposal_kind": "visible_linework_review_only",
        "backend": "archaeotrace_ink_v2_centerline",
        "upstream_commit": "7960acddb4e82855e2088fdfdd2244799b63775c",
        "pixel_length": 27.485,
        "point_count": 4,
        "confidence": 1.0,
        "review_status": "unreviewed"
      },
      "geometry": {
        "type": "LineString",
        "coordinates": [
          [
            126.95251800999165,
            36.38920065268786
          ],
          [
            126.95265906217905,
            36.38927739403404
          ],
          [
            126.95345835790764,
            36.38931576470713
          ],
          [
            126.95369344488662,
            36.389430876726394
          ]
        ]
      }
    },
    {
      "type": "Feature",
      "properties": {
        "proposal_id": "ink-line-174",
        "tile_id": "174-cheongyang-hydro",
        "sheet_id": "174-cheongyang",
        "split": "development",
        "proposal_kind": "visible_linework_review_only",
        "backend": "archaeotrace_ink_v2_centerline",
        "upstream_commit": "7960acddb4e82855e2088fdfdd2244799b63775c",
        "pixel_length": 18.071,
        "point_count": 3,
        "confidence": 1.0,
        "review_status": "unreviewed"
      },
      "geometry": {
        "type": "LineString",
        "coordinates": [
          [
            126.95303520134544,
            36.37124317768239
          ],
          [
            126.95298818394964,
            36.37108969499003
          ],
          [
            126.95317625353283,
            36.37062924691297
          ]
        ]
      }
    },
    {
      "type": "Feature",
      "properties": {
        "proposal_id": "ink-line-175",
        "tile_id": "174-cheongyang-hydro",
        "sheet_id": "174-cheongyang",
        "split": "development",
        "proposal_kind": "visible_linework_review_only",
        "backend": "archaeotrace_ink_v2_centerline",
        "upstream_commit": "7960acddb4e82855e2088fdfdd2244799b63775c",
        "pixel_length": 43.971,
        "point_count": 5,
        "confidence": 1.0,
        "review_status": "unreviewed"
      },
      "geometry": {
        "type": "LineString",
        "coordinates": [
          [
            126.95317625353283,
            36.38897042864933
          ],
          [
            126.95453975801101,
            36.38927739403404
          ],
          [
            126.9546337928026,
            36.389392506053305
          ],
          [
            126.9546337928026,
            36.38954598874566
          ],
          [
            126.95453975801101,
            36.389661100764926
          ]
        ]
      }
    },
    {
      "type": "Feature",
      "properties": {
        "proposal_id": "ink-line-176",
        "tile_id": "174-cheongyang-hydro",
        "sheet_id": "174-cheongyang",
        "split": "development",
        "proposal_kind": "visible_linework_review_only",
        "backend": "archaeotrace_ink_v2_centerline",
        "upstream_commit": "7960acddb4e82855e2088fdfdd2244799b63775c",
        "pixel_length": 23.899,
        "point_count": 4,
        "confidence": 1.0,
        "review_status": "unreviewed"
      },
      "geometry": {
        "type": "LineString",
        "coordinates": [
          [
            126.95327028832443,
            36.36095983729464
          ],
          [
            126.95369344488662,
            36.36111331998699
          ],
          [
            126.95402256665722,
            36.36111331998699
          ],
          [
            126.9542576536362,
            36.360998207967725
          ]
        ]
      }
    },
    {
      "type": "Feature",
      "properties": {
        "proposal_id": "ink-line-177",
        "tile_id": "174-cheongyang-hydro",
        "sheet_id": "174-cheongyang",
        "split": "development",
        "proposal_kind": "visible_linework_review_only",
        "backend": "archaeotrace_ink_v2_centerline",
        "upstream_commit": "7960acddb4e82855e2088fdfdd2244799b63775c",
        "pixel_length": 23.485,
        "point_count": 6,
        "confidence": 1.0,
        "review_status": "unreviewed"
      },
      "geometry": {
        "type": "LineString",
        "coordinates": [
          [
            126.95331730572023,
            36.37788130412672
          ],
          [
            126.95341134051183,
            36.378188269511426
          ],
          [
            126.95350537530342,
            36.378265010857604
          ],
          [
            126.95355239269922,
            36.37841849354996
          ],
          [
            126.95355239269922,
            36.37857197624231
          ],
          [
            126.95341134051183,
            36.3786103469154
          ]
        ]
      }
    },
    {
      "type": "Feature",
      "properties": {
        "proposal_id": "ink-line-178",
        "tile_id": "174-cheongyang-hydro",
        "sheet_id": "174-cheongyang",
        "split": "development",
        "proposal_kind": "visible_linework_review_only",
        "backend": "archaeotrace_ink_v2_centerline",
        "upstream_commit": "7960acddb4e82855e2088fdfdd2244799b63775c",
        "pixel_length": 20.657,
        "point_count": 4,
        "confidence": 1.0,
        "review_status": "unreviewed"
      },
      "geometry": {
        "type": "LineString",
        "coordinates": [
          [
            126.95336432311603,
            36.35835063152461
          ],
          [
            126.95369344488662,
            36.35823551950534
          ],
          [
            126.95416361884462,
            36.35823551950534
          ],
          [
            126.9542576536362,
            36.35827389017843
          ]
        ]
      }
    },
    {
      "type": "Feature",
      "properties": {
        "proposal_id": "ink-line-179",
        "tile_id": "174-cheongyang-hydro",
        "sheet_id": "174-cheongyang",
        "split": "development",
        "proposal_kind": "visible_linework_review_only",
        "backend": "archaeotrace_ink_v2_centerline",
        "upstream_commit": "7960acddb4e82855e2088fdfdd2244799b63775c",
        "pixel_length": 37.314,
        "point_count": 8,
        "confidence": 1.0,
        "review_status": "unreviewed"
      },
      "geometry": {
        "type": "LineString",
        "coordinates": [
          [
            126.95345835790764,
            36.38858672191844
          ],
          [
            126.95345835790764,
            36.38847160989918
          ],
          [
            126.95359941009502,
            36.388394868553
          ],
          [
            126.95402256665722,
            36.38835649787991
          ],
          [
            126.9542576536362,
            36.388241385860645
          ],
          [
            126.95444572321941,
            36.388241385860645
          ],
          [
            126.9546808101984,
            36.38816464451447
          ],
          [
            126.9549158971774,
            36.38816464451447
          ]
        ]
      }
    },
    {
      "type": "Feature",
      "properties": {
        "proposal_id": "ink-line-180",
        "tile_id": "174-cheongyang-hydro",
        "sheet_id": "174-cheongyang",
        "split": "development",
        "proposal_kind": "visible_linework_review_only",
        "backend": "archaeotrace_ink_v2_centerline",
        "upstream_commit": "7960acddb4e82855e2088fdfdd2244799b63775c",
        "pixel_length": 19.828,
        "point_count": 3,
        "confidence": 1.0,
        "review_status": "unreviewed"
      },
      "geometry": {
        "type": "LineString",
        "coordinates": [
          [
            126.95345835790764,
            36.359271527678736
          ],
          [
            126.95341134051183,
            36.35911804498638
          ],
          [
            126.95345835790764,
            36.35854248489005
          ]
        ]
      }
    },
    {
      "type": "Feature",
      "properties": {
        "proposal_id": "ink-line-181",
        "tile_id": "174-cheongyang-hydro",
        "sheet_id": "174-cheongyang",
        "split": "development",
        "proposal_kind": "visible_linework_review_only",
        "backend": "archaeotrace_ink_v2_centerline",
        "upstream_commit": "7960acddb4e82855e2088fdfdd2244799b63775c",
        "pixel_length": 19.828,
        "point_count": 4,
        "confidence": 1.0,
        "review_status": "unreviewed"
      },
      "geometry": {
        "type": "LineString",
        "coordinates": [
          [
            126.95374046228243,
            36.390236660861255
          ],
          [
            126.95374046228243,
            36.39004480749581
          ],
          [
            126.95378747967823,
            36.39000643682272
          ],
          [
            126.95374046228243,
            36.38950761807257
          ]
        ]
      }
    },
    {
      "type": "Feature",
      "properties": {
        "proposal_id": "ink-line-182",
        "tile_id": "174-cheongyang-hydro",
        "sheet_id": "174-cheongyang",
        "split": "development",
        "proposal_kind": "visible_linework_review_only",
        "backend": "archaeotrace_ink_v2_centerline",
        "upstream_commit": "7960acddb4e82855e2088fdfdd2244799b63775c",
        "pixel_length": 32.142,
        "point_count": 7,
        "confidence": 1.0,
        "review_status": "unreviewed"
      },
      "geometry": {
        "type": "LineString",
        "coordinates": [
          [
            126.95383449707403,
            36.393114461342904
          ],
          [
            126.95378747967823,
            36.393383056054525
          ],
          [
            126.95383449707403,
            36.39342142672761
          ],
          [
            126.95388151446981,
            36.39376676278541
          ],
          [
            126.95392853186561,
            36.39388187480468
          ],
          [
            126.95416361884462,
            36.39407372817012
          ],
          [
            126.95421063624042,
            36.394188840189386
          ]
        ]
      }
    },
    {
      "type": "Feature",
      "properties": {
        "proposal_id": "ink-line-183",
        "tile_id": "174-cheongyang-hydro",
        "sheet_id": "174-cheongyang",
        "split": "development",
        "proposal_kind": "visible_linework_review_only",
        "backend": "archaeotrace_ink_v2_centerline",
        "upstream_commit": "7960acddb4e82855e2088fdfdd2244799b63775c",
        "pixel_length": 18.828,
        "point_count": 4,
        "confidence": 1.0,
        "review_status": "unreviewed"
      },
      "geometry": {
        "type": "LineString",
        "coordinates": [
          [
            126.95392853186561,
            36.37830338153069
          ],
          [
            126.95392853186561,
            36.37857197624231
          ],
          [
            126.95397554926141,
            36.3786103469154
          ],
          [
            126.95402256665722,
            36.37899405364629
          ]
        ]
      }
    },
    {
      "type": "Feature",
      "properties": {
        "proposal_id": "ink-line-184",
        "tile_id": "174-cheongyang-hydro",
        "sheet_id": "174-cheongyang",
        "split": "development",
        "proposal_kind": "visible_linework_review_only",
        "backend": "archaeotrace_ink_v2_centerline",
        "upstream_commit": "7960acddb4e82855e2088fdfdd2244799b63775c",
        "pixel_length": 19.414,
        "point_count": 3,
        "confidence": 1.0,
        "review_status": "unreviewed"
      },
      "geometry": {
        "type": "LineString",
        "coordinates": [
          [
            126.95397554926141,
            36.387128636341075
          ],
          [
            126.95477484499,
            36.387128636341075
          ],
          [
            126.9548688797816,
            36.387090265667986
          ]
        ]
      }
    },
    {
      "type": "Feature",
      "properties": {
        "proposal_id": "ink-line-185",
        "tile_id": "174-cheongyang-hydro",
        "sheet_id": "174-cheongyang",
        "split": "development",
        "proposal_kind": "visible_linework_review_only",
        "backend": "archaeotrace_ink_v2_centerline",
        "upstream_commit": "7960acddb4e82855e2088fdfdd2244799b63775c",
        "pixel_length": 22.071,
        "point_count": 4,
        "confidence": 1.0,
        "review_status": "unreviewed"
      },
      "geometry": {
        "type": "LineString",
        "coordinates": [
          [
            126.95406958405302,
            36.38478802528267
          ],
          [
            126.9542576536362,
            36.38463454259032
          ],
          [
            126.95496291457319,
            36.38463454259032
          ],
          [
            126.95500993196899,
            36.38459617191723
          ]
        ]
      }
    },
    {
      "type": "Feature",
      "properties": {
        "proposal_id": "ink-line-186",
        "tile_id": "174-cheongyang-hydro",
        "sheet_id": "174-cheongyang",
        "split": "development",
        "proposal_kind": "visible_linework_review_only",
        "backend": "archaeotrace_ink_v2_centerline",
        "upstream_commit": "7960acddb4e82855e2088fdfdd2244799b63775c",
        "pixel_length": 24.142,
        "point_count": 6,
        "confidence": 1.0,
        "review_status": "unreviewed"
      },
      "geometry": {
        "type": "LineString",
        "coordinates": [
          [
            126.95406958405302,
            36.37235592720196
          ],
          [
            126.9542576536362,
            36.37239429787505
          ],
          [
            126.95458677540681,
            36.37212570316343
          ],
          [
            126.95477484499,
            36.37212570316343
          ],
          [
            126.9548218623858,
            36.37208733249034
          ],
          [
            126.95500993196899,
            36.37212570316343
          ]
        ]
      }
    },
    {
      "type": "Feature",
      "properties": {
        "proposal_id": "ink-line-187",
        "tile_id": "174-cheongyang-hydro",
        "sheet_id": "174-cheongyang",
        "split": "development",
        "proposal_kind": "visible_linework_review_only",
        "backend": "archaeotrace_ink_v2_centerline",
        "upstream_commit": "7960acddb4e82855e2088fdfdd2244799b63775c",
        "pixel_length": 20.485,
        "point_count": 4,
        "confidence": 1.0,
        "review_status": "unreviewed"
      },
      "geometry": {
        "type": "LineString",
        "coordinates": [
          [
            126.95449274061521,
            36.39273075461202
          ],
          [
            126.9549158971774,
            36.392769125285106
          ],
          [
            126.95510396676059,
            36.39273075461202
          ],
          [
            126.95533905373958,
            36.39257727191966
          ]
        ]
      }
    },
    {
      "type": "Feature",
      "properties": {
        "proposal_id": "ink-line-188",
        "tile_id": "174-cheongyang-hydro",
        "sheet_id": "174-cheongyang",
        "split": "development",
        "proposal_kind": "visible_linework_review_only",
        "backend": "archaeotrace_ink_v2_centerline",
        "upstream_commit": "7960acddb4e82855e2088fdfdd2244799b63775c",
        "pixel_length": 22.071,
        "point_count": 4,
        "confidence": 1.0,
        "review_status": "unreviewed"
      },
      "geometry": {
        "type": "LineString",
        "coordinates": [
          [
            126.95458677540681,
            36.37492676229889
          ],
          [
            126.9546808101984,
            36.3752337276836
          ],
          [
            126.9546808101984,
            36.37550232239522
          ],
          [
            126.9548218623858,
            36.375694175760664
          ]
        ]
      }
    },
    {
      "type": "Feature",
      "properties": {
        "proposal_id": "ink-line-189",
        "tile_id": "174-cheongyang-hydro",
        "sheet_id": "174-cheongyang",
        "split": "development",
        "proposal_kind": "visible_linework_review_only",
        "backend": "archaeotrace_ink_v2_centerline",
        "upstream_commit": "7960acddb4e82855e2088fdfdd2244799b63775c",
        "pixel_length": 20.657,
        "point_count": 4,
        "confidence": 1.0,
        "review_status": "unreviewed"
      },
      "geometry": {
        "type": "LineString",
        "coordinates": [
          [
            126.95529203634379,
            36.36395274979555
          ],
          [
            126.95543308853118,
            36.36402949114173
          ],
          [
            126.95580922769757,
            36.36395274979555
          ],
          [
            126.95618536686396,
            36.36395274979555
          ]
        ]
      }
    },
    {
      "type": "Feature",
      "properties": {
        "proposal_id": "ink-line-190",
        "tile_id": "174-cheongyang-hydro",
        "sheet_id": "174-cheongyang",
        "split": "development",
        "proposal_kind": "visible_linework_review_only",
        "backend": "archaeotrace_ink_v2_centerline",
        "upstream_commit": "7960acddb4e82855e2088fdfdd2244799b63775c",
        "pixel_length": 20.657,
        "point_count": 6,
        "confidence": 1.0,
        "review_status": "unreviewed"
      },
      "geometry": {
        "type": "LineString",
        "coordinates": [
          [
            126.95533905373958,
            36.378265010857604
          ],
          [
            126.95557414071858,
            36.378265010857604
          ],
          [
            126.95562115811438,
            36.378226640184515
          ],
          [
            126.95562115811438,
            36.377919674799806
          ],
          [
            126.95552712332278,
            36.37784293345363
          ],
          [
            126.95538607113538,
            36.37788130412672
          ]
        ]
      }
    },
    {
      "type": "Feature",
      "properties": {
        "proposal_id": "ink-line-191",
        "tile_id": "174-cheongyang-hydro",
        "sheet_id": "174-cheongyang",
        "split": "development",
        "proposal_kind": "visible_linework_review_only",
        "backend": "archaeotrace_ink_v2_centerline",
        "upstream_commit": "7960acddb4e82855e2088fdfdd2244799b63775c",
        "pixel_length": 19.243,
        "point_count": 4,
        "confidence": 1.0,
        "review_status": "unreviewed"
      },
      "geometry": {
        "type": "LineString",
        "coordinates": [
          [
            126.95585624509337,
            36.36637010220013
          ],
          [
            126.95623238425976,
            36.36640847287322
          ],
          [
            126.95646747123875,
            36.366485214219395
          ],
          [
            126.95670255821776,
            36.366485214219395
          ]
        ]
      }
    },
    {
      "type": "Feature",
      "properties": {
        "proposal_id": "ink-line-192",
        "tile_id": "174-cheongyang-hydro",
        "sheet_id": "174-cheongyang",
        "split": "development",
        "proposal_kind": "visible_linework_review_only",
        "backend": "archaeotrace_ink_v2_centerline",
        "upstream_commit": "7960acddb4e82855e2088fdfdd2244799b63775c",
        "pixel_length": 19.071,
        "point_count": 3,
        "confidence": 1.0,
        "review_status": "unreviewed"
      },
      "geometry": {
        "type": "LineString",
        "coordinates": [
          [
            126.95595027988497,
            36.36475853393041
          ],
          [
            126.95599729728077,
            36.365065499315115
          ],
          [
            126.95618536686396,
            36.36541083537291
          ]
        ]
      }
    },
    {
      "type": "Feature",
      "properties": {
        "proposal_id": "ink-line-193",
        "tile_id": "174-cheongyang-hydro",
        "sheet_id": "174-cheongyang",
        "split": "development",
        "proposal_kind": "visible_linework_review_only",
        "backend": "archaeotrace_ink_v2_centerline",
        "upstream_commit": "7960acddb4e82855e2088fdfdd2244799b63775c",
        "pixel_length": 20.314,
        "point_count": 6,
        "confidence": 1.0,
        "review_status": "unreviewed"
      },
      "geometry": {
        "type": "LineString",
        "coordinates": [
          [
            126.95623238425976,
            36.370168798835905
          ],
          [
            126.95623238425976,
            36.37024554018208
          ],
          [
            126.95632641905136,
            36.37032228152826
          ],
          [
            126.95656150603035,
            36.37036065220135
          ],
          [
            126.95674957561356,
            36.3705141348937
          ],
          [
            126.95679659300936,
            36.37066761758606
          ]
        ]
      }
    },
    {
      "type": "Feature",
      "properties": {
        "proposal_id": "ink-line-194",
        "tile_id": "174-cheongyang-hydro",
        "sheet_id": "174-cheongyang",
        "split": "development",
        "proposal_kind": "visible_linework_review_only",
        "backend": "archaeotrace_ink_v2_centerline",
        "upstream_commit": "7960acddb4e82855e2088fdfdd2244799b63775c",
        "pixel_length": 29.657,
        "point_count": 4,
        "confidence": 1.0,
        "review_status": "unreviewed"
      },
      "geometry": {
        "type": "LineString",
        "coordinates": [
          [
            126.95632641905136,
            36.357276252678126
          ],
          [
            126.95656150603035,
            36.3573529940243
          ],
          [
            126.95740781915474,
            36.3573529940243
          ],
          [
            126.95764290613373,
            36.35742973537048
          ]
        ]
      }
    },
    {
      "type": "Feature",
      "properties": {
        "proposal_id": "ink-line-195",
        "tile_id": "174-cheongyang-hydro",
        "sheet_id": "174-cheongyang",
        "split": "development",
        "proposal_kind": "visible_linework_review_only",
        "backend": "archaeotrace_ink_v2_centerline",
        "upstream_commit": "7960acddb4e82855e2088fdfdd2244799b63775c",
        "pixel_length": 18.899,
        "point_count": 4,
        "confidence": 1.0,
        "review_status": "unreviewed"
      },
      "geometry": {
        "type": "LineString",
        "coordinates": [
          [
            126.95651448863455,
            36.39330631470835
          ],
          [
            126.95679659300936,
            36.393114461342904
          ],
          [
            126.95707869738415,
            36.393114461342904
          ],
          [
            126.95717273217575,
            36.39326794403526
          ]
        ]
      }
    },
    {
      "type": "Feature",
      "properties": {
        "proposal_id": "ink-line-196",
        "tile_id": "174-cheongyang-hydro",
        "sheet_id": "174-cheongyang",
        "split": "development",
        "proposal_kind": "visible_linework_review_only",
        "backend": "archaeotrace_ink_v2_centerline",
        "upstream_commit": "7960acddb4e82855e2088fdfdd2244799b63775c",
        "pixel_length": 21.485,
        "point_count": 5,
        "confidence": 1.0,
        "review_status": "unreviewed"
      },
      "geometry": {
        "type": "LineString",
        "coordinates": [
          [
            126.95670255821776,
            36.374850020952714
          ],
          [
            126.95674957561356,
            36.3748883916258
          ],
          [
            126.95698466259255,
            36.3748883916258
          ],
          [
            126.95707869738415,
            36.37496513297198
          ],
          [
            126.95721974957154,
            36.375387210375955
          ]
        ]
      }
    },
    {
      "type": "Feature",
      "properties": {
        "proposal_id": "ink-line-197",
        "tile_id": "174-cheongyang-hydro",
        "sheet_id": "174-cheongyang",
        "split": "development",
        "proposal_kind": "visible_linework_review_only",
        "backend": "archaeotrace_ink_v2_centerline",
        "upstream_commit": "7960acddb4e82855e2088fdfdd2244799b63775c",
        "pixel_length": 19.243,
        "point_count": 4,
        "confidence": 1.0,
        "review_status": "unreviewed"
      },
      "geometry": {
        "type": "LineString",
        "coordinates": [
          [
            126.95670255821776,
            36.3715501430671
          ],
          [
            126.95670255821776,
            36.37174199643254
          ],
          [
            126.95684361040514,
            36.37204896181725
          ],
          [
            126.95684361040514,
            36.37224081518269
          ]
        ]
      }
    },
    {
      "type": "Feature",
      "properties": {
        "proposal_id": "ink-line-198",
        "tile_id": "174-cheongyang-hydro",
        "sheet_id": "174-cheongyang",
        "split": "development",
        "proposal_kind": "visible_linework_review_only",
        "backend": "archaeotrace_ink_v2_centerline",
        "upstream_commit": "7960acddb4e82855e2088fdfdd2244799b63775c",
        "pixel_length": 23.657,
        "point_count": 4,
        "confidence": 1.0,
        "review_status": "unreviewed"
      },
      "geometry": {
        "type": "LineString",
        "coordinates": [
          [
            126.95674957561356,
            36.36134354402552
          ],
          [
            126.95689062780095,
            36.361612138737144
          ],
          [
            126.95689062780095,
            36.36207258681421
          ],
          [
            126.95684361040514,
            36.36218769883347
          ]
        ]
      }
    },
    {
      "type": "Feature",
      "properties": {
        "proposal_id": "ink-line-199",
        "tile_id": "174-cheongyang-hydro",
        "sheet_id": "174-cheongyang",
        "split": "development",
        "proposal_kind": "visible_linework_review_only",
        "backend": "archaeotrace_ink_v2_centerline",
        "upstream_commit": "7960acddb4e82855e2088fdfdd2244799b63775c",
        "pixel_length": 19.657,
        "point_count": 4,
        "confidence": 1.0,
        "review_status": "unreviewed"
      },
      "geometry": {
        "type": "LineString",
        "coordinates": [
          [
            126.95689062780095,
            36.387704196437404
          ],
          [
            126.95689062780095,
            36.38762745509123
          ],
          [
            126.95703167998835,
            36.387435601725784
          ],
          [
            126.95698466259255,
            36.38701352432181
          ]
        ]
      }
    },
    {
      "type": "Feature",
      "properties": {
        "proposal_id": "ink-line-200",
        "tile_id": "174-cheongyang-hydro",
        "sheet_id": "174-cheongyang",
        "split": "development",
        "proposal_kind": "visible_linework_review_only",
        "backend": "archaeotrace_ink_v2_centerline",
        "upstream_commit": "7960acddb4e82855e2088fdfdd2244799b63775c",
        "pixel_length": 24.485,
        "point_count": 5,
        "confidence": 1.0,
        "review_status": "unreviewed"
      },
      "geometry": {
        "type": "LineString",
        "coordinates": [
          [
            126.95689062780095,
            36.37408260749095
          ],
          [
            126.95707869738415,
            36.374159348837125
          ],
          [
            126.95745483655054,
            36.374159348837125
          ],
          [
            126.95764290613373,
            36.37400586614477
          ],
          [
            126.95764290613373,
            36.37377564210624
          ]
        ]
      }
    },
    {
      "type": "Feature",
      "properties": {
        "proposal_id": "ink-line-201",
        "tile_id": "174-cheongyang-hydro",
        "sheet_id": "174-cheongyang",
        "split": "development",
        "proposal_kind": "visible_linework_review_only",
        "backend": "archaeotrace_ink_v2_centerline",
        "upstream_commit": "7960acddb4e82855e2088fdfdd2244799b63775c",
        "pixel_length": 31.071,
        "point_count": 3,
        "confidence": 1.0,
        "review_status": "unreviewed"
      },
      "geometry": {
        "type": "LineString",
        "coordinates": [
          [
            126.95689062780095,
            36.370782729605324
          ],
          [
            126.95698466259255,
            36.37089784162459
          ],
          [
            126.95712571477995,
            36.371895479124895
          ]
        ]
      }
    },
    {
      "type": "Feature",
      "properties": {
        "proposal_id": "ink-line-202",
        "tile_id": "174-cheongyang-hydro",
        "sheet_id": "174-cheongyang",
        "split": "development",
        "proposal_kind": "visible_linework_review_only",
        "backend": "archaeotrace_ink_v2_centerline",
        "upstream_commit": "7960acddb4e82855e2088fdfdd2244799b63775c",
        "pixel_length": 20.899,
        "point_count": 4,
        "confidence": 1.0,
        "review_status": "unreviewed"
      },
      "geometry": {
        "type": "LineString",
        "coordinates": [
          [
            126.95689062780095,
            36.35823551950534
          ],
          [
            126.95731378436314,
            36.35827389017843
          ],
          [
            126.95754887134214,
            36.358197148832254
          ],
          [
            126.95773694092533,
            36.35835063152461
          ]
        ]
      }
    },
    {
      "type": "Feature",
      "properties": {
        "proposal_id": "ink-line-203",
        "tile_id": "174-cheongyang-hydro",
        "sheet_id": "174-cheongyang",
        "split": "development",
        "proposal_kind": "visible_linework_review_only",
        "backend": "archaeotrace_ink_v2_centerline",
        "upstream_commit": "7960acddb4e82855e2088fdfdd2244799b63775c",
        "pixel_length": 30.243,
        "point_count": 4,
        "confidence": 1.0,
        "review_status": "unreviewed"
      },
      "geometry": {
        "type": "LineString",
        "coordinates": [
          [
            126.95707869738415,
            36.366485214219395
          ],
          [
            126.95721974957154,
            36.366485214219395
          ],
          [
            126.95736080175894,
            36.36640847287322
          ],
          [
            126.95844220186231,
            36.366446843546306
          ]
        ]
      }
    },
    {
      "type": "Feature",
      "properties": {
        "proposal_id": "ink-line-204",
        "tile_id": "174-cheongyang-hydro",
        "sheet_id": "174-cheongyang",
        "split": "development",
        "proposal_kind": "visible_linework_review_only",
        "backend": "archaeotrace_ink_v2_centerline",
        "upstream_commit": "7960acddb4e82855e2088fdfdd2244799b63775c",
        "pixel_length": 18.657,
        "point_count": 3,
        "confidence": 1.0,
        "review_status": "unreviewed"
      },
      "geometry": {
        "type": "LineString",
        "coordinates": [
          [
            126.95712571477995,
            36.379109165665554
          ],
          [
            126.95731378436314,
            36.378763829607756
          ],
          [
            126.95731378436314,
            36.37845686422305
          ]
        ]
      }
    },
    {
      "type": "Feature",
      "properties": {
        "proposal_id": "ink-line-205",
        "tile_id": "174-cheongyang-hydro",
        "sheet_id": "174-cheongyang",
        "split": "development",
        "proposal_kind": "visible_linework_review_only",
        "backend": "archaeotrace_ink_v2_centerline",
        "upstream_commit": "7960acddb4e82855e2088fdfdd2244799b63775c",
        "pixel_length": 27.314,
        "point_count": 4,
        "confidence": 1.0,
        "review_status": "unreviewed"
      },
      "geometry": {
        "type": "LineString",
        "coordinates": [
          [
            126.95712571477995,
            36.36095983729464
          ],
          [
            126.95721974957154,
            36.3610749493139
          ],
          [
            126.95731378436314,
            36.361535397390966
          ],
          [
            126.95750185394634,
            36.361880733448764
          ]
        ]
      }
    },
    {
      "type": "Feature",
      "properties": {
        "proposal_id": "ink-line-206",
        "tile_id": "174-cheongyang-hydro",
        "sheet_id": "174-cheongyang",
        "split": "development",
        "proposal_kind": "visible_linework_review_only",
        "backend": "archaeotrace_ink_v2_centerline",
        "upstream_commit": "7960acddb4e82855e2088fdfdd2244799b63775c",
        "pixel_length": 23.314,
        "point_count": 5,
        "confidence": 1.0,
        "review_status": "unreviewed"
      },
      "geometry": {
        "type": "LineString",
        "coordinates": [
          [
            126.95750185394634,
            36.36307022431451
          ],
          [
            126.95764290613373,
            36.36287837094907
          ],
          [
            126.95768992352953,
            36.36260977623745
          ],
          [
            126.95783097571693,
            36.36249466421818
          ],
          [
            126.95806606269592,
            36.362456293545094
          ]
        ]
      }
    },
    {
      "type": "Feature",
      "properties": {
        "proposal_id": "ink-line-207",
        "tile_id": "174-cheongyang-hydro",
        "sheet_id": "174-cheongyang",
        "split": "development",
        "proposal_kind": "visible_linework_review_only",
        "backend": "archaeotrace_ink_v2_centerline",
        "upstream_commit": "7960acddb4e82855e2088fdfdd2244799b63775c",
        "pixel_length": 39.627,
        "point_count": 6,
        "confidence": 1.0,
        "review_status": "unreviewed"
      },
      "geometry": {
        "type": "LineString",
        "coordinates": [
          [
            126.95754887134214,
            36.36095983729464
          ],
          [
            126.95754887134214,
            36.3610749493139
          ],
          [
            126.95768992352953,
            36.361305173352434
          ],
          [
            126.95801904530012,
            36.361535397390966
          ],
          [
            126.95848921925811,
            36.36149702671788
          ],
          [
            126.9588183410287,
            36.361266802679346
          ]
        ]
      }
    },
    {
      "type": "Feature",
      "properties": {
        "proposal_id": "ink-line-208",
        "tile_id": "174-cheongyang-hydro",
        "sheet_id": "174-cheongyang",
        "split": "development",
        "proposal_kind": "visible_linework_review_only",
        "backend": "archaeotrace_ink_v2_centerline",
        "upstream_commit": "7960acddb4e82855e2088fdfdd2244799b63775c",
        "pixel_length": 18.728,
        "point_count": 4,
        "confidence": 1.0,
        "review_status": "unreviewed"
      },
      "geometry": {
        "type": "LineString",
        "coordinates": [
          [
            126.95764290613373,
            36.35627861517782
          ],
          [
            126.95801904530012,
            36.35650883921635
          ],
          [
            126.95811308009172,
            36.356700692581796
          ],
          [
            126.95806606269592,
            36.356777433927974
          ]
        ]
      }
    },
    {
      "type": "Feature",
      "properties": {
        "proposal_id": "ink-line-209",
        "tile_id": "174-cheongyang-hydro",
        "sheet_id": "174-cheongyang",
        "split": "development",
        "proposal_kind": "visible_linework_review_only",
        "backend": "archaeotrace_ink_v2_centerline",
        "upstream_commit": "7960acddb4e82855e2088fdfdd2244799b63775c",
        "pixel_length": 22.142,
        "point_count": 4,
        "confidence": 1.0,
        "review_status": "unreviewed"
      },
      "geometry": {
        "type": "LineString",
        "coordinates": [
          [
            126.95768992352953,
            36.39399698682394
          ],
          [
            126.95806606269592,
            36.39388187480468
          ],
          [
            126.95839518446651,
            36.393651650766145
          ],
          [
            126.95853623665391,
            36.39361328009306
          ]
        ]
      }
    },
    {
      "type": "Feature",
      "properties": {
        "proposal_id": "ink-line-210",
        "tile_id": "174-cheongyang-hydro",
        "sheet_id": "174-cheongyang",
        "split": "development",
        "proposal_kind": "visible_linework_review_only",
        "backend": "archaeotrace_ink_v2_centerline",
        "upstream_commit": "7960acddb4e82855e2088fdfdd2244799b63775c",
        "pixel_length": 22.142,
        "point_count": 3,
        "confidence": 1.0,
        "review_status": "unreviewed"
      },
      "geometry": {
        "type": "LineString",
        "coordinates": [
          [
            126.95773694092533,
            36.35861922623623
          ],
          [
            126.95811308009172,
            36.35884945027476
          ],
          [
            126.95858325404971,
            36.359002932967115
          ]
        ]
      }
    },
    {
      "type": "Feature",
      "properties": {
        "proposal_id": "ink-line-211",
        "tile_id": "174-cheongyang-hydro",
        "sheet_id": "174-cheongyang",
        "split": "development",
        "proposal_kind": "visible_linework_review_only",
        "backend": "archaeotrace_ink_v2_centerline",
        "upstream_commit": "7960acddb4e82855e2088fdfdd2244799b63775c",
        "pixel_length": 19.899,
        "point_count": 4,
        "confidence": 1.0,
        "review_status": "unreviewed"
      },
      "geometry": {
        "type": "LineString",
        "coordinates": [
          [
            126.95773694092533,
            36.35746810604357
          ],
          [
            126.95820711488332,
            36.357621588735924
          ],
          [
            126.95834816707071,
            36.357621588735924
          ],
          [
            126.95853623665391,
            36.35750647671666
          ]
        ]
      }
    },
    {
      "type": "Feature",
      "properties": {
        "proposal_id": "ink-line-212",
        "tile_id": "174-cheongyang-hydro",
        "sheet_id": "174-cheongyang",
        "split": "development",
        "proposal_kind": "visible_linework_review_only",
        "backend": "archaeotrace_ink_v2_centerline",
        "upstream_commit": "7960acddb4e82855e2088fdfdd2244799b63775c",
        "pixel_length": 18.828,
        "point_count": 3,
        "confidence": 1.0,
        "review_status": "unreviewed"
      },
      "geometry": {
        "type": "LineString",
        "coordinates": [
          [
            126.95778395832113,
            36.363837637776285
          ],
          [
            126.95783097571693,
            36.36322370700687
          ],
          [
            126.95787799311273,
            36.36314696566069
          ]
        ]
      }
    },
    {
      "type": "Feature",
      "properties": {
        "proposal_id": "ink-line-213",
        "tile_id": "174-cheongyang-hydro",
        "sheet_id": "174-cheongyang",
        "split": "development",
        "proposal_kind": "visible_linework_review_only",
        "backend": "archaeotrace_ink_v2_centerline",
        "upstream_commit": "7960acddb4e82855e2088fdfdd2244799b63775c",
        "pixel_length": 28.142,
        "point_count": 5,
        "confidence": 1.0,
        "review_status": "unreviewed"
      },
      "geometry": {
        "type": "LineString",
        "coordinates": [
          [
            126.95783097571693,
            36.36034590652522
          ],
          [
            126.95797202790432,
            36.36080635460228
          ],
          [
            126.95820711488332,
            36.360998207967725
          ],
          [
            126.95834816707071,
            36.361036578640814
          ],
          [
            126.95853623665391,
            36.360998207967725
          ]
        ]
      }
    },
    {
      "type": "Feature",
      "properties": {
        "proposal_id": "ink-line-214",
        "tile_id": "174-cheongyang-hydro",
        "sheet_id": "174-cheongyang",
        "split": "development",
        "proposal_kind": "visible_linework_review_only",
        "backend": "archaeotrace_ink_v2_centerline",
        "upstream_commit": "7960acddb4e82855e2088fdfdd2244799b63775c",
        "pixel_length": 22.314,
        "point_count": 5,
        "confidence": 1.0,
        "review_status": "unreviewed"
      },
      "geometry": {
        "type": "LineString",
        "coordinates": [
          [
            126.95783097571693,
            36.35954012239036
          ],
          [
            126.95801904530012,
            36.35954012239036
          ],
          [
            126.95825413227912,
            36.359616863736534
          ],
          [
            126.95853623665391,
            36.35980871710198
          ],
          [
            126.9587243062371,
            36.359847087775066
          ]
        ]
      }
    },
    {
      "type": "Feature",
      "properties": {
        "proposal_id": "ink-line-215",
        "tile_id": "174-cheongyang-hydro",
        "sheet_id": "174-cheongyang",
        "split": "development",
        "proposal_kind": "visible_linework_review_only",
        "backend": "archaeotrace_ink_v2_centerline",
        "upstream_commit": "7960acddb4e82855e2088fdfdd2244799b63775c",
        "pixel_length": 18.657,
        "point_count": 5,
        "confidence": 1.0,
        "review_status": "unreviewed"
      },
      "geometry": {
        "type": "LineString",
        "coordinates": [
          [
            126.95792501050853,
            36.36625499018086
          ],
          [
            126.95797202790432,
            36.366216619507775
          ],
          [
            126.95839518446651,
            36.366216619507775
          ],
          [
            126.95858325404971,
            36.36625499018086
          ],
          [
            126.9586772888413,
            36.36637010220013
          ]
        ]
      }
    },
    {
      "type": "Feature",
      "properties": {
        "proposal_id": "ink-line-216",
        "tile_id": "174-cheongyang-hydro",
        "sheet_id": "174-cheongyang",
        "split": "development",
        "proposal_kind": "visible_linework_review_only",
        "backend": "archaeotrace_ink_v2_centerline",
        "upstream_commit": "7960acddb4e82855e2088fdfdd2244799b63775c",
        "pixel_length": 19.071,
        "point_count": 5,
        "confidence": 1.0,
        "review_status": "unreviewed"
      },
      "geometry": {
        "type": "LineString",
        "coordinates": [
          [
            126.95811308009172,
            36.365103869988204
          ],
          [
            126.95816009748752,
            36.365027128642026
          ],
          [
            126.95844220186231,
            36.365065499315115
          ],
          [
            126.95858325404971,
            36.36487364594968
          ],
          [
            126.9587713236329,
            36.36487364594968
          ]
        ]
      }
    },
    {
      "type": "Feature",
      "properties": {
        "proposal_id": "ink-line-217",
        "tile_id": "174-cheongyang-hydro",
        "sheet_id": "174-cheongyang",
        "split": "development",
        "proposal_kind": "visible_linework_review_only",
        "backend": "archaeotrace_ink_v2_centerline",
        "upstream_commit": "7960acddb4e82855e2088fdfdd2244799b63775c",
        "pixel_length": 20.314,
        "point_count": 4,
        "confidence": 1.0,
        "review_status": "unreviewed"
      },
      "geometry": {
        "type": "LineString",
        "coordinates": [
          [
            126.95825413227912,
            36.379109165665554
          ],
          [
            126.95848921925811,
            36.379301019031
          ],
          [
            126.9587243062371,
            36.379301019031
          ],
          [
            126.9590064106119,
            36.37914753633864
          ]
        ]
      }
    },
    {
      "type": "Feature",
      "properties": {
        "proposal_id": "ink-line-218",
        "tile_id": "174-cheongyang-hydro",
        "sheet_id": "174-cheongyang",
        "split": "development",
        "proposal_kind": "visible_linework_review_only",
        "backend": "archaeotrace_ink_v2_centerline",
        "upstream_commit": "7960acddb4e82855e2088fdfdd2244799b63775c",
        "pixel_length": 19.071,
        "point_count": 4,
        "confidence": 1.0,
        "review_status": "unreviewed"
      },
      "geometry": {
        "type": "LineString",
        "coordinates": [
          [
            126.95844220186231,
            36.36030753585213
          ],
          [
            126.9587713236329,
            36.36034590652522
          ],
          [
            126.9590064106119,
            36.36023079450595
          ],
          [
            126.9592414975909,
            36.36019242383286
          ]
        ]
      }
    },
    {
      "type": "Feature",
      "properties": {
        "proposal_id": "ink-line-219",
        "tile_id": "174-cheongyang-hydro",
        "sheet_id": "174-cheongyang",
        "split": "development",
        "proposal_kind": "visible_linework_review_only",
        "backend": "archaeotrace_ink_v2_centerline",
        "upstream_commit": "7960acddb4e82855e2088fdfdd2244799b63775c",
        "pixel_length": 21.314,
        "point_count": 6,
        "confidence": 1.0,
        "review_status": "unreviewed"
      },
      "geometry": {
        "type": "LineString",
        "coordinates": [
          [
            126.95858325404971,
            36.36663869691175
          ],
          [
            126.95858325404971,
            36.36671543825793
          ],
          [
            126.9587713236329,
            36.36686892095028
          ],
          [
            126.9589123758203,
            36.36686892095028
          ],
          [
            126.95905342800769,
            36.366753808931016
          ],
          [
            126.9590064106119,
            36.366523584892484
          ]
        ]
      }
    },
    {
      "type": "Feature",
      "properties": {
        "proposal_id": "ink-line-220",
        "tile_id": "174-cheongyang-hydro",
        "sheet_id": "174-cheongyang",
        "split": "development",
        "proposal_kind": "visible_linework_review_only",
        "backend": "archaeotrace_ink_v2_centerline",
        "upstream_commit": "7960acddb4e82855e2088fdfdd2244799b63775c",
        "pixel_length": 26.485,
        "point_count": 4,
        "confidence": 1.0,
        "review_status": "unreviewed"
      },
      "geometry": {
        "type": "LineString",
        "coordinates": [
          [
            126.95863027144551,
            36.36280162960289
          ],
          [
            126.9588183410287,
            36.36280162960289
          ],
          [
            126.9589593932161,
            36.36291674162216
          ],
          [
            126.9591004454035,
            36.363569043064665
          ]
        ]
      }
    },
    {
      "type": "Feature",
      "properties": {
        "proposal_id": "ink-line-221",
        "tile_id": "174-cheongyang-hydro",
        "sheet_id": "174-cheongyang",
        "split": "development",
        "proposal_kind": "visible_linework_review_only",
        "backend": "archaeotrace_ink_v2_centerline",
        "upstream_commit": "7960acddb4e82855e2088fdfdd2244799b63775c",
        "pixel_length": 21.728,
        "point_count": 4,
        "confidence": 1.0,
        "review_status": "unreviewed"
      },
      "geometry": {
        "type": "LineString",
        "coordinates": [
          [
            126.95863027144551,
            36.357890183447545
          ],
          [
            126.9587713236329,
            36.357851812774456
          ],
          [
            126.9589123758203,
            36.35773670075519
          ],
          [
            126.9591474627993,
            36.357276252678126
          ]
        ]
      }
    },
    {
      "type": "Feature",
      "properties": {
        "proposal_id": "ink-line-222",
        "tile_id": "174-cheongyang-hydro",
        "sheet_id": "174-cheongyang",
        "split": "development",
        "proposal_kind": "visible_linework_review_only",
        "backend": "archaeotrace_ink_v2_centerline",
        "upstream_commit": "7960acddb4e82855e2088fdfdd2244799b63775c",
        "pixel_length": 18.899,
        "point_count": 3,
        "confidence": 1.0,
        "review_status": "unreviewed"
      },
      "geometry": {
        "type": "LineString",
        "coordinates": [
          [
            126.9586772888413,
            36.359041303640204
          ],
          [
            126.95905342800769,
            36.35907967431329
          ],
          [
            126.9593825497783,
            36.35934826902491
          ]
        ]
      }
    },
    {
      "type": "Feature",
      "properties": {
        "proposal_id": "ink-line-223",
        "tile_id": "174-cheongyang-hydro",
        "sheet_id": "174-cheongyang",
        "split": "development",
        "proposal_kind": "visible_linework_review_only",
        "backend": "archaeotrace_ink_v2_centerline",
        "upstream_commit": "7960acddb4e82855e2088fdfdd2244799b63775c",
        "pixel_length": 23.657,
        "point_count": 3,
        "confidence": 1.0,
        "review_status": "unreviewed"
      },
      "geometry": {
        "type": "LineString",
        "coordinates": [
          [
            126.9587713236329,
            36.377651080088185
          ],
          [
            126.9591944801951,
            36.37776619210745
          ],
          [
            126.95980570634048,
            36.37772782143436
          ]
        ]
      }
    },
    {
      "type": "Feature",
      "properties": {
        "proposal_id": "ink-line-224",
        "tile_id": "174-cheongyang-hydro",
        "sheet_id": "174-cheongyang",
        "split": "development",
        "proposal_kind": "visible_linework_review_only",
        "backend": "archaeotrace_ink_v2_centerline",
        "upstream_commit": "7960acddb4e82855e2088fdfdd2244799b63775c",
        "pixel_length": 24.414,
        "point_count": 2,
        "confidence": 1.0,
        "review_status": "unreviewed"
      },
      "geometry": {
        "type": "LineString",
        "coordinates": [
          [
            126.9589123758203,
            36.3742360901833
          ],
          [
            126.9589593932161,
            36.373315194029175
          ]
        ]
      }
    },
    {
      "type": "Feature",
      "properties": {
        "proposal_id": "ink-line-225",
        "tile_id": "174-cheongyang-hydro",
        "sheet_id": "174-cheongyang",
        "split": "development",
        "proposal_kind": "visible_linework_review_only",
        "backend": "archaeotrace_ink_v2_centerline",
        "upstream_commit": "7960acddb4e82855e2088fdfdd2244799b63775c",
        "pixel_length": 31.627,
        "point_count": 5,
        "confidence": 1.0,
        "review_status": "unreviewed"
      },
      "geometry": {
        "type": "LineString",
        "coordinates": [
          [
            126.9589593932161,
            36.39284586663128
          ],
          [
            126.9590064106119,
            36.39288423730437
          ],
          [
            126.9592885149867,
            36.39284586663128
          ],
          [
            126.95975868894469,
            36.39242378922731
          ],
          [
            126.96008781071528,
            36.392270306534954
          ]
        ]
      }
    },
    {
      "type": "Feature",
      "properties": {
        "proposal_id": "ink-line-226",
        "tile_id": "174-cheongyang-hydro",
        "sheet_id": "174-cheongyang",
        "split": "development",
        "proposal_kind": "visible_linework_review_only",
        "backend": "archaeotrace_ink_v2_centerline",
        "upstream_commit": "7960acddb4e82855e2088fdfdd2244799b63775c",
        "pixel_length": 18.314,
        "point_count": 3,
        "confidence": 1.0,
        "review_status": "unreviewed"
      },
      "geometry": {
        "type": "LineString",
        "coordinates": [
          [
            126.95905342800769,
            36.36940138537413
          ],
          [
            126.95905342800769,
            36.3695164973934
          ],
          [
            126.95942956717408,
            36.36997694547046
          ]
        ]
      }
    },
    {
      "type": "Feature",
      "properties": {
        "proposal_id": "ink-line-227",
        "tile_id": "174-cheongyang-hydro",
        "sheet_id": "174-cheongyang",
        "split": "development",
        "proposal_kind": "visible_linework_review_only",
        "backend": "archaeotrace_ink_v2_centerline",
        "upstream_commit": "7960acddb4e82855e2088fdfdd2244799b63775c",
        "pixel_length": 18.485,
        "point_count": 5,
        "confidence": 1.0,
        "review_status": "unreviewed"
      },
      "geometry": {
        "type": "LineString",
        "coordinates": [
          [
            126.9592414975909,
            36.374427943548746
          ],
          [
            126.9593355323825,
            36.37427446085639
          ],
          [
            126.9593355323825,
            36.374120978164036
          ],
          [
            126.95942956717408,
            36.373890754125505
          ],
          [
            126.95952360196569,
            36.37381401277933
          ]
        ]
      }
    },
    {
      "type": "Feature",
      "properties": {
        "proposal_id": "ink-line-228",
        "tile_id": "174-cheongyang-hydro",
        "sheet_id": "174-cheongyang",
        "split": "development",
        "proposal_kind": "visible_linework_review_only",
        "backend": "archaeotrace_ink_v2_centerline",
        "upstream_commit": "7960acddb4e82855e2088fdfdd2244799b63775c",
        "pixel_length": 25.071,
        "point_count": 6,
        "confidence": 1.0,
        "review_status": "unreviewed"
      },
      "geometry": {
        "type": "LineString",
        "coordinates": [
          [
            126.9593355323825,
            36.39150289307318
          ],
          [
            126.9593825497783,
            36.39146452240009
          ],
          [
            126.9593825497783,
            36.39123429836156
          ],
          [
            126.95947658456988,
            36.391119186342294
          ],
          [
            126.95942956717408,
            36.391080815669206
          ],
          [
            126.95947658456988,
            36.39062036759214
          ]
        ]
      }
    },
    {
      "type": "Feature",
      "properties": {
        "proposal_id": "ink-line-229",
        "tile_id": "174-cheongyang-hydro",
        "sheet_id": "174-cheongyang",
        "split": "development",
        "proposal_kind": "visible_linework_review_only",
        "backend": "archaeotrace_ink_v2_centerline",
        "upstream_commit": "7960acddb4e82855e2088fdfdd2244799b63775c",
        "pixel_length": 22.071,
        "point_count": 5,
        "confidence": 1.0,
        "review_status": "unreviewed"
      },
      "geometry": {
        "type": "LineString",
        "coordinates": [
          [
            126.95975868894469,
            36.39372839211232
          ],
          [
            126.95980570634048,
            36.393690021439234
          ],
          [
            126.96013482811108,
            36.393690021439234
          ],
          [
            126.96032289769427,
            36.3938051334585
          ],
          [
            126.96069903686066,
            36.39384350413159
          ]
        ]
      }
    },
    {
      "type": "Feature",
      "properties": {
        "proposal_id": "ink-line-230",
        "tile_id": "174-cheongyang-hydro",
        "sheet_id": "174-cheongyang",
        "split": "development",
        "proposal_kind": "visible_linework_review_only",
        "backend": "archaeotrace_ink_v2_centerline",
        "upstream_commit": "7960acddb4e82855e2088fdfdd2244799b63775c",
        "pixel_length": 24.314,
        "point_count": 4,
        "confidence": 1.0,
        "review_status": "unreviewed"
      },
      "geometry": {
        "type": "LineString",
        "coordinates": [
          [
            126.95985272373628,
            36.393076090669815
          ],
          [
            126.95985272373628,
            36.39292260797746
          ],
          [
            126.96004079331948,
            36.392769125285106
          ],
          [
            126.96065201946486,
            36.39261564259275
          ]
        ]
      }
    },
    {
      "type": "Feature",
      "properties": {
        "proposal_id": "ink-line-231",
        "tile_id": "174-cheongyang-hydro",
        "sheet_id": "174-cheongyang",
        "split": "development",
        "proposal_kind": "visible_linework_review_only",
        "backend": "archaeotrace_ink_v2_centerline",
        "upstream_commit": "7960acddb4e82855e2088fdfdd2244799b63775c",
        "pixel_length": 35.971,
        "point_count": 6,
        "confidence": 1.0,
        "review_status": "unreviewed"
      },
      "geometry": {
        "type": "LineString",
        "coordinates": [
          [
            126.95985272373628,
            36.35884945027476
          ],
          [
            126.95980570634048,
            36.35896456229403
          ],
          [
            126.95985272373628,
            36.359271527678736
          ],
          [
            126.96027588029847,
            36.3597319757558
          ],
          [
            126.96027588029847,
            36.36000057046742
          ],
          [
            126.96022886290267,
            36.36003894114051
          ]
        ]
      }
    },
    {
      "type": "Feature",
      "properties": {
        "proposal_id": "ink-line-232",
        "tile_id": "174-cheongyang-hydro",
        "sheet_id": "174-cheongyang",
        "split": "development",
        "proposal_kind": "visible_linework_review_only",
        "backend": "archaeotrace_ink_v2_centerline",
        "upstream_commit": "7960acddb4e82855e2088fdfdd2244799b63775c",
        "pixel_length": 35.071,
        "point_count": 4,
        "confidence": 1.0,
        "review_status": "unreviewed"
      },
      "geometry": {
        "type": "LineString",
        "coordinates": [
          [
            126.95989974113208,
            36.379953320473504
          ],
          [
            126.95985272373628,
            36.38006843249277
          ],
          [
            126.95985272373628,
            36.3806439925891
          ],
          [
            126.96004079331948,
            36.38121955268543
          ]
        ]
      }
    },
    {
      "type": "Feature",
      "properties": {
        "proposal_id": "ink-line-233",
        "tile_id": "174-cheongyang-hydro",
        "sheet_id": "174-cheongyang",
        "split": "development",
        "proposal_kind": "visible_linework_review_only",
        "backend": "archaeotrace_ink_v2_centerline",
        "upstream_commit": "7960acddb4e82855e2088fdfdd2244799b63775c",
        "pixel_length": 19.485,
        "point_count": 4,
        "confidence": 1.0,
        "review_status": "unreviewed"
      },
      "geometry": {
        "type": "LineString",
        "coordinates": [
          [
            126.96004079331948,
            36.39092733297685
          ],
          [
            126.95989974113208,
            36.390812220957585
          ],
          [
            126.95989974113208,
            36.390543626245965
          ],
          [
            126.96004079331948,
            36.390275031534344
          ]
        ]
      }
    },
    {
      "type": "Feature",
      "properties": {
        "proposal_id": "ink-line-234",
        "tile_id": "174-cheongyang-hydro",
        "sheet_id": "174-cheongyang",
        "split": "development",
        "proposal_kind": "visible_linework_review_only",
        "backend": "archaeotrace_ink_v2_centerline",
        "upstream_commit": "7960acddb4e82855e2088fdfdd2244799b63775c",
        "pixel_length": 33.728,
        "point_count": 8,
        "confidence": 1.0,
        "review_status": "unreviewed"
      },
      "geometry": {
        "type": "LineString",
        "coordinates": [
          [
            126.96013482811108,
            36.37013042816282
          ],
          [
            126.96018184550687,
            36.370168798835905
          ],
          [
            126.96018184550687,
            36.37036065220135
          ],
          [
            126.96013482811108,
            36.37039902287444
          ],
          [
            126.96008781071528,
            36.37082110027841
          ],
          [
            126.96013482811108,
            36.3708594709515
          ],
          [
            126.96013482811108,
            36.371012953643856
          ],
          [
            126.96036991509007,
            36.371281548355476
          ]
        ]
      }
    },
    {
      "type": "Feature",
      "properties": {
        "proposal_id": "ink-line-235",
        "tile_id": "174-cheongyang-hydro",
        "sheet_id": "174-cheongyang",
        "split": "development",
        "proposal_kind": "visible_linework_review_only",
        "backend": "archaeotrace_ink_v2_centerline",
        "upstream_commit": "7960acddb4e82855e2088fdfdd2244799b63775c",
        "pixel_length": 30.485,
        "point_count": 5,
        "confidence": 1.0,
        "review_status": "unreviewed"
      },
      "geometry": {
        "type": "LineString",
        "coordinates": [
          [
            126.96018184550687,
            36.38283112095515
          ],
          [
            126.96022886290267,
            36.382792750282064
          ],
          [
            126.96018184550687,
            36.38240904355118
          ],
          [
            126.96027588029847,
            36.382217190185735
          ],
          [
            126.96018184550687,
            36.38175674210867
          ]
        ]
      }
    },
    {
      "type": "Feature",
      "properties": {
        "proposal_id": "ink-line-236",
        "tile_id": "174-cheongyang-hydro",
        "sheet_id": "174-cheongyang",
        "split": "development",
        "proposal_kind": "visible_linework_review_only",
        "backend": "archaeotrace_ink_v2_centerline",
        "upstream_commit": "7960acddb4e82855e2088fdfdd2244799b63775c",
        "pixel_length": 29.899,
        "point_count": 6,
        "confidence": 1.0,
        "review_status": "unreviewed"
      },
      "geometry": {
        "type": "LineString",
        "coordinates": [
          [
            126.96022886290267,
            36.357007657966506
          ],
          [
            126.96036991509007,
            36.35693091662033
          ],
          [
            126.96051096727747,
            36.35666232190871
          ],
          [
            126.96046394988167,
            36.35631698585091
          ],
          [
            126.96041693248587,
            36.35627861517782
          ],
          [
            126.96041693248587,
            36.3560100204662
          ]
        ]
      }
    },
    {
      "type": "Feature",
      "properties": {
        "proposal_id": "ink-line-237",
        "tile_id": "174-cheongyang-hydro",
        "sheet_id": "174-cheongyang",
        "split": "development",
        "proposal_kind": "visible_linework_review_only",
        "backend": "archaeotrace_ink_v2_centerline",
        "upstream_commit": "7960acddb4e82855e2088fdfdd2244799b63775c",
        "pixel_length": 20.556,
        "point_count": 3,
        "confidence": 1.0,
        "review_status": "unreviewed"
      },
      "geometry": {
        "type": "LineString",
        "coordinates": [
          [
            126.96027588029847,
            36.384481059897965
          ],
          [
            126.96051096727747,
            36.384826395955756
          ],
          [
            126.96079307165226,
            36.385094990667376
          ]
        ]
      }
    },
    {
      "type": "Feature",
      "properties": {
        "proposal_id": "ink-line-238",
        "tile_id": "174-cheongyang-hydro",
        "sheet_id": "174-cheongyang",
        "split": "development",
        "proposal_kind": "visible_linework_review_only",
        "backend": "archaeotrace_ink_v2_centerline",
        "upstream_commit": "7960acddb4e82855e2088fdfdd2244799b63775c",
        "pixel_length": 51.627,
        "point_count": 6,
        "confidence": 1.0,
        "review_status": "unreviewed"
      },
      "geometry": {
        "type": "LineString",
        "coordinates": [
          [
            126.96032289769427,
            36.361842362775675
          ],
          [
            126.96041693248587,
            36.361880733448764
          ],
          [
            126.96069903686066,
            36.36180399210259
          ],
          [
            126.96093412383965,
            36.361573768064055
          ],
          [
            126.96126324561024,
            36.36084472527537
          ],
          [
            126.96131026300604,
            36.36038427719831
          ]
        ]
      }
    },
    {
      "type": "Feature",
      "properties": {
        "proposal_id": "ink-line-239",
        "tile_id": "174-cheongyang-hydro",
        "sheet_id": "174-cheongyang",
        "split": "development",
        "proposal_kind": "visible_linework_review_only",
        "backend": "archaeotrace_ink_v2_centerline",
        "upstream_commit": "7960acddb4e82855e2088fdfdd2244799b63775c",
        "pixel_length": 39.414,
        "point_count": 3,
        "confidence": 1.0,
        "review_status": "unreviewed"
      },
      "geometry": {
        "type": "LineString",
        "coordinates": [
          [
            126.96036991509007,
            36.36587128344998
          ],
          [
            126.96051096727747,
            36.36583291277689
          ],
          [
            126.96220359352623,
            36.36583291277689
          ]
        ]
      }
    },
    {
      "type": "Feature",
      "properties": {
        "proposal_id": "ink-line-240",
        "tile_id": "174-cheongyang-hydro",
        "sheet_id": "174-cheongyang",
        "split": "development",
        "proposal_kind": "visible_linework_review_only",
        "backend": "archaeotrace_ink_v2_centerline",
        "upstream_commit": "7960acddb4e82855e2088fdfdd2244799b63775c",
        "pixel_length": 19.142,
        "point_count": 4,
        "confidence": 1.0,
        "review_status": "unreviewed"
      },
      "geometry": {
        "type": "LineString",
        "coordinates": [
          [
            126.96046394988167,
            36.391349410380826
          ],
          [
            126.96079307165226,
            36.391080815669206
          ],
          [
            126.96107517602705,
            36.39100407432303
          ],
          [
            126.96116921081865,
            36.39104244499612
          ]
        ]
      }
    },
    {
      "type": "Feature",
      "properties": {
        "proposal_id": "ink-line-241",
        "tile_id": "174-cheongyang-hydro",
        "sheet_id": "174-cheongyang",
        "split": "development",
        "proposal_kind": "visible_linework_review_only",
        "backend": "archaeotrace_ink_v2_centerline",
        "upstream_commit": "7960acddb4e82855e2088fdfdd2244799b63775c",
        "pixel_length": 19.899,
        "point_count": 4,
        "confidence": 1.0,
        "review_status": "unreviewed"
      },
      "geometry": {
        "type": "LineString",
        "coordinates": [
          [
            126.96065201946486,
            36.39073547961141
          ],
          [
            126.96079307165226,
            36.39058199691905
          ],
          [
            126.96116921081865,
            36.3904285142267
          ],
          [
            126.96140429779764,
            36.3904285142267
          ]
        ]
      }
    },
    {
      "type": "Feature",
      "properties": {
        "proposal_id": "ink-line-242",
        "tile_id": "174-cheongyang-hydro",
        "sheet_id": "174-cheongyang",
        "split": "development",
        "proposal_kind": "visible_linework_review_only",
        "backend": "archaeotrace_ink_v2_centerline",
        "upstream_commit": "7960acddb4e82855e2088fdfdd2244799b63775c",
        "pixel_length": 30.314,
        "point_count": 4,
        "confidence": 1.0,
        "review_status": "unreviewed"
      },
      "geometry": {
        "type": "LineString",
        "coordinates": [
          [
            126.96065201946486,
            36.35954012239036
          ],
          [
            126.96093412383965,
            36.35992382912124
          ],
          [
            126.96093412383965,
            36.36038427719831
          ],
          [
            126.96084008904806,
            36.36057613056375
          ]
        ]
      }
    },
    {
      "type": "Feature",
      "properties": {
        "proposal_id": "ink-line-243",
        "tile_id": "174-cheongyang-hydro",
        "sheet_id": "174-cheongyang",
        "split": "development",
        "proposal_kind": "visible_linework_review_only",
        "backend": "archaeotrace_ink_v2_centerline",
        "upstream_commit": "7960acddb4e82855e2088fdfdd2244799b63775c",
        "pixel_length": 19.314,
        "point_count": 5,
        "confidence": 1.0,
        "review_status": "unreviewed"
      },
      "geometry": {
        "type": "LineString",
        "coordinates": [
          [
            126.96074605425646,
            36.385440326725174
          ],
          [
            126.96088710644386,
            36.38551706807135
          ],
          [
            126.96098114123545,
            36.385670550763706
          ],
          [
            126.96102815863125,
            36.38590077480224
          ],
          [
            126.96116921081865,
            36.386015886821504
          ]
        ]
      }
    },
    {
      "type": "Feature",
      "properties": {
        "proposal_id": "ink-line-244",
        "tile_id": "174-cheongyang-hydro",
        "sheet_id": "174-cheongyang",
        "split": "development",
        "proposal_kind": "visible_linework_review_only",
        "backend": "archaeotrace_ink_v2_centerline",
        "upstream_commit": "7960acddb4e82855e2088fdfdd2244799b63775c",
        "pixel_length": 29.385,
        "point_count": 7,
        "confidence": 1.0,
        "review_status": "unreviewed"
      },
      "geometry": {
        "type": "LineString",
        "coordinates": [
          [
            126.96084008904806,
            36.35896456229403
          ],
          [
            126.96116921081865,
            36.358695967582406
          ],
          [
            126.96126324561024,
            36.358695967582406
          ],
          [
            126.96135728040184,
            36.35861922623623
          ],
          [
            126.96145131519344,
            36.35861922623623
          ],
          [
            126.96154534998504,
            36.35854248489005
          ],
          [
            126.96192148915144,
            36.358427372870786
          ]
        ]
      }
    },
    {
      "type": "Feature",
      "properties": {
        "proposal_id": "ink-line-245",
        "tile_id": "174-cheongyang-hydro",
        "sheet_id": "174-cheongyang",
        "split": "development",
        "proposal_kind": "visible_linework_review_only",
        "backend": "archaeotrace_ink_v2_centerline",
        "upstream_commit": "7960acddb4e82855e2088fdfdd2244799b63775c",
        "pixel_length": 25.071,
        "point_count": 3,
        "confidence": 1.0,
        "review_status": "unreviewed"
      },
      "geometry": {
        "type": "LineString",
        "coordinates": [
          [
            126.96098114123545,
            36.39384350413159
          ],
          [
            126.96168640217243,
            36.39384350413159
          ],
          [
            126.96206254133882,
            36.393651650766145
          ]
        ]
      }
    },
    {
      "type": "Feature",
      "properties": {
        "proposal_id": "ink-line-246",
        "tile_id": "174-cheongyang-hydro",
        "sheet_id": "174-cheongyang",
        "split": "development",
        "proposal_kind": "visible_linework_review_only",
        "backend": "archaeotrace_ink_v2_centerline",
        "upstream_commit": "7960acddb4e82855e2088fdfdd2244799b63775c",
        "pixel_length": 20.243,
        "point_count": 4,
        "confidence": 1.0,
        "review_status": "unreviewed"
      },
      "geometry": {
        "type": "LineString",
        "coordinates": [
          [
            126.96107517602705,
            36.36871071325854
          ],
          [
            126.96126324561024,
            36.368749083931625
          ],
          [
            126.96135728040184,
            36.36867234258545
          ],
          [
            126.96135728040184,
            36.368173523835296
          ]
        ]
      }
    },
    {
      "type": "Feature",
      "properties": {
        "proposal_id": "ink-line-247",
        "tile_id": "174-cheongyang-hydro",
        "sheet_id": "174-cheongyang",
        "split": "development",
        "proposal_kind": "visible_linework_review_only",
        "backend": "archaeotrace_ink_v2_centerline",
        "upstream_commit": "7960acddb4e82855e2088fdfdd2244799b63775c",
        "pixel_length": 54.728,
        "point_count": 7,
        "confidence": 1.0,
        "review_status": "unreviewed"
      },
      "geometry": {
        "type": "LineString",
        "coordinates": [
          [
            126.96131026300604,
            36.36145865604479
          ],
          [
            126.96135728040184,
            36.36122843200626
          ],
          [
            126.96145131519344,
            36.3610749493139
          ],
          [
            126.96145131519344,
            36.36080635460228
          ],
          [
            126.96159236738085,
            36.36030753585213
          ],
          [
            126.96159236738085,
            36.35996219979433
          ],
          [
            126.96145131519344,
            36.35950175171727
          ]
        ]
      }
    },
    {
      "type": "Feature",
      "properties": {
        "proposal_id": "ink-line-248",
        "tile_id": "174-cheongyang-hydro",
        "sheet_id": "174-cheongyang",
        "split": "development",
        "proposal_kind": "visible_linework_review_only",
        "backend": "archaeotrace_ink_v2_centerline",
        "upstream_commit": "7960acddb4e82855e2088fdfdd2244799b63775c",
        "pixel_length": 32.828,
        "point_count": 3,
        "confidence": 1.0,
        "review_status": "unreviewed"
      },
      "geometry": {
        "type": "LineString",
        "coordinates": [
          [
            126.96135728040184,
            36.373622159413884
          ],
          [
            126.96145131519344,
            36.37392912479859
          ],
          [
            126.96145131519344,
            36.374850020952714
          ]
        ]
      }
    },
    {
      "type": "Feature",
      "properties": {
        "proposal_id": "ink-line-249",
        "tile_id": "174-cheongyang-hydro",
        "sheet_id": "174-cheongyang",
        "split": "development",
        "proposal_kind": "visible_linework_review_only",
        "backend": "archaeotrace_ink_v2_centerline",
        "upstream_commit": "7960acddb4e82855e2088fdfdd2244799b63775c",
        "pixel_length": 19.314,
        "point_count": 3,
        "confidence": 1.0,
        "review_status": "unreviewed"
      },
      "geometry": {
        "type": "LineString",
        "coordinates": [
          [
            126.96149833258924,
            36.39046688489979
          ],
          [
            126.96187447175564,
            36.39073547961141
          ],
          [
            126.96225061092203,
            36.39069710893832
          ]
        ]
      }
    },
    {
      "type": "Feature",
      "properties": {
        "proposal_id": "ink-line-250",
        "tile_id": "174-cheongyang-hydro",
        "sheet_id": "174-cheongyang",
        "split": "development",
        "proposal_kind": "visible_linework_review_only",
        "backend": "archaeotrace_ink_v2_centerline",
        "upstream_commit": "7960acddb4e82855e2088fdfdd2244799b63775c",
        "pixel_length": 25.556,
        "point_count": 4,
        "confidence": 1.0,
        "review_status": "unreviewed"
      },
      "geometry": {
        "type": "LineString",
        "coordinates": [
          [
            126.96149833258924,
            36.37208733249034
          ],
          [
            126.96182745435983,
            36.37208733249034
          ],
          [
            126.96192148915144,
            36.37204896181725
          ],
          [
            126.96248569790102,
            36.37166525508636
          ]
        ]
      }
    },
    {
      "type": "Feature",
      "properties": {
        "proposal_id": "ink-line-251",
        "tile_id": "174-cheongyang-hydro",
        "sheet_id": "174-cheongyang",
        "split": "development",
        "proposal_kind": "visible_linework_review_only",
        "backend": "archaeotrace_ink_v2_centerline",
        "upstream_commit": "7960acddb4e82855e2088fdfdd2244799b63775c",
        "pixel_length": 43.314,
        "point_count": 3,
        "confidence": 1.0,
        "review_status": "unreviewed"
      },
      "geometry": {
        "type": "LineString",
        "coordinates": [
          [
            126.96182745435983,
            36.36364578441084
          ],
          [
            126.96206254133882,
            36.36318533633378
          ],
          [
            126.96220359352623,
            36.362110957487296
          ]
        ]
      }
    },
    {
      "type": "Feature",
      "properties": {
        "proposal_id": "ink-line-252",
        "tile_id": "174-cheongyang-hydro",
        "sheet_id": "174-cheongyang",
        "split": "development",
        "proposal_kind": "visible_linework_review_only",
        "backend": "archaeotrace_ink_v2_centerline",
        "upstream_commit": "7960acddb4e82855e2088fdfdd2244799b63775c",
        "pixel_length": 44.899,
        "point_count": 8,
        "confidence": 1.0,
        "review_status": "unreviewed"
      },
      "geometry": {
        "type": "LineString",
        "coordinates": [
          [
            126.96187447175564,
            36.36084472527537
          ],
          [
            126.96182745435983,
            36.360691242583016
          ],
          [
            126.96182745435983,
            36.360154053159775
          ],
          [
            126.96196850654724,
            36.36003894114051
          ],
          [
            126.96206254133882,
            36.36003894114051
          ],
          [
            126.96215657613043,
            36.360154053159775
          ],
          [
            126.96215657613043,
            36.360691242583016
          ],
          [
            126.96220359352623,
            36.36076798392919
          ]
        ]
      }
    },
    {
      "type": "Feature",
      "properties": {
        "proposal_id": "ink-line-253",
        "tile_id": "174-cheongyang-hydro",
        "sheet_id": "174-cheongyang",
        "split": "development",
        "proposal_kind": "visible_linework_review_only",
        "backend": "archaeotrace_ink_v2_centerline",
        "upstream_commit": "7960acddb4e82855e2088fdfdd2244799b63775c",
        "pixel_length": 19.657,
        "point_count": 4,
        "confidence": 1.0,
        "review_status": "unreviewed"
      },
      "geometry": {
        "type": "LineString",
        "coordinates": [
          [
            126.96187447175564,
            36.357046028639594
          ],
          [
            126.96210955873462,
            36.35696928729342
          ],
          [
            126.96248569790102,
            36.35696928729342
          ],
          [
            126.96272078488002,
            36.357046028639594
          ]
        ]
      }
    },
    {
      "type": "Feature",
      "properties": {
        "proposal_id": "ink-line-254",
        "tile_id": "174-cheongyang-hydro",
        "sheet_id": "174-cheongyang",
        "split": "development",
        "proposal_kind": "visible_linework_review_only",
        "backend": "archaeotrace_ink_v2_centerline",
        "upstream_commit": "7960acddb4e82855e2088fdfdd2244799b63775c",
        "pixel_length": 32.243,
        "point_count": 3,
        "confidence": 1.0,
        "review_status": "unreviewed"
      },
      "geometry": {
        "type": "LineString",
        "coordinates": [
          [
            126.96201552394302,
            36.36529572335365
          ],
          [
            126.96309692404641,
            36.365334094026736
          ],
          [
            126.9634730632128,
            36.36525735268056
          ]
        ]
      }
    },
    {
      "type": "Feature",
      "properties": {
        "proposal_id": "ink-line-255",
        "tile_id": "174-cheongyang-hydro",
        "sheet_id": "174-cheongyang",
        "split": "development",
        "proposal_kind": "visible_linework_review_only",
        "backend": "archaeotrace_ink_v2_centerline",
        "upstream_commit": "7960acddb4e82855e2088fdfdd2244799b63775c",
        "pixel_length": 27.414,
        "point_count": 2,
        "confidence": 1.0,
        "review_status": "unreviewed"
      },
      "geometry": {
        "type": "LineString",
        "coordinates": [
          [
            126.96206254133882,
            36.36487364594968
          ],
          [
            126.9633320110254,
            36.36491201662277
          ]
        ]
      }
    },
    {
      "type": "Feature",
      "properties": {
        "proposal_id": "ink-line-256",
        "tile_id": "174-cheongyang-hydro",
        "sheet_id": "174-cheongyang",
        "split": "development",
        "proposal_kind": "visible_linework_review_only",
        "backend": "archaeotrace_ink_v2_centerline",
        "upstream_commit": "7960acddb4e82855e2088fdfdd2244799b63775c",
        "pixel_length": 19.243,
        "point_count": 5,
        "confidence": 1.0,
        "review_status": "unreviewed"
      },
      "geometry": {
        "type": "LineString",
        "coordinates": [
          [
            126.96220359352623,
            36.37611625316464
          ],
          [
            126.96225061092203,
            36.37603951181846
          ],
          [
            126.96220359352623,
            36.375924399799196
          ],
          [
            126.96225061092203,
            36.37584765845302
          ],
          [
            126.96225061092203,
            36.37542558104904
          ]
        ]
      }
    },
    {
      "type": "Feature",
      "properties": {
        "proposal_id": "ink-line-257",
        "tile_id": "174-cheongyang-hydro",
        "sheet_id": "174-cheongyang",
        "split": "development",
        "proposal_kind": "visible_linework_review_only",
        "backend": "archaeotrace_ink_v2_centerline",
        "upstream_commit": "7960acddb4e82855e2088fdfdd2244799b63775c",
        "pixel_length": 19.071,
        "point_count": 6,
        "confidence": 1.0,
        "review_status": "unreviewed"
      },
      "geometry": {
        "type": "LineString",
        "coordinates": [
          [
            126.96225061092203,
            36.36203421614112
          ],
          [
            126.96225061092203,
            36.36191910412185
          ],
          [
            126.96239166310941,
            36.36172725075641
          ],
          [
            126.96239166310941,
            36.361573768064055
          ],
          [
            126.96243868050522,
            36.361535397390966
          ],
          [
            126.96239166310941,
            36.36138191469861
          ]
        ]
      }
    },
    {
      "type": "Feature",
      "properties": {
        "proposal_id": "ink-line-258",
        "tile_id": "174-cheongyang-hydro",
        "sheet_id": "174-cheongyang",
        "split": "development",
        "proposal_kind": "visible_linework_review_only",
        "backend": "archaeotrace_ink_v2_centerline",
        "upstream_commit": "7960acddb4e82855e2088fdfdd2244799b63775c",
        "pixel_length": 20.414,
        "point_count": 2,
        "confidence": 1.0,
        "review_status": "unreviewed"
      },
      "geometry": {
        "type": "LineString",
        "coordinates": [
          [
            126.96234464571363,
            36.3772673733573
          ],
          [
            126.9632849936296,
            36.37730574403039
          ]
        ]
      }
    },
    {
      "type": "Feature",
      "properties": {
        "proposal_id": "ink-line-259",
        "tile_id": "174-cheongyang-hydro",
        "sheet_id": "174-cheongyang",
        "split": "development",
        "proposal_kind": "visible_linework_review_only",
        "backend": "archaeotrace_ink_v2_centerline",
        "upstream_commit": "7960acddb4e82855e2088fdfdd2244799b63775c",
        "pixel_length": 64.556,
        "point_count": 7,
        "confidence": 1.0,
        "review_status": "unreviewed"
      },
      "geometry": {
        "type": "LineString",
        "coordinates": [
          [
            126.96234464571363,
            36.36341556037231
          ],
          [
            126.96243868050522,
            36.36314696566069
          ],
          [
            126.96243868050522,
            36.36291674162216
          ],
          [
            126.96253271529682,
            36.362724888256714
          ],
          [
            126.96257973269262,
            36.362149328160385
          ],
          [
            126.9627678022758,
            36.361535397390966
          ],
          [
            126.96267376748422,
            36.36111331998699
          ]
        ]
      }
    },
    {
      "type": "Feature",
      "properties": {
        "proposal_id": "ink-line-260",
        "tile_id": "174-cheongyang-hydro",
        "sheet_id": "174-cheongyang",
        "split": "development",
        "proposal_kind": "visible_linework_review_only",
        "backend": "archaeotrace_ink_v2_centerline",
        "upstream_commit": "7960acddb4e82855e2088fdfdd2244799b63775c",
        "pixel_length": 20.657,
        "point_count": 4,
        "confidence": 1.0,
        "review_status": "unreviewed"
      },
      "geometry": {
        "type": "LineString",
        "coordinates": [
          [
            126.96239166310941,
            36.38202533682029
          ],
          [
            126.96257973269262,
            36.3819869661472
          ],
          [
            126.96267376748422,
            36.38206370749338
          ],
          [
            126.96262675008842,
            36.38256252624353
          ]
        ]
      }
    },
    {
      "type": "Feature",
      "properties": {
        "proposal_id": "ink-line-261",
        "tile_id": "174-cheongyang-hydro",
        "sheet_id": "174-cheongyang",
        "split": "development",
        "proposal_kind": "visible_linework_review_only",
        "backend": "archaeotrace_ink_v2_centerline",
        "upstream_commit": "7960acddb4e82855e2088fdfdd2244799b63775c",
        "pixel_length": 22.657,
        "point_count": 4,
        "confidence": 1.0,
        "review_status": "unreviewed"
      },
      "geometry": {
        "type": "LineString",
        "coordinates": [
          [
            126.96239166310941,
            36.364374827199526
          ],
          [
            126.96257973269262,
            36.364451568545704
          ],
          [
            126.9631439414422,
            36.364451568545704
          ],
          [
            126.9633790284212,
            36.364374827199526
          ]
        ]
      }
    },
    {
      "type": "Feature",
      "properties": {
        "proposal_id": "ink-line-262",
        "tile_id": "174-cheongyang-hydro",
        "sheet_id": "174-cheongyang",
        "split": "development",
        "proposal_kind": "visible_linework_review_only",
        "backend": "archaeotrace_ink_v2_centerline",
        "upstream_commit": "7960acddb4e82855e2088fdfdd2244799b63775c",
        "pixel_length": 30.971,
        "point_count": 7,
        "confidence": 1.0,
        "review_status": "unreviewed"
      },
      "geometry": {
        "type": "LineString",
        "coordinates": [
          [
            126.96243868050522,
            36.38616936951386
          ],
          [
            126.96248569790102,
            36.38613099884077
          ],
          [
            126.96262675008842,
            36.38616936951386
          ],
          [
            126.96295587185901,
            36.38609262816768
          ],
          [
            126.9632379762338,
            36.38613099884077
          ],
          [
            126.963426045817,
            36.38620774018695
          ],
          [
            126.96366113279599,
            36.38639959355239
          ]
        ]
      }
    },
    {
      "type": "Feature",
      "properties": {
        "proposal_id": "ink-line-263",
        "tile_id": "174-cheongyang-hydro",
        "sheet_id": "174-cheongyang",
        "split": "development",
        "proposal_kind": "visible_linework_review_only",
        "backend": "archaeotrace_ink_v2_centerline",
        "upstream_commit": "7960acddb4e82855e2088fdfdd2244799b63775c",
        "pixel_length": 28.556,
        "point_count": 4,
        "confidence": 1.0,
        "review_status": "unreviewed"
      },
      "geometry": {
        "type": "LineString",
        "coordinates": [
          [
            126.96248569790102,
            36.38735886037961
          ],
          [
            126.96290885446321,
            36.387934420475936
          ],
          [
            126.96290885446321,
            36.38812627384138
          ],
          [
            126.96300288925481,
            36.388279756533734
          ]
        ]
      }
    },
    {
      "type": "Feature",
      "properties": {
        "proposal_id": "ink-line-264",
        "tile_id": "174-cheongyang-hydro",
        "sheet_id": "174-cheongyang",
        "split": "development",
        "proposal_kind": "visible_linework_review_only",
        "backend": "archaeotrace_ink_v2_centerline",
        "upstream_commit": "7960acddb4e82855e2088fdfdd2244799b63775c",
        "pixel_length": 20.828,
        "point_count": 3,
        "confidence": 1.0,
        "review_status": "unreviewed"
      },
      "geometry": {
        "type": "LineString",
        "coordinates": [
          [
            126.96262675008842,
            36.36863397191236
          ],
          [
            126.96257973269262,
            36.36798167046985
          ],
          [
            126.96272078488002,
            36.367943299796764
          ]
        ]
      }
    },
    {
      "type": "Feature",
      "properties": {
        "proposal_id": "ink-line-265",
        "tile_id": "174-cheongyang-hydro",
        "sheet_id": "174-cheongyang",
        "split": "development",
        "proposal_kind": "visible_linework_review_only",
        "backend": "archaeotrace_ink_v2_centerline",
        "upstream_commit": "7960acddb4e82855e2088fdfdd2244799b63775c",
        "pixel_length": 23.657,
        "point_count": 5,
        "confidence": 1.0,
        "review_status": "unreviewed"
      },
      "geometry": {
        "type": "LineString",
        "coordinates": [
          [
            126.96272078488002,
            36.37112806566312
          ],
          [
            126.96304990665061,
            36.371051324316944
          ],
          [
            126.9632379762338,
            36.37108969499003
          ],
          [
            126.96366113279599,
            36.37108969499003
          ],
          [
            126.96375516758759,
            36.371051324316944
          ]
        ]
      }
    },
    {
      "type": "Feature",
      "properties": {
        "proposal_id": "ink-line-266",
        "tile_id": "174-cheongyang-hydro",
        "sheet_id": "174-cheongyang",
        "split": "development",
        "proposal_kind": "visible_linework_review_only",
        "backend": "archaeotrace_ink_v2_centerline",
        "upstream_commit": "7960acddb4e82855e2088fdfdd2244799b63775c",
        "pixel_length": 49.142,
        "point_count": 6,
        "confidence": 1.0,
        "review_status": "unreviewed"
      },
      "geometry": {
        "type": "LineString",
        "coordinates": [
          [
            126.96272078488002,
            36.36003894114051
          ],
          [
            126.96272078488002,
            36.360461018544484
          ],
          [
            126.96309692404641,
            36.36115169066008
          ],
          [
            126.96309692404641,
            36.361305173352434
          ],
          [
            126.9631439414422,
            36.36134354402552
          ],
          [
            126.96309692404641,
            36.3617656214295
          ]
        ]
      }
    },
    {
      "type": "Feature",
      "properties": {
        "proposal_id": "ink-line-267",
        "tile_id": "174-cheongyang-hydro",
        "sheet_id": "174-cheongyang",
        "split": "development",
        "proposal_kind": "visible_linework_review_only",
        "backend": "archaeotrace_ink_v2_centerline",
        "upstream_commit": "7960acddb4e82855e2088fdfdd2244799b63775c",
        "pixel_length": 19.485,
        "point_count": 5,
        "confidence": 1.0,
        "review_status": "unreviewed"
      },
      "geometry": {
        "type": "LineString",
        "coordinates": [
          [
            126.9627678022758,
            36.367060774315725
          ],
          [
            126.96272078488002,
            36.36698403296955
          ],
          [
            126.9628148196716,
            36.36690729162337
          ],
          [
            126.9632379762338,
            36.36694566229646
          ],
          [
            126.9633320110254,
            36.366792179604104
          ]
        ]
      }
    },
    {
      "type": "Feature",
      "properties": {
        "proposal_id": "ink-line-268",
        "tile_id": "174-cheongyang-hydro",
        "sheet_id": "174-cheongyang",
        "split": "development",
        "proposal_kind": "visible_linework_review_only",
        "backend": "archaeotrace_ink_v2_centerline",
        "upstream_commit": "7960acddb4e82855e2088fdfdd2244799b63775c",
        "pixel_length": 27.899,
        "point_count": 6,
        "confidence": 1.0,
        "review_status": "unreviewed"
      },
      "geometry": {
        "type": "LineString",
        "coordinates": [
          [
            126.9628148196716,
            36.37688366662641
          ],
          [
            126.96295587185901,
            36.376806925280235
          ],
          [
            126.96290885446321,
            36.37642321854935
          ],
          [
            126.9628148196716,
            36.376231365183905
          ],
          [
            126.9628148196716,
            36.37607788249155
          ],
          [
            126.96290885446321,
            36.375962770472285
          ]
        ]
      }
    },
    {
      "type": "Feature",
      "properties": {
        "proposal_id": "ink-line-269",
        "tile_id": "174-cheongyang-hydro",
        "sheet_id": "174-cheongyang",
        "split": "development",
        "proposal_kind": "visible_linework_review_only",
        "backend": "archaeotrace_ink_v2_centerline",
        "upstream_commit": "7960acddb4e82855e2088fdfdd2244799b63775c",
        "pixel_length": 28.071,
        "point_count": 3,
        "confidence": 1.0,
        "review_status": "unreviewed"
      },
      "geometry": {
        "type": "LineString",
        "coordinates": [
          [
            126.9628148196716,
            36.37151177239401
          ],
          [
            126.96375516758759,
            36.37151177239401
          ],
          [
            126.96403727196238,
            36.371319919028565
          ]
        ]
      }
    },
    {
      "type": "Feature",
      "properties": {
        "proposal_id": "ink-line-270",
        "tile_id": "174-cheongyang-hydro",
        "sheet_id": "174-cheongyang",
        "split": "development",
        "proposal_kind": "visible_linework_review_only",
        "backend": "archaeotrace_ink_v2_centerline",
        "upstream_commit": "7960acddb4e82855e2088fdfdd2244799b63775c",
        "pixel_length": 20.142,
        "point_count": 2,
        "confidence": 1.0,
        "review_status": "unreviewed"
      },
      "geometry": {
        "type": "LineString",
        "coordinates": [
          [
            126.9628148196716,
            36.35712276998577
          ],
          [
            126.9632849936296,
            36.35773670075519
          ]
        ]
      }
    },
    {
      "type": "Feature",
      "properties": {
        "proposal_id": "ink-line-271",
        "tile_id": "174-cheongyang-hydro",
        "sheet_id": "174-cheongyang",
        "split": "development",
        "proposal_kind": "visible_linework_review_only",
        "backend": "archaeotrace_ink_v2_centerline",
        "upstream_commit": "7960acddb4e82855e2088fdfdd2244799b63775c",
        "pixel_length": 31.385,
        "point_count": 7,
        "confidence": 1.0,
        "review_status": "unreviewed"
      },
      "geometry": {
        "type": "LineString",
        "coordinates": [
          [
            126.96295587185901,
            36.39299934932364
          ],
          [
            126.96309692404641,
            36.39299934932364
          ],
          [
            126.9631439414422,
            36.39288423730437
          ],
          [
            126.9633320110254,
            36.39273075461202
          ],
          [
            126.9632379762338,
            36.39257727191966
          ],
          [
            126.9632379762338,
            36.39238541855422
          ],
          [
            126.96352008060859,
            36.3921168238426
          ]
        ]
      }
    },
    {
      "type": "Feature",
      "properties": {
        "proposal_id": "ink-line-272",
        "tile_id": "174-cheongyang-hydro",
        "sheet_id": "174-cheongyang",
        "split": "development",
        "proposal_kind": "visible_linework_review_only",
        "backend": "archaeotrace_ink_v2_centerline",
        "upstream_commit": "7960acddb4e82855e2088fdfdd2244799b63775c",
        "pixel_length": 20.243,
        "point_count": 6,
        "confidence": 1.0,
        "review_status": "unreviewed"
      },
      "geometry": {
        "type": "LineString",
        "coordinates": [
          [
            126.96300288925481,
            36.36851885989309
          ],
          [
            126.96300288925481,
            36.36825026518147
          ],
          [
            126.96295587185901,
            36.368211894508384
          ],
          [
            126.96300288925481,
            36.36798167046985
          ],
          [
            126.96304990665061,
            36.367943299796764
          ],
          [
            126.9632379762338,
            36.367943299796764
          ]
        ]
      }
    },
    {
      "type": "Feature",
      "properties": {
        "proposal_id": "ink-line-273",
        "tile_id": "174-cheongyang-hydro",
        "sheet_id": "174-cheongyang",
        "split": "development",
        "proposal_kind": "visible_linework_review_only",
        "backend": "archaeotrace_ink_v2_centerline",
        "upstream_commit": "7960acddb4e82855e2088fdfdd2244799b63775c",
        "pixel_length": 22.314,
        "point_count": 6,
        "confidence": 1.0,
        "review_status": "unreviewed"
      },
      "geometry": {
        "type": "LineString",
        "coordinates": [
          [
            126.9632379762338,
            36.357046028639594
          ],
          [
            126.9633790284212,
            36.35712276998577
          ],
          [
            126.96352008060859,
            36.35712276998577
          ],
          [
            126.96366113279599,
            36.357007657966506
          ],
          [
            126.96366113279599,
            36.356777433927974
          ],
          [
            126.96352008060859,
            36.35662395123562
          ]
        ]
      }
    },
    {
      "type": "Feature",
      "properties": {
        "proposal_id": "ink-line-274",
        "tile_id": "174-cheongyang-hydro",
        "sheet_id": "174-cheongyang",
        "split": "development",
        "proposal_kind": "visible_linework_review_only",
        "backend": "archaeotrace_ink_v2_centerline",
        "upstream_commit": "7960acddb4e82855e2088fdfdd2244799b63775c",
        "pixel_length": 33.657,
        "point_count": 4,
        "confidence": 1.0,
        "review_status": "unreviewed"
      },
      "geometry": {
        "type": "LineString",
        "coordinates": [
          [
            126.9634730632128,
            36.357851812774456
          ],
          [
            126.96375516758759,
            36.357851812774456
          ],
          [
            126.96427235894137,
            36.35773670075519
          ],
          [
            126.96497761987835,
            36.3576983300821
          ]
        ]
      }
    },
    {
      "type": "Feature",
      "properties": {
        "proposal_id": "ink-line-275",
        "tile_id": "174-cheongyang-hydro",
        "sheet_id": "174-cheongyang",
        "split": "development",
        "proposal_kind": "visible_linework_review_only",
        "backend": "archaeotrace_ink_v2_centerline",
        "upstream_commit": "7960acddb4e82855e2088fdfdd2244799b63775c",
        "pixel_length": 20.899,
        "point_count": 5,
        "confidence": 1.0,
        "review_status": "unreviewed"
      },
      "geometry": {
        "type": "LineString",
        "coordinates": [
          [
            126.96361411540019,
            36.39204008249642
          ],
          [
            126.96375516758759,
            36.39188659980407
          ],
          [
            126.9638492023792,
            36.391656375765535
          ],
          [
            126.9638492023792,
            36.39146452240009
          ],
          [
            126.96375516758759,
            36.391349410380826
          ]
        ]
      }
    },
    {
      "type": "Feature",
      "properties": {
        "proposal_id": "ink-line-276",
        "tile_id": "174-cheongyang-hydro",
        "sheet_id": "174-cheongyang",
        "split": "development",
        "proposal_kind": "visible_linework_review_only",
        "backend": "archaeotrace_ink_v2_centerline",
        "upstream_commit": "7960acddb4e82855e2088fdfdd2244799b63775c",
        "pixel_length": 24.485,
        "point_count": 4,
        "confidence": 1.0,
        "review_status": "unreviewed"
      },
      "geometry": {
        "type": "LineString",
        "coordinates": [
          [
            126.96361411540019,
            36.36337718969922
          ],
          [
            126.96361411540019,
            36.3631085949876
          ],
          [
            126.9638492023792,
            36.36280162960289
          ],
          [
            126.96389621977498,
            36.36253303489127
          ]
        ]
      }
    },
    {
      "type": "Feature",
      "properties": {
        "proposal_id": "ink-line-277",
        "tile_id": "174-cheongyang-hydro",
        "sheet_id": "174-cheongyang",
        "split": "development",
        "proposal_kind": "visible_linework_review_only",
        "backend": "archaeotrace_ink_v2_centerline",
        "upstream_commit": "7960acddb4e82855e2088fdfdd2244799b63775c",
        "pixel_length": 22.899,
        "point_count": 5,
        "confidence": 1.0,
        "review_status": "unreviewed"
      },
      "geometry": {
        "type": "LineString",
        "coordinates": [
          [
            126.96370815019179,
            36.376768554607146
          ],
          [
            126.96389621977498,
            36.37673018393406
          ],
          [
            126.96422534154557,
            36.376768554607146
          ],
          [
            126.96441341112877,
            36.37684529595332
          ],
          [
            126.96455446331618,
            36.37703714931877
          ]
        ]
      }
    },
    {
      "type": "Feature",
      "properties": {
        "proposal_id": "ink-line-278",
        "tile_id": "174-cheongyang-hydro",
        "sheet_id": "174-cheongyang",
        "split": "development",
        "proposal_kind": "visible_linework_review_only",
        "backend": "archaeotrace_ink_v2_centerline",
        "upstream_commit": "7960acddb4e82855e2088fdfdd2244799b63775c",
        "pixel_length": 32.728,
        "point_count": 6,
        "confidence": 1.0,
        "review_status": "unreviewed"
      },
      "geometry": {
        "type": "LineString",
        "coordinates": [
          [
            126.96375516758759,
            36.37830338153069
          ],
          [
            126.96389621977498,
            36.3786103469154
          ],
          [
            126.96389621977498,
            36.378763829607756
          ],
          [
            126.96370815019179,
            36.379070794992465
          ],
          [
            126.96370815019179,
            36.379301019031
          ],
          [
            126.9638021849834,
            36.37941613105026
          ]
        ]
      }
    },
    {
      "type": "Feature",
      "properties": {
        "proposal_id": "ink-line-279",
        "tile_id": "174-cheongyang-hydro",
        "sheet_id": "174-cheongyang",
        "split": "development",
        "proposal_kind": "visible_linework_review_only",
        "backend": "archaeotrace_ink_v2_centerline",
        "upstream_commit": "7960acddb4e82855e2088fdfdd2244799b63775c",
        "pixel_length": 26.899,
        "point_count": 5,
        "confidence": 1.0,
        "review_status": "unreviewed"
      },
      "geometry": {
        "type": "LineString",
        "coordinates": [
          [
            126.96394323717078,
            36.364451568545704
          ],
          [
            126.96431937633717,
            36.364374827199526
          ],
          [
            126.96455446331618,
            36.36425971518026
          ],
          [
            126.96464849810776,
            36.36406786181482
          ],
          [
            126.96464849810776,
            36.363837637776285
          ]
        ]
      }
    },
    {
      "type": "Feature",
      "properties": {
        "proposal_id": "ink-line-280",
        "tile_id": "174-cheongyang-hydro",
        "sheet_id": "174-cheongyang",
        "split": "development",
        "proposal_kind": "visible_linework_review_only",
        "backend": "archaeotrace_ink_v2_centerline",
        "upstream_commit": "7960acddb4e82855e2088fdfdd2244799b63775c",
        "pixel_length": 24.828,
        "point_count": 3,
        "confidence": 1.0,
        "review_status": "unreviewed"
      },
      "geometry": {
        "type": "LineString",
        "coordinates": [
          [
            126.96394323717078,
            36.36038427719831
          ],
          [
            126.96389621977498,
            36.36023079450595
          ],
          [
            126.96394323717078,
            36.35946338104418
          ]
        ]
      }
    },
    {
      "type": "Feature",
      "properties": {
        "proposal_id": "ink-line-281",
        "tile_id": "174-cheongyang-hydro",
        "sheet_id": "174-cheongyang",
        "split": "development",
        "proposal_kind": "visible_linework_review_only",
        "backend": "archaeotrace_ink_v2_centerline",
        "upstream_commit": "7960acddb4e82855e2088fdfdd2244799b63775c",
        "pixel_length": 20.485,
        "point_count": 4,
        "confidence": 1.0,
        "review_status": "unreviewed"
      },
      "geometry": {
        "type": "LineString",
        "coordinates": [
          [
            126.96403727196238,
            36.36686892095028
          ],
          [
            126.96403727196238,
            36.36667706758484
          ],
          [
            126.96413130675398,
            36.36660032623866
          ],
          [
            126.96431937633717,
            36.366178248834686
          ]
        ]
      }
    },
    {
      "type": "Feature",
      "properties": {
        "proposal_id": "ink-line-282",
        "tile_id": "174-cheongyang-hydro",
        "sheet_id": "174-cheongyang",
        "split": "development",
        "proposal_kind": "visible_linework_review_only",
        "backend": "archaeotrace_ink_v2_centerline",
        "upstream_commit": "7960acddb4e82855e2088fdfdd2244799b63775c",
        "pixel_length": 19.485,
        "point_count": 4,
        "confidence": 1.0,
        "review_status": "unreviewed"
      },
      "geometry": {
        "type": "LineString",
        "coordinates": [
          [
            126.96403727196238,
            36.363876008449374
          ],
          [
            126.96417832414978,
            36.36368415508393
          ],
          [
            126.96408428935818,
            36.36341556037231
          ],
          [
            126.96413130675398,
            36.36322370700687
          ]
        ]
      }
    },
    {
      "type": "Feature",
      "properties": {
        "proposal_id": "ink-line-283",
        "tile_id": "174-cheongyang-hydro",
        "sheet_id": "174-cheongyang",
        "split": "development",
        "proposal_kind": "visible_linework_review_only",
        "backend": "archaeotrace_ink_v2_centerline",
        "upstream_commit": "7960acddb4e82855e2088fdfdd2244799b63775c",
        "pixel_length": 21.071,
        "point_count": 3,
        "confidence": 1.0,
        "review_status": "unreviewed"
      },
      "geometry": {
        "type": "LineString",
        "coordinates": [
          [
            126.96408428935818,
            36.36165050941023
          ],
          [
            126.96427235894137,
            36.36138191469861
          ],
          [
            126.96422534154557,
            36.36092146662155
          ]
        ]
      }
    },
    {
      "type": "Feature",
      "properties": {
        "proposal_id": "ink-line-284",
        "tile_id": "174-cheongyang-hydro",
        "sheet_id": "174-cheongyang",
        "split": "development",
        "proposal_kind": "visible_linework_review_only",
        "backend": "archaeotrace_ink_v2_centerline",
        "upstream_commit": "7960acddb4e82855e2088fdfdd2244799b63775c",
        "pixel_length": 21.657,
        "point_count": 6,
        "confidence": 1.0,
        "review_status": "unreviewed"
      },
      "geometry": {
        "type": "LineString",
        "coordinates": [
          [
            126.96408428935818,
            36.35850411421696
          ],
          [
            126.96436639373297,
            36.358427372870786
          ],
          [
            126.96469551550356,
            36.358427372870786
          ],
          [
            126.96474253289936,
            36.3583890021977
          ],
          [
            126.96478955029517,
            36.358427372870786
          ],
          [
            126.96502463727415,
            36.358427372870786
          ]
        ]
      }
    },
    {
      "type": "Feature",
      "properties": {
        "proposal_id": "ink-line-285",
        "tile_id": "174-cheongyang-hydro",
        "sheet_id": "174-cheongyang",
        "split": "development",
        "proposal_kind": "visible_linework_review_only",
        "backend": "archaeotrace_ink_v2_centerline",
        "upstream_commit": "7960acddb4e82855e2088fdfdd2244799b63775c",
        "pixel_length": 19.414,
        "point_count": 2,
        "confidence": 1.0,
        "review_status": "unreviewed"
      },
      "geometry": {
        "type": "LineString",
        "coordinates": [
          [
            126.96408428935818,
            36.358158778159165
          ],
          [
            126.96497761987835,
            36.358120407486076
          ]
        ]
      }
    },
    {
      "type": "Feature",
      "properties": {
        "proposal_id": "ink-line-286",
        "tile_id": "174-cheongyang-hydro",
        "sheet_id": "174-cheongyang",
        "split": "development",
        "proposal_kind": "visible_linework_review_only",
        "backend": "archaeotrace_ink_v2_centerline",
        "upstream_commit": "7960acddb4e82855e2088fdfdd2244799b63775c",
        "pixel_length": 20.899,
        "point_count": 4,
        "confidence": 1.0,
        "review_status": "unreviewed"
      },
      "geometry": {
        "type": "LineString",
        "coordinates": [
          [
            126.96408428935818,
            36.356470468543264
          ],
          [
            126.96422534154557,
            36.35666232190871
          ],
          [
            126.96427235894137,
            36.357007657966506
          ],
          [
            126.96441341112877,
            36.35716114065886
          ]
        ]
      }
    },
    {
      "type": "Feature",
      "properties": {
        "proposal_id": "ink-line-287",
        "tile_id": "174-cheongyang-hydro",
        "sheet_id": "174-cheongyang",
        "split": "development",
        "proposal_kind": "visible_linework_review_only",
        "backend": "archaeotrace_ink_v2_centerline",
        "upstream_commit": "7960acddb4e82855e2088fdfdd2244799b63775c",
        "pixel_length": 22.142,
        "point_count": 5,
        "confidence": 1.0,
        "review_status": "unreviewed"
      },
      "geometry": {
        "type": "LineString",
        "coordinates": [
          [
            126.96413130675398,
            36.38977621278419
          ],
          [
            126.96431937633717,
            36.39000643682272
          ],
          [
            126.96436639373297,
            36.39019829018817
          ],
          [
            126.96455446331618,
            36.39039014355361
          ],
          [
            126.96450744592038,
            36.39046688489979
          ]
        ]
      }
    },
    {
      "type": "Feature",
      "properties": {
        "proposal_id": "ink-line-288",
        "tile_id": "174-cheongyang-hydro",
        "sheet_id": "174-cheongyang",
        "split": "development",
        "proposal_kind": "visible_linework_review_only",
        "backend": "archaeotrace_ink_v2_centerline",
        "upstream_commit": "7960acddb4e82855e2088fdfdd2244799b63775c",
        "pixel_length": 18.243,
        "point_count": 4,
        "confidence": 1.0,
        "review_status": "unreviewed"
      },
      "geometry": {
        "type": "LineString",
        "coordinates": [
          [
            126.96422534154557,
            36.392769125285106
          ],
          [
            126.96474253289936,
            36.392769125285106
          ],
          [
            126.96488358508677,
            36.39288423730437
          ],
          [
            126.96488358508677,
            36.39299934932364
          ]
        ]
      }
    },
    {
      "type": "Feature",
      "properties": {
        "proposal_id": "ink-line-289",
        "tile_id": "174-cheongyang-hydro",
        "sheet_id": "174-cheongyang",
        "split": "development",
        "proposal_kind": "visible_linework_review_only",
        "backend": "archaeotrace_ink_v2_centerline",
        "upstream_commit": "7960acddb4e82855e2088fdfdd2244799b63775c",
        "pixel_length": 37.142,
        "point_count": 9,
        "confidence": 1.0,
        "review_status": "unreviewed"
      },
      "geometry": {
        "type": "LineString",
        "coordinates": [
          [
            126.96427235894137,
            36.355280977677516
          ],
          [
            126.96422534154557,
            36.355357719023694
          ],
          [
            126.96431937633717,
            36.35543446036987
          ],
          [
            126.96446042852457,
            36.35543446036987
          ],
          [
            126.96464849810776,
            36.355357719023694
          ],
          [
            126.96507165466996,
            36.35539608969678
          ],
          [
            126.96521270685736,
            36.35551120171605
          ],
          [
            126.96521270685736,
            36.35581816710076
          ],
          [
            126.96516568946156,
            36.355894908446935
          ]
        ]
      }
    },
    {
      "type": "Feature",
      "properties": {
        "proposal_id": "ink-line-290",
        "tile_id": "174-cheongyang-hydro",
        "sheet_id": "174-cheongyang",
        "split": "development",
        "proposal_kind": "visible_linework_review_only",
        "backend": "archaeotrace_ink_v2_centerline",
        "upstream_commit": "7960acddb4e82855e2088fdfdd2244799b63775c",
        "pixel_length": 24.485,
        "point_count": 4,
        "confidence": 1.0,
        "review_status": "unreviewed"
      },
      "geometry": {
        "type": "LineString",
        "coordinates": [
          [
            126.96431937633717,
            36.36195747479494
          ],
          [
            126.96427235894137,
            36.362149328160385
          ],
          [
            126.96446042852457,
            36.362686517583626
          ],
          [
            126.96441341112877,
            36.36280162960289
          ]
        ]
      }
    },
    {
      "type": "Feature",
      "properties": {
        "proposal_id": "ink-line-291",
        "tile_id": "174-cheongyang-hydro",
        "sheet_id": "174-cheongyang",
        "split": "development",
        "proposal_kind": "visible_linework_review_only",
        "backend": "archaeotrace_ink_v2_centerline",
        "upstream_commit": "7960acddb4e82855e2088fdfdd2244799b63775c",
        "pixel_length": 27.071,
        "point_count": 5,
        "confidence": 1.0,
        "review_status": "unreviewed"
      },
      "geometry": {
        "type": "LineString",
        "coordinates": [
          [
            126.96436639373297,
            36.380490509896745
          ],
          [
            126.96446042852457,
            36.380759104608366
          ],
          [
            126.96441341112877,
            36.381066069993075
          ],
          [
            126.96436639373297,
            36.381104440666164
          ],
          [
            126.96441341112877,
            36.38144977672396
          ]
        ]
      }
    },
    {
      "type": "Feature",
      "properties": {
        "proposal_id": "ink-line-292",
        "tile_id": "174-cheongyang-hydro",
        "sheet_id": "174-cheongyang",
        "split": "development",
        "proposal_kind": "visible_linework_review_only",
        "backend": "archaeotrace_ink_v2_centerline",
        "upstream_commit": "7960acddb4e82855e2088fdfdd2244799b63775c",
        "pixel_length": 28.314,
        "point_count": 5,
        "confidence": 1.0,
        "review_status": "unreviewed"
      },
      "geometry": {
        "type": "LineString",
        "coordinates": [
          [
            126.96446042852457,
            36.3617656214295
          ],
          [
            126.96464849810776,
            36.361535397390966
          ],
          [
            126.96464849810776,
            36.361266802679346
          ],
          [
            126.96469551550356,
            36.36122843200626
          ],
          [
            126.96455446331618,
            36.36080635460228
          ]
        ]
      }
    },
    {
      "type": "Feature",
      "properties": {
        "proposal_id": "ink-line-293",
        "tile_id": "174-cheongyang-hydro",
        "sheet_id": "174-cheongyang",
        "split": "development",
        "proposal_kind": "visible_linework_review_only",
        "backend": "archaeotrace_ink_v2_centerline",
        "upstream_commit": "7960acddb4e82855e2088fdfdd2244799b63775c",
        "pixel_length": 37.485,
        "point_count": 7,
        "confidence": 1.0,
        "review_status": "unreviewed"
      },
      "geometry": {
        "type": "LineString",
        "coordinates": [
          [
            126.96474253289936,
            36.35608676181238
          ],
          [
            126.96474253289936,
            36.356201873831644
          ],
          [
            126.96464849810776,
            36.356355356524
          ],
          [
            126.96464849810776,
            36.35666232190871
          ],
          [
            126.96474253289936,
            36.356739063254885
          ],
          [
            126.96530674164896,
            36.356739063254885
          ],
          [
            126.96558884602375,
            36.35681580460106
          ]
        ]
      }
    },
    {
      "type": "Feature",
      "properties": {
        "proposal_id": "ink-line-294",
        "tile_id": "174-cheongyang-hydro",
        "sheet_id": "174-cheongyang",
        "split": "development",
        "proposal_kind": "visible_linework_review_only",
        "backend": "archaeotrace_ink_v2_centerline",
        "upstream_commit": "7960acddb4e82855e2088fdfdd2244799b63775c",
        "pixel_length": 32.971,
        "point_count": 5,
        "confidence": 1.0,
        "review_status": "unreviewed"
      },
      "geometry": {
        "type": "LineString",
        "coordinates": [
          [
            126.96483656769097,
            36.36475853393041
          ],
          [
            126.96497761987835,
            36.364720163257324
          ],
          [
            126.96511867206576,
            36.36460505123806
          ],
          [
            126.96530674164896,
            36.36399112046864
          ],
          [
            126.96549481123215,
            36.36376089643011
          ]
        ]
      }
    },
    {
      "type": "Feature",
      "properties": {
        "proposal_id": "ink-line-295",
        "tile_id": "174-cheongyang-hydro",
        "sheet_id": "174-cheongyang",
        "split": "development",
        "proposal_kind": "visible_linework_review_only",
        "backend": "archaeotrace_ink_v2_centerline",
        "upstream_commit": "7960acddb4e82855e2088fdfdd2244799b63775c",
        "pixel_length": 19.657,
        "point_count": 3,
        "confidence": 1.0,
        "review_status": "unreviewed"
      },
      "geometry": {
        "type": "LineString",
        "coordinates": [
          [
            126.96488358508677,
            36.376768554607146
          ],
          [
            126.96502463727415,
            36.37742085604965
          ],
          [
            126.96507165466996,
            36.37745922672274
          ]
        ]
      }
    },
    {
      "type": "Feature",
      "properties": {
        "proposal_id": "ink-line-296",
        "tile_id": "174-cheongyang-hydro",
        "sheet_id": "174-cheongyang",
        "split": "development",
        "proposal_kind": "visible_linework_review_only",
        "backend": "archaeotrace_ink_v2_centerline",
        "upstream_commit": "7960acddb4e82855e2088fdfdd2244799b63775c",
        "pixel_length": 24.485,
        "point_count": 4,
        "confidence": 1.0,
        "review_status": "unreviewed"
      },
      "geometry": {
        "type": "LineString",
        "coordinates": [
          [
            126.96497761987835,
            36.38060562191601
          ],
          [
            126.96493060248257,
            36.38114281133925
          ],
          [
            126.96507165466996,
            36.38129629403161
          ],
          [
            126.96525972425316,
            36.381373035377784
          ]
        ]
      }
    },
    {
      "type": "Feature",
      "properties": {
        "proposal_id": "ink-line-297",
        "tile_id": "174-cheongyang-hydro",
        "sheet_id": "174-cheongyang",
        "split": "development",
        "proposal_kind": "visible_linework_review_only",
        "backend": "archaeotrace_ink_v2_centerline",
        "upstream_commit": "7960acddb4e82855e2088fdfdd2244799b63775c",
        "pixel_length": 32.071,
        "point_count": 6,
        "confidence": 1.0,
        "review_status": "unreviewed"
      },
      "geometry": {
        "type": "LineString",
        "coordinates": [
          [
            126.96497761987835,
            36.3712048070093
          ],
          [
            126.96521270685736,
            36.3712048070093
          ],
          [
            126.96549481123215,
            36.37108969499003
          ],
          [
            126.96582393300274,
            36.37108969499003
          ],
          [
            126.96587095039854,
            36.37112806566312
          ],
          [
            126.96582393300274,
            36.3715501430671
          ]
        ]
      }
    },
    {
      "type": "Feature",
      "properties": {
        "proposal_id": "ink-line-298",
        "tile_id": "174-cheongyang-hydro",
        "sheet_id": "174-cheongyang",
        "split": "development",
        "proposal_kind": "visible_linework_review_only",
        "backend": "archaeotrace_ink_v2_centerline",
        "upstream_commit": "7960acddb4e82855e2088fdfdd2244799b63775c",
        "pixel_length": 36.728,
        "point_count": 5,
        "confidence": 1.0,
        "review_status": "unreviewed"
      },
      "geometry": {
        "type": "LineString",
        "coordinates": [
          [
            126.96516568946156,
            36.36606313681542
          ],
          [
            126.96521270685736,
            36.36610150748851
          ],
          [
            126.96558884602375,
            36.36606313681542
          ],
          [
            126.96638814175233,
            36.36583291277689
          ],
          [
            126.96671726352292,
            36.36587128344998
          ]
        ]
      }
    },
    {
      "type": "Feature",
      "properties": {
        "proposal_id": "ink-line-299",
        "tile_id": "174-cheongyang-hydro",
        "sheet_id": "174-cheongyang",
        "split": "development",
        "proposal_kind": "visible_linework_review_only",
        "backend": "archaeotrace_ink_v2_centerline",
        "upstream_commit": "7960acddb4e82855e2088fdfdd2244799b63775c",
        "pixel_length": 28.485,
        "point_count": 5,
        "confidence": 1.0,
        "review_status": "unreviewed"
      },
      "geometry": {
        "type": "LineString",
        "coordinates": [
          [
            126.96540077644055,
            36.377651080088185
          ],
          [
            126.96540077644055,
            36.377344114703476
          ],
          [
            126.96530674164896,
            36.377113890664944
          ],
          [
            126.96530674164896,
            36.37684529595332
          ],
          [
            126.96549481123215,
            36.37665344258788
          ]
        ]
      }
    },
    {
      "type": "Feature",
      "properties": {
        "proposal_id": "ink-line-300",
        "tile_id": "174-cheongyang-hydro",
        "sheet_id": "174-cheongyang",
        "split": "development",
        "proposal_kind": "visible_linework_review_only",
        "backend": "archaeotrace_ink_v2_centerline",
        "upstream_commit": "7960acddb4e82855e2088fdfdd2244799b63775c",
        "pixel_length": 20.657,
        "point_count": 3,
        "confidence": 1.0,
        "review_status": "unreviewed"
      },
      "geometry": {
        "type": "LineString",
        "coordinates": [
          [
            126.96540077644055,
            36.37032228152826
          ],
          [
            126.96568288081535,
            36.37032228152826
          ],
          [
            126.96629410696073,
            36.370168798835905
          ]
        ]
      }
    },
    {
      "type": "Feature",
      "properties": {
        "proposal_id": "ink-line-301",
        "tile_id": "174-cheongyang-hydro",
        "sheet_id": "174-cheongyang",
        "split": "development",
        "proposal_kind": "visible_linework_review_only",
        "backend": "archaeotrace_ink_v2_centerline",
        "upstream_commit": "7960acddb4e82855e2088fdfdd2244799b63775c",
        "pixel_length": 25.899,
        "point_count": 4,
        "confidence": 1.0,
        "review_status": "unreviewed"
      },
      "geometry": {
        "type": "LineString",
        "coordinates": [
          [
            126.96540077644055,
            36.36663869691175
          ],
          [
            126.96596498519014,
            36.366446843546306
          ],
          [
            126.96634112435653,
            36.366446843546306
          ],
          [
            126.96648217654392,
            36.366523584892484
          ]
        ]
      }
    },
    {
      "type": "Feature",
      "properties": {
        "proposal_id": "ink-line-302",
        "tile_id": "174-cheongyang-hydro",
        "sheet_id": "174-cheongyang",
        "split": "development",
        "proposal_kind": "visible_linework_review_only",
        "backend": "archaeotrace_ink_v2_centerline",
        "upstream_commit": "7960acddb4e82855e2088fdfdd2244799b63775c",
        "pixel_length": 29.243,
        "point_count": 6,
        "confidence": 1.0,
        "review_status": "unreviewed"
      },
      "geometry": {
        "type": "LineString",
        "coordinates": [
          [
            126.96544779383635,
            36.37366053008697
          ],
          [
            126.96549481123215,
            36.37381401277933
          ],
          [
            126.96549481123215,
            36.374427943548746
          ],
          [
            126.96554182862795,
            36.374466314221834
          ],
          [
            126.96582393300274,
            36.374466314221834
          ],
          [
            126.96587095039854,
            36.374427943548746
          ]
        ]
      }
    },
    {
      "type": "Feature",
      "properties": {
        "proposal_id": "ink-line-303",
        "tile_id": "174-cheongyang-hydro",
        "sheet_id": "174-cheongyang",
        "split": "development",
        "proposal_kind": "visible_linework_review_only",
        "backend": "archaeotrace_ink_v2_centerline",
        "upstream_commit": "7960acddb4e82855e2088fdfdd2244799b63775c",
        "pixel_length": 26.142,
        "point_count": 5,
        "confidence": 1.0,
        "review_status": "unreviewed"
      },
      "geometry": {
        "type": "LineString",
        "coordinates": [
          [
            126.96558884602375,
            36.366792179604104
          ],
          [
            126.96544779383635,
            36.36690729162337
          ],
          [
            126.96544779383635,
            36.36721425700808
          ],
          [
            126.96549481123215,
            36.367329369027345
          ],
          [
            126.96577691560694,
            36.367636334412055
          ]
        ]
      }
    },
    {
      "type": "Feature",
      "properties": {
        "proposal_id": "ink-line-304",
        "tile_id": "174-cheongyang-hydro",
        "sheet_id": "174-cheongyang",
        "split": "development",
        "proposal_kind": "visible_linework_review_only",
        "backend": "archaeotrace_ink_v2_centerline",
        "upstream_commit": "7960acddb4e82855e2088fdfdd2244799b63775c",
        "pixel_length": 21.243,
        "point_count": 4,
        "confidence": 1.0,
        "review_status": "unreviewed"
      },
      "geometry": {
        "type": "LineString",
        "coordinates": [
          [
            126.96558884602375,
            36.36284000027598
          ],
          [
            126.96568288081535,
            36.362955112295246
          ],
          [
            126.96568288081535,
            36.36349230171849
          ],
          [
            126.96563586341955,
            36.36360741373775
          ]
        ]
      }
    },
    {
      "type": "Feature",
      "properties": {
        "proposal_id": "ink-line-305",
        "tile_id": "174-cheongyang-hydro",
        "sheet_id": "174-cheongyang",
        "split": "development",
        "proposal_kind": "visible_linework_review_only",
        "backend": "archaeotrace_ink_v2_centerline",
        "upstream_commit": "7960acddb4e82855e2088fdfdd2244799b63775c",
        "pixel_length": 23.657,
        "point_count": 5,
        "confidence": 1.0,
        "review_status": "unreviewed"
      },
      "geometry": {
        "type": "LineString",
        "coordinates": [
          [
            126.96563586341955,
            36.36629336085395
          ],
          [
            126.96601200258594,
            36.366216619507775
          ],
          [
            126.96629410696073,
            36.366216619507775
          ],
          [
            126.96634112435653,
            36.366178248834686
          ],
          [
            126.96667024612712,
            36.366216619507775
          ]
        ]
      }
    },
    {
      "type": "Feature",
      "properties": {
        "proposal_id": "ink-line-306",
        "tile_id": "174-cheongyang-hydro",
        "sheet_id": "174-cheongyang",
        "split": "development",
        "proposal_kind": "visible_linework_review_only",
        "backend": "archaeotrace_ink_v2_centerline",
        "upstream_commit": "7960acddb4e82855e2088fdfdd2244799b63775c",
        "pixel_length": 18.485,
        "point_count": 6,
        "confidence": 1.0,
        "review_status": "unreviewed"
      },
      "geometry": {
        "type": "LineString",
        "coordinates": [
          [
            126.96568288081535,
            36.383329939705305
          ],
          [
            126.96587095039854,
            36.38329156903222
          ],
          [
            126.96601200258594,
            36.383368310378394
          ],
          [
            126.96615305477333,
            36.383368310378394
          ],
          [
            126.96629410696073,
            36.38348342239766
          ],
          [
            126.96643515914813,
            36.38348342239766
          ]
        ]
      }
    },
    {
      "type": "Feature",
      "properties": {
        "proposal_id": "ink-line-307",
        "tile_id": "174-cheongyang-hydro",
        "sheet_id": "174-cheongyang",
        "split": "development",
        "proposal_kind": "visible_linework_review_only",
        "backend": "archaeotrace_ink_v2_centerline",
        "upstream_commit": "7960acddb4e82855e2088fdfdd2244799b63775c",
        "pixel_length": 30.485,
        "point_count": 5,
        "confidence": 1.0,
        "review_status": "unreviewed"
      },
      "geometry": {
        "type": "LineString",
        "coordinates": [
          [
            126.96568288081535,
            36.379301019031
          ],
          [
            126.96601200258594,
            36.37941613105026
          ],
          [
            126.96638814175233,
            36.37941613105026
          ],
          [
            126.96643515914813,
            36.37945450172335
          ],
          [
            126.96699936789771,
            36.379377760377174
          ]
        ]
      }
    },
    {
      "type": "Feature",
      "properties": {
        "proposal_id": "ink-line-308",
        "tile_id": "174-cheongyang-hydro",
        "sheet_id": "174-cheongyang",
        "split": "development",
        "proposal_kind": "visible_linework_review_only",
        "backend": "archaeotrace_ink_v2_centerline",
        "upstream_commit": "7960acddb4e82855e2088fdfdd2244799b63775c",
        "pixel_length": 20.314,
        "point_count": 3,
        "confidence": 1.0,
        "review_status": "unreviewed"
      },
      "geometry": {
        "type": "LineString",
        "coordinates": [
          [
            126.96582393300274,
            36.35915641565947
          ],
          [
            126.96615305477333,
            36.35942501037109
          ],
          [
            126.96662322873132,
            36.35946338104418
          ]
        ]
      }
    },
    {
      "type": "Feature",
      "properties": {
        "proposal_id": "ink-line-309",
        "tile_id": "174-cheongyang-hydro",
        "sheet_id": "174-cheongyang",
        "split": "development",
        "proposal_kind": "visible_linework_review_only",
        "backend": "archaeotrace_ink_v2_centerline",
        "upstream_commit": "7960acddb4e82855e2088fdfdd2244799b63775c",
        "pixel_length": 18.414,
        "point_count": 2,
        "confidence": 1.0,
        "review_status": "unreviewed"
      },
      "geometry": {
        "type": "LineString",
        "coordinates": [
          [
            126.96587095039854,
            36.376499959895526
          ],
          [
            126.96671726352292,
            36.376538330568614
          ]
        ]
      }
    },
    {
      "type": "Feature",
      "properties": {
        "proposal_id": "ink-line-310",
        "tile_id": "174-cheongyang-hydro",
        "sheet_id": "174-cheongyang",
        "split": "development",
        "proposal_kind": "visible_linework_review_only",
        "backend": "archaeotrace_ink_v2_centerline",
        "upstream_commit": "7960acddb4e82855e2088fdfdd2244799b63775c",
        "pixel_length": 25.728,
        "point_count": 4,
        "confidence": 1.0,
        "review_status": "unreviewed"
      },
      "geometry": {
        "type": "LineString",
        "coordinates": [
          [
            126.96591796779434,
            36.38168000076249
          ],
          [
            126.96601200258594,
            36.38183348345485
          ],
          [
            126.96629410696073,
            36.38202533682029
          ],
          [
            126.96685831571031,
            36.38210207816647
          ]
        ]
      }
    },
    {
      "type": "Feature",
      "properties": {
        "proposal_id": "ink-line-311",
        "tile_id": "174-cheongyang-hydro",
        "sheet_id": "174-cheongyang",
        "split": "development",
        "proposal_kind": "visible_linework_review_only",
        "backend": "archaeotrace_ink_v2_centerline",
        "upstream_commit": "7960acddb4e82855e2088fdfdd2244799b63775c",
        "pixel_length": 34.243,
        "point_count": 3,
        "confidence": 1.0,
        "review_status": "unreviewed"
      },
      "geometry": {
        "type": "LineString",
        "coordinates": [
          [
            126.96601200258594,
            36.3769220372995
          ],
          [
            126.96629410696073,
            36.37684529595332
          ],
          [
            126.9675635766473,
            36.376806925280235
          ]
        ]
      }
    },
    {
      "type": "Feature",
      "properties": {
        "proposal_id": "ink-line-312",
        "tile_id": "174-cheongyang-hydro",
        "sheet_id": "174-cheongyang",
        "split": "development",
        "proposal_kind": "visible_linework_review_only",
        "backend": "archaeotrace_ink_v2_centerline",
        "upstream_commit": "7960acddb4e82855e2088fdfdd2244799b63775c",
        "pixel_length": 18.728,
        "point_count": 3,
        "confidence": 1.0,
        "review_status": "unreviewed"
      },
      "geometry": {
        "type": "LineString",
        "coordinates": [
          [
            126.96601200258594,
            36.35639372719709
          ],
          [
            126.96615305477333,
            36.35650883921635
          ],
          [
            126.96643515914813,
            36.35696928729342
          ]
        ]
      }
    },
    {
      "type": "Feature",
      "properties": {
        "proposal_id": "ink-line-313",
        "tile_id": "174-cheongyang-hydro",
        "sheet_id": "174-cheongyang",
        "split": "development",
        "proposal_kind": "visible_linework_review_only",
        "backend": "archaeotrace_ink_v2_centerline",
        "upstream_commit": "7960acddb4e82855e2088fdfdd2244799b63775c",
        "pixel_length": 18.071,
        "point_count": 4,
        "confidence": 1.0,
        "review_status": "unreviewed"
      },
      "geometry": {
        "type": "LineString",
        "coordinates": [
          [
            126.96605901998174,
            36.360461018544484
          ],
          [
            126.96638814175233,
            36.360422647871395
          ],
          [
            126.96657621133552,
            36.36030753585213
          ],
          [
            126.96681129831452,
            36.36034590652522
          ]
        ]
      }
    },
    {
      "type": "Feature",
      "properties": {
        "proposal_id": "ink-line-314",
        "tile_id": "174-cheongyang-hydro",
        "sheet_id": "174-cheongyang",
        "split": "development",
        "proposal_kind": "visible_linework_review_only",
        "backend": "archaeotrace_ink_v2_centerline",
        "upstream_commit": "7960acddb4e82855e2088fdfdd2244799b63775c",
        "pixel_length": 37.213,
        "point_count": 8,
        "confidence": 1.0,
        "review_status": "unreviewed"
      },
      "geometry": {
        "type": "LineString",
        "coordinates": [
          [
            126.96605901998174,
            36.35831226085152
          ],
          [
            126.96648217654392,
            36.358427372870786
          ],
          [
            126.96667024612712,
            36.35835063152461
          ],
          [
            126.96681129831452,
            36.358197148832254
          ],
          [
            126.96681129831452,
            36.358120407486076
          ],
          [
            126.96662322873132,
            36.35796692479372
          ],
          [
            126.96648217654392,
            36.35796692479372
          ],
          [
            126.96624708956493,
            36.357851812774456
          ]
        ]
      }
    },
    {
      "type": "Feature",
      "properties": {
        "proposal_id": "ink-line-315",
        "tile_id": "174-cheongyang-hydro",
        "sheet_id": "174-cheongyang",
        "split": "development",
        "proposal_kind": "visible_linework_review_only",
        "backend": "archaeotrace_ink_v2_centerline",
        "upstream_commit": "7960acddb4e82855e2088fdfdd2244799b63775c",
        "pixel_length": 23.728,
        "point_count": 3,
        "confidence": 1.0,
        "review_status": "unreviewed"
      },
      "geometry": {
        "type": "LineString",
        "coordinates": [
          [
            126.96648217654392,
            36.36541083537291
          ],
          [
            126.96690533310611,
            36.365449206046
          ],
          [
            126.9674225244599,
            36.36575617143071
          ]
        ]
      }
    },
    {
      "type": "Feature",
      "properties": {
        "proposal_id": "ink-line-316",
        "tile_id": "174-cheongyang-hydro",
        "sheet_id": "174-cheongyang",
        "split": "development",
        "proposal_kind": "visible_linework_review_only",
        "backend": "archaeotrace_ink_v2_centerline",
        "upstream_commit": "7960acddb4e82855e2088fdfdd2244799b63775c",
        "pixel_length": 18.899,
        "point_count": 6,
        "confidence": 1.0,
        "review_status": "unreviewed"
      },
      "geometry": {
        "type": "LineString",
        "coordinates": [
          [
            126.96652919393972,
            36.38432757720561
          ],
          [
            126.96643515914813,
            36.3843659478787
          ],
          [
            126.96629410696073,
            36.38455780124414
          ],
          [
            126.96629410696073,
            36.3846729132634
          ],
          [
            126.96648217654392,
            36.38471128393649
          ],
          [
            126.96657621133552,
            36.38463454259032
          ]
        ]
      }
    },
    {
      "type": "Feature",
      "properties": {
        "proposal_id": "ink-line-317",
        "tile_id": "174-cheongyang-hydro",
        "sheet_id": "174-cheongyang",
        "split": "development",
        "proposal_kind": "visible_linework_review_only",
        "backend": "archaeotrace_ink_v2_centerline",
        "upstream_commit": "7960acddb4e82855e2088fdfdd2244799b63775c",
        "pixel_length": 19.243,
        "point_count": 5,
        "confidence": 1.0,
        "review_status": "unreviewed"
      },
      "geometry": {
        "type": "LineString",
        "coordinates": [
          [
            126.96667024612712,
            36.37227918585578
          ],
          [
            126.96662322873132,
            36.37204896181725
          ],
          [
            126.96667024612712,
            36.37201059114416
          ],
          [
            126.96667024612712,
            36.371626884413274
          ],
          [
            126.96671726352292,
            36.371588513740186
          ]
        ]
      }
    },
    {
      "type": "Feature",
      "properties": {
        "proposal_id": "ink-line-318",
        "tile_id": "174-cheongyang-hydro",
        "sheet_id": "174-cheongyang",
        "split": "development",
        "proposal_kind": "visible_linework_review_only",
        "backend": "archaeotrace_ink_v2_centerline",
        "upstream_commit": "7960acddb4e82855e2088fdfdd2244799b63775c",
        "pixel_length": 20.556,
        "point_count": 5,
        "confidence": 1.0,
        "review_status": "unreviewed"
      },
      "geometry": {
        "type": "LineString",
        "coordinates": [
          [
            126.96667024612712,
            36.35946338104418
          ],
          [
            126.96671726352292,
            36.35934826902491
          ],
          [
            126.96690533310611,
            36.35919478633256
          ],
          [
            126.96699936789771,
            36.359002932967115
          ],
          [
            126.9671874374809,
            36.35884945027476
          ]
        ]
      }
    },
    {
      "type": "Feature",
      "properties": {
        "proposal_id": "ink-line-319",
        "tile_id": "174-cheongyang-hydro",
        "sheet_id": "174-cheongyang",
        "split": "development",
        "proposal_kind": "visible_linework_review_only",
        "backend": "archaeotrace_ink_v2_centerline",
        "upstream_commit": "7960acddb4e82855e2088fdfdd2244799b63775c",
        "pixel_length": 18.243,
        "point_count": 4,
        "confidence": 1.0,
        "review_status": "unreviewed"
      },
      "geometry": {
        "type": "LineString",
        "coordinates": [
          [
            126.96671726352292,
            36.38114281133925
          ],
          [
            126.96690533310611,
            36.38118118201234
          ],
          [
            126.9671874374809,
            36.381104440666164
          ],
          [
            126.96751655925151,
            36.381104440666164
          ]
        ]
      }
    },
    {
      "type": "Feature",
      "properties": {
        "proposal_id": "ink-line-320",
        "tile_id": "174-cheongyang-hydro",
        "sheet_id": "174-cheongyang",
        "split": "development",
        "proposal_kind": "visible_linework_review_only",
        "backend": "archaeotrace_ink_v2_centerline",
        "upstream_commit": "7960acddb4e82855e2088fdfdd2244799b63775c",
        "pixel_length": 25.314,
        "point_count": 5,
        "confidence": 1.0,
        "review_status": "unreviewed"
      },
      "geometry": {
        "type": "LineString",
        "coordinates": [
          [
            126.96695235050191,
            36.3614202853717
          ],
          [
            126.96671726352292,
            36.36172725075641
          ],
          [
            126.96671726352292,
            36.36195747479494
          ],
          [
            126.96685831571031,
            36.362110957487296
          ],
          [
            126.96704638529351,
            36.362110957487296
          ]
        ]
      }
    },
    {
      "type": "Feature",
      "properties": {
        "proposal_id": "ink-line-321",
        "tile_id": "174-cheongyang-hydro",
        "sheet_id": "174-cheongyang",
        "split": "development",
        "proposal_kind": "visible_linework_review_only",
        "backend": "archaeotrace_ink_v2_centerline",
        "upstream_commit": "7960acddb4e82855e2088fdfdd2244799b63775c",
        "pixel_length": 21.243,
        "point_count": 5,
        "confidence": 1.0,
        "review_status": "unreviewed"
      },
      "geometry": {
        "type": "LineString",
        "coordinates": [
          [
            126.96704638529351,
            36.37124317768239
          ],
          [
            126.96704638529351,
            36.37143503104783
          ],
          [
            126.96714042008512,
            36.371588513740186
          ],
          [
            126.96709340268931,
            36.37166525508636
          ],
          [
            126.96709340268931,
            36.37201059114416
          ]
        ]
      }
    },
    {
      "type": "Feature",
      "properties": {
        "proposal_id": "ink-line-322",
        "tile_id": "174-cheongyang-hydro",
        "sheet_id": "174-cheongyang",
        "split": "development",
        "proposal_kind": "visible_linework_review_only",
        "backend": "archaeotrace_ink_v2_centerline",
        "upstream_commit": "7960acddb4e82855e2088fdfdd2244799b63775c",
        "pixel_length": 22.728,
        "point_count": 6,
        "confidence": 1.0,
        "review_status": "unreviewed"
      },
      "geometry": {
        "type": "LineString",
        "coordinates": [
          [
            126.96704638529351,
            36.36314696566069
          ],
          [
            126.96695235050191,
            36.36322370700687
          ],
          [
            126.96685831571031,
            36.363530672391576
          ],
          [
            126.96690533310611,
            36.36368415508393
          ],
          [
            126.96699936789771,
            36.36376089643011
          ],
          [
            126.96714042008512,
            36.36368415508393
          ]
        ]
      }
    },
    {
      "type": "Feature",
      "properties": {
        "proposal_id": "ink-line-323",
        "tile_id": "174-cheongyang-hydro",
        "sheet_id": "174-cheongyang",
        "split": "development",
        "proposal_kind": "visible_linework_review_only",
        "backend": "archaeotrace_ink_v2_centerline",
        "upstream_commit": "7960acddb4e82855e2088fdfdd2244799b63775c",
        "pixel_length": 18.485,
        "point_count": 2,
        "confidence": 1.0,
        "review_status": "unreviewed"
      },
      "geometry": {
        "type": "LineString",
        "coordinates": [
          [
            126.96709340268931,
            36.37799641614598
          ],
          [
            126.9678456810221,
            36.378226640184515
          ]
        ]
      }
    },
    {
      "type": "Feature",
      "properties": {
        "proposal_id": "ink-line-324",
        "tile_id": "174-cheongyang-hydro",
        "sheet_id": "174-cheongyang",
        "split": "development",
        "proposal_kind": "visible_linework_review_only",
        "backend": "archaeotrace_ink_v2_centerline",
        "upstream_commit": "7960acddb4e82855e2088fdfdd2244799b63775c",
        "pixel_length": 42.385,
        "point_count": 7,
        "confidence": 1.0,
        "review_status": "unreviewed"
      },
      "geometry": {
        "type": "LineString",
        "coordinates": [
          [
            126.96709340268931,
            36.36851885989309
          ],
          [
            126.96690533310611,
            36.36867234258545
          ],
          [
            126.96690533310611,
            36.36920953200869
          ],
          [
            126.96685831571031,
            36.36924790268178
          ],
          [
            126.96681129831452,
            36.369593238739576
          ],
          [
            126.96690533310611,
            36.36974672143193
          ],
          [
            126.96714042008512,
            36.369938574797374
          ]
        ]
      }
    },
    {
      "type": "Feature",
      "properties": {
        "proposal_id": "ink-line-325",
        "tile_id": "174-cheongyang-hydro",
        "sheet_id": "174-cheongyang",
        "split": "development",
        "proposal_kind": "visible_linework_review_only",
        "backend": "archaeotrace_ink_v2_centerline",
        "upstream_commit": "7960acddb4e82855e2088fdfdd2244799b63775c",
        "pixel_length": 21.485,
        "point_count": 3,
        "confidence": 1.0,
        "review_status": "unreviewed"
      },
      "geometry": {
        "type": "LineString",
        "coordinates": [
          [
            126.9672814722725,
            36.37097458297077
          ],
          [
            126.96751655925151,
            36.37070598825915
          ],
          [
            126.9674695418557,
            36.37024554018208
          ]
        ]
      }
    },
    {
      "type": "Feature",
      "properties": {
        "proposal_id": "ink-line-326",
        "tile_id": "174-cheongyang-hydro",
        "sheet_id": "174-cheongyang",
        "split": "development",
        "proposal_kind": "visible_linework_review_only",
        "backend": "archaeotrace_ink_v2_centerline",
        "upstream_commit": "7960acddb4e82855e2088fdfdd2244799b63775c",
        "pixel_length": 24.657,
        "point_count": 4,
        "confidence": 1.0,
        "review_status": "unreviewed"
      },
      "geometry": {
        "type": "LineString",
        "coordinates": [
          [
            126.9672814722725,
            36.357007657966506
          ],
          [
            126.9673284896683,
            36.357046028639594
          ],
          [
            126.96798673320949,
            36.357046028639594
          ],
          [
            126.96836287237588,
            36.35716114065886
          ]
        ]
      }
    },
    {
      "type": "Feature",
      "properties": {
        "proposal_id": "ink-line-327",
        "tile_id": "174-cheongyang-hydro",
        "sheet_id": "174-cheongyang",
        "split": "development",
        "proposal_kind": "visible_linework_review_only",
        "backend": "archaeotrace_ink_v2_centerline",
        "upstream_commit": "7960acddb4e82855e2088fdfdd2244799b63775c",
        "pixel_length": 34.799,
        "point_count": 3,
        "confidence": 1.0,
        "review_status": "unreviewed"
      },
      "geometry": {
        "type": "LineString",
        "coordinates": [
          [
            126.9673755070641,
            36.372739633932845
          ],
          [
            126.96831585498008,
            36.37316171133682
          ],
          [
            126.96873901154227,
            36.373276823356086
          ]
        ]
      }
    },
    {
      "type": "Feature",
      "properties": {
        "proposal_id": "ink-line-328",
        "tile_id": "174-cheongyang-hydro",
        "sheet_id": "174-cheongyang",
        "split": "development",
        "proposal_kind": "visible_linework_review_only",
        "backend": "archaeotrace_ink_v2_centerline",
        "upstream_commit": "7960acddb4e82855e2088fdfdd2244799b63775c",
        "pixel_length": 28.314,
        "point_count": 4,
        "confidence": 1.0,
        "review_status": "unreviewed"
      },
      "geometry": {
        "type": "LineString",
        "coordinates": [
          [
            126.9674225244599,
            36.377075519991855
          ],
          [
            126.96831585498008,
            36.37688366662641
          ],
          [
            126.96850392456328,
            36.376768554607146
          ],
          [
            126.96850392456328,
            36.37669181326097
          ]
        ]
      }
    },
    {
      "type": "Feature",
      "properties": {
        "proposal_id": "ink-line-329",
        "tile_id": "174-cheongyang-hydro",
        "sheet_id": "174-cheongyang",
        "split": "development",
        "proposal_kind": "visible_linework_review_only",
        "backend": "archaeotrace_ink_v2_centerline",
        "upstream_commit": "7960acddb4e82855e2088fdfdd2244799b63775c",
        "pixel_length": 30.385,
        "point_count": 6,
        "confidence": 1.0,
        "review_status": "unreviewed"
      },
      "geometry": {
        "type": "LineString",
        "coordinates": [
          [
            126.9674695418557,
            36.36314696566069
          ],
          [
            126.9673755070641,
            36.363262077679956
          ],
          [
            126.9673755070641,
            36.36337718969922
          ],
          [
            126.9674695418557,
            36.3634539310454
          ],
          [
            126.9677046288347,
            36.3634539310454
          ],
          [
            126.96826883758429,
            36.3631085949876
          ]
        ]
      }
    },
    {
      "type": "Feature",
      "properties": {
        "proposal_id": "ink-line-330",
        "tile_id": "174-cheongyang-hydro",
        "sheet_id": "174-cheongyang",
        "split": "development",
        "proposal_kind": "visible_linework_review_only",
        "backend": "archaeotrace_ink_v2_centerline",
        "upstream_commit": "7960acddb4e82855e2088fdfdd2244799b63775c",
        "pixel_length": 21.657,
        "point_count": 4,
        "confidence": 1.0,
        "review_status": "unreviewed"
      },
      "geometry": {
        "type": "LineString",
        "coordinates": [
          [
            126.9674695418557,
            36.355587943062226
          ],
          [
            126.96751655925151,
            36.355626313735314
          ],
          [
            126.96751655925151,
            36.35624024450473
          ],
          [
            126.9676576114389,
            36.356355356524
          ]
        ]
      }
    },
    {
      "type": "Feature",
      "properties": {
        "proposal_id": "ink-line-331",
        "tile_id": "174-cheongyang-hydro",
        "sheet_id": "174-cheongyang",
        "split": "development",
        "proposal_kind": "visible_linework_review_only",
        "backend": "archaeotrace_ink_v2_centerline",
        "upstream_commit": "7960acddb4e82855e2088fdfdd2244799b63775c",
        "pixel_length": 31.485,
        "point_count": 5,
        "confidence": 1.0,
        "review_status": "unreviewed"
      },
      "geometry": {
        "type": "LineString",
        "coordinates": [
          [
            126.9677516462305,
            36.39180985845789
          ],
          [
            126.96808076800109,
            36.39188659980407
          ],
          [
            126.96831585498008,
            36.39188659980407
          ],
          [
            126.96878602893807,
            36.39173311711171
          ],
          [
            126.96911515070866,
            36.39173311711171
          ]
        ]
      }
    },
    {
      "type": "Feature",
      "properties": {
        "proposal_id": "ink-line-332",
        "tile_id": "174-cheongyang-hydro",
        "sheet_id": "174-cheongyang",
        "split": "development",
        "proposal_kind": "visible_linework_review_only",
        "backend": "archaeotrace_ink_v2_centerline",
        "upstream_commit": "7960acddb4e82855e2088fdfdd2244799b63775c",
        "pixel_length": 20.485,
        "point_count": 4,
        "confidence": 1.0,
        "review_status": "unreviewed"
      },
      "geometry": {
        "type": "LineString",
        "coordinates": [
          [
            126.9678456810221,
            36.37089784162459
          ],
          [
            126.96798673320949,
            36.37070598825915
          ],
          [
            126.96793971581369,
            36.37032228152826
          ],
          [
            126.9678456810221,
            36.370207169508994
          ]
        ]
      }
    },
    {
      "type": "Feature",
      "properties": {
        "proposal_id": "ink-line-333",
        "tile_id": "174-cheongyang-hydro",
        "sheet_id": "174-cheongyang",
        "split": "development",
        "proposal_kind": "visible_linework_review_only",
        "backend": "archaeotrace_ink_v2_centerline",
        "upstream_commit": "7960acddb4e82855e2088fdfdd2244799b63775c",
        "pixel_length": 24.828,
        "point_count": 4,
        "confidence": 1.0,
        "review_status": "unreviewed"
      },
      "geometry": {
        "type": "LineString",
        "coordinates": [
          [
            126.96798673320949,
            36.360691242583016
          ],
          [
            126.96798673320949,
            36.36023079450595
          ],
          [
            126.96803375060529,
            36.36019242383286
          ],
          [
            126.96798673320949,
            36.35977034642889
          ]
        ]
      }
    },
    {
      "type": "Feature",
      "properties": {
        "proposal_id": "ink-line-334",
        "tile_id": "174-cheongyang-hydro",
        "sheet_id": "174-cheongyang",
        "split": "development",
        "proposal_kind": "visible_linework_review_only",
        "backend": "archaeotrace_ink_v2_centerline",
        "upstream_commit": "7960acddb4e82855e2088fdfdd2244799b63775c",
        "pixel_length": 24.071,
        "point_count": 7,
        "confidence": 1.0,
        "review_status": "unreviewed"
      },
      "geometry": {
        "type": "LineString",
        "coordinates": [
          [
            126.96803375060529,
            36.38455780124414
          ],
          [
            126.96836287237588,
            36.384481059897965
          ],
          [
            126.96845690716748,
            36.38451943057105
          ],
          [
            126.96845690716748,
            36.38478802528267
          ],
          [
            126.96840988977168,
            36.384826395955756
          ],
          [
            126.96845690716748,
            36.384864766628844
          ],
          [
            126.96845690716748,
            36.3850182493212
          ]
        ]
      }
    },
    {
      "type": "Feature",
      "properties": {
        "proposal_id": "ink-line-335",
        "tile_id": "174-cheongyang-hydro",
        "sheet_id": "174-cheongyang",
        "split": "development",
        "proposal_kind": "visible_linework_review_only",
        "backend": "archaeotrace_ink_v2_centerline",
        "upstream_commit": "7960acddb4e82855e2088fdfdd2244799b63775c",
        "pixel_length": 38.485,
        "point_count": 7,
        "confidence": 1.0,
        "review_status": "unreviewed"
      },
      "geometry": {
        "type": "LineString",
        "coordinates": [
          [
            126.96822182018849,
            36.36088309594846
          ],
          [
            126.96831585498008,
            36.36092146662155
          ],
          [
            126.96883304633387,
            36.36092146662155
          ],
          [
            126.96906813331286,
            36.36084472527537
          ],
          [
            126.96953830727085,
            36.36084472527537
          ],
          [
            126.96958532466665,
            36.36080635460228
          ],
          [
            126.96991444643724,
            36.36088309594846
          ]
        ]
      }
    },
    {
      "type": "Feature",
      "properties": {
        "proposal_id": "ink-line-336",
        "tile_id": "174-cheongyang-hydro",
        "sheet_id": "174-cheongyang",
        "split": "development",
        "proposal_kind": "visible_linework_review_only",
        "backend": "archaeotrace_ink_v2_centerline",
        "upstream_commit": "7960acddb4e82855e2088fdfdd2244799b63775c",
        "pixel_length": 23.899,
        "point_count": 5,
        "confidence": 1.0,
        "review_status": "unreviewed"
      },
      "geometry": {
        "type": "LineString",
        "coordinates": [
          [
            126.96826883758429,
            36.37976146710806
          ],
          [
            126.96845690716748,
            36.379607984415706
          ],
          [
            126.96855094195908,
            36.37945450172335
          ],
          [
            126.96855094195908,
            36.37899405364629
          ],
          [
            126.96859795935488,
            36.3789556829732
          ]
        ]
      }
    },
    {
      "type": "Feature",
      "properties": {
        "proposal_id": "ink-line-337",
        "tile_id": "174-cheongyang-hydro",
        "sheet_id": "174-cheongyang",
        "split": "development",
        "proposal_kind": "visible_linework_review_only",
        "backend": "archaeotrace_ink_v2_centerline",
        "upstream_commit": "7960acddb4e82855e2088fdfdd2244799b63775c",
        "pixel_length": 37.142,
        "point_count": 5,
        "confidence": 1.0,
        "review_status": "unreviewed"
      },
      "geometry": {
        "type": "LineString",
        "coordinates": [
          [
            126.96831585498008,
            36.36448993921879
          ],
          [
            126.96826883758429,
            36.36475853393041
          ],
          [
            126.96859795935488,
            36.365027128642026
          ],
          [
            126.96920918550026,
            36.364988757968945
          ],
          [
            126.96944427247925,
            36.36491201662277
          ]
        ]
      }
    },
    {
      "type": "Feature",
      "properties": {
        "proposal_id": "ink-line-338",
        "tile_id": "174-cheongyang-hydro",
        "sheet_id": "174-cheongyang",
        "split": "development",
        "proposal_kind": "visible_linework_review_only",
        "backend": "archaeotrace_ink_v2_centerline",
        "upstream_commit": "7960acddb4e82855e2088fdfdd2244799b63775c",
        "pixel_length": 33.142,
        "point_count": 6,
        "confidence": 1.0,
        "review_status": "unreviewed"
      },
      "geometry": {
        "type": "LineString",
        "coordinates": [
          [
            126.96850392456328,
            36.35992382912124
          ],
          [
            126.96859795935488,
            36.36026916517904
          ],
          [
            126.96873901154227,
            36.36030753585213
          ],
          [
            126.96888006372967,
            36.360461018544484
          ],
          [
            126.96902111591707,
            36.36053775989066
          ],
          [
            126.96949128987505,
            36.360461018544484
          ]
        ]
      }
    },
    {
      "type": "Feature",
      "properties": {
        "proposal_id": "ink-line-339",
        "tile_id": "174-cheongyang-hydro",
        "sheet_id": "174-cheongyang",
        "split": "development",
        "proposal_kind": "visible_linework_review_only",
        "backend": "archaeotrace_ink_v2_centerline",
        "upstream_commit": "7960acddb4e82855e2088fdfdd2244799b63775c",
        "pixel_length": 19.657,
        "point_count": 5,
        "confidence": 1.0,
        "review_status": "unreviewed"
      },
      "geometry": {
        "type": "LineString",
        "coordinates": [
          [
            126.96869199414647,
            36.36199584546803
          ],
          [
            126.96897409852127,
            36.361880733448764
          ],
          [
            126.96930322029186,
            36.361880733448764
          ],
          [
            126.96935023768766,
            36.36191910412185
          ],
          [
            126.96935023768766,
            36.36207258681421
          ]
        ]
      }
    },
    {
      "type": "Feature",
      "properties": {
        "proposal_id": "ink-line-340",
        "tile_id": "174-cheongyang-hydro",
        "sheet_id": "174-cheongyang",
        "split": "development",
        "proposal_kind": "visible_linework_review_only",
        "backend": "archaeotrace_ink_v2_centerline",
        "upstream_commit": "7960acddb4e82855e2088fdfdd2244799b63775c",
        "pixel_length": 25.799,
        "point_count": 4,
        "confidence": 1.0,
        "review_status": "unreviewed"
      },
      "geometry": {
        "type": "LineString",
        "coordinates": [
          [
            126.96873901154227,
            36.372164073836515
          ],
          [
            126.96883304633387,
            36.37224081518269
          ],
          [
            126.96925620289606,
            36.37239429787505
          ],
          [
            126.96963234206245,
            36.372739633932845
          ]
        ]
      }
    },
    {
      "type": "Feature",
      "properties": {
        "proposal_id": "ink-line-341",
        "tile_id": "174-cheongyang-hydro",
        "sheet_id": "174-cheongyang",
        "split": "development",
        "proposal_kind": "visible_linework_review_only",
        "backend": "archaeotrace_ink_v2_centerline",
        "upstream_commit": "7960acddb4e82855e2088fdfdd2244799b63775c",
        "pixel_length": 20.142,
        "point_count": 5,
        "confidence": 1.0,
        "review_status": "unreviewed"
      },
      "geometry": {
        "type": "LineString",
        "coordinates": [
          [
            126.96878602893807,
            36.380528880569834
          ],
          [
            126.96883304633387,
            36.38068236326219
          ],
          [
            126.96902111591707,
            36.38083584595454
          ],
          [
            126.96920918550026,
            36.380797475281454
          ],
          [
            126.96939725508346,
            36.3806439925891
          ]
        ]
      }
    },
    {
      "type": "Feature",
      "properties": {
        "proposal_id": "ink-line-342",
        "tile_id": "174-cheongyang-hydro",
        "sheet_id": "174-cheongyang",
        "split": "development",
        "proposal_kind": "visible_linework_review_only",
        "backend": "archaeotrace_ink_v2_centerline",
        "upstream_commit": "7960acddb4e82855e2088fdfdd2244799b63775c",
        "pixel_length": 21.485,
        "point_count": 5,
        "confidence": 1.0,
        "review_status": "unreviewed"
      },
      "geometry": {
        "type": "LineString",
        "coordinates": [
          [
            126.96892708112547,
            36.38785767912976
          ],
          [
            126.96892708112547,
            36.387934420475936
          ],
          [
            126.96902111591707,
            36.388011161822114
          ],
          [
            126.96935023768766,
            36.38808790316829
          ],
          [
            126.96972637685406,
            36.388011161822114
          ]
        ]
      }
    },
    {
      "type": "Feature",
      "properties": {
        "proposal_id": "ink-line-343",
        "tile_id": "174-cheongyang-hydro",
        "sheet_id": "174-cheongyang",
        "split": "development",
        "proposal_kind": "visible_linework_review_only",
        "backend": "archaeotrace_ink_v2_centerline",
        "upstream_commit": "7960acddb4e82855e2088fdfdd2244799b63775c",
        "pixel_length": 18.728,
        "point_count": 3,
        "confidence": 1.0,
        "review_status": "unreviewed"
      },
      "geometry": {
        "type": "LineString",
        "coordinates": [
          [
            126.96892708112547,
            36.3597319757558
          ],
          [
            126.96916216810446,
            36.35992382912124
          ],
          [
            126.96963234206245,
            36.3600773118136
          ]
        ]
      }
    },
    {
      "type": "Feature",
      "properties": {
        "proposal_id": "ink-line-344",
        "tile_id": "174-cheongyang-hydro",
        "sheet_id": "174-cheongyang",
        "split": "development",
        "proposal_kind": "visible_linework_review_only",
        "backend": "archaeotrace_ink_v2_centerline",
        "upstream_commit": "7960acddb4e82855e2088fdfdd2244799b63775c",
        "pixel_length": 19.899,
        "point_count": 5,
        "confidence": 1.0,
        "review_status": "unreviewed"
      },
      "geometry": {
        "type": "LineString",
        "coordinates": [
          [
            126.96897409852127,
            36.359041303640204
          ],
          [
            126.96897409852127,
            36.35888782094785
          ],
          [
            126.96892708112547,
            36.35884945027476
          ],
          [
            126.96897409852127,
            36.35865759690932
          ],
          [
            126.96920918550026,
            36.3583890021977
          ]
        ]
      }
    },
    {
      "type": "Feature",
      "properties": {
        "proposal_id": "ink-line-345",
        "tile_id": "174-cheongyang-hydro",
        "sheet_id": "174-cheongyang",
        "split": "development",
        "proposal_kind": "visible_linework_review_only",
        "backend": "archaeotrace_ink_v2_centerline",
        "upstream_commit": "7960acddb4e82855e2088fdfdd2244799b63775c",
        "pixel_length": 20.071,
        "point_count": 5,
        "confidence": 1.0,
        "review_status": "unreviewed"
      },
      "geometry": {
        "type": "LineString",
        "coordinates": [
          [
            126.96902111591707,
            36.379301019031
          ],
          [
            126.96906813331286,
            36.379070794992465
          ],
          [
            126.96925620289606,
            36.37899405364629
          ],
          [
            126.96925620289606,
            36.378802200280845
          ],
          [
            126.96939725508346,
            36.37872545893467
          ]
        ]
      }
    },
    {
      "type": "Feature",
      "properties": {
        "proposal_id": "ink-line-346",
        "tile_id": "174-cheongyang-hydro",
        "sheet_id": "174-cheongyang",
        "split": "development",
        "proposal_kind": "visible_linework_review_only",
        "backend": "archaeotrace_ink_v2_centerline",
        "upstream_commit": "7960acddb4e82855e2088fdfdd2244799b63775c",
        "pixel_length": 22.243,
        "point_count": 5,
        "confidence": 1.0,
        "review_status": "unreviewed"
      },
      "geometry": {
        "type": "LineString",
        "coordinates": [
          [
            126.96906813331286,
            36.38843323922609
          ],
          [
            126.96911515070866,
            36.388394868553
          ],
          [
            126.96977339424986,
            36.388394868553
          ],
          [
            126.96982041164564,
            36.38843323922609
          ],
          [
            126.97005549862465,
            36.388394868553
          ]
        ]
      }
    },
    {
      "type": "Feature",
      "properties": {
        "proposal_id": "ink-line-347",
        "tile_id": "174-cheongyang-hydro",
        "sheet_id": "174-cheongyang",
        "split": "development",
        "proposal_kind": "visible_linework_review_only",
        "backend": "archaeotrace_ink_v2_centerline",
        "upstream_commit": "7960acddb4e82855e2088fdfdd2244799b63775c",
        "pixel_length": 28.142,
        "point_count": 6,
        "confidence": 1.0,
        "review_status": "unreviewed"
      },
      "geometry": {
        "type": "LineString",
        "coordinates": [
          [
            126.96916216810446,
            36.37757433874201
          ],
          [
            126.96906813331286,
            36.37776619210745
          ],
          [
            126.96906813331286,
            36.377919674799806
          ],
          [
            126.96930322029186,
            36.378188269511426
          ],
          [
            126.96935023768766,
            36.37834175220378
          ],
          [
            126.96925620289606,
            36.378495234896135
          ]
        ]
      }
    },
    {
      "type": "Feature",
      "properties": {
        "proposal_id": "ink-line-348",
        "tile_id": "174-cheongyang-hydro",
        "sheet_id": "174-cheongyang",
        "split": "development",
        "proposal_kind": "visible_linework_review_only",
        "backend": "archaeotrace_ink_v2_centerline",
        "upstream_commit": "7960acddb4e82855e2088fdfdd2244799b63775c",
        "pixel_length": 20.485,
        "point_count": 5,
        "confidence": 1.0,
        "review_status": "unreviewed"
      },
      "geometry": {
        "type": "LineString",
        "coordinates": [
          [
            126.96944427247925,
            36.36168888008332
          ],
          [
            126.96972637685406,
            36.36168888008332
          ],
          [
            126.96996146383304,
            36.361612138737144
          ],
          [
            126.97010251602045,
            36.36149702671788
          ],
          [
            126.97014953341623,
            36.36134354402552
          ]
        ]
      }
    },
    {
      "type": "Feature",
      "properties": {
        "proposal_id": "ink-line-349",
        "tile_id": "174-cheongyang-hydro",
        "sheet_id": "174-cheongyang",
        "split": "development",
        "proposal_kind": "visible_linework_review_only",
        "backend": "archaeotrace_ink_v2_centerline",
        "upstream_commit": "7960acddb4e82855e2088fdfdd2244799b63775c",
        "pixel_length": 29.314,
        "point_count": 4,
        "confidence": 1.0,
        "review_status": "unreviewed"
      },
      "geometry": {
        "type": "LineString",
        "coordinates": [
          [
            126.96944427247925,
            36.35624024450473
          ],
          [
            126.96939725508346,
            36.356201873831644
          ],
          [
            126.96944427247925,
            36.35593327912002
          ],
          [
            126.96972637685406,
            36.35524260700443
          ]
        ]
      }
    },
    {
      "type": "Feature",
      "properties": {
        "proposal_id": "ink-line-350",
        "tile_id": "174-cheongyang-hydro",
        "sheet_id": "174-cheongyang",
        "split": "development",
        "proposal_kind": "visible_linework_review_only",
        "backend": "archaeotrace_ink_v2_centerline",
        "upstream_commit": "7960acddb4e82855e2088fdfdd2244799b63775c",
        "pixel_length": 23.243,
        "point_count": 4,
        "confidence": 1.0,
        "review_status": "unreviewed"
      },
      "geometry": {
        "type": "LineString",
        "coordinates": [
          [
            126.96949128987505,
            36.3678281877775
          ],
          [
            126.96963234206245,
            36.36778981710441
          ],
          [
            126.96963234206245,
            36.3671375156619
          ],
          [
            126.96972637685406,
            36.367060774315725
          ]
        ]
      }
    },
    {
      "type": "Feature",
      "properties": {
        "proposal_id": "ink-line-351",
        "tile_id": "174-cheongyang-hydro",
        "sheet_id": "174-cheongyang",
        "split": "development",
        "proposal_kind": "visible_linework_review_only",
        "backend": "archaeotrace_ink_v2_centerline",
        "upstream_commit": "7960acddb4e82855e2088fdfdd2244799b63775c",
        "pixel_length": 33.971,
        "point_count": 6,
        "confidence": 1.0,
        "review_status": "unreviewed"
      },
      "geometry": {
        "type": "LineString",
        "coordinates": [
          [
            126.96953830727085,
            36.37112806566312
          ],
          [
            126.96944427247925,
            36.37124317768239
          ],
          [
            126.96944427247925,
            36.37147340172092
          ],
          [
            126.96958532466665,
            36.37170362575945
          ],
          [
            126.97000848122885,
            36.37197222047107
          ],
          [
            126.97024356820783,
            36.37197222047107
          ]
        ]
      }
    },
    {
      "type": "Feature",
      "properties": {
        "proposal_id": "ink-line-352",
        "tile_id": "174-cheongyang-hydro",
        "sheet_id": "174-cheongyang",
        "split": "development",
        "proposal_kind": "visible_linework_review_only",
        "backend": "archaeotrace_ink_v2_centerline",
        "upstream_commit": "7960acddb4e82855e2088fdfdd2244799b63775c",
        "pixel_length": 21.071,
        "point_count": 7,
        "confidence": 1.0,
        "review_status": "unreviewed"
      },
      "geometry": {
        "type": "LineString",
        "coordinates": [
          [
            126.96958532466665,
            36.38674492961019
          ],
          [
            126.96967935945825,
            36.386860041629454
          ],
          [
            126.96986742904144,
            36.386860041629454
          ],
          [
            126.96991444643724,
            36.386821670956365
          ],
          [
            126.96991444643724,
            36.38666818826401
          ],
          [
            126.96996146383304,
            36.38662981759092
          ],
          [
            126.96991444643724,
            36.38639959355239
          ]
        ]
      }
    },
    {
      "type": "Feature",
      "properties": {
        "proposal_id": "ink-line-353",
        "tile_id": "174-cheongyang-hydro",
        "sheet_id": "174-cheongyang",
        "split": "development",
        "proposal_kind": "visible_linework_review_only",
        "backend": "archaeotrace_ink_v2_centerline",
        "upstream_commit": "7960acddb4e82855e2088fdfdd2244799b63775c",
        "pixel_length": 18.657,
        "point_count": 5,
        "confidence": 1.0,
        "review_status": "unreviewed"
      },
      "geometry": {
        "type": "LineString",
        "coordinates": [
          [
            126.96963234206245,
            36.369861833451196
          ],
          [
            126.96967935945825,
            36.369900204124285
          ],
          [
            126.97000848122885,
            36.369900204124285
          ],
          [
            126.97005549862465,
            36.369938574797374
          ],
          [
            126.97043163779104,
            36.369861833451196
          ]
        ]
      }
    },
    {
      "type": "Feature",
      "properties": {
        "proposal_id": "ink-line-354",
        "tile_id": "174-cheongyang-hydro",
        "sheet_id": "174-cheongyang",
        "split": "development",
        "proposal_kind": "visible_linework_review_only",
        "backend": "archaeotrace_ink_v2_centerline",
        "upstream_commit": "7960acddb4e82855e2088fdfdd2244799b63775c",
        "pixel_length": 38.971,
        "point_count": 7,
        "confidence": 1.0,
        "review_status": "unreviewed"
      },
      "geometry": {
        "type": "LineString",
        "coordinates": [
          [
            126.96963234206245,
            36.35850411421696
          ],
          [
            126.96944427247925,
            36.358695967582406
          ],
          [
            126.96944427247925,
            36.35888782094785
          ],
          [
            126.96953830727085,
            36.35907967431329
          ],
          [
            126.96967935945825,
            36.35919478633256
          ],
          [
            126.96996146383304,
            36.359309898351825
          ],
          [
            126.97043163779104,
            36.359309898351825
          ]
        ]
      }
    },
    {
      "type": "Feature",
      "properties": {
        "proposal_id": "ink-line-355",
        "tile_id": "174-cheongyang-hydro",
        "sheet_id": "174-cheongyang",
        "split": "development",
        "proposal_kind": "visible_linework_review_only",
        "backend": "archaeotrace_ink_v2_centerline",
        "upstream_commit": "7960acddb4e82855e2088fdfdd2244799b63775c",
        "pixel_length": 24.071,
        "point_count": 7,
        "confidence": 1.0,
        "review_status": "unreviewed"
      },
      "geometry": {
        "type": "LineString",
        "coordinates": [
          [
            126.96972637685406,
            36.360461018544484
          ],
          [
            126.96996146383304,
            36.36053775989066
          ],
          [
            126.97005549862465,
            36.36049938921757
          ],
          [
            126.97024356820783,
            36.36049938921757
          ],
          [
            126.97029058560364,
            36.36053775989066
          ],
          [
            126.97033760299944,
            36.36049938921757
          ],
          [
            126.97076075956163,
            36.36049938921757
          ]
        ]
      }
    },
    {
      "type": "Feature",
      "properties": {
        "proposal_id": "ink-line-356",
        "tile_id": "174-cheongyang-hydro",
        "sheet_id": "174-cheongyang",
        "split": "development",
        "proposal_kind": "visible_linework_review_only",
        "backend": "archaeotrace_ink_v2_centerline",
        "upstream_commit": "7960acddb4e82855e2088fdfdd2244799b63775c",
        "pixel_length": 22.414,
        "point_count": 3,
        "confidence": 1.0,
        "review_status": "unreviewed"
      },
      "geometry": {
        "type": "LineString",
        "coordinates": [
          [
            126.96977339424986,
            36.37841849354996
          ],
          [
            126.96977339424986,
            36.3776127094151
          ],
          [
            126.96982041164564,
            36.37757433874201
          ]
        ]
      }
    },
    {
      "type": "Feature",
      "properties": {
        "proposal_id": "ink-line-357",
        "tile_id": "174-cheongyang-hydro",
        "sheet_id": "174-cheongyang",
        "split": "development",
        "proposal_kind": "visible_linework_review_only",
        "backend": "archaeotrace_ink_v2_centerline",
        "upstream_commit": "7960acddb4e82855e2088fdfdd2244799b63775c",
        "pixel_length": 18.243,
        "point_count": 4,
        "confidence": 1.0,
        "review_status": "unreviewed"
      },
      "geometry": {
        "type": "LineString",
        "coordinates": [
          [
            126.96991444643724,
            36.37346867672153
          ],
          [
            126.97000848122885,
            36.37373727143315
          ],
          [
            126.97000848122885,
            36.37408260749095
          ],
          [
            126.97005549862465,
            36.374120978164036
          ]
        ]
      }
    },
    {
      "type": "Feature",
      "properties": {
        "proposal_id": "ink-line-358",
        "tile_id": "174-cheongyang-hydro",
        "sheet_id": "174-cheongyang",
        "split": "development",
        "proposal_kind": "visible_linework_review_only",
        "backend": "archaeotrace_ink_v2_centerline",
        "upstream_commit": "7960acddb4e82855e2088fdfdd2244799b63775c",
        "pixel_length": 25.799,
        "point_count": 3,
        "confidence": 1.0,
        "review_status": "unreviewed"
      },
      "geometry": {
        "type": "LineString",
        "coordinates": [
          [
            126.96991444643724,
            36.35831226085152
          ],
          [
            126.97061970737423,
            36.35796692479372
          ],
          [
            126.97085479435323,
            36.35777507142828
          ]
        ]
      }
    },
    {
      "type": "Feature",
      "properties": {
        "proposal_id": "ink-line-359",
        "tile_id": "174-cheongyang-hydro",
        "sheet_id": "174-cheongyang",
        "split": "development",
        "proposal_kind": "visible_linework_review_only",
        "backend": "archaeotrace_ink_v2_centerline",
        "upstream_commit": "7960acddb4e82855e2088fdfdd2244799b63775c",
        "pixel_length": 26.899,
        "point_count": 5,
        "confidence": 1.0,
        "review_status": "unreviewed"
      },
      "geometry": {
        "type": "LineString",
        "coordinates": [
          [
            126.96996146383304,
            36.36690729162337
          ],
          [
            126.97029058560364,
            36.36671543825793
          ],
          [
            126.97029058560364,
            36.366446843546306
          ],
          [
            126.97024356820783,
            36.36640847287322
          ],
          [
            126.97019655081203,
            36.36606313681542
          ]
        ]
      }
    },
    {
      "type": "Feature",
      "properties": {
        "proposal_id": "ink-line-360",
        "tile_id": "174-cheongyang-hydro",
        "sheet_id": "174-cheongyang",
        "split": "development",
        "proposal_kind": "visible_linework_review_only",
        "backend": "archaeotrace_ink_v2_centerline",
        "upstream_commit": "7960acddb4e82855e2088fdfdd2244799b63775c",
        "pixel_length": 50.485,
        "point_count": 4,
        "confidence": 1.0,
        "review_status": "unreviewed"
      },
      "geometry": {
        "type": "LineString",
        "coordinates": [
          [
            126.97000848122885,
            36.391963341150245
          ],
          [
            126.97029058560364,
            36.39207845316951
          ],
          [
            126.9719832118524,
            36.39204008249642
          ],
          [
            126.9722653162272,
            36.391963341150245
          ]
        ]
      }
    },
    {
      "type": "Feature",
      "properties": {
        "proposal_id": "ink-line-361",
        "tile_id": "174-cheongyang-hydro",
        "sheet_id": "174-cheongyang",
        "split": "development",
        "proposal_kind": "visible_linework_review_only",
        "backend": "archaeotrace_ink_v2_centerline",
        "upstream_commit": "7960acddb4e82855e2088fdfdd2244799b63775c",
        "pixel_length": 22.899,
        "point_count": 5,
        "confidence": 1.0,
        "review_status": "unreviewed"
      },
      "geometry": {
        "type": "LineString",
        "coordinates": [
          [
            126.97000848122885,
            36.3634539310454
          ],
          [
            126.97010251602045,
            36.36333881902613
          ],
          [
            126.97024356820783,
            36.362993482968335
          ],
          [
            126.97024356820783,
            36.36280162960289
          ],
          [
            126.97033760299944,
            36.362686517583626
          ]
        ]
      }
    },
    {
      "type": "Feature",
      "properties": {
        "proposal_id": "ink-line-362",
        "tile_id": "174-cheongyang-hydro",
        "sheet_id": "174-cheongyang",
        "split": "development",
        "proposal_kind": "visible_linework_review_only",
        "backend": "archaeotrace_ink_v2_centerline",
        "upstream_commit": "7960acddb4e82855e2088fdfdd2244799b63775c",
        "pixel_length": 19.414,
        "point_count": 3,
        "confidence": 1.0,
        "review_status": "unreviewed"
      },
      "geometry": {
        "type": "LineString",
        "coordinates": [
          [
            126.97000848122885,
            36.35708439931268
          ],
          [
            126.97005549862465,
            36.357007657966506
          ],
          [
            126.97005549862465,
            36.356355356524
          ]
        ]
      }
    },
    {
      "type": "Feature",
      "properties": {
        "proposal_id": "ink-line-363",
        "tile_id": "174-cheongyang-hydro",
        "sheet_id": "174-cheongyang",
        "split": "development",
        "proposal_kind": "visible_linework_review_only",
        "backend": "archaeotrace_ink_v2_centerline",
        "upstream_commit": "7960acddb4e82855e2088fdfdd2244799b63775c",
        "pixel_length": 37.142,
        "point_count": 6,
        "confidence": 1.0,
        "review_status": "unreviewed"
      },
      "geometry": {
        "type": "LineString",
        "coordinates": [
          [
            126.97005549862465,
            36.36851885989309
          ],
          [
            126.97010251602045,
            36.368480489220005
          ],
          [
            126.97010251602045,
            36.36828863585456
          ],
          [
            126.96991444643724,
            36.36778981710441
          ],
          [
            126.96991444643724,
            36.3674828517197
          ],
          [
            126.97014953341623,
            36.36725262768117
          ]
        ]
      }
    },
    {
      "type": "Feature",
      "properties": {
        "proposal_id": "ink-line-364",
        "tile_id": "174-cheongyang-hydro",
        "sheet_id": "174-cheongyang",
        "split": "development",
        "proposal_kind": "visible_linework_review_only",
        "backend": "archaeotrace_ink_v2_centerline",
        "upstream_commit": "7960acddb4e82855e2088fdfdd2244799b63775c",
        "pixel_length": 26.071,
        "point_count": 5,
        "confidence": 1.0,
        "review_status": "unreviewed"
      },
      "geometry": {
        "type": "LineString",
        "coordinates": [
          [
            126.97005549862465,
            36.35980871710198
          ],
          [
            126.97043163779104,
            36.35977034642889
          ],
          [
            126.97071374216583,
            36.35965523440962
          ],
          [
            126.97108988133222,
            36.35965523440962
          ],
          [
            126.97118391612382,
            36.35969360508271
          ]
        ]
      }
    },
    {
      "type": "Feature",
      "properties": {
        "proposal_id": "ink-line-365",
        "tile_id": "174-cheongyang-hydro",
        "sheet_id": "174-cheongyang",
        "split": "development",
        "proposal_kind": "visible_linework_review_only",
        "backend": "archaeotrace_ink_v2_centerline",
        "upstream_commit": "7960acddb4e82855e2088fdfdd2244799b63775c",
        "pixel_length": 30.314,
        "point_count": 6,
        "confidence": 1.0,
        "review_status": "unreviewed"
      },
      "geometry": {
        "type": "LineString",
        "coordinates": [
          [
            126.97010251602045,
            36.35627861517782
          ],
          [
            126.97033760299944,
            36.355856537773846
          ],
          [
            126.97038462039524,
            36.35554957238914
          ],
          [
            126.97043163779104,
            36.35551120171605
          ],
          [
            126.97043163779104,
            36.355280977677516
          ],
          [
            126.97047865518684,
            36.35524260700443
          ]
        ]
      }
    },
    {
      "type": "Feature",
      "properties": {
        "proposal_id": "ink-line-366",
        "tile_id": "174-cheongyang-hydro",
        "sheet_id": "174-cheongyang",
        "split": "development",
        "proposal_kind": "visible_linework_review_only",
        "backend": "archaeotrace_ink_v2_centerline",
        "upstream_commit": "7960acddb4e82855e2088fdfdd2244799b63775c",
        "pixel_length": 18.071,
        "point_count": 4,
        "confidence": 1.0,
        "review_status": "unreviewed"
      },
      "geometry": {
        "type": "LineString",
        "coordinates": [
          [
            126.97024356820783,
            36.37346867672153
          ],
          [
            126.97038462039524,
            36.37381401277933
          ],
          [
            126.97038462039524,
            36.37400586614477
          ],
          [
            126.97029058560364,
            36.37408260749095
          ]
        ]
      }
    },
    {
      "type": "Feature",
      "properties": {
        "proposal_id": "ink-line-367",
        "tile_id": "174-cheongyang-hydro",
        "sheet_id": "174-cheongyang",
        "split": "development",
        "proposal_kind": "visible_linework_review_only",
        "backend": "archaeotrace_ink_v2_centerline",
        "upstream_commit": "7960acddb4e82855e2088fdfdd2244799b63775c",
        "pixel_length": 22.728,
        "point_count": 5,
        "confidence": 1.0,
        "review_status": "unreviewed"
      },
      "geometry": {
        "type": "LineString",
        "coordinates": [
          [
            126.97029058560364,
            36.38033702720439
          ],
          [
            126.97047865518684,
            36.38041376855057
          ],
          [
            126.97061970737423,
            36.38041376855057
          ],
          [
            126.97094882914482,
            36.380221915185125
          ],
          [
            126.97104286393642,
            36.38003006181968
          ]
        ]
      }
    },
    {
      "type": "Feature",
      "properties": {
        "proposal_id": "ink-line-368",
        "tile_id": "174-cheongyang-hydro",
        "sheet_id": "174-cheongyang",
        "split": "development",
        "proposal_kind": "visible_linework_review_only",
        "backend": "archaeotrace_ink_v2_centerline",
        "upstream_commit": "7960acddb4e82855e2088fdfdd2244799b63775c",
        "pixel_length": 20.728,
        "point_count": 3,
        "confidence": 1.0,
        "review_status": "unreviewed"
      },
      "geometry": {
        "type": "LineString",
        "coordinates": [
          [
            126.97033760299944,
            36.357851812774456
          ],
          [
            126.97061970737423,
            36.357583218062835
          ],
          [
            126.97076075956163,
            36.35719951133195
          ]
        ]
      }
    },
    {
      "type": "Feature",
      "properties": {
        "proposal_id": "ink-line-369",
        "tile_id": "174-cheongyang-hydro",
        "sheet_id": "174-cheongyang",
        "split": "development",
        "proposal_kind": "visible_linework_review_only",
        "backend": "archaeotrace_ink_v2_centerline",
        "upstream_commit": "7960acddb4e82855e2088fdfdd2244799b63775c",
        "pixel_length": 19.485,
        "point_count": 4,
        "confidence": 1.0,
        "review_status": "unreviewed"
      },
      "geometry": {
        "type": "LineString",
        "coordinates": [
          [
            126.97038462039524,
            36.379109165665554
          ],
          [
            126.97057268997843,
            36.37891731230011
          ],
          [
            126.97061970737423,
            36.378495234896135
          ],
          [
            126.97066672477003,
            36.37845686422305
          ]
        ]
      }
    },
    {
      "type": "Feature",
      "properties": {
        "proposal_id": "ink-line-370",
        "tile_id": "174-cheongyang-hydro",
        "sheet_id": "174-cheongyang",
        "split": "development",
        "proposal_kind": "visible_linework_review_only",
        "backend": "archaeotrace_ink_v2_centerline",
        "upstream_commit": "7960acddb4e82855e2088fdfdd2244799b63775c",
        "pixel_length": 18.243,
        "point_count": 4,
        "confidence": 1.0,
        "review_status": "unreviewed"
      },
      "geometry": {
        "type": "LineString",
        "coordinates": [
          [
            126.97038462039524,
            36.378188269511426
          ],
          [
            126.97047865518684,
            36.378188269511426
          ],
          [
            126.97066672477003,
            36.37807315749216
          ],
          [
            126.97066672477003,
            36.377651080088185
          ]
        ]
      }
    },
    {
      "type": "Feature",
      "properties": {
        "proposal_id": "ink-line-371",
        "tile_id": "174-cheongyang-hydro",
        "sheet_id": "174-cheongyang",
        "split": "development",
        "proposal_kind": "visible_linework_review_only",
        "backend": "archaeotrace_ink_v2_centerline",
        "upstream_commit": "7960acddb4e82855e2088fdfdd2244799b63775c",
        "pixel_length": 29.071,
        "point_count": 6,
        "confidence": 1.0,
        "review_status": "unreviewed"
      },
      "geometry": {
        "type": "LineString",
        "coordinates": [
          [
            126.97043163779104,
            36.36775144643132
          ],
          [
            126.97038462039524,
            36.36778981710441
          ],
          [
            126.97038462039524,
            36.367943299796764
          ],
          [
            126.97052567258262,
            36.36836537720074
          ],
          [
            126.97052567258262,
            36.368749083931625
          ],
          [
            126.97047865518684,
            36.368787454604714
          ]
        ]
      }
    },
    {
      "type": "Feature",
      "properties": {
        "proposal_id": "ink-line-372",
        "tile_id": "174-cheongyang-hydro",
        "sheet_id": "174-cheongyang",
        "split": "development",
        "proposal_kind": "visible_linework_review_only",
        "backend": "archaeotrace_ink_v2_centerline",
        "upstream_commit": "7960acddb4e82855e2088fdfdd2244799b63775c",
        "pixel_length": 19.243,
        "point_count": 3,
        "confidence": 1.0,
        "review_status": "unreviewed"
      },
      "geometry": {
        "type": "LineString",
        "coordinates": [
          [
            126.97043163779104,
            36.35666232190871
          ],
          [
            126.97043163779104,
            36.35624024450473
          ],
          [
            126.97057268997843,
            36.35597164979311
          ]
        ]
      }
    },
    {
      "type": "Feature",
      "properties": {
        "proposal_id": "ink-line-373",
        "tile_id": "174-cheongyang-hydro",
        "sheet_id": "174-cheongyang",
        "split": "development",
        "proposal_kind": "visible_linework_review_only",
        "backend": "archaeotrace_ink_v2_centerline",
        "upstream_commit": "7960acddb4e82855e2088fdfdd2244799b63775c",
        "pixel_length": 19.828,
        "point_count": 4,
        "confidence": 1.0,
        "review_status": "unreviewed"
      },
      "geometry": {
        "type": "LineString",
        "coordinates": [
          [
            126.97047865518684,
            36.38586240412915
          ],
          [
            126.97071374216583,
            36.38586240412915
          ],
          [
            126.97076075956163,
            36.38590077480224
          ],
          [
            126.97137198570701,
            36.38586240412915
          ]
        ]
      }
    },
    {
      "type": "Feature",
      "properties": {
        "proposal_id": "ink-line-374",
        "tile_id": "174-cheongyang-hydro",
        "sheet_id": "174-cheongyang",
        "split": "development",
        "proposal_kind": "visible_linework_review_only",
        "backend": "archaeotrace_ink_v2_centerline",
        "upstream_commit": "7960acddb4e82855e2088fdfdd2244799b63775c",
        "pixel_length": 19.828,
        "point_count": 5,
        "confidence": 1.0,
        "review_status": "unreviewed"
      },
      "geometry": {
        "type": "LineString",
        "coordinates": [
          [
            126.97052567258262,
            36.35907967431329
          ],
          [
            126.97113689872802,
            36.35907967431329
          ],
          [
            126.97118391612382,
            36.35911804498638
          ],
          [
            126.97137198570701,
            36.35911804498638
          ],
          [
            126.97141900310281,
            36.35907967431329
          ]
        ]
      }
    },
    {
      "type": "Feature",
      "properties": {
        "proposal_id": "ink-line-375",
        "tile_id": "174-cheongyang-hydro",
        "sheet_id": "174-cheongyang",
        "split": "development",
        "proposal_kind": "visible_linework_review_only",
        "backend": "archaeotrace_ink_v2_centerline",
        "upstream_commit": "7960acddb4e82855e2088fdfdd2244799b63775c",
        "pixel_length": 22.485,
        "point_count": 6,
        "confidence": 1.0,
        "review_status": "unreviewed"
      },
      "geometry": {
        "type": "LineString",
        "coordinates": [
          [
            126.97057268997843,
            36.37281637527902
          ],
          [
            126.97071374216583,
            36.372739633932845
          ],
          [
            126.97080777695743,
            36.3725477805674
          ],
          [
            126.97080777695743,
            36.37235592720196
          ],
          [
            126.97085479435323,
            36.37231755652887
          ],
          [
            126.97080777695743,
            36.37208733249034
          ]
        ]
      }
    },
    {
      "type": "Feature",
      "properties": {
        "proposal_id": "ink-line-376",
        "tile_id": "174-cheongyang-hydro",
        "sheet_id": "174-cheongyang",
        "split": "development",
        "proposal_kind": "visible_linework_review_only",
        "backend": "archaeotrace_ink_v2_centerline",
        "upstream_commit": "7960acddb4e82855e2088fdfdd2244799b63775c",
        "pixel_length": 18.243,
        "point_count": 4,
        "confidence": 1.0,
        "review_status": "unreviewed"
      },
      "geometry": {
        "type": "LineString",
        "coordinates": [
          [
            126.97066672477003,
            36.363876008449374
          ],
          [
            126.97071374216583,
            36.36391437912246
          ],
          [
            126.97118391612382,
            36.36391437912246
          ],
          [
            126.97146602049861,
            36.36399112046864
          ]
        ]
      }
    },
    {
      "type": "Feature",
      "properties": {
        "proposal_id": "ink-line-377",
        "tile_id": "174-cheongyang-hydro",
        "sheet_id": "174-cheongyang",
        "split": "development",
        "proposal_kind": "visible_linework_review_only",
        "backend": "archaeotrace_ink_v2_centerline",
        "upstream_commit": "7960acddb4e82855e2088fdfdd2244799b63775c",
        "pixel_length": 26.243,
        "point_count": 4,
        "confidence": 1.0,
        "review_status": "unreviewed"
      },
      "geometry": {
        "type": "LineString",
        "coordinates": [
          [
            126.97071374216583,
            36.37438957287566
          ],
          [
            126.97076075956163,
            36.3742360901833
          ],
          [
            126.97071374216583,
            36.37350704739462
          ],
          [
            126.97076075956163,
            36.37343030604844
          ]
        ]
      }
    },
    {
      "type": "Feature",
      "properties": {
        "proposal_id": "ink-line-378",
        "tile_id": "174-cheongyang-hydro",
        "sheet_id": "174-cheongyang",
        "split": "development",
        "proposal_kind": "visible_linework_review_only",
        "backend": "archaeotrace_ink_v2_centerline",
        "upstream_commit": "7960acddb4e82855e2088fdfdd2244799b63775c",
        "pixel_length": 24.485,
        "point_count": 4,
        "confidence": 1.0,
        "review_status": "unreviewed"
      },
      "geometry": {
        "type": "LineString",
        "coordinates": [
          [
            126.97071374216583,
            36.36606313681542
          ],
          [
            126.97066672477003,
            36.36633173152704
          ],
          [
            126.97085479435323,
            36.36671543825793
          ],
          [
            126.97080777695743,
            36.36690729162337
          ]
        ]
      }
    },
    {
      "type": "Feature",
      "properties": {
        "proposal_id": "ink-line-379",
        "tile_id": "174-cheongyang-hydro",
        "sheet_id": "174-cheongyang",
        "split": "development",
        "proposal_kind": "visible_linework_review_only",
        "backend": "archaeotrace_ink_v2_centerline",
        "upstream_commit": "7960acddb4e82855e2088fdfdd2244799b63775c",
        "pixel_length": 39.799,
        "point_count": 6,
        "confidence": 1.0,
        "review_status": "unreviewed"
      },
      "geometry": {
        "type": "LineString",
        "coordinates": [
          [
            126.97080777695743,
            36.38202533682029
          ],
          [
            126.97094882914482,
            36.38214044883956
          ],
          [
            126.97099584654062,
            36.38225556085882
          ],
          [
            126.97104286393642,
            36.38271600893589
          ],
          [
            126.97113689872802,
            36.38294623297442
          ],
          [
            126.97146602049861,
            36.383329939705305
          ]
        ]
      }
    },
    {
      "type": "Feature",
      "properties": {
        "proposal_id": "ink-line-380",
        "tile_id": "174-cheongyang-hydro",
        "sheet_id": "174-cheongyang",
        "split": "development",
        "proposal_kind": "visible_linework_review_only",
        "backend": "archaeotrace_ink_v2_centerline",
        "upstream_commit": "7960acddb4e82855e2088fdfdd2244799b63775c",
        "pixel_length": 22.071,
        "point_count": 5,
        "confidence": 1.0,
        "review_status": "unreviewed"
      },
      "geometry": {
        "type": "LineString",
        "coordinates": [
          [
            126.97080777695743,
            36.36970835075884
          ],
          [
            126.97085479435323,
            36.369593238739576
          ],
          [
            126.97113689872802,
            36.36955486806649
          ],
          [
            126.97123093351962,
            36.36970835075884
          ],
          [
            126.97127795091541,
            36.36997694547046
          ]
        ]
      }
    },
    {
      "type": "Feature",
      "properties": {
        "proposal_id": "ink-line-381",
        "tile_id": "174-cheongyang-hydro",
        "sheet_id": "174-cheongyang",
        "split": "development",
        "proposal_kind": "visible_linework_review_only",
        "backend": "archaeotrace_ink_v2_centerline",
        "upstream_commit": "7960acddb4e82855e2088fdfdd2244799b63775c",
        "pixel_length": 20.142,
        "point_count": 2,
        "confidence": 1.0,
        "review_status": "unreviewed"
      },
      "geometry": {
        "type": "LineString",
        "coordinates": [
          [
            126.97085479435323,
            36.37730574403039
          ],
          [
            126.97132496831121,
            36.37669181326097
          ]
        ]
      }
    },
    {
      "type": "Feature",
      "properties": {
        "proposal_id": "ink-line-382",
        "tile_id": "174-cheongyang-hydro",
        "sheet_id": "174-cheongyang",
        "split": "development",
        "proposal_kind": "visible_linework_review_only",
        "backend": "archaeotrace_ink_v2_centerline",
        "upstream_commit": "7960acddb4e82855e2088fdfdd2244799b63775c",
        "pixel_length": 31.485,
        "point_count": 4,
        "confidence": 1.0,
        "review_status": "unreviewed"
      },
      "geometry": {
        "type": "LineString",
        "coordinates": [
          [
            126.97090181174902,
            36.3576983300821
          ],
          [
            126.97099584654062,
            36.357621588735924
          ],
          [
            126.97113689872802,
            36.357314623351215
          ],
          [
            126.97108988133222,
            36.35658558056253
          ]
        ]
      }
    },
    {
      "type": "Feature",
      "properties": {
        "proposal_id": "ink-line-383",
        "tile_id": "174-cheongyang-hydro",
        "sheet_id": "174-cheongyang",
        "split": "development",
        "proposal_kind": "visible_linework_review_only",
        "backend": "archaeotrace_ink_v2_centerline",
        "upstream_commit": "7960acddb4e82855e2088fdfdd2244799b63775c",
        "pixel_length": 22.314,
        "point_count": 5,
        "confidence": 1.0,
        "review_status": "unreviewed"
      },
      "geometry": {
        "type": "LineString",
        "coordinates": [
          [
            126.97108988133222,
            36.38168000076249
          ],
          [
            126.97127795091541,
            36.38187185412794
          ],
          [
            126.97137198570701,
            36.38206370749338
          ],
          [
            126.97137198570701,
            36.38225556085882
          ],
          [
            126.97146602049861,
            36.38240904355118
          ]
        ]
      }
    },
    {
      "type": "Feature",
      "properties": {
        "proposal_id": "ink-line-384",
        "tile_id": "174-cheongyang-hydro",
        "sheet_id": "174-cheongyang",
        "split": "development",
        "proposal_kind": "visible_linework_review_only",
        "backend": "archaeotrace_ink_v2_centerline",
        "upstream_commit": "7960acddb4e82855e2088fdfdd2244799b63775c",
        "pixel_length": 20.657,
        "point_count": 5,
        "confidence": 1.0,
        "review_status": "unreviewed"
      },
      "geometry": {
        "type": "LineString",
        "coordinates": [
          [
            126.97118391612382,
            36.36740611037352
          ],
          [
            126.97118391612382,
            36.36725262768117
          ],
          [
            126.97137198570701,
            36.3671375156619
          ],
          [
            126.97137198570701,
            36.366792179604104
          ],
          [
            126.97132496831121,
            36.36671543825793
          ]
        ]
      }
    },
    {
      "type": "Feature",
      "properties": {
        "proposal_id": "ink-line-385",
        "tile_id": "174-cheongyang-hydro",
        "sheet_id": "174-cheongyang",
        "split": "development",
        "proposal_kind": "visible_linework_review_only",
        "backend": "archaeotrace_ink_v2_centerline",
        "upstream_commit": "7960acddb4e82855e2088fdfdd2244799b63775c",
        "pixel_length": 18.314,
        "point_count": 4,
        "confidence": 1.0,
        "review_status": "unreviewed"
      },
      "geometry": {
        "type": "LineString",
        "coordinates": [
          [
            126.97118391612382,
            36.366446843546306
          ],
          [
            126.97123093351962,
            36.36625499018086
          ],
          [
            126.97146602049861,
            36.36606313681542
          ],
          [
            126.9717011074776,
            36.36598639546924
          ]
        ]
      }
    },
    {
      "type": "Feature",
      "properties": {
        "proposal_id": "ink-line-386",
        "tile_id": "174-cheongyang-hydro",
        "sheet_id": "174-cheongyang",
        "split": "development",
        "proposal_kind": "visible_linework_review_only",
        "backend": "archaeotrace_ink_v2_centerline",
        "upstream_commit": "7960acddb4e82855e2088fdfdd2244799b63775c",
        "pixel_length": 20.728,
        "point_count": 3,
        "confidence": 1.0,
        "review_status": "unreviewed"
      },
      "geometry": {
        "type": "LineString",
        "coordinates": [
          [
            126.97123093351962,
            36.3597319757558
          ],
          [
            126.97141900310281,
            36.359885458448154
          ],
          [
            126.9716540900818,
            36.36038427719831
          ]
        ]
      }
    },
    {
      "type": "Feature",
      "properties": {
        "proposal_id": "ink-line-387",
        "tile_id": "174-cheongyang-hydro",
        "sheet_id": "174-cheongyang",
        "split": "development",
        "proposal_kind": "visible_linework_review_only",
        "backend": "archaeotrace_ink_v2_centerline",
        "upstream_commit": "7960acddb4e82855e2088fdfdd2244799b63775c",
        "pixel_length": 45.728,
        "point_count": 6,
        "confidence": 1.0,
        "review_status": "unreviewed"
      },
      "geometry": {
        "type": "LineString",
        "coordinates": [
          [
            126.97127795091541,
            36.3576983300821
          ],
          [
            126.97141900310281,
            36.35739136469739
          ],
          [
            126.97141900310281,
            36.357046028639594
          ],
          [
            126.97132496831121,
            36.35685417527415
          ],
          [
            126.97132496831121,
            36.35639372719709
          ],
          [
            126.97151303789441,
            36.35608676181238
          ]
        ]
      }
    },
    {
      "type": "Feature",
      "properties": {
        "proposal_id": "ink-line-388",
        "tile_id": "174-cheongyang-hydro",
        "sheet_id": "174-cheongyang",
        "split": "development",
        "proposal_kind": "visible_linework_review_only",
        "backend": "archaeotrace_ink_v2_centerline",
        "upstream_commit": "7960acddb4e82855e2088fdfdd2244799b63775c",
        "pixel_length": 21.657,
        "point_count": 4,
        "confidence": 1.0,
        "review_status": "unreviewed"
      },
      "geometry": {
        "type": "LineString",
        "coordinates": [
          [
            126.97132496831121,
            36.37373727143315
          ],
          [
            126.97137198570701,
            36.37381401277933
          ],
          [
            126.9717011074776,
            36.37381401277933
          ],
          [
            126.9722182988314,
            36.37392912479859
          ]
        ]
      }
    },
    {
      "type": "Feature",
      "properties": {
        "proposal_id": "ink-line-389",
        "tile_id": "174-cheongyang-hydro",
        "sheet_id": "174-cheongyang",
        "split": "development",
        "proposal_kind": "visible_linework_review_only",
        "backend": "archaeotrace_ink_v2_centerline",
        "upstream_commit": "7960acddb4e82855e2088fdfdd2244799b63775c",
        "pixel_length": 22.971,
        "point_count": 5,
        "confidence": 1.0,
        "review_status": "unreviewed"
      },
      "geometry": {
        "type": "LineString",
        "coordinates": [
          [
            126.97137198570701,
            36.36203421614112
          ],
          [
            126.9718891770608,
            36.362417922872005
          ],
          [
            126.9718891770608,
            36.36257140556436
          ],
          [
            126.9719361944566,
            36.36260977623745
          ],
          [
            126.9718891770608,
            36.362686517583626
          ]
        ]
      }
    },
    {
      "type": "Feature",
      "properties": {
        "proposal_id": "ink-line-390",
        "tile_id": "174-cheongyang-hydro",
        "sheet_id": "174-cheongyang",
        "split": "development",
        "proposal_kind": "visible_linework_review_only",
        "backend": "archaeotrace_ink_v2_centerline",
        "upstream_commit": "7960acddb4e82855e2088fdfdd2244799b63775c",
        "pixel_length": 20.657,
        "point_count": 5,
        "confidence": 1.0,
        "review_status": "unreviewed"
      },
      "geometry": {
        "type": "LineString",
        "coordinates": [
          [
            126.97141900310281,
            36.379109165665554
          ],
          [
            126.9717011074776,
            36.379070794992465
          ],
          [
            126.9718891770608,
            36.37899405364629
          ],
          [
            126.9722653162272,
            36.37899405364629
          ],
          [
            126.972312333623,
            36.3789556829732
          ]
        ]
      }
    },
    {
      "type": "Feature",
      "properties": {
        "proposal_id": "ink-line-391",
        "tile_id": "174-cheongyang-hydro",
        "sheet_id": "174-cheongyang",
        "split": "development",
        "proposal_kind": "visible_linework_review_only",
        "backend": "archaeotrace_ink_v2_centerline",
        "upstream_commit": "7960acddb4e82855e2088fdfdd2244799b63775c",
        "pixel_length": 34.142,
        "point_count": 5,
        "confidence": 1.0,
        "review_status": "unreviewed"
      },
      "geometry": {
        "type": "LineString",
        "coordinates": [
          [
            126.97146602049861,
            36.375348839702866
          ],
          [
            126.97137198570701,
            36.37554069306831
          ],
          [
            126.97137198570701,
            36.37577091710684
          ],
          [
            126.9717011074776,
            36.376269735856994
          ],
          [
            126.9717481248734,
            36.376499959895526
          ]
        ]
      }
    },
    {
      "type": "Feature",
      "properties": {
        "proposal_id": "ink-line-392",
        "tile_id": "174-cheongyang-hydro",
        "sheet_id": "174-cheongyang",
        "split": "development",
        "proposal_kind": "visible_linework_review_only",
        "backend": "archaeotrace_ink_v2_centerline",
        "upstream_commit": "7960acddb4e82855e2088fdfdd2244799b63775c",
        "pixel_length": 20.071,
        "point_count": 4,
        "confidence": 1.0,
        "review_status": "unreviewed"
      },
      "geometry": {
        "type": "LineString",
        "coordinates": [
          [
            126.97146602049861,
            36.36894093729707
          ],
          [
            126.97160707268601,
            36.36867234258545
          ],
          [
            126.97160707268601,
            36.368442118546916
          ],
          [
            126.97151303789441,
            36.36825026518147
          ]
        ]
      }
    },
    {
      "type": "Feature",
      "properties": {
        "proposal_id": "ink-line-393",
        "tile_id": "174-cheongyang-hydro",
        "sheet_id": "174-cheongyang",
        "split": "development",
        "proposal_kind": "visible_linework_review_only",
        "backend": "archaeotrace_ink_v2_centerline",
        "upstream_commit": "7960acddb4e82855e2088fdfdd2244799b63775c",
        "pixel_length": 27.071,
        "point_count": 4,
        "confidence": 1.0,
        "review_status": "unreviewed"
      },
      "geometry": {
        "type": "LineString",
        "coordinates": [
          [
            126.97151303789441,
            36.35800529546681
          ],
          [
            126.97141900310281,
            36.35850411421696
          ],
          [
            126.97156005529021,
            36.35881107960167
          ],
          [
            126.97156005529021,
            36.35896456229403
          ]
        ]
      }
    },
    {
      "type": "Feature",
      "properties": {
        "proposal_id": "ink-line-394",
        "tile_id": "174-cheongyang-hydro",
        "sheet_id": "174-cheongyang",
        "split": "development",
        "proposal_kind": "visible_linework_review_only",
        "backend": "archaeotrace_ink_v2_centerline",
        "upstream_commit": "7960acddb4e82855e2088fdfdd2244799b63775c",
        "pixel_length": 20.899,
        "point_count": 3,
        "confidence": 1.0,
        "review_status": "unreviewed"
      },
      "geometry": {
        "type": "LineString",
        "coordinates": [
          [
            126.97156005529021,
            36.37784293345363
          ],
          [
            126.97160707268601,
            36.37757433874201
          ],
          [
            126.9718891770608,
            36.37715226133803
          ]
        ]
      }
    },
    {
      "type": "Feature",
      "properties": {
        "proposal_id": "ink-line-395",
        "tile_id": "174-cheongyang-hydro",
        "sheet_id": "174-cheongyang",
        "split": "development",
        "proposal_kind": "visible_linework_review_only",
        "backend": "archaeotrace_ink_v2_centerline",
        "upstream_commit": "7960acddb4e82855e2088fdfdd2244799b63775c",
        "pixel_length": 27.243,
        "point_count": 5,
        "confidence": 1.0,
        "review_status": "unreviewed"
      },
      "geometry": {
        "type": "LineString",
        "coordinates": [
          [
            126.97156005529021,
            36.35539608969678
          ],
          [
            126.9717011074776,
            36.355357719023694
          ],
          [
            126.9722182988314,
            36.355357719023694
          ],
          [
            126.9722653162272,
            36.35539608969678
          ],
          [
            126.97278250758097,
            36.35543446036987
          ]
        ]
      }
    },
    {
      "type": "Feature",
      "properties": {
        "proposal_id": "ink-line-396",
        "tile_id": "174-cheongyang-hydro",
        "sheet_id": "174-cheongyang",
        "split": "development",
        "proposal_kind": "visible_linework_review_only",
        "backend": "archaeotrace_ink_v2_centerline",
        "upstream_commit": "7960acddb4e82855e2088fdfdd2244799b63775c",
        "pixel_length": 18.828,
        "point_count": 5,
        "confidence": 1.0,
        "review_status": "unreviewed"
      },
      "geometry": {
        "type": "LineString",
        "coordinates": [
          [
            126.9716540900818,
            36.372432668548136
          ],
          [
            126.9716540900818,
            36.37212570316343
          ],
          [
            126.97160707268601,
            36.37208733249034
          ],
          [
            126.9716540900818,
            36.37204896181725
          ],
          [
            126.9716540900818,
            36.37174199643254
          ]
        ]
      }
    },
    {
      "type": "Feature",
      "properties": {
        "proposal_id": "ink-line-397",
        "tile_id": "174-cheongyang-hydro",
        "sheet_id": "174-cheongyang",
        "split": "development",
        "proposal_kind": "visible_linework_review_only",
        "backend": "archaeotrace_ink_v2_centerline",
        "upstream_commit": "7960acddb4e82855e2088fdfdd2244799b63775c",
        "pixel_length": 22.899,
        "point_count": 5,
        "confidence": 1.0,
        "review_status": "unreviewed"
      },
      "geometry": {
        "type": "LineString",
        "coordinates": [
          [
            126.9716540900818,
            36.37001531614355
          ],
          [
            126.97156005529021,
            36.37013042816282
          ],
          [
            126.97156005529021,
            36.370437393547526
          ],
          [
            126.9717011074776,
            36.37070598825915
          ],
          [
            126.9717951422692,
            36.370782729605324
          ]
        ]
      }
    },
    {
      "type": "Feature",
      "properties": {
        "proposal_id": "ink-line-398",
        "tile_id": "174-cheongyang-hydro",
        "sheet_id": "174-cheongyang",
        "split": "development",
        "proposal_kind": "visible_linework_review_only",
        "backend": "archaeotrace_ink_v2_centerline",
        "upstream_commit": "7960acddb4e82855e2088fdfdd2244799b63775c",
        "pixel_length": 28.485,
        "point_count": 7,
        "confidence": 1.0,
        "review_status": "unreviewed"
      },
      "geometry": {
        "type": "LineString",
        "coordinates": [
          [
            126.9719361944566,
            36.37573254643375
          ],
          [
            126.9719361944566,
            36.37588602912611
          ],
          [
            126.97203022924819,
            36.375962770472285
          ],
          [
            126.97203022924819,
            36.37615462383773
          ],
          [
            126.97217128143559,
            36.376499959895526
          ],
          [
            126.97217128143559,
            36.37669181326097
          ],
          [
            126.97212426403979,
            36.37673018393406
          ]
        ]
      }
    },
    {
      "type": "Feature",
      "properties": {
        "proposal_id": "ink-line-399",
        "tile_id": "174-cheongyang-hydro",
        "sheet_id": "174-cheongyang",
        "split": "development",
        "proposal_kind": "visible_linework_review_only",
        "backend": "archaeotrace_ink_v2_centerline",
        "upstream_commit": "7960acddb4e82855e2088fdfdd2244799b63775c",
        "pixel_length": 20.657,
        "point_count": 5,
        "confidence": 1.0,
        "review_status": "unreviewed"
      },
      "geometry": {
        "type": "LineString",
        "coordinates": [
          [
            126.97203022924819,
            36.37170362575945
          ],
          [
            126.9719832118524,
            36.37208733249034
          ],
          [
            126.97203022924819,
            36.37212570316343
          ],
          [
            126.97203022924819,
            36.37231755652887
          ],
          [
            126.97212426403979,
            36.372432668548136
          ]
        ]
      }
    },
    {
      "type": "Feature",
      "properties": {
        "proposal_id": "ink-line-400",
        "tile_id": "174-cheongyang-hydro",
        "sheet_id": "174-cheongyang",
        "split": "development",
        "proposal_kind": "visible_linework_review_only",
        "backend": "archaeotrace_ink_v2_centerline",
        "upstream_commit": "7960acddb4e82855e2088fdfdd2244799b63775c",
        "pixel_length": 19.657,
        "point_count": 6,
        "confidence": 1.0,
        "review_status": "unreviewed"
      },
      "geometry": {
        "type": "LineString",
        "coordinates": [
          [
            126.97207724664399,
            36.37987657912733
          ],
          [
            126.9722653162272,
            36.37987657912733
          ],
          [
            126.972312333623,
            36.37983820845424
          ],
          [
            126.97250040320618,
            36.37987657912733
          ],
          [
            126.97259443799778,
            36.37976146710806
          ],
          [
            126.97259443799778,
            36.37953124306953
          ]
        ]
      }
    },
    {
      "type": "Feature",
      "properties": {
        "proposal_id": "ink-line-401",
        "tile_id": "174-cheongyang-hydro",
        "sheet_id": "174-cheongyang",
        "split": "development",
        "proposal_kind": "visible_linework_review_only",
        "backend": "archaeotrace_ink_v2_centerline",
        "upstream_commit": "7960acddb4e82855e2088fdfdd2244799b63775c",
        "pixel_length": 26.657,
        "point_count": 5,
        "confidence": 1.0,
        "review_status": "unreviewed"
      },
      "geometry": {
        "type": "LineString",
        "coordinates": [
          [
            126.97207724664399,
            36.35604839113929
          ],
          [
            126.97287654237257,
            36.35608676181238
          ],
          [
            126.97292355976838,
            36.35612513248547
          ],
          [
            126.97311162935156,
            36.35612513248547
          ],
          [
            126.97325268153897,
            36.356201873831644
          ]
        ]
      }
    },
    {
      "type": "Feature",
      "properties": {
        "proposal_id": "ink-line-402",
        "tile_id": "174-cheongyang-hydro",
        "sheet_id": "174-cheongyang",
        "split": "development",
        "proposal_kind": "visible_linework_review_only",
        "backend": "archaeotrace_ink_v2_centerline",
        "upstream_commit": "7960acddb4e82855e2088fdfdd2244799b63775c",
        "pixel_length": 19.485,
        "point_count": 5,
        "confidence": 1.0,
        "review_status": "unreviewed"
      },
      "geometry": {
        "type": "LineString",
        "coordinates": [
          [
            126.97212426403979,
            36.36203421614112
          ],
          [
            126.97203022924819,
            36.36191910412185
          ],
          [
            126.97203022924819,
            36.36172725075641
          ],
          [
            126.97217128143559,
            36.361573768064055
          ],
          [
            126.9722182988314,
            36.36138191469861
          ]
        ]
      }
    },
    {
      "type": "Feature",
      "properties": {
        "proposal_id": "ink-line-403",
        "tile_id": "174-cheongyang-hydro",
        "sheet_id": "174-cheongyang",
        "split": "development",
        "proposal_kind": "visible_linework_review_only",
        "backend": "archaeotrace_ink_v2_centerline",
        "upstream_commit": "7960acddb4e82855e2088fdfdd2244799b63775c",
        "pixel_length": 20.314,
        "point_count": 4,
        "confidence": 1.0,
        "review_status": "unreviewed"
      },
      "geometry": {
        "type": "LineString",
        "coordinates": [
          [
            126.9722653162272,
            36.36483527527659
          ],
          [
            126.97212426403979,
            36.365065499315115
          ],
          [
            126.97212426403979,
            36.36525735268056
          ],
          [
            126.97240636841458,
            36.365449206046
          ]
        ]
      }
    },
    {
      "type": "Feature",
      "properties": {
        "proposal_id": "ink-line-404",
        "tile_id": "174-cheongyang-hydro",
        "sheet_id": "174-cheongyang",
        "split": "development",
        "proposal_kind": "visible_linework_review_only",
        "backend": "archaeotrace_ink_v2_centerline",
        "upstream_commit": "7960acddb4e82855e2088fdfdd2244799b63775c",
        "pixel_length": 34.899,
        "point_count": 4,
        "confidence": 1.0,
        "review_status": "unreviewed"
      },
      "geometry": {
        "type": "LineString",
        "coordinates": [
          [
            126.9722653162272,
            36.35719951133195
          ],
          [
            126.97273549018519,
            36.357046028639594
          ],
          [
            126.97339373372637,
            36.357007657966506
          ],
          [
            126.97376987289276,
            36.35693091662033
          ]
        ]
      }
    },
    {
      "type": "Feature",
      "properties": {
        "proposal_id": "ink-line-405",
        "tile_id": "174-cheongyang-hydro",
        "sheet_id": "174-cheongyang",
        "split": "development",
        "proposal_kind": "visible_linework_review_only",
        "backend": "archaeotrace_ink_v2_centerline",
        "upstream_commit": "7960acddb4e82855e2088fdfdd2244799b63775c",
        "pixel_length": 22.243,
        "point_count": 3,
        "confidence": 1.0,
        "review_status": "unreviewed"
      },
      "geometry": {
        "type": "LineString",
        "coordinates": [
          [
            126.972312333623,
            36.377113890664944
          ],
          [
            126.97240636841458,
            36.37699877864568
          ],
          [
            126.97245338581038,
            36.37630810653008
          ]
        ]
      }
    },
    {
      "type": "Feature",
      "properties": {
        "proposal_id": "ink-line-406",
        "tile_id": "174-cheongyang-hydro",
        "sheet_id": "174-cheongyang",
        "split": "development",
        "proposal_kind": "visible_linework_review_only",
        "backend": "archaeotrace_ink_v2_centerline",
        "upstream_commit": "7960acddb4e82855e2088fdfdd2244799b63775c",
        "pixel_length": 33.899,
        "point_count": 7,
        "confidence": 1.0,
        "review_status": "unreviewed"
      },
      "geometry": {
        "type": "LineString",
        "coordinates": [
          [
            126.9723593510188,
            36.391963341150245
          ],
          [
            126.97259443799778,
            36.391963341150245
          ],
          [
            126.97264145539359,
            36.39200171182333
          ],
          [
            126.97268847278939,
            36.391963341150245
          ],
          [
            126.97301759455998,
            36.391963341150245
          ],
          [
            126.97362882070536,
            36.3917714877848
          ],
          [
            126.97381689028856,
            36.3917714877848
          ]
        ]
      }
    },
    {
      "type": "Feature",
      "properties": {
        "proposal_id": "ink-line-407",
        "tile_id": "174-cheongyang-hydro",
        "sheet_id": "174-cheongyang",
        "split": "development",
        "proposal_kind": "visible_linework_review_only",
        "backend": "archaeotrace_ink_v2_centerline",
        "upstream_commit": "7960acddb4e82855e2088fdfdd2244799b63775c",
        "pixel_length": 19.071,
        "point_count": 3,
        "confidence": 1.0,
        "review_status": "unreviewed"
      },
      "geometry": {
        "type": "LineString",
        "coordinates": [
          [
            126.97245338581038,
            36.384864766628844
          ],
          [
            126.97287654237257,
            36.384864766628844
          ],
          [
            126.97325268153897,
            36.38505661999429
          ]
        ]
      }
    },
    {
      "type": "Feature",
      "properties": {
        "proposal_id": "ink-line-408",
        "tile_id": "174-cheongyang-hydro",
        "sheet_id": "174-cheongyang",
        "split": "development",
        "proposal_kind": "visible_linework_review_only",
        "backend": "archaeotrace_ink_v2_centerline",
        "upstream_commit": "7960acddb4e82855e2088fdfdd2244799b63775c",
        "pixel_length": 26.485,
        "point_count": 6,
        "confidence": 1.0,
        "review_status": "unreviewed"
      },
      "geometry": {
        "type": "LineString",
        "coordinates": [
          [
            126.97245338581038,
            36.37258615124049
          ],
          [
            126.97282952497677,
            36.37258615124049
          ],
          [
            126.97306461195578,
            36.37250940989431
          ],
          [
            126.97325268153897,
            36.37250940989431
          ],
          [
            126.97344075112217,
            36.37262452191358
          ],
          [
            126.97348776851796,
            36.372739633932845
          ]
        ]
      }
    },
    {
      "type": "Feature",
      "properties": {
        "proposal_id": "ink-line-409",
        "tile_id": "174-cheongyang-hydro",
        "sheet_id": "174-cheongyang",
        "split": "development",
        "proposal_kind": "visible_linework_review_only",
        "backend": "archaeotrace_ink_v2_centerline",
        "upstream_commit": "7960acddb4e82855e2088fdfdd2244799b63775c",
        "pixel_length": 19.071,
        "point_count": 6,
        "confidence": 1.0,
        "review_status": "unreviewed"
      },
      "geometry": {
        "type": "LineString",
        "coordinates": [
          [
            126.97254742060198,
            36.35980871710198
          ],
          [
            126.97259443799778,
            36.359616863736534
          ],
          [
            126.97268847278939,
            36.35950175171727
          ],
          [
            126.97268847278939,
            36.359309898351825
          ],
          [
            126.97273549018519,
            36.359271527678736
          ],
          [
            126.97268847278939,
            36.35915641565947
          ]
        ]
      }
    },
    {
      "type": "Feature",
      "properties": {
        "proposal_id": "ink-line-410",
        "tile_id": "174-cheongyang-hydro",
        "sheet_id": "174-cheongyang",
        "split": "development",
        "proposal_kind": "visible_linework_review_only",
        "backend": "archaeotrace_ink_v2_centerline",
        "upstream_commit": "7960acddb4e82855e2088fdfdd2244799b63775c",
        "pixel_length": 32.243,
        "point_count": 3,
        "confidence": 1.0,
        "review_status": "unreviewed"
      },
      "geometry": {
        "type": "LineString",
        "coordinates": [
          [
            126.97254742060198,
            36.35739136469739
          ],
          [
            126.97282952497677,
            36.357276252678126
          ],
          [
            126.97400495987175,
            36.357276252678126
          ]
        ]
      }
    },
    {
      "type": "Feature",
      "properties": {
        "proposal_id": "ink-line-411",
        "tile_id": "174-cheongyang-hydro",
        "sheet_id": "174-cheongyang",
        "split": "development",
        "proposal_kind": "visible_linework_review_only",
        "backend": "archaeotrace_ink_v2_centerline",
        "upstream_commit": "7960acddb4e82855e2088fdfdd2244799b63775c",
        "pixel_length": 28.071,
        "point_count": 5,
        "confidence": 1.0,
        "review_status": "unreviewed"
      },
      "geometry": {
        "type": "LineString",
        "coordinates": [
          [
            126.97259443799778,
            36.370782729605324
          ],
          [
            126.97268847278939,
            36.37093621229768
          ],
          [
            126.97273549018519,
            36.371588513740186
          ],
          [
            126.97282952497677,
            36.37166525508636
          ],
          [
            126.97297057716418,
            36.37166525508636
          ]
        ]
      }
    },
    {
      "type": "Feature",
      "properties": {
        "proposal_id": "ink-line-412",
        "tile_id": "174-cheongyang-hydro",
        "sheet_id": "174-cheongyang",
        "split": "development",
        "proposal_kind": "visible_linework_review_only",
        "backend": "archaeotrace_ink_v2_centerline",
        "upstream_commit": "7960acddb4e82855e2088fdfdd2244799b63775c",
        "pixel_length": 30.899,
        "point_count": 6,
        "confidence": 1.0,
        "review_status": "unreviewed"
      },
      "geometry": {
        "type": "LineString",
        "coordinates": [
          [
            126.97259443799778,
            36.35773670075519
          ],
          [
            126.97297057716418,
            36.357583218062835
          ],
          [
            126.97325268153897,
            36.357583218062835
          ],
          [
            126.97329969893477,
            36.357621588735924
          ],
          [
            126.97353478591376,
            36.357621588735924
          ],
          [
            126.97391092508015,
            36.3576983300821
          ]
        ]
      }
    },
    {
      "type": "Feature",
      "properties": {
        "proposal_id": "ink-line-413",
        "tile_id": "174-cheongyang-hydro",
        "sheet_id": "174-cheongyang",
        "split": "development",
        "proposal_kind": "visible_linework_review_only",
        "backend": "archaeotrace_ink_v2_centerline",
        "upstream_commit": "7960acddb4e82855e2088fdfdd2244799b63775c",
        "pixel_length": 19.071,
        "point_count": 3,
        "confidence": 1.0,
        "review_status": "unreviewed"
      },
      "geometry": {
        "type": "LineString",
        "coordinates": [
          [
            126.97268847278939,
            36.367022403642636
          ],
          [
            126.97287654237257,
            36.366753808931016
          ],
          [
            126.97282952497677,
            36.36637010220013
          ]
        ]
      }
    },
    {
      "type": "Feature",
      "properties": {
        "proposal_id": "ink-line-414",
        "tile_id": "174-cheongyang-hydro",
        "sheet_id": "174-cheongyang",
        "split": "development",
        "proposal_kind": "visible_linework_review_only",
        "backend": "archaeotrace_ink_v2_centerline",
        "upstream_commit": "7960acddb4e82855e2088fdfdd2244799b63775c",
        "pixel_length": 23.071,
        "point_count": 5,
        "confidence": 1.0,
        "review_status": "unreviewed"
      },
      "geometry": {
        "type": "LineString",
        "coordinates": [
          [
            126.97278250758097,
            36.355894908446935
          ],
          [
            126.97297057716418,
            36.35597164979311
          ],
          [
            126.97320566414317,
            36.35597164979311
          ],
          [
            126.97339373372637,
            36.35604839113929
          ],
          [
            126.97376987289276,
            36.35608676181238
          ]
        ]
      }
    },
    {
      "type": "Feature",
      "properties": {
        "proposal_id": "ink-line-415",
        "tile_id": "174-cheongyang-hydro",
        "sheet_id": "174-cheongyang",
        "split": "development",
        "proposal_kind": "visible_linework_review_only",
        "backend": "archaeotrace_ink_v2_centerline",
        "upstream_commit": "7960acddb4e82855e2088fdfdd2244799b63775c",
        "pixel_length": 23.071,
        "point_count": 4,
        "confidence": 1.0,
        "review_status": "unreviewed"
      },
      "geometry": {
        "type": "LineString",
        "coordinates": [
          [
            126.97297057716418,
            36.36057613056375
          ],
          [
            126.97301759455998,
            36.36026916517904
          ],
          [
            126.97292355976838,
            36.36003894114051
          ],
          [
            126.97301759455998,
            36.35977034642889
          ]
        ]
      }
    },
    {
      "type": "Feature",
      "properties": {
        "proposal_id": "ink-line-416",
        "tile_id": "174-cheongyang-hydro",
        "sheet_id": "174-cheongyang",
        "split": "development",
        "proposal_kind": "visible_linework_review_only",
        "backend": "archaeotrace_ink_v2_centerline",
        "upstream_commit": "7960acddb4e82855e2088fdfdd2244799b63775c",
        "pixel_length": 26.243,
        "point_count": 4,
        "confidence": 1.0,
        "review_status": "unreviewed"
      },
      "geometry": {
        "type": "LineString",
        "coordinates": [
          [
            126.97306461195578,
            36.387435601725784
          ],
          [
            126.97315864674736,
            36.387397231052695
          ],
          [
            126.97386390768435,
            36.387397231052695
          ],
          [
            126.97424004685074,
            36.38732048970652
          ]
        ]
      }
    },
    {
      "type": "Feature",
      "properties": {
        "proposal_id": "ink-line-417",
        "tile_id": "174-cheongyang-hydro",
        "sheet_id": "174-cheongyang",
        "split": "development",
        "proposal_kind": "visible_linework_review_only",
        "backend": "archaeotrace_ink_v2_centerline",
        "upstream_commit": "7960acddb4e82855e2088fdfdd2244799b63775c",
        "pixel_length": 31.314,
        "point_count": 5,
        "confidence": 1.0,
        "review_status": "unreviewed"
      },
      "geometry": {
        "type": "LineString",
        "coordinates": [
          [
            126.97306461195578,
            36.362724888256714
          ],
          [
            126.97306461195578,
            36.36287837094907
          ],
          [
            126.97292355976838,
            36.36322370700687
          ],
          [
            126.97311162935156,
            36.363569043064665
          ],
          [
            126.97315864674736,
            36.3637992671032
          ]
        ]
      }
    },
    {
      "type": "Feature",
      "properties": {
        "proposal_id": "ink-line-418",
        "tile_id": "174-cheongyang-hydro",
        "sheet_id": "174-cheongyang",
        "split": "development",
        "proposal_kind": "visible_linework_review_only",
        "backend": "archaeotrace_ink_v2_centerline",
        "upstream_commit": "7960acddb4e82855e2088fdfdd2244799b63775c",
        "pixel_length": 29.556,
        "point_count": 6,
        "confidence": 1.0,
        "review_status": "unreviewed"
      },
      "geometry": {
        "type": "LineString",
        "coordinates": [
          [
            126.97320566414317,
            36.36552594739218
          ],
          [
            126.97329969893477,
            36.36556431806527
          ],
          [
            126.97334671633057,
            36.36552594739218
          ],
          [
            126.97358180330956,
            36.36552594739218
          ],
          [
            126.97395794247595,
            36.365449206046
          ],
          [
            126.97438109903814,
            36.36518061133438
          ]
        ]
      }
    },
    {
      "type": "Feature",
      "properties": {
        "proposal_id": "ink-line-419",
        "tile_id": "174-cheongyang-hydro",
        "sheet_id": "174-cheongyang",
        "split": "development",
        "proposal_kind": "visible_linework_review_only",
        "backend": "archaeotrace_ink_v2_centerline",
        "upstream_commit": "7960acddb4e82855e2088fdfdd2244799b63775c",
        "pixel_length": 22.657,
        "point_count": 3,
        "confidence": 1.0,
        "review_status": "unreviewed"
      },
      "geometry": {
        "type": "LineString",
        "coordinates": [
          [
            126.97334671633057,
            36.386514705571656
          ],
          [
            126.97376987289276,
            36.386514705571656
          ],
          [
            126.97433408164234,
            36.38666818826401
          ]
        ]
      }
    },
    {
      "type": "Feature",
      "properties": {
        "proposal_id": "ink-line-420",
        "tile_id": "174-cheongyang-hydro",
        "sheet_id": "174-cheongyang",
        "split": "development",
        "proposal_kind": "visible_linework_review_only",
        "backend": "archaeotrace_ink_v2_centerline",
        "upstream_commit": "7960acddb4e82855e2088fdfdd2244799b63775c",
        "pixel_length": 27.314,
        "point_count": 4,
        "confidence": 1.0,
        "review_status": "unreviewed"
      },
      "geometry": {
        "type": "LineString",
        "coordinates": [
          [
            126.97334671633057,
            36.382178819512646
          ],
          [
            126.97362882070536,
            36.38271600893589
          ],
          [
            126.97362882070536,
            36.38286949162824
          ],
          [
            126.97353478591376,
            36.38309971566677
          ]
        ]
      }
    },
    {
      "type": "Feature",
      "properties": {
        "proposal_id": "ink-line-421",
        "tile_id": "174-cheongyang-hydro",
        "sheet_id": "174-cheongyang",
        "split": "development",
        "proposal_kind": "visible_linework_review_only",
        "backend": "archaeotrace_ink_v2_centerline",
        "upstream_commit": "7960acddb4e82855e2088fdfdd2244799b63775c",
        "pixel_length": 20.385,
        "point_count": 3,
        "confidence": 1.0,
        "review_status": "unreviewed"
      },
      "geometry": {
        "type": "LineString",
        "coordinates": [
          [
            126.97344075112217,
            36.36767470508514
          ],
          [
            126.97362882070536,
            36.36744448104661
          ],
          [
            126.97405197726755,
            36.36709914498881
          ]
        ]
      }
    },
    {
      "type": "Feature",
      "properties": {
        "proposal_id": "ink-line-422",
        "tile_id": "174-cheongyang-hydro",
        "sheet_id": "174-cheongyang",
        "split": "development",
        "proposal_kind": "visible_linework_review_only",
        "backend": "archaeotrace_ink_v2_centerline",
        "upstream_commit": "7960acddb4e82855e2088fdfdd2244799b63775c",
        "pixel_length": 22.657,
        "point_count": 4,
        "confidence": 1.0,
        "review_status": "unreviewed"
      },
      "geometry": {
        "type": "LineString",
        "coordinates": [
          [
            126.97348776851796,
            36.38689841230254
          ],
          [
            126.97353478591376,
            36.38693678297563
          ],
          [
            126.97424004685074,
            36.38693678297563
          ],
          [
            126.97447513382974,
            36.3870518949949
          ]
        ]
      }
    },
    {
      "type": "Feature",
      "properties": {
        "proposal_id": "ink-line-423",
        "tile_id": "174-cheongyang-hydro",
        "sheet_id": "174-cheongyang",
        "split": "development",
        "proposal_kind": "visible_linework_review_only",
        "backend": "archaeotrace_ink_v2_centerline",
        "upstream_commit": "7960acddb4e82855e2088fdfdd2244799b63775c",
        "pixel_length": 27.213,
        "point_count": 3,
        "confidence": 1.0,
        "review_status": "unreviewed"
      },
      "geometry": {
        "type": "LineString",
        "coordinates": [
          [
            126.97353478591376,
            36.36943975604722
          ],
          [
            126.97381689028856,
            36.369017678643246
          ],
          [
            126.97428706424654,
            36.36867234258545
          ]
        ]
      }
    },
    {
      "type": "Feature",
      "properties": {
        "proposal_id": "ink-line-424",
        "tile_id": "174-cheongyang-hydro",
        "sheet_id": "174-cheongyang",
        "split": "development",
        "proposal_kind": "visible_linework_review_only",
        "backend": "archaeotrace_ink_v2_centerline",
        "upstream_commit": "7960acddb4e82855e2088fdfdd2244799b63775c",
        "pixel_length": 18.657,
        "point_count": 4,
        "confidence": 1.0,
        "review_status": "unreviewed"
      },
      "geometry": {
        "type": "LineString",
        "coordinates": [
          [
            126.97358180330956,
            36.360422647871395
          ],
          [
            126.97348776851796,
            36.36023079450595
          ],
          [
            126.97358180330956,
            36.35996219979433
          ],
          [
            126.97358180330956,
            36.35977034642889
          ]
        ]
      }
    },
    {
      "type": "Feature",
      "properties": {
        "proposal_id": "ink-line-425",
        "tile_id": "174-cheongyang-hydro",
        "sheet_id": "174-cheongyang",
        "split": "development",
        "proposal_kind": "visible_linework_review_only",
        "backend": "archaeotrace_ink_v2_centerline",
        "upstream_commit": "7960acddb4e82855e2088fdfdd2244799b63775c",
        "pixel_length": 19.243,
        "point_count": 3,
        "confidence": 1.0,
        "review_status": "unreviewed"
      },
      "geometry": {
        "type": "LineString",
        "coordinates": [
          [
            126.97376987289276,
            36.37642321854935
          ],
          [
            126.97381689028856,
            36.37684529595332
          ],
          [
            126.97391092508015,
            36.377113890664944
          ]
        ]
      }
    },
    {
      "type": "Feature",
      "properties": {
        "proposal_id": "ink-line-426",
        "tile_id": "174-cheongyang-hydro",
        "sheet_id": "174-cheongyang",
        "split": "development",
        "proposal_kind": "visible_linework_review_only",
        "backend": "archaeotrace_ink_v2_centerline",
        "upstream_commit": "7960acddb4e82855e2088fdfdd2244799b63775c",
        "pixel_length": 24.485,
        "point_count": 4,
        "confidence": 1.0,
        "review_status": "unreviewed"
      },
      "geometry": {
        "type": "LineString",
        "coordinates": [
          [
            126.97381689028856,
            36.37197222047107
          ],
          [
            126.97391092508015,
            36.37197222047107
          ],
          [
            126.97414601205915,
            36.37224081518269
          ],
          [
            126.97409899466335,
            36.372739633932845
          ]
        ]
      }
    },
    {
      "type": "Feature",
      "properties": {
        "proposal_id": "ink-line-427",
        "tile_id": "174-cheongyang-hydro",
        "sheet_id": "174-cheongyang",
        "split": "development",
        "proposal_kind": "visible_linework_review_only",
        "backend": "archaeotrace_ink_v2_centerline",
        "upstream_commit": "7960acddb4e82855e2088fdfdd2244799b63775c",
        "pixel_length": 20.828,
        "point_count": 2,
        "confidence": 1.0,
        "review_status": "unreviewed"
      },
      "geometry": {
        "type": "LineString",
        "coordinates": [
          [
            126.97381689028856,
            36.36138191469861
          ],
          [
            126.97391092508015,
            36.362149328160385
          ]
        ]
      }
    },
    {
      "type": "Feature",
      "properties": {
        "proposal_id": "ink-line-428",
        "tile_id": "174-cheongyang-hydro",
        "sheet_id": "174-cheongyang",
        "split": "development",
        "proposal_kind": "visible_linework_review_only",
        "backend": "archaeotrace_ink_v2_centerline",
        "upstream_commit": "7960acddb4e82855e2088fdfdd2244799b63775c",
        "pixel_length": 32.657,
        "point_count": 6,
        "confidence": 1.0,
        "review_status": "unreviewed"
      },
      "geometry": {
        "type": "LineString",
        "coordinates": [
          [
            126.97395794247595,
            36.38087421662763
          ],
          [
            126.97447513382974,
            36.38087421662763
          ],
          [
            126.97452215122554,
            36.38083584595454
          ],
          [
            126.97475723820453,
            36.38087421662763
          ],
          [
            126.97480425560033,
            36.38083584595454
          ],
          [
            126.97541548174571,
            36.380797475281454
          ]
        ]
      }
    },
    {
      "type": "Feature",
      "properties": {
        "proposal_id": "ink-line-429",
        "tile_id": "174-cheongyang-hydro",
        "sheet_id": "174-cheongyang",
        "split": "development",
        "proposal_kind": "visible_linework_review_only",
        "backend": "archaeotrace_ink_v2_centerline",
        "upstream_commit": "7960acddb4e82855e2088fdfdd2244799b63775c",
        "pixel_length": 20.071,
        "point_count": 4,
        "confidence": 1.0,
        "review_status": "unreviewed"
      },
      "geometry": {
        "type": "LineString",
        "coordinates": [
          [
            126.97395794247595,
            36.35543446036987
          ],
          [
            126.97456916862134,
            36.35539608969678
          ],
          [
            126.97461618601713,
            36.355357719023694
          ],
          [
            126.97480425560033,
            36.35547283104296
          ]
        ]
      }
    },
    {
      "type": "Feature",
      "properties": {
        "proposal_id": "ink-line-430",
        "tile_id": "174-cheongyang-hydro",
        "sheet_id": "174-cheongyang",
        "split": "development",
        "proposal_kind": "visible_linework_review_only",
        "backend": "archaeotrace_ink_v2_centerline",
        "upstream_commit": "7960acddb4e82855e2088fdfdd2244799b63775c",
        "pixel_length": 20.485,
        "point_count": 4,
        "confidence": 1.0,
        "review_status": "unreviewed"
      },
      "geometry": {
        "type": "LineString",
        "coordinates": [
          [
            126.97400495987175,
            36.38313808633986
          ],
          [
            126.97414601205915,
            36.38283112095515
          ],
          [
            126.97414601205915,
            36.38271600893589
          ],
          [
            126.97400495987175,
            36.382447414224266
          ]
        ]
      }
    },
    {
      "type": "Feature",
      "properties": {
        "proposal_id": "ink-line-431",
        "tile_id": "174-cheongyang-hydro",
        "sheet_id": "174-cheongyang",
        "split": "development",
        "proposal_kind": "visible_linework_review_only",
        "backend": "archaeotrace_ink_v2_centerline",
        "upstream_commit": "7960acddb4e82855e2088fdfdd2244799b63775c",
        "pixel_length": 23.385,
        "point_count": 4,
        "confidence": 1.0,
        "review_status": "unreviewed"
      },
      "geometry": {
        "type": "LineString",
        "coordinates": [
          [
            126.97400495987175,
            36.37055250556679
          ],
          [
            126.97414601205915,
            36.3705141348937
          ],
          [
            126.97452215122554,
            36.370207169508994
          ],
          [
            126.97471022080873,
            36.369938574797374
          ]
        ]
      }
    },
    {
      "type": "Feature",
      "properties": {
        "proposal_id": "ink-line-432",
        "tile_id": "174-cheongyang-hydro",
        "sheet_id": "174-cheongyang",
        "split": "development",
        "proposal_kind": "visible_linework_review_only",
        "backend": "archaeotrace_ink_v2_centerline",
        "upstream_commit": "7960acddb4e82855e2088fdfdd2244799b63775c",
        "pixel_length": 28.657,
        "point_count": 5,
        "confidence": 1.0,
        "review_status": "unreviewed"
      },
      "geometry": {
        "type": "LineString",
        "coordinates": [
          [
            126.97400495987175,
            36.359309898351825
          ],
          [
            126.97409899466335,
            36.359616863736534
          ],
          [
            126.97409899466335,
            36.35996219979433
          ],
          [
            126.97405197726755,
            36.36000057046742
          ],
          [
            126.97409899466335,
            36.36034590652522
          ]
        ]
      }
    },
    {
      "type": "Feature",
      "properties": {
        "proposal_id": "ink-line-433",
        "tile_id": "174-cheongyang-hydro",
        "sheet_id": "174-cheongyang",
        "split": "development",
        "proposal_kind": "visible_linework_review_only",
        "backend": "archaeotrace_ink_v2_centerline",
        "upstream_commit": "7960acddb4e82855e2088fdfdd2244799b63775c",
        "pixel_length": 28.899,
        "point_count": 6,
        "confidence": 1.0,
        "review_status": "unreviewed"
      },
      "geometry": {
        "type": "LineString",
        "coordinates": [
          [
            126.97409899466335,
            36.38428920653252
          ],
          [
            126.97452215122554,
            36.384442689224876
          ],
          [
            126.97489829039193,
            36.38440431855179
          ],
          [
            126.97494530778773,
            36.3843659478787
          ],
          [
            126.97527442955833,
            36.3843659478787
          ],
          [
            126.97532144695413,
            36.38440431855179
          ]
        ]
      }
    },
    {
      "type": "Feature",
      "properties": {
        "proposal_id": "ink-line-434",
        "tile_id": "174-cheongyang-hydro",
        "sheet_id": "174-cheongyang",
        "split": "development",
        "proposal_kind": "visible_linework_review_only",
        "backend": "archaeotrace_ink_v2_centerline",
        "upstream_commit": "7960acddb4e82855e2088fdfdd2244799b63775c",
        "pixel_length": 23.728,
        "point_count": 4,
        "confidence": 1.0,
        "review_status": "unreviewed"
      },
      "geometry": {
        "type": "LineString",
        "coordinates": [
          [
            126.97409899466335,
            36.382178819512646
          ],
          [
            126.97433408164234,
            36.38240904355118
          ],
          [
            126.97447513382974,
            36.38263926758971
          ],
          [
            126.97452215122554,
            36.38294623297442
          ]
        ]
      }
    },
    {
      "type": "Feature",
      "properties": {
        "proposal_id": "ink-line-435",
        "tile_id": "174-cheongyang-hydro",
        "sheet_id": "174-cheongyang",
        "split": "development",
        "proposal_kind": "visible_linework_review_only",
        "backend": "archaeotrace_ink_v2_centerline",
        "upstream_commit": "7960acddb4e82855e2088fdfdd2244799b63775c",
        "pixel_length": 46.799,
        "point_count": 10,
        "confidence": 1.0,
        "review_status": "unreviewed"
      },
      "geometry": {
        "type": "LineString",
        "coordinates": [
          [
            126.97419302945495,
            36.358197148832254
          ],
          [
            126.97447513382974,
            36.358158778159165
          ],
          [
            126.97461618601713,
            36.35827389017843
          ],
          [
            126.97480425560033,
            36.35827389017843
          ],
          [
            126.97485127299613,
            36.35823551950534
          ],
          [
            126.97518039476672,
            36.35823551950534
          ],
          [
            126.97536846434991,
            36.358158778159165
          ],
          [
            126.97550951653731,
            36.3580436661399
          ],
          [
            126.97550951653731,
            36.35777507142828
          ],
          [
            126.97532144695413,
            36.35754484738975
          ]
        ]
      }
    },
    {
      "type": "Feature",
      "properties": {
        "proposal_id": "ink-line-436",
        "tile_id": "174-cheongyang-hydro",
        "sheet_id": "174-cheongyang",
        "split": "development",
        "proposal_kind": "visible_linework_review_only",
        "backend": "archaeotrace_ink_v2_centerline",
        "upstream_commit": "7960acddb4e82855e2088fdfdd2244799b63775c",
        "pixel_length": 22.071,
        "point_count": 3,
        "confidence": 1.0,
        "review_status": "unreviewed"
      },
      "geometry": {
        "type": "LineString",
        "coordinates": [
          [
            126.97424004685074,
            36.36119006133317
          ],
          [
            126.97433408164234,
            36.36172725075641
          ],
          [
            126.97447513382974,
            36.36195747479494
          ]
        ]
      }
    },
    {
      "type": "Feature",
      "properties": {
        "proposal_id": "ink-line-437",
        "tile_id": "174-cheongyang-hydro",
        "sheet_id": "174-cheongyang",
        "split": "development",
        "proposal_kind": "visible_linework_review_only",
        "backend": "archaeotrace_ink_v2_centerline",
        "upstream_commit": "7960acddb4e82855e2088fdfdd2244799b63775c",
        "pixel_length": 19.657,
        "point_count": 6,
        "confidence": 1.0,
        "review_status": "unreviewed"
      },
      "geometry": {
        "type": "LineString",
        "coordinates": [
          [
            126.97433408164234,
            36.37170362575945
          ],
          [
            126.97447513382974,
            36.37166525508636
          ],
          [
            126.97480425560033,
            36.37170362575945
          ],
          [
            126.97485127299613,
            36.37174199643254
          ],
          [
            126.97485127299613,
            36.37197222047107
          ],
          [
            126.97480425560033,
            36.37201059114416
          ]
        ]
      }
    },
    {
      "type": "Feature",
      "properties": {
        "proposal_id": "ink-line-438",
        "tile_id": "174-cheongyang-hydro",
        "sheet_id": "174-cheongyang",
        "split": "development",
        "proposal_kind": "visible_linework_review_only",
        "backend": "archaeotrace_ink_v2_centerline",
        "upstream_commit": "7960acddb4e82855e2088fdfdd2244799b63775c",
        "pixel_length": 21.071,
        "point_count": 4,
        "confidence": 1.0,
        "review_status": "unreviewed"
      },
      "geometry": {
        "type": "LineString",
        "coordinates": [
          [
            126.97447513382974,
            36.38409735316708
          ],
          [
            126.97475723820453,
            36.38409735316708
          ],
          [
            126.97522741216252,
            36.383905499801635
          ],
          [
            126.97536846434991,
            36.383905499801635
          ]
        ]
      }
    },
    {
      "type": "Feature",
      "properties": {
        "proposal_id": "ink-line-439",
        "tile_id": "174-cheongyang-hydro",
        "sheet_id": "174-cheongyang",
        "split": "development",
        "proposal_kind": "visible_linework_review_only",
        "backend": "archaeotrace_ink_v2_centerline",
        "upstream_commit": "7960acddb4e82855e2088fdfdd2244799b63775c",
        "pixel_length": 29.657,
        "point_count": 2,
        "confidence": 1.0,
        "review_status": "unreviewed"
      },
      "geometry": {
        "type": "LineString",
        "coordinates": [
          [
            126.97447513382974,
            36.359309898351825
          ],
          [
            126.97456916862134,
            36.36038427719831
          ]
        ]
      }
    },
    {
      "type": "Feature",
      "properties": {
        "proposal_id": "ink-line-440",
        "tile_id": "174-cheongyang-hydro",
        "sheet_id": "174-cheongyang",
        "split": "development",
        "proposal_kind": "visible_linework_review_only",
        "backend": "archaeotrace_ink_v2_centerline",
        "upstream_commit": "7960acddb4e82855e2088fdfdd2244799b63775c",
        "pixel_length": 22.485,
        "point_count": 6,
        "confidence": 1.0,
        "review_status": "unreviewed"
      },
      "geometry": {
        "type": "LineString",
        "coordinates": [
          [
            126.97456916862134,
            36.37108969499003
          ],
          [
            126.97447513382974,
            36.3712048070093
          ],
          [
            126.97442811643394,
            36.37139666037474
          ],
          [
            126.97452215122554,
            36.37147340172092
          ],
          [
            126.97494530778773,
            36.37147340172092
          ],
          [
            126.97499232518352,
            36.37143503104783
          ]
        ]
      }
    },
    {
      "type": "Feature",
      "properties": {
        "proposal_id": "ink-line-441",
        "tile_id": "174-cheongyang-hydro",
        "sheet_id": "174-cheongyang",
        "split": "development",
        "proposal_kind": "visible_linework_review_only",
        "backend": "archaeotrace_ink_v2_centerline",
        "upstream_commit": "7960acddb4e82855e2088fdfdd2244799b63775c",
        "pixel_length": 18.899,
        "point_count": 4,
        "confidence": 1.0,
        "review_status": "unreviewed"
      },
      "geometry": {
        "type": "LineString",
        "coordinates": [
          [
            126.97456916862134,
            36.3637992671032
          ],
          [
            126.97456916862134,
            36.36372252575702
          ],
          [
            126.97489829039193,
            36.36333881902613
          ],
          [
            126.97489829039193,
            36.36318533633378
          ]
        ]
      }
    },
    {
      "type": "Feature",
      "properties": {
        "proposal_id": "ink-line-442",
        "tile_id": "174-cheongyang-hydro",
        "sheet_id": "174-cheongyang",
        "split": "development",
        "proposal_kind": "visible_linework_review_only",
        "backend": "archaeotrace_ink_v2_centerline",
        "upstream_commit": "7960acddb4e82855e2088fdfdd2244799b63775c",
        "pixel_length": 48.042,
        "point_count": 8,
        "confidence": 1.0,
        "review_status": "unreviewed"
      },
      "geometry": {
        "type": "LineString",
        "coordinates": [
          [
            126.97461618601713,
            36.364988757968945
          ],
          [
            126.97485127299613,
            36.364950387295856
          ],
          [
            126.97508635997512,
            36.3647969046035
          ],
          [
            126.97518039476672,
            36.36464342191115
          ],
          [
            126.97522741216252,
            36.364374827199526
          ],
          [
            126.97508635997512,
            36.364106232487906
          ],
          [
            126.97508635997512,
            36.363876008449374
          ],
          [
            126.97536846434991,
            36.36360741373775
          ]
        ]
      }
    },
    {
      "type": "Feature",
      "properties": {
        "proposal_id": "ink-line-443",
        "tile_id": "174-cheongyang-hydro",
        "sheet_id": "174-cheongyang",
        "split": "development",
        "proposal_kind": "visible_linework_review_only",
        "backend": "archaeotrace_ink_v2_centerline",
        "upstream_commit": "7960acddb4e82855e2088fdfdd2244799b63775c",
        "pixel_length": 24.071,
        "point_count": 4,
        "confidence": 1.0,
        "review_status": "unreviewed"
      },
      "geometry": {
        "type": "LineString",
        "coordinates": [
          [
            126.97466320341293,
            36.381334664704696
          ],
          [
            126.97527442955833,
            36.38148814739705
          ],
          [
            126.97565056872472,
            36.38148814739705
          ],
          [
            126.97569758612052,
            36.38144977672396
          ]
        ]
      }
    },
    {
      "type": "Feature",
      "properties": {
        "proposal_id": "ink-line-444",
        "tile_id": "174-cheongyang-hydro",
        "sheet_id": "174-cheongyang",
        "split": "development",
        "proposal_kind": "visible_linework_review_only",
        "backend": "archaeotrace_ink_v2_centerline",
        "upstream_commit": "7960acddb4e82855e2088fdfdd2244799b63775c",
        "pixel_length": 22.828,
        "point_count": 2,
        "confidence": 1.0,
        "review_status": "unreviewed"
      },
      "geometry": {
        "type": "LineString",
        "coordinates": [
          [
            126.97466320341293,
            36.35884945027476
          ],
          [
            126.97569758612052,
            36.35892619162094
          ]
        ]
      }
    },
    {
      "type": "Feature",
      "properties": {
        "proposal_id": "ink-line-445",
        "tile_id": "174-cheongyang-hydro",
        "sheet_id": "174-cheongyang",
        "split": "development",
        "proposal_kind": "visible_linework_review_only",
        "backend": "archaeotrace_ink_v2_centerline",
        "upstream_commit": "7960acddb4e82855e2088fdfdd2244799b63775c",
        "pixel_length": 50.899,
        "point_count": 6,
        "confidence": 1.0,
        "review_status": "unreviewed"
      },
      "geometry": {
        "type": "LineString",
        "coordinates": [
          [
            126.97471022080873,
            36.39146452240009
          ],
          [
            126.97494530778773,
            36.391387781053915
          ],
          [
            126.97569758612052,
            36.391387781053915
          ],
          [
            126.9761677600785,
            36.39127266903465
          ],
          [
            126.97659091664069,
            36.39127266903465
          ],
          [
            126.97696705580708,
            36.39119592768847
          ]
        ]
      }
    },
    {
      "type": "Feature",
      "properties": {
        "proposal_id": "ink-line-446",
        "tile_id": "174-cheongyang-hydro",
        "sheet_id": "174-cheongyang",
        "split": "development",
        "proposal_kind": "visible_linework_review_only",
        "backend": "archaeotrace_ink_v2_centerline",
        "upstream_commit": "7960acddb4e82855e2088fdfdd2244799b63775c",
        "pixel_length": 24.071,
        "point_count": 4,
        "confidence": 1.0,
        "review_status": "unreviewed"
      },
      "geometry": {
        "type": "LineString",
        "coordinates": [
          [
            126.97471022080873,
            36.38609262816768
          ],
          [
            126.97475723820453,
            36.38613099884077
          ],
          [
            126.97546249914151,
            36.38620774018695
          ],
          [
            126.9757446035163,
            36.386284481533124
          ]
        ]
      }
    },
    {
      "type": "Feature",
      "properties": {
        "proposal_id": "ink-line-447",
        "tile_id": "174-cheongyang-hydro",
        "sheet_id": "174-cheongyang",
        "split": "development",
        "proposal_kind": "visible_linework_review_only",
        "backend": "archaeotrace_ink_v2_centerline",
        "upstream_commit": "7960acddb4e82855e2088fdfdd2244799b63775c",
        "pixel_length": 28.071,
        "point_count": 6,
        "confidence": 1.0,
        "review_status": "unreviewed"
      },
      "geometry": {
        "type": "LineString",
        "coordinates": [
          [
            126.97471022080873,
            36.35666232190871
          ],
          [
            126.97480425560033,
            36.35696928729342
          ],
          [
            126.97480425560033,
            36.35719951133195
          ],
          [
            126.97485127299613,
            36.35723788200504
          ],
          [
            126.97485127299613,
            36.35750647671666
          ],
          [
            126.97475723820453,
            36.35765995940901
          ]
        ]
      }
    },
    {
      "type": "Feature",
      "properties": {
        "proposal_id": "ink-line-448",
        "tile_id": "174-cheongyang-hydro",
        "sheet_id": "174-cheongyang",
        "split": "development",
        "proposal_kind": "visible_linework_review_only",
        "backend": "archaeotrace_ink_v2_centerline",
        "upstream_commit": "7960acddb4e82855e2088fdfdd2244799b63775c",
        "pixel_length": 18.657,
        "point_count": 4,
        "confidence": 1.0,
        "review_status": "unreviewed"
      },
      "geometry": {
        "type": "LineString",
        "coordinates": [
          [
            126.97475723820453,
            36.366485214219395
          ],
          [
            126.97499232518352,
            36.366485214219395
          ],
          [
            126.97532144695413,
            36.36640847287322
          ],
          [
            126.97555653393312,
            36.366485214219395
          ]
        ]
      }
    },
    {
      "type": "Feature",
      "properties": {
        "proposal_id": "ink-line-449",
        "tile_id": "174-cheongyang-hydro",
        "sheet_id": "174-cheongyang",
        "split": "development",
        "proposal_kind": "visible_linework_review_only",
        "backend": "archaeotrace_ink_v2_centerline",
        "upstream_commit": "7960acddb4e82855e2088fdfdd2244799b63775c",
        "pixel_length": 28.485,
        "point_count": 4,
        "confidence": 1.0,
        "review_status": "unreviewed"
      },
      "geometry": {
        "type": "LineString",
        "coordinates": [
          [
            126.97480425560033,
            36.387397231052695
          ],
          [
            126.97499232518352,
            36.38747397239887
          ],
          [
            126.9757916209121,
            36.38751234307196
          ],
          [
            126.97602670789111,
            36.38762745509123
          ]
        ]
      }
    },
    {
      "type": "Feature",
      "properties": {
        "proposal_id": "ink-line-450",
        "tile_id": "174-cheongyang-hydro",
        "sheet_id": "174-cheongyang",
        "split": "development",
        "proposal_kind": "visible_linework_review_only",
        "backend": "archaeotrace_ink_v2_centerline",
        "upstream_commit": "7960acddb4e82855e2088fdfdd2244799b63775c",
        "pixel_length": 23.485,
        "point_count": 5,
        "confidence": 1.0,
        "review_status": "unreviewed"
      },
      "geometry": {
        "type": "LineString",
        "coordinates": [
          [
            126.97489829039193,
            36.373583788740795
          ],
          [
            126.97489829039193,
            36.37377564210624
          ],
          [
            126.97503934257932,
            36.373890754125505
          ],
          [
            126.97527442955833,
            36.373890754125505
          ],
          [
            126.97565056872472,
            36.37377564210624
          ]
        ]
      }
    },
    {
      "type": "Feature",
      "properties": {
        "proposal_id": "ink-line-451",
        "tile_id": "174-cheongyang-hydro",
        "sheet_id": "174-cheongyang",
        "split": "development",
        "proposal_kind": "visible_linework_review_only",
        "backend": "archaeotrace_ink_v2_centerline",
        "upstream_commit": "7960acddb4e82855e2088fdfdd2244799b63775c",
        "pixel_length": 19.243,
        "point_count": 4,
        "confidence": 1.0,
        "review_status": "unreviewed"
      },
      "geometry": {
        "type": "LineString",
        "coordinates": [
          [
            126.97503934257932,
            36.38356016374384
          ],
          [
            126.97532144695413,
            36.38348342239766
          ],
          [
            126.9758386383079,
            36.38348342239766
          ],
          [
            126.9758856557037,
            36.38352179307075
          ]
        ]
      }
    },
    {
      "type": "Feature",
      "properties": {
        "proposal_id": "ink-line-452",
        "tile_id": "174-cheongyang-hydro",
        "sheet_id": "174-cheongyang",
        "split": "development",
        "proposal_kind": "visible_linework_review_only",
        "backend": "archaeotrace_ink_v2_centerline",
        "upstream_commit": "7960acddb4e82855e2088fdfdd2244799b63775c",
        "pixel_length": 20.071,
        "point_count": 4,
        "confidence": 1.0,
        "review_status": "unreviewed"
      },
      "geometry": {
        "type": "LineString",
        "coordinates": [
          [
            126.97503934257932,
            36.356777433927974
          ],
          [
            126.97494530778773,
            36.35658558056253
          ],
          [
            126.97494530778773,
            36.35631698585091
          ],
          [
            126.97508635997512,
            36.35608676181238
          ]
        ]
      }
    },
    {
      "type": "Feature",
      "properties": {
        "proposal_id": "ink-line-453",
        "tile_id": "174-cheongyang-hydro",
        "sheet_id": "174-cheongyang",
        "split": "development",
        "proposal_kind": "visible_linework_review_only",
        "backend": "archaeotrace_ink_v2_centerline",
        "upstream_commit": "7960acddb4e82855e2088fdfdd2244799b63775c",
        "pixel_length": 18.828,
        "point_count": 4,
        "confidence": 1.0,
        "review_status": "unreviewed"
      },
      "geometry": {
        "type": "LineString",
        "coordinates": [
          [
            126.97513337737092,
            36.38724374836034
          ],
          [
            126.97550951653731,
            36.38724374836034
          ],
          [
            126.97555653393312,
            36.38728211903343
          ],
          [
            126.97597969049531,
            36.38732048970652
          ]
        ]
      }
    },
    {
      "type": "Feature",
      "properties": {
        "proposal_id": "ink-line-454",
        "tile_id": "174-cheongyang-hydro",
        "sheet_id": "174-cheongyang",
        "split": "development",
        "proposal_kind": "visible_linework_review_only",
        "backend": "archaeotrace_ink_v2_centerline",
        "upstream_commit": "7960acddb4e82855e2088fdfdd2244799b63775c",
        "pixel_length": 29.142,
        "point_count": 8,
        "confidence": 1.0,
        "review_status": "unreviewed"
      },
      "geometry": {
        "type": "LineString",
        "coordinates": [
          [
            126.97513337737092,
            36.38524847335973
          ],
          [
            126.97480425560033,
            36.38521010268664
          ],
          [
            126.97471022080873,
            36.38528684403282
          ],
          [
            126.97471022080873,
            36.385363585379
          ],
          [
            126.97480425560033,
            36.38551706807135
          ],
          [
            126.97499232518352,
            36.385670550763706
          ],
          [
            126.97522741216252,
            36.385670550763706
          ],
          [
            126.97527442955833,
            36.38563218009062
          ]
        ]
      }
    },
    {
      "type": "Feature",
      "properties": {
        "proposal_id": "ink-line-455",
        "tile_id": "174-cheongyang-hydro",
        "sheet_id": "174-cheongyang",
        "split": "development",
        "proposal_kind": "visible_linework_review_only",
        "backend": "archaeotrace_ink_v2_centerline",
        "upstream_commit": "7960acddb4e82855e2088fdfdd2244799b63775c",
        "pixel_length": 20.899,
        "point_count": 6,
        "confidence": 1.0,
        "review_status": "unreviewed"
      },
      "geometry": {
        "type": "LineString",
        "coordinates": [
          [
            126.97513337737092,
            36.36997694547046
          ],
          [
            126.97503934257932,
            36.37009205748973
          ],
          [
            126.97503934257932,
            36.37028391085517
          ],
          [
            126.97518039476672,
            36.37039902287444
          ],
          [
            126.97536846434991,
            36.37039902287444
          ],
          [
            126.97550951653731,
            36.37032228152826
          ]
        ]
      }
    },
    {
      "type": "Feature",
      "properties": {
        "proposal_id": "ink-line-456",
        "tile_id": "174-cheongyang-hydro",
        "sheet_id": "174-cheongyang",
        "split": "development",
        "proposal_kind": "visible_linework_review_only",
        "backend": "archaeotrace_ink_v2_centerline",
        "upstream_commit": "7960acddb4e82855e2088fdfdd2244799b63775c",
        "pixel_length": 24.799,
        "point_count": 3,
        "confidence": 1.0,
        "review_status": "unreviewed"
      },
      "geometry": {
        "type": "LineString",
        "coordinates": [
          [
            126.97513337737092,
            36.36778981710441
          ],
          [
            126.97546249914151,
            36.367329369027345
          ],
          [
            126.9757916209121,
            36.367060774315725
          ]
        ]
      }
    },
    {
      "type": "Feature",
      "properties": {
        "proposal_id": "ink-line-457",
        "tile_id": "174-cheongyang-hydro",
        "sheet_id": "174-cheongyang",
        "split": "development",
        "proposal_kind": "visible_linework_review_only",
        "backend": "archaeotrace_ink_v2_centerline",
        "upstream_commit": "7960acddb4e82855e2088fdfdd2244799b63775c",
        "pixel_length": 31.314,
        "point_count": 5,
        "confidence": 1.0,
        "review_status": "unreviewed"
      },
      "geometry": {
        "type": "LineString",
        "coordinates": [
          [
            126.97518039476672,
            36.38179511278176
          ],
          [
            126.97541548174571,
            36.381948595474114
          ],
          [
            126.97597969049531,
            36.381948595474114
          ],
          [
            126.9762147774743,
            36.38187185412794
          ],
          [
            126.97649688184909,
            36.381948595474114
          ]
        ]
      }
    },
    {
      "type": "Feature",
      "properties": {
        "proposal_id": "ink-line-458",
        "tile_id": "174-cheongyang-hydro",
        "sheet_id": "174-cheongyang",
        "split": "development",
        "proposal_kind": "visible_linework_review_only",
        "backend": "archaeotrace_ink_v2_centerline",
        "upstream_commit": "7960acddb4e82855e2088fdfdd2244799b63775c",
        "pixel_length": 25.556,
        "point_count": 4,
        "confidence": 1.0,
        "review_status": "unreviewed"
      },
      "geometry": {
        "type": "LineString",
        "coordinates": [
          [
            126.97522741216252,
            36.372471039221224
          ],
          [
            126.97569758612052,
            36.37231755652887
          ],
          [
            126.97597969049531,
            36.37201059114416
          ],
          [
            126.97602670789111,
            36.371895479124895
          ]
        ]
      }
    },
    {
      "type": "Feature",
      "properties": {
        "proposal_id": "ink-line-459",
        "tile_id": "174-cheongyang-hydro",
        "sheet_id": "174-cheongyang",
        "split": "development",
        "proposal_kind": "visible_linework_review_only",
        "backend": "archaeotrace_ink_v2_centerline",
        "upstream_commit": "7960acddb4e82855e2088fdfdd2244799b63775c",
        "pixel_length": 34.556,
        "point_count": 4,
        "confidence": 1.0,
        "review_status": "unreviewed"
      },
      "geometry": {
        "type": "LineString",
        "coordinates": [
          [
            126.97569758612052,
            36.36038427719831
          ],
          [
            126.9758386383079,
            36.36034590652522
          ],
          [
            126.97644986445329,
            36.36061450123684
          ],
          [
            126.97710810799448,
            36.360729613256105
          ]
        ]
      }
    },
    {
      "type": "Feature",
      "properties": {
        "proposal_id": "ink-line-460",
        "tile_id": "174-cheongyang-hydro",
        "sheet_id": "174-cheongyang",
        "split": "development",
        "proposal_kind": "visible_linework_review_only",
        "backend": "archaeotrace_ink_v2_centerline",
        "upstream_commit": "7960acddb4e82855e2088fdfdd2244799b63775c",
        "pixel_length": 24.142,
        "point_count": 3,
        "confidence": 1.0,
        "review_status": "unreviewed"
      },
      "geometry": {
        "type": "LineString",
        "coordinates": [
          [
            126.9757916209121,
            36.35992382912124
          ],
          [
            126.9760737252869,
            36.360115682486686
          ],
          [
            126.97673196882809,
            36.36030753585213
          ]
        ]
      }
    },
    {
      "type": "Feature",
      "properties": {
        "proposal_id": "ink-line-461",
        "tile_id": "174-cheongyang-hydro",
        "sheet_id": "174-cheongyang",
        "split": "development",
        "proposal_kind": "visible_linework_review_only",
        "backend": "archaeotrace_ink_v2_centerline",
        "upstream_commit": "7960acddb4e82855e2088fdfdd2244799b63775c",
        "pixel_length": 19.142,
        "point_count": 3,
        "confidence": 1.0,
        "review_status": "unreviewed"
      },
      "geometry": {
        "type": "LineString",
        "coordinates": [
          [
            126.9758386383079,
            36.36076798392919
          ],
          [
            126.97597969049531,
            36.361036578640814
          ],
          [
            126.9763558296617,
            36.361305173352434
          ]
        ]
      }
    },
    {
      "type": "Feature",
      "properties": {
        "proposal_id": "ink-line-462",
        "tile_id": "174-cheongyang-hydro",
        "sheet_id": "174-cheongyang",
        "split": "development",
        "proposal_kind": "visible_linework_review_only",
        "backend": "archaeotrace_ink_v2_centerline",
        "upstream_commit": "7960acddb4e82855e2088fdfdd2244799b63775c",
        "pixel_length": 24.485,
        "point_count": 6,
        "confidence": 1.0,
        "review_status": "unreviewed"
      },
      "geometry": {
        "type": "LineString",
        "coordinates": [
          [
            126.9759326730995,
            36.37788130412672
          ],
          [
            126.97597969049531,
            36.37776619210745
          ],
          [
            126.9761207426827,
            36.377689450761274
          ],
          [
            126.97654389924489,
            36.377651080088185
          ],
          [
            126.97659091664069,
            36.3776127094151
          ],
          [
            126.97654389924489,
            36.377382485376565
          ]
        ]
      }
    },
    {
      "type": "Feature",
      "properties": {
        "proposal_id": "ink-line-463",
        "tile_id": "174-cheongyang-hydro",
        "sheet_id": "174-cheongyang",
        "split": "development",
        "proposal_kind": "visible_linework_review_only",
        "backend": "archaeotrace_ink_v2_centerline",
        "upstream_commit": "7960acddb4e82855e2088fdfdd2244799b63775c",
        "pixel_length": 18.071,
        "point_count": 4,
        "confidence": 1.0,
        "review_status": "unreviewed"
      },
      "geometry": {
        "type": "LineString",
        "coordinates": [
          [
            126.9759326730995,
            36.377075519991855
          ],
          [
            126.97597969049531,
            36.37669181326097
          ],
          [
            126.9758856557037,
            36.376538330568614
          ],
          [
            126.97597969049531,
            36.37646158922244
          ]
        ]
      }
    },
    {
      "type": "Feature",
      "properties": {
        "proposal_id": "ink-line-464",
        "tile_id": "174-cheongyang-hydro",
        "sheet_id": "174-cheongyang",
        "split": "development",
        "proposal_kind": "visible_linework_review_only",
        "backend": "archaeotrace_ink_v2_centerline",
        "upstream_commit": "7960acddb4e82855e2088fdfdd2244799b63775c",
        "pixel_length": 28.899,
        "point_count": 6,
        "confidence": 1.0,
        "review_status": "unreviewed"
      },
      "geometry": {
        "type": "LineString",
        "coordinates": [
          [
            126.9761677600785,
            36.364950387295856
          ],
          [
            126.9763558296617,
            36.36464342191115
          ],
          [
            126.9763558296617,
            36.364374827199526
          ],
          [
            126.9762617948701,
            36.36418297383408
          ],
          [
            126.9762617948701,
            36.36399112046864
          ],
          [
            126.9763088122659,
            36.36395274979555
          ]
        ]
      }
    },
    {
      "type": "Feature",
      "properties": {
        "proposal_id": "ink-line-465",
        "tile_id": "174-cheongyang-hydro",
        "sheet_id": "174-cheongyang",
        "split": "development",
        "proposal_kind": "visible_linework_review_only",
        "backend": "archaeotrace_ink_v2_centerline",
        "upstream_commit": "7960acddb4e82855e2088fdfdd2244799b63775c",
        "pixel_length": 28.899,
        "point_count": 8,
        "confidence": 1.0,
        "review_status": "unreviewed"
      },
      "geometry": {
        "type": "LineString",
        "coordinates": [
          [
            126.9762147774743,
            36.386514705571656
          ],
          [
            126.97654389924489,
            36.386553076244745
          ],
          [
            126.97673196882809,
            36.38662981759092
          ],
          [
            126.97692003841128,
            36.38662981759092
          ],
          [
            126.97696705580708,
            36.38659144691783
          ],
          [
            126.97696705580708,
            36.38639959355239
          ],
          [
            126.97692003841128,
            36.3863612228793
          ],
          [
            126.97701407320288,
            36.38620774018695
          ]
        ]
      }
    },
    {
      "type": "Feature",
      "properties": {
        "proposal_id": "ink-line-466",
        "tile_id": "174-cheongyang-hydro",
        "sheet_id": "174-cheongyang",
        "split": "development",
        "proposal_kind": "visible_linework_review_only",
        "backend": "archaeotrace_ink_v2_centerline",
        "upstream_commit": "7960acddb4e82855e2088fdfdd2244799b63775c",
        "pixel_length": 23.485,
        "point_count": 5,
        "confidence": 1.0,
        "review_status": "unreviewed"
      },
      "geometry": {
        "type": "LineString",
        "coordinates": [
          [
            126.9762147774743,
            36.373276823356086
          ],
          [
            126.97659091664069,
            36.37320008200991
          ],
          [
            126.97677898622389,
            36.373238452683
          ],
          [
            126.97687302101548,
            36.37335356470226
          ],
          [
            126.97682600361968,
            36.373583788740795
          ]
        ]
      }
    },
    {
      "type": "Feature",
      "properties": {
        "proposal_id": "ink-line-467",
        "tile_id": "174-cheongyang-hydro",
        "sheet_id": "174-cheongyang",
        "split": "development",
        "proposal_kind": "visible_linework_review_only",
        "backend": "archaeotrace_ink_v2_centerline",
        "upstream_commit": "7960acddb4e82855e2088fdfdd2244799b63775c",
        "pixel_length": 21.657,
        "point_count": 3,
        "confidence": 1.0,
        "review_status": "unreviewed"
      },
      "geometry": {
        "type": "LineString",
        "coordinates": [
          [
            126.9762617948701,
            36.38582403345606
          ],
          [
            126.97644986445329,
            36.38590077480224
          ],
          [
            126.97720214278607,
            36.385977516148415
          ]
        ]
      }
    },
    {
      "type": "Feature",
      "properties": {
        "proposal_id": "ink-line-468",
        "tile_id": "174-cheongyang-hydro",
        "sheet_id": "174-cheongyang",
        "split": "development",
        "proposal_kind": "visible_linework_review_only",
        "backend": "archaeotrace_ink_v2_centerline",
        "upstream_commit": "7960acddb4e82855e2088fdfdd2244799b63775c",
        "pixel_length": 22.485,
        "point_count": 5,
        "confidence": 1.0,
        "review_status": "unreviewed"
      },
      "geometry": {
        "type": "LineString",
        "coordinates": [
          [
            126.9763088122659,
            36.38014517383895
          ],
          [
            126.9764028470575,
            36.38006843249277
          ],
          [
            126.97663793403649,
            36.38006843249277
          ],
          [
            126.97710810799448,
            36.380221915185125
          ],
          [
            126.97724916018187,
            36.380221915185125
          ]
        ]
      }
    },
    {
      "type": "Feature",
      "properties": {
        "proposal_id": "ink-line-469",
        "tile_id": "174-cheongyang-hydro",
        "sheet_id": "174-cheongyang",
        "split": "development",
        "proposal_kind": "visible_linework_review_only",
        "backend": "archaeotrace_ink_v2_centerline",
        "upstream_commit": "7960acddb4e82855e2088fdfdd2244799b63775c",
        "pixel_length": 22.071,
        "point_count": 3,
        "confidence": 1.0,
        "review_status": "unreviewed"
      },
      "geometry": {
        "type": "LineString",
        "coordinates": [
          [
            126.9763088122659,
            36.379646355088795
          ],
          [
            126.97710810799448,
            36.37979983778115
          ],
          [
            126.97724916018187,
            36.37976146710806
          ]
        ]
      }
    },
    {
      "type": "Feature",
      "properties": {
        "proposal_id": "ink-line-470",
        "tile_id": "174-cheongyang-hydro",
        "sheet_id": "174-cheongyang",
        "split": "development",
        "proposal_kind": "visible_linework_review_only",
        "backend": "archaeotrace_ink_v2_centerline",
        "upstream_commit": "7960acddb4e82855e2088fdfdd2244799b63775c",
        "pixel_length": 18.657,
        "point_count": 6,
        "confidence": 1.0,
        "review_status": "unreviewed"
      },
      "geometry": {
        "type": "LineString",
        "coordinates": [
          [
            126.9763088122659,
            36.37722900268421
          ],
          [
            126.9763558296617,
            36.377113890664944
          ],
          [
            126.9763558296617,
            36.3769220372995
          ],
          [
            126.9762617948701,
            36.376768554607146
          ],
          [
            126.9762617948701,
            36.37661507191479
          ],
          [
            126.9763088122659,
            36.3765767012417
          ]
        ]
      }
    },
    {
      "type": "Feature",
      "properties": {
        "proposal_id": "ink-line-471",
        "tile_id": "174-cheongyang-hydro",
        "sheet_id": "174-cheongyang",
        "split": "development",
        "proposal_kind": "visible_linework_review_only",
        "backend": "archaeotrace_ink_v2_centerline",
        "upstream_commit": "7960acddb4e82855e2088fdfdd2244799b63775c",
        "pixel_length": 18.314,
        "point_count": 5,
        "confidence": 1.0,
        "review_status": "unreviewed"
      },
      "geometry": {
        "type": "LineString",
        "coordinates": [
          [
            126.97644986445329,
            36.37032228152826
          ],
          [
            126.9762617948701,
            36.37062924691297
          ],
          [
            126.9763558296617,
            36.370744358932235
          ],
          [
            126.97644986445329,
            36.370744358932235
          ],
          [
            126.97654389924489,
            36.37066761758606
          ]
        ]
      }
    },
    {
      "type": "Feature",
      "properties": {
        "proposal_id": "ink-line-472",
        "tile_id": "174-cheongyang-hydro",
        "sheet_id": "174-cheongyang",
        "split": "development",
        "proposal_kind": "visible_linework_review_only",
        "backend": "archaeotrace_ink_v2_centerline",
        "upstream_commit": "7960acddb4e82855e2088fdfdd2244799b63775c",
        "pixel_length": 23.142,
        "point_count": 4,
        "confidence": 1.0,
        "review_status": "unreviewed"
      },
      "geometry": {
        "type": "LineString",
        "coordinates": [
          [
            126.97644986445329,
            36.367329369027345
          ],
          [
            126.97682600361968,
            36.36721425700808
          ],
          [
            126.97710810799448,
            36.367022403642636
          ],
          [
            126.97734319497347,
            36.36694566229646
          ]
        ]
      }
    },
    {
      "type": "Feature",
      "properties": {
        "proposal_id": "ink-line-473",
        "tile_id": "174-cheongyang-hydro",
        "sheet_id": "174-cheongyang",
        "split": "development",
        "proposal_kind": "visible_linework_review_only",
        "backend": "archaeotrace_ink_v2_centerline",
        "upstream_commit": "7960acddb4e82855e2088fdfdd2244799b63775c",
        "pixel_length": 50.556,
        "point_count": 8,
        "confidence": 1.0,
        "review_status": "unreviewed"
      },
      "geometry": {
        "type": "LineString",
        "coordinates": [
          [
            126.97659091664069,
            36.38755071374505
          ],
          [
            126.97701407320288,
            36.387665825764316
          ],
          [
            126.97729617757767,
            36.387665825764316
          ],
          [
            126.97734319497347,
            36.38762745509123
          ],
          [
            126.97762529934826,
            36.387665825764316
          ],
          [
            126.97776635153566,
            36.38762745509123
          ],
          [
            126.97823652549366,
            36.38774256711049
          ],
          [
            126.97875371684744,
            36.387665825764316
          ]
        ]
      }
    },
    {
      "type": "Feature",
      "properties": {
        "proposal_id": "ink-line-474",
        "tile_id": "174-cheongyang-hydro",
        "sheet_id": "174-cheongyang",
        "split": "development",
        "proposal_kind": "visible_linework_review_only",
        "backend": "archaeotrace_ink_v2_centerline",
        "upstream_commit": "7960acddb4e82855e2088fdfdd2244799b63775c",
        "pixel_length": 25.799,
        "point_count": 3,
        "confidence": 1.0,
        "review_status": "unreviewed"
      },
      "geometry": {
        "type": "LineString",
        "coordinates": [
          [
            126.97659091664069,
            36.3614202853717
          ],
          [
            126.97701407320288,
            36.3617656214295
          ],
          [
            126.97724916018187,
            36.36218769883347
          ]
        ]
      }
    },
    {
      "type": "Feature",
      "properties": {
        "proposal_id": "ink-line-475",
        "tile_id": "174-cheongyang-hydro",
        "sheet_id": "174-cheongyang",
        "split": "development",
        "proposal_kind": "visible_linework_review_only",
        "backend": "archaeotrace_ink_v2_centerline",
        "upstream_commit": "7960acddb4e82855e2088fdfdd2244799b63775c",
        "pixel_length": 25.485,
        "point_count": 4,
        "confidence": 1.0,
        "review_status": "unreviewed"
      },
      "geometry": {
        "type": "LineString",
        "coordinates": [
          [
            126.97663793403649,
            36.38728211903343
          ],
          [
            126.97729617757767,
            36.387435601725784
          ],
          [
            126.97734319497347,
            36.387397231052695
          ],
          [
            126.97771933413986,
            36.387435601725784
          ]
        ]
      }
    },
    {
      "type": "Feature",
      "properties": {
        "proposal_id": "ink-line-476",
        "tile_id": "174-cheongyang-hydro",
        "sheet_id": "174-cheongyang",
        "split": "development",
        "proposal_kind": "visible_linework_review_only",
        "backend": "archaeotrace_ink_v2_centerline",
        "upstream_commit": "7960acddb4e82855e2088fdfdd2244799b63775c",
        "pixel_length": 18.728,
        "point_count": 3,
        "confidence": 1.0,
        "review_status": "unreviewed"
      },
      "geometry": {
        "type": "LineString",
        "coordinates": [
          [
            126.97668495143229,
            36.36199584546803
          ],
          [
            126.97696705580708,
            36.362456293545094
          ],
          [
            126.97710810799448,
            36.36257140556436
          ]
        ]
      }
    },
    {
      "type": "Feature",
      "properties": {
        "proposal_id": "ink-line-477",
        "tile_id": "174-cheongyang-hydro",
        "sheet_id": "174-cheongyang",
        "split": "development",
        "proposal_kind": "visible_linework_review_only",
        "backend": "archaeotrace_ink_v2_centerline",
        "upstream_commit": "7960acddb4e82855e2088fdfdd2244799b63775c",
        "pixel_length": 26.142,
        "point_count": 5,
        "confidence": 1.0,
        "review_status": "unreviewed"
      },
      "geometry": {
        "type": "LineString",
        "coordinates": [
          [
            126.97687302101548,
            36.37841849354996
          ],
          [
            126.97673196882809,
            36.37868708826158
          ],
          [
            126.97673196882809,
            36.378802200280845
          ],
          [
            126.97701407320288,
            36.37899405364629
          ],
          [
            126.97729617757767,
            36.379070794992465
          ]
        ]
      }
    },
    {
      "type": "Feature",
      "properties": {
        "proposal_id": "ink-line-478",
        "tile_id": "174-cheongyang-hydro",
        "sheet_id": "174-cheongyang",
        "split": "development",
        "proposal_kind": "visible_linework_review_only",
        "backend": "archaeotrace_ink_v2_centerline",
        "upstream_commit": "7960acddb4e82855e2088fdfdd2244799b63775c",
        "pixel_length": 18.314,
        "point_count": 5,
        "confidence": 1.0,
        "review_status": "unreviewed"
      },
      "geometry": {
        "type": "LineString",
        "coordinates": [
          [
            126.97696705580708,
            36.375962770472285
          ],
          [
            126.97687302101548,
            36.37588602912611
          ],
          [
            126.97687302101548,
            36.37577091710684
          ],
          [
            126.97696705580708,
            36.3755790637414
          ],
          [
            126.97715512539028,
            36.375387210375955
          ]
        ]
      }
    },
    {
      "type": "Feature",
      "properties": {
        "proposal_id": "ink-line-479",
        "tile_id": "174-cheongyang-hydro",
        "sheet_id": "174-cheongyang",
        "split": "development",
        "proposal_kind": "visible_linework_review_only",
        "backend": "archaeotrace_ink_v2_centerline",
        "upstream_commit": "7960acddb4e82855e2088fdfdd2244799b63775c",
        "pixel_length": 24.243,
        "point_count": 4,
        "confidence": 1.0,
        "review_status": "unreviewed"
      },
      "geometry": {
        "type": "LineString",
        "coordinates": [
          [
            126.97696705580708,
            36.359578493063445
          ],
          [
            126.97762529934826,
            36.359616863736534
          ],
          [
            126.97767231674406,
            36.35965523440962
          ],
          [
            126.97804845591045,
            36.35969360508271
          ]
        ]
      }
    },
    {
      "type": "Feature",
      "properties": {
        "proposal_id": "ink-line-480",
        "tile_id": "174-cheongyang-hydro",
        "sheet_id": "174-cheongyang",
        "split": "development",
        "proposal_kind": "visible_linework_review_only",
        "backend": "archaeotrace_ink_v2_centerline",
        "upstream_commit": "7960acddb4e82855e2088fdfdd2244799b63775c",
        "pixel_length": 22.899,
        "point_count": 4,
        "confidence": 1.0,
        "review_status": "unreviewed"
      },
      "geometry": {
        "type": "LineString",
        "coordinates": [
          [
            126.97701407320288,
            36.35827389017843
          ],
          [
            126.97701407320288,
            36.35858085556314
          ],
          [
            126.97715512539028,
            36.358695967582406
          ],
          [
            126.97757828195246,
            36.35884945027476
          ]
        ]
      }
    },
    {
      "type": "Feature",
      "properties": {
        "proposal_id": "ink-line-481",
        "tile_id": "174-cheongyang-hydro",
        "sheet_id": "174-cheongyang",
        "split": "development",
        "proposal_kind": "visible_linework_review_only",
        "backend": "archaeotrace_ink_v2_centerline",
        "upstream_commit": "7960acddb4e82855e2088fdfdd2244799b63775c",
        "pixel_length": 25.071,
        "point_count": 5,
        "confidence": 1.0,
        "review_status": "unreviewed"
      },
      "geometry": {
        "type": "LineString",
        "coordinates": [
          [
            126.97710810799448,
            36.372778004605934
          ],
          [
            126.97753126455667,
            36.37266289258667
          ],
          [
            126.97786038632727,
            36.37266289258667
          ],
          [
            126.97790740372307,
            36.372701263259756
          ],
          [
            126.97786038632727,
            36.37293148729829
          ]
        ]
      }
    },
    {
      "type": "Feature",
      "properties": {
        "proposal_id": "ink-line-482",
        "tile_id": "174-cheongyang-hydro",
        "sheet_id": "174-cheongyang",
        "split": "development",
        "proposal_kind": "visible_linework_review_only",
        "backend": "archaeotrace_ink_v2_centerline",
        "upstream_commit": "7960acddb4e82855e2088fdfdd2244799b63775c",
        "pixel_length": 19.728,
        "point_count": 4,
        "confidence": 1.0,
        "review_status": "unreviewed"
      },
      "geometry": {
        "type": "LineString",
        "coordinates": [
          [
            126.97715512539028,
            36.374159348837125
          ],
          [
            126.97696705580708,
            36.374197719510214
          ],
          [
            126.97687302101548,
            36.374120978164036
          ],
          [
            126.97715512539028,
            36.37373727143315
          ]
        ]
      }
    },
    {
      "type": "Feature",
      "properties": {
        "proposal_id": "ink-line-483",
        "tile_id": "174-cheongyang-hydro",
        "sheet_id": "174-cheongyang",
        "split": "development",
        "proposal_kind": "visible_linework_review_only",
        "backend": "archaeotrace_ink_v2_centerline",
        "upstream_commit": "7960acddb4e82855e2088fdfdd2244799b63775c",
        "pixel_length": 19.314,
        "point_count": 3,
        "confidence": 1.0,
        "review_status": "unreviewed"
      },
      "geometry": {
        "type": "LineString",
        "coordinates": [
          [
            126.97729617757767,
            36.356201873831644
          ],
          [
            126.97743722976507,
            36.356201873831644
          ],
          [
            126.97804845591045,
            36.355894908446935
          ]
        ]
      }
    },
    {
      "type": "Feature",
      "properties": {
        "proposal_id": "ink-line-484",
        "tile_id": "174-cheongyang-hydro",
        "sheet_id": "174-cheongyang",
        "split": "development",
        "proposal_kind": "visible_linework_review_only",
        "backend": "archaeotrace_ink_v2_centerline",
        "upstream_commit": "7960acddb4e82855e2088fdfdd2244799b63775c",
        "pixel_length": 51.728,
        "point_count": 8,
        "confidence": 1.0,
        "review_status": "unreviewed"
      },
      "geometry": {
        "type": "LineString",
        "coordinates": [
          [
            126.97734319497347,
            36.38716700701416
          ],
          [
            126.97739021236927,
            36.38720537768725
          ],
          [
            126.97776635153566,
            36.38720537768725
          ],
          [
            126.97781336893146,
            36.38724374836034
          ],
          [
            126.97861266466005,
            36.38724374836034
          ],
          [
            126.97884775163904,
            36.38716700701416
          ],
          [
            126.97908283861803,
            36.38716700701416
          ],
          [
            126.97960002997182,
            36.38697515364872
          ]
        ]
      }
    },
    {
      "type": "Feature",
      "properties": {
        "proposal_id": "ink-line-485",
        "tile_id": "174-cheongyang-hydro",
        "sheet_id": "174-cheongyang",
        "split": "development",
        "proposal_kind": "visible_linework_review_only",
        "backend": "archaeotrace_ink_v2_centerline",
        "upstream_commit": "7960acddb4e82855e2088fdfdd2244799b63775c",
        "pixel_length": 27.314,
        "point_count": 6,
        "confidence": 1.0,
        "review_status": "unreviewed"
      },
      "geometry": {
        "type": "LineString",
        "coordinates": [
          [
            126.97734319497347,
            36.36487364594968
          ],
          [
            126.97739021236927,
            36.36456668056497
          ],
          [
            126.97743722976507,
            36.36452830989188
          ],
          [
            126.97743722976507,
            36.36429808585335
          ],
          [
            126.97757828195246,
            36.36418297383408
          ],
          [
            126.97786038632727,
            36.36406786181482
          ]
        ]
      }
    },
    {
      "type": "Feature",
      "properties": {
        "proposal_id": "ink-line-486",
        "tile_id": "174-cheongyang-hydro",
        "sheet_id": "174-cheongyang",
        "split": "development",
        "proposal_kind": "visible_linework_review_only",
        "backend": "archaeotrace_ink_v2_centerline",
        "upstream_commit": "7960acddb4e82855e2088fdfdd2244799b63775c",
        "pixel_length": 25.243,
        "point_count": 6,
        "confidence": 1.0,
        "review_status": "unreviewed"
      },
      "geometry": {
        "type": "LineString",
        "coordinates": [
          [
            126.97739021236927,
            36.37979983778115
          ],
          [
            126.97795442111885,
            36.37979983778115
          ],
          [
            126.97800143851465,
            36.37983820845424
          ],
          [
            126.97833056028524,
            36.37983820845424
          ],
          [
            126.97837757768104,
            36.37987657912733
          ],
          [
            126.97851862986845,
            36.37983820845424
          ]
        ]
      }
    },
    {
      "type": "Feature",
      "properties": {
        "proposal_id": "ink-line-487",
        "tile_id": "174-cheongyang-hydro",
        "sheet_id": "174-cheongyang",
        "split": "development",
        "proposal_kind": "visible_linework_review_only",
        "backend": "archaeotrace_ink_v2_centerline",
        "upstream_commit": "7960acddb4e82855e2088fdfdd2244799b63775c",
        "pixel_length": 19.142,
        "point_count": 3,
        "confidence": 1.0,
        "review_status": "unreviewed"
      },
      "geometry": {
        "type": "LineString",
        "coordinates": [
          [
            126.97743722976507,
            36.37231755652887
          ],
          [
            126.97757828195246,
            36.37204896181725
          ],
          [
            126.97790740372307,
            36.37174199643254
          ]
        ]
      }
    },
    {
      "type": "Feature",
      "properties": {
        "proposal_id": "ink-line-488",
        "tile_id": "174-cheongyang-hydro",
        "sheet_id": "174-cheongyang",
        "split": "development",
        "proposal_kind": "visible_linework_review_only",
        "backend": "archaeotrace_ink_v2_centerline",
        "upstream_commit": "7960acddb4e82855e2088fdfdd2244799b63775c",
        "pixel_length": 24.657,
        "point_count": 5,
        "confidence": 1.0,
        "review_status": "unreviewed"
      },
      "geometry": {
        "type": "LineString",
        "coordinates": [
          [
            126.97743722976507,
            36.367597963738966
          ],
          [
            126.97795442111885,
            36.367597963738966
          ],
          [
            126.97804845591045,
            36.367636334412055
          ],
          [
            126.97818950809786,
            36.36786655845059
          ],
          [
            126.97818950809786,
            36.36802004114294
          ]
        ]
      }
    },
    {
      "type": "Feature",
      "properties": {
        "proposal_id": "ink-line-489",
        "tile_id": "174-cheongyang-hydro",
        "sheet_id": "174-cheongyang",
        "split": "development",
        "proposal_kind": "visible_linework_review_only",
        "backend": "archaeotrace_ink_v2_centerline",
        "upstream_commit": "7960acddb4e82855e2088fdfdd2244799b63775c",
        "pixel_length": 34.899,
        "point_count": 6,
        "confidence": 1.0,
        "review_status": "unreviewed"
      },
      "geometry": {
        "type": "LineString",
        "coordinates": [
          [
            126.97743722976507,
            36.35781344210137
          ],
          [
            126.97748424716087,
            36.35777507142828
          ],
          [
            126.97795442111885,
            36.35777507142828
          ],
          [
            126.97823652549366,
            36.357890183447545
          ],
          [
            126.97861266466005,
            36.357890183447545
          ],
          [
            126.97894178643064,
            36.35800529546681
          ]
        ]
      }
    },
    {
      "type": "Feature",
      "properties": {
        "proposal_id": "ink-line-490",
        "tile_id": "174-cheongyang-hydro",
        "sheet_id": "174-cheongyang",
        "split": "development",
        "proposal_kind": "visible_linework_review_only",
        "backend": "archaeotrace_ink_v2_centerline",
        "upstream_commit": "7960acddb4e82855e2088fdfdd2244799b63775c",
        "pixel_length": 24.657,
        "point_count": 5,
        "confidence": 1.0,
        "review_status": "unreviewed"
      },
      "geometry": {
        "type": "LineString",
        "coordinates": [
          [
            126.97748424716087,
            36.367367739700434
          ],
          [
            126.97790740372307,
            36.367329369027345
          ],
          [
            126.97795442111885,
            36.36729099835426
          ],
          [
            126.97837757768104,
            36.36729099835426
          ],
          [
            126.97856564726425,
            36.367367739700434
          ]
        ]
      }
    },
    {
      "type": "Feature",
      "properties": {
        "proposal_id": "ink-line-491",
        "tile_id": "174-cheongyang-hydro",
        "sheet_id": "174-cheongyang",
        "split": "development",
        "proposal_kind": "visible_linework_review_only",
        "backend": "archaeotrace_ink_v2_centerline",
        "upstream_commit": "7960acddb4e82855e2088fdfdd2244799b63775c",
        "pixel_length": 24.314,
        "point_count": 3,
        "confidence": 1.0,
        "review_status": "unreviewed"
      },
      "geometry": {
        "type": "LineString",
        "coordinates": [
          [
            126.97748424716087,
            36.366753808931016
          ],
          [
            126.97790740372307,
            36.366485214219395
          ],
          [
            126.97847161247265,
            36.366523584892484
          ]
        ]
      }
    },
    {
      "type": "Feature",
      "properties": {
        "proposal_id": "ink-line-492",
        "tile_id": "174-cheongyang-hydro",
        "sheet_id": "174-cheongyang",
        "split": "development",
        "proposal_kind": "visible_linework_review_only",
        "backend": "archaeotrace_ink_v2_centerline",
        "upstream_commit": "7960acddb4e82855e2088fdfdd2244799b63775c",
        "pixel_length": 18.071,
        "point_count": 5,
        "confidence": 1.0,
        "review_status": "unreviewed"
      },
      "geometry": {
        "type": "LineString",
        "coordinates": [
          [
            126.97757828195246,
            36.36863397191236
          ],
          [
            126.97767231674406,
            36.368480489220005
          ],
          [
            126.97767231674406,
            36.36828863585456
          ],
          [
            126.97771933413986,
            36.36825026518147
          ],
          [
            126.97762529934826,
            36.36802004114294
          ]
        ]
      }
    },
    {
      "type": "Feature",
      "properties": {
        "proposal_id": "ink-line-493",
        "tile_id": "174-cheongyang-hydro",
        "sheet_id": "174-cheongyang",
        "split": "development",
        "proposal_kind": "visible_linework_review_only",
        "backend": "archaeotrace_ink_v2_centerline",
        "upstream_commit": "7960acddb4e82855e2088fdfdd2244799b63775c",
        "pixel_length": 24.899,
        "point_count": 6,
        "confidence": 1.0,
        "review_status": "unreviewed"
      },
      "geometry": {
        "type": "LineString",
        "coordinates": [
          [
            126.97762529934826,
            36.37845686422305
          ],
          [
            126.97748424716087,
            36.37857197624231
          ],
          [
            126.97748424716087,
            36.37868708826158
          ],
          [
            126.97757828195246,
            36.378763829607756
          ],
          [
            126.97795442111885,
            36.37884057095393
          ],
          [
            126.97823652549366,
            36.37884057095393
          ]
        ]
      }
    },
    {
      "type": "Feature",
      "properties": {
        "proposal_id": "ink-line-494",
        "tile_id": "174-cheongyang-hydro",
        "sheet_id": "174-cheongyang",
        "split": "development",
        "proposal_kind": "visible_linework_review_only",
        "backend": "archaeotrace_ink_v2_centerline",
        "upstream_commit": "7960acddb4e82855e2088fdfdd2244799b63775c",
        "pixel_length": 19.728,
        "point_count": 3,
        "confidence": 1.0,
        "review_status": "unreviewed"
      },
      "geometry": {
        "type": "LineString",
        "coordinates": [
          [
            126.97762529934826,
            36.36095983729464
          ],
          [
            126.97804845591045,
            36.3610749493139
          ],
          [
            126.97837757768104,
            36.361305173352434
          ]
        ]
      }
    },
    {
      "type": "Feature",
      "properties": {
        "proposal_id": "ink-line-495",
        "tile_id": "174-cheongyang-hydro",
        "sheet_id": "174-cheongyang",
        "split": "development",
        "proposal_kind": "visible_linework_review_only",
        "backend": "archaeotrace_ink_v2_centerline",
        "upstream_commit": "7960acddb4e82855e2088fdfdd2244799b63775c",
        "pixel_length": 20.243,
        "point_count": 3,
        "confidence": 1.0,
        "review_status": "unreviewed"
      },
      "geometry": {
        "type": "LineString",
        "coordinates": [
          [
            126.97762529934826,
            36.3580436661399
          ],
          [
            126.97767231674406,
            36.35808203681299
          ],
          [
            126.97851862986845,
            36.358158778159165
          ]
        ]
      }
    },
    {
      "type": "Feature",
      "properties": {
        "proposal_id": "ink-line-496",
        "tile_id": "174-cheongyang-hydro",
        "sheet_id": "174-cheongyang",
        "split": "development",
        "proposal_kind": "visible_linework_review_only",
        "backend": "archaeotrace_ink_v2_centerline",
        "upstream_commit": "7960acddb4e82855e2088fdfdd2244799b63775c",
        "pixel_length": 32.627,
        "point_count": 3,
        "confidence": 1.0,
        "review_status": "unreviewed"
      },
      "geometry": {
        "type": "LineString",
        "coordinates": [
          [
            126.97771933413986,
            36.361305173352434
          ],
          [
            126.97809547330625,
            36.36165050941023
          ],
          [
            126.97847161247265,
            36.36230281085274
          ]
        ]
      }
    },
    {
      "type": "Feature",
      "properties": {
        "proposal_id": "ink-line-497",
        "tile_id": "174-cheongyang-hydro",
        "sheet_id": "174-cheongyang",
        "split": "development",
        "proposal_kind": "visible_linework_review_only",
        "backend": "archaeotrace_ink_v2_centerline",
        "upstream_commit": "7960acddb4e82855e2088fdfdd2244799b63775c",
        "pixel_length": 26.485,
        "point_count": 4,
        "confidence": 1.0,
        "review_status": "unreviewed"
      },
      "geometry": {
        "type": "LineString",
        "coordinates": [
          [
            126.97781336893146,
            36.38003006181968
          ],
          [
            126.97833056028524,
            36.38006843249277
          ],
          [
            126.97856564726425,
            36.380221915185125
          ],
          [
            126.97894178643064,
            36.380183544512036
          ]
        ]
      }
    },
    {
      "type": "Feature",
      "properties": {
        "proposal_id": "ink-line-498",
        "tile_id": "174-cheongyang-hydro",
        "sheet_id": "174-cheongyang",
        "split": "development",
        "proposal_kind": "visible_linework_review_only",
        "backend": "archaeotrace_ink_v2_centerline",
        "upstream_commit": "7960acddb4e82855e2088fdfdd2244799b63775c",
        "pixel_length": 24.728,
        "point_count": 5,
        "confidence": 1.0,
        "review_status": "unreviewed"
      },
      "geometry": {
        "type": "LineString",
        "coordinates": [
          [
            126.97795442111885,
            36.37684529595332
          ],
          [
            126.97771933413986,
            36.37703714931877
          ],
          [
            126.97771933413986,
            36.37715226133803
          ],
          [
            126.97800143851465,
            36.37730574403039
          ],
          [
            126.97833056028524,
            36.37730574403039
          ]
        ]
      }
    },
    {
      "type": "Feature",
      "properties": {
        "proposal_id": "ink-line-499",
        "tile_id": "174-cheongyang-hydro",
        "sheet_id": "174-cheongyang",
        "split": "development",
        "proposal_kind": "visible_linework_review_only",
        "backend": "archaeotrace_ink_v2_centerline",
        "upstream_commit": "7960acddb4e82855e2088fdfdd2244799b63775c",
        "pixel_length": 20.243,
        "point_count": 3,
        "confidence": 1.0,
        "review_status": "unreviewed"
      },
      "geometry": {
        "type": "LineString",
        "coordinates": [
          [
            126.97795442111885,
            36.35696928729342
          ],
          [
            126.97861266466005,
            36.357007657966506
          ],
          [
            126.97884775163904,
            36.35693091662033
          ]
        ]
      }
    },
    {
      "type": "Feature",
      "properties": {
        "proposal_id": "ink-line-500",
        "tile_id": "174-cheongyang-hydro",
        "sheet_id": "174-cheongyang",
        "split": "development",
        "proposal_kind": "visible_linework_review_only",
        "backend": "archaeotrace_ink_v2_centerline",
        "upstream_commit": "7960acddb4e82855e2088fdfdd2244799b63775c",
        "pixel_length": 22.071,
        "point_count": 3,
        "confidence": 1.0,
        "review_status": "unreviewed"
      },
      "geometry": {
        "type": "LineString",
        "coordinates": [
          [
            126.97800143851465,
            36.37392912479859
          ],
          [
            126.97851862986845,
            36.37377564210624
          ],
          [
            126.97894178643064,
            36.37373727143315
          ]
        ]
      }
    },
    {
      "type": "Feature",
      "properties": {
        "proposal_id": "ink-line-501",
        "tile_id": "174-cheongyang-hydro",
        "sheet_id": "174-cheongyang",
        "split": "development",
        "proposal_kind": "visible_linework_review_only",
        "backend": "archaeotrace_ink_v2_centerline",
        "upstream_commit": "7960acddb4e82855e2088fdfdd2244799b63775c",
        "pixel_length": 36.556,
        "point_count": 5,
        "confidence": 1.0,
        "review_status": "unreviewed"
      },
      "geometry": {
        "type": "LineString",
        "coordinates": [
          [
            126.97809547330625,
            36.378265010857604
          ],
          [
            126.97828354288946,
            36.37814989883834
          ],
          [
            126.97884775163904,
            36.37811152816525
          ],
          [
            126.97931792559703,
            36.37834175220378
          ],
          [
            126.97960002997182,
            36.37838012287687
          ]
        ]
      }
    },
    {
      "type": "Feature",
      "properties": {
        "proposal_id": "ink-line-502",
        "tile_id": "174-cheongyang-hydro",
        "sheet_id": "174-cheongyang",
        "split": "development",
        "proposal_kind": "visible_linework_review_only",
        "backend": "archaeotrace_ink_v2_centerline",
        "upstream_commit": "7960acddb4e82855e2088fdfdd2244799b63775c",
        "pixel_length": 22.485,
        "point_count": 5,
        "confidence": 1.0,
        "review_status": "unreviewed"
      },
      "geometry": {
        "type": "LineString",
        "coordinates": [
          [
            126.97809547330625,
            36.369938574797374
          ],
          [
            126.97823652549366,
            36.369861833451196
          ],
          [
            126.97861266466005,
            36.36982346277811
          ],
          [
            126.97870669945164,
            36.369900204124285
          ],
          [
            126.97865968205585,
            36.370168798835905
          ]
        ]
      }
    },
    {
      "type": "Feature",
      "properties": {
        "proposal_id": "ink-line-503",
        "tile_id": "174-cheongyang-hydro",
        "sheet_id": "174-cheongyang",
        "split": "development",
        "proposal_kind": "visible_linework_review_only",
        "backend": "archaeotrace_ink_v2_centerline",
        "upstream_commit": "7960acddb4e82855e2088fdfdd2244799b63775c",
        "pixel_length": 22.071,
        "point_count": 4,
        "confidence": 1.0,
        "review_status": "unreviewed"
      },
      "geometry": {
        "type": "LineString",
        "coordinates": [
          [
            126.97809547330625,
            36.36698403296955
          ],
          [
            126.97837757768104,
            36.367060774315725
          ],
          [
            126.97884775163904,
            36.367060774315725
          ],
          [
            126.97903582122223,
            36.36717588633499
          ]
        ]
      }
    },
    {
      "type": "Feature",
      "properties": {
        "proposal_id": "ink-line-504",
        "tile_id": "174-cheongyang-hydro",
        "sheet_id": "174-cheongyang",
        "split": "development",
        "proposal_kind": "visible_linework_review_only",
        "backend": "archaeotrace_ink_v2_centerline",
        "upstream_commit": "7960acddb4e82855e2088fdfdd2244799b63775c",
        "pixel_length": 21.071,
        "point_count": 3,
        "confidence": 1.0,
        "review_status": "unreviewed"
      },
      "geometry": {
        "type": "LineString",
        "coordinates": [
          [
            126.97809547330625,
            36.36686892095028
          ],
          [
            126.97842459507685,
            36.366792179604104
          ],
          [
            126.97898880382644,
            36.36690729162337
          ]
        ]
      }
    },
    {
      "type": "Feature",
      "properties": {
        "proposal_id": "ink-line-505",
        "tile_id": "174-cheongyang-hydro",
        "sheet_id": "174-cheongyang",
        "split": "development",
        "proposal_kind": "visible_linework_review_only",
        "backend": "archaeotrace_ink_v2_centerline",
        "upstream_commit": "7960acddb4e82855e2088fdfdd2244799b63775c",
        "pixel_length": 39.556,
        "point_count": 6,
        "confidence": 1.0,
        "review_status": "unreviewed"
      },
      "geometry": {
        "type": "LineString",
        "coordinates": [
          [
            126.97818950809786,
            36.368749083931625
          ],
          [
            126.97851862986845,
            36.36828863585456
          ],
          [
            126.97856564726425,
            36.36805841181603
          ],
          [
            126.97865968205585,
            36.367904929123675
          ],
          [
            126.97865968205585,
            36.36744448104661
          ],
          [
            126.97861266466005,
            36.36740611037352
          ]
        ]
      }
    },
    {
      "type": "Feature",
      "properties": {
        "proposal_id": "ink-line-506",
        "tile_id": "174-cheongyang-hydro",
        "sheet_id": "174-cheongyang",
        "split": "development",
        "proposal_kind": "visible_linework_review_only",
        "backend": "archaeotrace_ink_v2_centerline",
        "upstream_commit": "7960acddb4e82855e2088fdfdd2244799b63775c",
        "pixel_length": 29.899,
        "point_count": 5,
        "confidence": 1.0,
        "review_status": "unreviewed"
      },
      "geometry": {
        "type": "LineString",
        "coordinates": [
          [
            126.97818950809786,
            36.35746810604357
          ],
          [
            126.97833056028524,
            36.35746810604357
          ],
          [
            126.97842459507685,
            36.35754484738975
          ],
          [
            126.97908283861803,
            36.35750647671666
          ],
          [
            126.97945897778442,
            36.35765995940901
          ]
        ]
      }
    },
    {
      "type": "Feature",
      "properties": {
        "proposal_id": "ink-line-507",
        "tile_id": "174-cheongyang-hydro",
        "sheet_id": "174-cheongyang",
        "split": "development",
        "proposal_kind": "visible_linework_review_only",
        "backend": "archaeotrace_ink_v2_centerline",
        "upstream_commit": "7960acddb4e82855e2088fdfdd2244799b63775c",
        "pixel_length": 20.971,
        "point_count": 3,
        "confidence": 1.0,
        "review_status": "unreviewed"
      },
      "geometry": {
        "type": "LineString",
        "coordinates": [
          [
            126.97823652549366,
            36.36909441998942
          ],
          [
            126.97856564726425,
            36.3688258252778
          ],
          [
            126.97880073424324,
            36.368480489220005
          ]
        ]
      }
    },
    {
      "type": "Feature",
      "properties": {
        "proposal_id": "ink-line-508",
        "tile_id": "174-cheongyang-hydro",
        "sheet_id": "174-cheongyang",
        "split": "development",
        "proposal_kind": "visible_linework_review_only",
        "backend": "archaeotrace_ink_v2_centerline",
        "upstream_commit": "7960acddb4e82855e2088fdfdd2244799b63775c",
        "pixel_length": 26.314,
        "point_count": 3,
        "confidence": 1.0,
        "review_status": "unreviewed"
      },
      "geometry": {
        "type": "LineString",
        "coordinates": [
          [
            126.97837757768104,
            36.36491201662277
          ],
          [
            126.97903582122223,
            36.36487364594968
          ],
          [
            126.97941196038862,
            36.36456668056497
          ]
        ]
      }
    },
    {
      "type": "Feature",
      "properties": {
        "proposal_id": "ink-line-509",
        "tile_id": "174-cheongyang-hydro",
        "sheet_id": "174-cheongyang",
        "split": "development",
        "proposal_kind": "visible_linework_review_only",
        "backend": "archaeotrace_ink_v2_centerline",
        "upstream_commit": "7960acddb4e82855e2088fdfdd2244799b63775c",
        "pixel_length": 19.971,
        "point_count": 3,
        "confidence": 1.0,
        "review_status": "unreviewed"
      },
      "geometry": {
        "type": "LineString",
        "coordinates": [
          [
            126.97851862986845,
            36.380797475281454
          ],
          [
            126.97884775163904,
            36.3809893286469
          ],
          [
            126.97917687340963,
            36.38129629403161
          ]
        ]
      }
    },
    {
      "type": "Feature",
      "properties": {
        "proposal_id": "ink-line-510",
        "tile_id": "174-cheongyang-hydro",
        "sheet_id": "174-cheongyang",
        "split": "development",
        "proposal_kind": "visible_linework_review_only",
        "backend": "archaeotrace_ink_v2_centerline",
        "upstream_commit": "7960acddb4e82855e2088fdfdd2244799b63775c",
        "pixel_length": 24.728,
        "point_count": 5,
        "confidence": 1.0,
        "review_status": "unreviewed"
      },
      "geometry": {
        "type": "LineString",
        "coordinates": [
          [
            126.97851862986845,
            36.358427372870786
          ],
          [
            126.97884775163904,
            36.35850411421696
          ],
          [
            126.97894178643064,
            36.35861922623623
          ],
          [
            126.97894178643064,
            36.35877270892858
          ],
          [
            126.97861266466005,
            36.35896456229403
          ]
        ]
      }
    },
    {
      "type": "Feature",
      "properties": {
        "proposal_id": "ink-line-511",
        "tile_id": "174-cheongyang-hydro",
        "sheet_id": "174-cheongyang",
        "split": "development",
        "proposal_kind": "visible_linework_review_only",
        "backend": "archaeotrace_ink_v2_centerline",
        "upstream_commit": "7960acddb4e82855e2088fdfdd2244799b63775c",
        "pixel_length": 24.556,
        "point_count": 4,
        "confidence": 1.0,
        "review_status": "unreviewed"
      },
      "geometry": {
        "type": "LineString",
        "coordinates": [
          [
            126.97861266466005,
            36.37174199643254
          ],
          [
            126.97851862986845,
            36.37170362575945
          ],
          [
            126.97851862986845,
            36.3715501430671
          ],
          [
            126.97898880382644,
            36.371012953643856
          ]
        ]
      }
    },
    {
      "type": "Feature",
      "properties": {
        "proposal_id": "ink-line-512",
        "tile_id": "174-cheongyang-hydro",
        "sheet_id": "174-cheongyang",
        "split": "development",
        "proposal_kind": "visible_linework_review_only",
        "backend": "archaeotrace_ink_v2_centerline",
        "upstream_commit": "7960acddb4e82855e2088fdfdd2244799b63775c",
        "pixel_length": 23.314,
        "point_count": 5,
        "confidence": 1.0,
        "review_status": "unreviewed"
      },
      "geometry": {
        "type": "LineString",
        "coordinates": [
          [
            126.97870669945164,
            36.38041376855057
          ],
          [
            126.97894178643064,
            36.38056725124292
          ],
          [
            126.97912985601383,
            36.38056725124292
          ],
          [
            126.97931792559703,
            36.38037539787748
          ],
          [
            126.97931792559703,
            36.38014517383895
          ]
        ]
      }
    },
    {
      "type": "Feature",
      "properties": {
        "proposal_id": "ink-line-513",
        "tile_id": "174-cheongyang-hydro",
        "sheet_id": "174-cheongyang",
        "split": "development",
        "proposal_kind": "visible_linework_review_only",
        "backend": "archaeotrace_ink_v2_centerline",
        "upstream_commit": "7960acddb4e82855e2088fdfdd2244799b63775c",
        "pixel_length": 34.728,
        "point_count": 7,
        "confidence": 1.0,
        "review_status": "unreviewed"
      },
      "geometry": {
        "type": "LineString",
        "coordinates": [
          [
            126.97875371684744,
            36.36598639546924
          ],
          [
            126.97865968205585,
            36.36587128344998
          ],
          [
            126.97880073424324,
            36.36571780075762
          ],
          [
            126.97889476903484,
            36.36567943008453
          ],
          [
            126.97964704736762,
            36.36567943008453
          ],
          [
            126.97974108215922,
            36.365602688738356
          ],
          [
            126.97978809955501,
            36.365449206046
          ]
        ]
      }
    },
    {
      "type": "Feature",
      "properties": {
        "proposal_id": "ink-line-514",
        "tile_id": "174-cheongyang-hydro",
        "sheet_id": "174-cheongyang",
        "split": "development",
        "proposal_kind": "visible_linework_review_only",
        "backend": "archaeotrace_ink_v2_centerline",
        "upstream_commit": "7960acddb4e82855e2088fdfdd2244799b63775c",
        "pixel_length": 32.899,
        "point_count": 3,
        "confidence": 1.0,
        "review_status": "unreviewed"
      },
      "geometry": {
        "type": "LineString",
        "coordinates": [
          [
            126.97889476903484,
            36.37703714931877
          ],
          [
            126.97945897778442,
            36.37703714931877
          ],
          [
            126.9803052909088,
            36.37730574403039
          ]
        ]
      }
    },
    {
      "type": "Feature",
      "properties": {
        "proposal_id": "ink-line-515",
        "tile_id": "174-cheongyang-hydro",
        "sheet_id": "174-cheongyang",
        "split": "development",
        "proposal_kind": "visible_linework_review_only",
        "backend": "archaeotrace_ink_v2_centerline",
        "upstream_commit": "7960acddb4e82855e2088fdfdd2244799b63775c",
        "pixel_length": 20.728,
        "point_count": 3,
        "confidence": 1.0,
        "review_status": "unreviewed"
      },
      "geometry": {
        "type": "LineString",
        "coordinates": [
          [
            126.97889476903484,
            36.36065287190993
          ],
          [
            126.97908283861803,
            36.3610749493139
          ],
          [
            126.97931792559703,
            36.361305173352434
          ]
        ]
      }
    },
    {
      "type": "Feature",
      "properties": {
        "proposal_id": "ink-line-516",
        "tile_id": "174-cheongyang-hydro",
        "sheet_id": "174-cheongyang",
        "split": "development",
        "proposal_kind": "visible_linework_review_only",
        "backend": "archaeotrace_ink_v2_centerline",
        "upstream_commit": "7960acddb4e82855e2088fdfdd2244799b63775c",
        "pixel_length": 30.899,
        "point_count": 3,
        "confidence": 1.0,
        "review_status": "unreviewed"
      },
      "geometry": {
        "type": "LineString",
        "coordinates": [
          [
            126.97898880382644,
            36.39161800509245
          ],
          [
            126.97927090820123,
            36.3921168238426
          ],
          [
            126.97931792559703,
            36.39269238393893
          ]
        ]
      }
    },
    {
      "type": "Feature",
      "properties": {
        "proposal_id": "ink-line-517",
        "tile_id": "174-cheongyang-hydro",
        "sheet_id": "174-cheongyang",
        "split": "development",
        "proposal_kind": "visible_linework_review_only",
        "backend": "archaeotrace_ink_v2_centerline",
        "upstream_commit": "7960acddb4e82855e2088fdfdd2244799b63775c",
        "pixel_length": 19.485,
        "point_count": 4,
        "confidence": 1.0,
        "review_status": "unreviewed"
      },
      "geometry": {
        "type": "LineString",
        "coordinates": [
          [
            126.97898880382644,
            36.35946338104418
          ],
          [
            126.97941196038862,
            36.35950175171727
          ],
          [
            126.97960002997182,
            36.359616863736534
          ],
          [
            126.97969406476342,
            36.35977034642889
          ]
        ]
      }
    },
    {
      "type": "Feature",
      "properties": {
        "proposal_id": "ink-line-518",
        "tile_id": "174-cheongyang-hydro",
        "sheet_id": "174-cheongyang",
        "split": "development",
        "proposal_kind": "visible_linework_review_only",
        "backend": "archaeotrace_ink_v2_centerline",
        "upstream_commit": "7960acddb4e82855e2088fdfdd2244799b63775c",
        "pixel_length": 23.485,
        "point_count": 3,
        "confidence": 1.0,
        "review_status": "unreviewed"
      },
      "geometry": {
        "type": "LineString",
        "coordinates": [
          [
            126.97903582122223,
            36.35597164979311
          ],
          [
            126.97964704736762,
            36.35593327912002
          ],
          [
            126.98002318653401,
            36.35574142575458
          ]
        ]
      }
    },
    {
      "type": "Feature",
      "properties": {
        "proposal_id": "ink-line-519",
        "tile_id": "174-cheongyang-hydro",
        "sheet_id": "174-cheongyang",
        "split": "development",
        "proposal_kind": "visible_linework_review_only",
        "backend": "archaeotrace_ink_v2_centerline",
        "upstream_commit": "7960acddb4e82855e2088fdfdd2244799b63775c",
        "pixel_length": 36.971,
        "point_count": 8,
        "confidence": 1.0,
        "review_status": "unreviewed"
      },
      "geometry": {
        "type": "LineString",
        "coordinates": [
          [
            126.97908283861803,
            36.36721425700808
          ],
          [
            126.97912985601383,
            36.36725262768117
          ],
          [
            126.97912985601383,
            36.36740611037352
          ],
          [
            126.97903582122223,
            36.36755959306588
          ],
          [
            126.97908283861803,
            36.36771307575823
          ],
          [
            126.97922389080543,
            36.36771307575823
          ],
          [
            126.97955301257602,
            36.36752122239279
          ],
          [
            126.97997616913821,
            36.36740611037352
          ]
        ]
      }
    },
    {
      "type": "Feature",
      "properties": {
        "proposal_id": "ink-line-520",
        "tile_id": "174-cheongyang-hydro",
        "sheet_id": "174-cheongyang",
        "split": "development",
        "proposal_kind": "visible_linework_review_only",
        "backend": "archaeotrace_ink_v2_centerline",
        "upstream_commit": "7960acddb4e82855e2088fdfdd2244799b63775c",
        "pixel_length": 21.899,
        "point_count": 3,
        "confidence": 1.0,
        "review_status": "unreviewed"
      },
      "geometry": {
        "type": "LineString",
        "coordinates": [
          [
            126.97912985601383,
            36.372432668548136
          ],
          [
            126.97931792559703,
            36.37231755652887
          ],
          [
            126.97950599518022,
            36.37174199643254
          ]
        ]
      }
    },
    {
      "type": "Feature",
      "properties": {
        "proposal_id": "ink-line-521",
        "tile_id": "174-cheongyang-hydro",
        "sheet_id": "174-cheongyang",
        "split": "development",
        "proposal_kind": "visible_linework_review_only",
        "backend": "archaeotrace_ink_v2_centerline",
        "upstream_commit": "7960acddb4e82855e2088fdfdd2244799b63775c",
        "pixel_length": 28.071,
        "point_count": 6,
        "confidence": 1.0,
        "review_status": "unreviewed"
      },
      "geometry": {
        "type": "LineString",
        "coordinates": [
          [
            126.97912985601383,
            36.366178248834686
          ],
          [
            126.97964704736762,
            36.366178248834686
          ],
          [
            126.97969406476342,
            36.3661398781616
          ],
          [
            126.98011722132561,
            36.36610150748851
          ],
          [
            126.9802112561172,
            36.36602476614233
          ],
          [
            126.9803523083046,
            36.36606313681542
          ]
        ]
      }
    },
    {
      "type": "Feature",
      "properties": {
        "proposal_id": "ink-line-522",
        "tile_id": "174-cheongyang-hydro",
        "sheet_id": "174-cheongyang",
        "split": "development",
        "proposal_kind": "visible_linework_review_only",
        "backend": "archaeotrace_ink_v2_centerline",
        "upstream_commit": "7960acddb4e82855e2088fdfdd2244799b63775c",
        "pixel_length": 18.485,
        "point_count": 5,
        "confidence": 1.0,
        "review_status": "unreviewed"
      },
      "geometry": {
        "type": "LineString",
        "coordinates": [
          [
            126.97917687340963,
            36.382524155570444
          ],
          [
            126.97922389080543,
            36.38271600893589
          ],
          [
            126.97945897778442,
            36.38283112095515
          ],
          [
            126.97945897778442,
            36.38294623297442
          ],
          [
            126.97955301257602,
            36.383061344993685
          ]
        ]
      }
    },
    {
      "type": "Feature",
      "properties": {
        "proposal_id": "ink-line-523",
        "tile_id": "174-cheongyang-hydro",
        "sheet_id": "174-cheongyang",
        "split": "development",
        "proposal_kind": "visible_linework_review_only",
        "backend": "archaeotrace_ink_v2_centerline",
        "upstream_commit": "7960acddb4e82855e2088fdfdd2244799b63775c",
        "pixel_length": 38.728,
        "point_count": 6,
        "confidence": 1.0,
        "review_status": "unreviewed"
      },
      "geometry": {
        "type": "LineString",
        "coordinates": [
          [
            126.97917687340963,
            36.36997694547046
          ],
          [
            126.97950599518022,
            36.36909441998942
          ],
          [
            126.97950599518022,
            36.36890256662398
          ],
          [
            126.97945897778442,
            36.36886419595089
          ],
          [
            126.97922389080543,
            36.36886419595089
          ],
          [
            126.97917687340963,
            36.36890256662398
          ]
        ]
      }
    },
    {
      "type": "Feature",
      "properties": {
        "proposal_id": "ink-line-524",
        "tile_id": "174-cheongyang-hydro",
        "sheet_id": "174-cheongyang",
        "split": "development",
        "proposal_kind": "visible_linework_review_only",
        "backend": "archaeotrace_ink_v2_centerline",
        "upstream_commit": "7960acddb4e82855e2088fdfdd2244799b63775c",
        "pixel_length": 40.627,
        "point_count": 4,
        "confidence": 1.0,
        "review_status": "unreviewed"
      },
      "geometry": {
        "type": "LineString",
        "coordinates": [
          [
            126.97922389080543,
            36.37082110027841
          ],
          [
            126.97960002997182,
            36.37039902287444
          ],
          [
            126.97960002997182,
            36.37028391085517
          ],
          [
            126.97997616913821,
            36.3695164973934
          ]
        ]
      }
    },
    {
      "type": "Feature",
      "properties": {
        "proposal_id": "ink-line-525",
        "tile_id": "174-cheongyang-hydro",
        "sheet_id": "174-cheongyang",
        "split": "development",
        "proposal_kind": "visible_linework_review_only",
        "backend": "archaeotrace_ink_v2_centerline",
        "upstream_commit": "7960acddb4e82855e2088fdfdd2244799b63775c",
        "pixel_length": 18.071,
        "point_count": 4,
        "confidence": 1.0,
        "review_status": "unreviewed"
      },
      "geometry": {
        "type": "LineString",
        "coordinates": [
          [
            126.97922389080543,
            36.36180399210259
          ],
          [
            126.97950599518022,
            36.36191910412185
          ],
          [
            126.97983511695081,
            36.36191910412185
          ],
          [
            126.97997616913821,
            36.36199584546803
          ]
        ]
      }
    },
    {
      "type": "Feature",
      "properties": {
        "proposal_id": "ink-line-526",
        "tile_id": "174-cheongyang-hydro",
        "sheet_id": "174-cheongyang",
        "split": "development",
        "proposal_kind": "visible_linework_review_only",
        "backend": "archaeotrace_ink_v2_centerline",
        "upstream_commit": "7960acddb4e82855e2088fdfdd2244799b63775c",
        "pixel_length": 35.071,
        "point_count": 4,
        "confidence": 1.0,
        "review_status": "unreviewed"
      },
      "geometry": {
        "type": "LineString",
        "coordinates": [
          [
            126.97945897778442,
            36.39284586663128
          ],
          [
            126.97960002997182,
            36.393114461342904
          ],
          [
            126.97960002997182,
            36.3938051334585
          ],
          [
            126.97969406476342,
            36.39411209884321
          ]
        ]
      }
    },
    {
      "type": "Feature",
      "properties": {
        "proposal_id": "ink-line-527",
        "tile_id": "174-cheongyang-hydro",
        "sheet_id": "174-cheongyang",
        "split": "development",
        "proposal_kind": "visible_linework_review_only",
        "backend": "archaeotrace_ink_v2_centerline",
        "upstream_commit": "7960acddb4e82855e2088fdfdd2244799b63775c",
        "pixel_length": 24.728,
        "point_count": 3,
        "confidence": 1.0,
        "review_status": "unreviewed"
      },
      "geometry": {
        "type": "LineString",
        "coordinates": [
          [
            126.97945897778442,
            36.36786655845059
          ],
          [
            126.97983511695081,
            36.36767470508514
          ],
          [
            126.9804463430962,
            36.36752122239279
          ]
        ]
      }
    },
    {
      "type": "Feature",
      "properties": {
        "proposal_id": "ink-line-528",
        "tile_id": "174-cheongyang-hydro",
        "sheet_id": "174-cheongyang",
        "split": "development",
        "proposal_kind": "visible_linework_review_only",
        "backend": "archaeotrace_ink_v2_centerline",
        "upstream_commit": "7960acddb4e82855e2088fdfdd2244799b63775c",
        "pixel_length": 24.485,
        "point_count": 7,
        "confidence": 1.0,
        "review_status": "unreviewed"
      },
      "geometry": {
        "type": "LineString",
        "coordinates": [
          [
            126.97950599518022,
            36.36448993921879
          ],
          [
            126.97969406476342,
            36.364374827199526
          ],
          [
            126.97988213434661,
            36.364374827199526
          ],
          [
            126.97992915174241,
            36.36433645652644
          ],
          [
            126.9803052909088,
            36.36433645652644
          ],
          [
            126.9804463430962,
            36.364413197872615
          ],
          [
            126.9804463430962,
            36.36448993921879
          ]
        ]
      }
    },
    {
      "type": "Feature",
      "properties": {
        "proposal_id": "ink-line-529",
        "tile_id": "174-cheongyang-hydro",
        "sheet_id": "174-cheongyang",
        "split": "development",
        "proposal_kind": "visible_linework_review_only",
        "backend": "archaeotrace_ink_v2_centerline",
        "upstream_commit": "7960acddb4e82855e2088fdfdd2244799b63775c",
        "pixel_length": 28.142,
        "point_count": 4,
        "confidence": 1.0,
        "review_status": "unreviewed"
      },
      "geometry": {
        "type": "LineString",
        "coordinates": [
          [
            126.97955301257602,
            36.36974672143193
          ],
          [
            126.97974108215922,
            36.36928627335487
          ],
          [
            126.97988213434661,
            36.36913279066251
          ],
          [
            126.98002318653401,
            36.3688258252778
          ]
        ]
      }
    },
    {
      "type": "Feature",
      "properties": {
        "proposal_id": "ink-line-530",
        "tile_id": "174-cheongyang-hydro",
        "sheet_id": "174-cheongyang",
        "split": "development",
        "proposal_kind": "visible_linework_review_only",
        "backend": "archaeotrace_ink_v2_centerline",
        "upstream_commit": "7960acddb4e82855e2088fdfdd2244799b63775c",
        "pixel_length": 19.556,
        "point_count": 3,
        "confidence": 1.0,
        "review_status": "unreviewed"
      },
      "geometry": {
        "type": "LineString",
        "coordinates": [
          [
            126.97974108215922,
            36.379607984415706
          ],
          [
            126.9801642387214,
            36.379914949800416
          ],
          [
            126.9804463430962,
            36.38003006181968
          ]
        ]
      }
    },
    {
      "type": "Feature",
      "properties": {
        "proposal_id": "ink-line-531",
        "tile_id": "174-cheongyang-hydro",
        "sheet_id": "174-cheongyang",
        "split": "development",
        "proposal_kind": "visible_linework_review_only",
        "backend": "archaeotrace_ink_v2_centerline",
        "upstream_commit": "7960acddb4e82855e2088fdfdd2244799b63775c",
        "pixel_length": 24.728,
        "point_count": 7,
        "confidence": 1.0,
        "review_status": "unreviewed"
      },
      "geometry": {
        "type": "LineString",
        "coordinates": [
          [
            126.97983511695081,
            36.365372464699824
          ],
          [
            126.97992915174241,
            36.36518061133438
          ],
          [
            126.98002318653401,
            36.36514224066129
          ],
          [
            126.98011722132561,
            36.36518061133438
          ],
          [
            126.9802112561172,
            36.36529572335365
          ],
          [
            126.9802112561172,
            36.36548757671909
          ],
          [
            126.9803523083046,
            36.365641059411445
          ]
        ]
      }
    },
    {
      "type": "Feature",
      "properties": {
        "proposal_id": "ink-line-532",
        "tile_id": "174-cheongyang-hydro",
        "sheet_id": "174-cheongyang",
        "split": "development",
        "proposal_kind": "visible_linework_review_only",
        "backend": "archaeotrace_ink_v2_centerline",
        "upstream_commit": "7960acddb4e82855e2088fdfdd2244799b63775c",
        "pixel_length": 23.314,
        "point_count": 2,
        "confidence": 1.0,
        "review_status": "unreviewed"
      },
      "geometry": {
        "type": "LineString",
        "coordinates": [
          [
            126.98007020392981,
            36.369938574797374
          ],
          [
            126.9804463430962,
            36.3691711613356
          ]
        ]
      }
    }
  ]
}