{
  "type": "FeatureCollection",
  "name": "ink_candidate_proposals_174-cheongyang-labels",
  "crs": {
    "type": "name",
    "properties": {
      "name": "urn:ogc:def:crs:EPSG::5132"
    }
  },
  "features": [
    {
      "type": "Feature",
      "properties": {
        "proposal_id": "ink-line-1",
        "tile_id": "174-cheongyang-labels",
        "sheet_id": "174-cheongyang",
        "split": "development",
        "proposal_kind": "visible_linework_review_only",
        "backend": "archaeotrace_ink_v2_centerline",
        "upstream_commit": "7960acddb4e82855e2088fdfdd2244799b63775c",
        "pixel_length": 20.485,
        "point_count": 6,
        "confidence": 1.0,
        "review_status": "unreviewed"
      },
      "geometry": {
        "type": "LineString",
        "coordinates": [
          [
            126.78226580004775,
            36.45982710799021
          ],
          [
            126.78245468432765,
            36.459865484848244
          ],
          [
            126.78278523181744,
            36.459865484848244
          ],
          [
            126.78287967395738,
            36.45982710799021
          ],
          [
            126.78297411609734,
            36.459865484848244
          ],
          [
            126.78311577930725,
            36.459750354274135
          ]
        ]
      }
    },
    {
      "type": "Feature",
      "properties": {
        "proposal_id": "ink-line-2",
        "tile_id": "174-cheongyang-labels",
        "sheet_id": "174-cheongyang",
        "split": "development",
        "proposal_kind": "visible_linework_review_only",
        "backend": "archaeotrace_ink_v2_centerline",
        "upstream_commit": "7960acddb4e82855e2088fdfdd2244799b63775c",
        "pixel_length": 24.728,
        "point_count": 6,
        "confidence": 1.0,
        "review_status": "unreviewed"
      },
      "geometry": {
        "type": "LineString",
        "coordinates": [
          [
            126.78226580004775,
            36.45042477777114
          ],
          [
            126.78250190539761,
            36.45034802405507
          ],
          [
            126.7826907896775,
            36.450386400913104
          ],
          [
            126.78283245288742,
            36.45050153148721
          ],
          [
            126.78287967395738,
            36.45061666206132
          ],
          [
            126.78278523181744,
            36.450846923209546
          ]
        ]
      }
    },
    {
      "type": "Feature",
      "properties": {
        "proposal_id": "ink-line-3",
        "tile_id": "174-cheongyang-labels",
        "sheet_id": "174-cheongyang",
        "split": "development",
        "proposal_kind": "visible_linework_review_only",
        "backend": "archaeotrace_ink_v2_centerline",
        "upstream_commit": "7960acddb4e82855e2088fdfdd2244799b63775c",
        "pixel_length": 25.485,
        "point_count": 4,
        "confidence": 1.0,
        "review_status": "unreviewed"
      },
      "geometry": {
        "type": "LineString",
        "coordinates": [
          [
            126.78226580004775,
            36.43246440820981
          ],
          [
            126.78245468432765,
            36.432195770203556
          ],
          [
            126.78245468432765,
            36.43177362476514
          ],
          [
            126.7823602421877,
            36.43158174047496
          ]
        ]
      }
    },
    {
      "type": "Feature",
      "properties": {
        "proposal_id": "ink-line-4",
        "tile_id": "174-cheongyang-labels",
        "sheet_id": "174-cheongyang",
        "split": "development",
        "proposal_kind": "visible_linework_review_only",
        "backend": "archaeotrace_ink_v2_centerline",
        "upstream_commit": "7960acddb4e82855e2088fdfdd2244799b63775c",
        "pixel_length": 18.0,
        "point_count": 2,
        "confidence": 1.0,
        "review_status": "unreviewed"
      },
      "geometry": {
        "type": "LineString",
        "coordinates": [
          [
            126.78231302111773,
            36.44462987220755
          ],
          [
            126.78231302111773,
            36.44393908876288
          ]
        ]
      }
    },
    {
      "type": "Feature",
      "properties": {
        "proposal_id": "ink-line-5",
        "tile_id": "174-cheongyang-labels",
        "sheet_id": "174-cheongyang",
        "split": "development",
        "proposal_kind": "visible_linework_review_only",
        "backend": "archaeotrace_ink_v2_centerline",
        "upstream_commit": "7960acddb4e82855e2088fdfdd2244799b63775c",
        "pixel_length": 25.071,
        "point_count": 5,
        "confidence": 1.0,
        "review_status": "unreviewed"
      },
      "geometry": {
        "type": "LineString",
        "coordinates": [
          [
            126.7823602421877,
            36.42812782325163
          ],
          [
            126.78250190539761,
            36.42785918524537
          ],
          [
            126.78250190539761,
            36.42751379352303
          ],
          [
            126.78240746325767,
            36.42736028609089
          ],
          [
            126.78240746325767,
            36.42724515551678
          ]
        ]
      }
    },
    {
      "type": "Feature",
      "properties": {
        "proposal_id": "ink-line-6",
        "tile_id": "174-cheongyang-labels",
        "sheet_id": "174-cheongyang",
        "split": "development",
        "proposal_kind": "visible_linework_review_only",
        "backend": "archaeotrace_ink_v2_centerline",
        "upstream_commit": "7960acddb4e82855e2088fdfdd2244799b63775c",
        "pixel_length": 21.485,
        "point_count": 4,
        "confidence": 1.0,
        "review_status": "unreviewed"
      },
      "geometry": {
        "type": "LineString",
        "coordinates": [
          [
            126.7823602421877,
            36.42528793575689
          ],
          [
            126.78264356860753,
            36.425172805182775
          ],
          [
            126.78297411609734,
            36.425172805182775
          ],
          [
            126.78325744251715,
            36.42528793575689
          ]
        ]
      }
    },
    {
      "type": "Feature",
      "properties": {
        "proposal_id": "ink-line-7",
        "tile_id": "174-cheongyang-labels",
        "sheet_id": "174-cheongyang",
        "split": "development",
        "proposal_kind": "visible_linework_review_only",
        "backend": "archaeotrace_ink_v2_centerline",
        "upstream_commit": "7960acddb4e82855e2088fdfdd2244799b63775c",
        "pixel_length": 34.414,
        "point_count": 3,
        "confidence": 1.0,
        "review_status": "unreviewed"
      },
      "geometry": {
        "type": "LineString",
        "coordinates": [
          [
            126.78264356860753,
            36.44666384568351
          ],
          [
            126.78410742177665,
            36.44666384568351
          ],
          [
            126.78424908498656,
            36.446625468825474
          ]
        ]
      }
    },
    {
      "type": "Feature",
      "properties": {
        "proposal_id": "ink-line-8",
        "tile_id": "174-cheongyang-labels",
        "sheet_id": "174-cheongyang",
        "split": "development",
        "proposal_kind": "visible_linework_review_only",
        "backend": "archaeotrace_ink_v2_centerline",
        "upstream_commit": "7960acddb4e82855e2088fdfdd2244799b63775c",
        "pixel_length": 18.243,
        "point_count": 5,
        "confidence": 1.0,
        "review_status": "unreviewed"
      },
      "geometry": {
        "type": "LineString",
        "coordinates": [
          [
            126.78283245288742,
            36.43779879147696
          ],
          [
            126.78297411609734,
            36.43779879147696
          ],
          [
            126.78306855823728,
            36.437722037760885
          ],
          [
            126.78306855823728,
            36.43741502289659
          ],
          [
            126.78287967395738,
            36.43737664603855
          ]
        ]
      }
    },
    {
      "type": "Feature",
      "properties": {
        "proposal_id": "ink-line-9",
        "tile_id": "174-cheongyang-labels",
        "sheet_id": "174-cheongyang",
        "split": "development",
        "proposal_kind": "visible_linework_review_only",
        "backend": "archaeotrace_ink_v2_centerline",
        "upstream_commit": "7960acddb4e82855e2088fdfdd2244799b63775c",
        "pixel_length": 18.899,
        "point_count": 3,
        "confidence": 1.0,
        "review_status": "unreviewed"
      },
      "geometry": {
        "type": "LineString",
        "coordinates": [
          [
            126.78297411609734,
            36.4499642554747
          ],
          [
            126.78330466358713,
            36.45027127033899
          ],
          [
            126.78330466358713,
            36.450578285203285
          ]
        ]
      }
    },
    {
      "type": "Feature",
      "properties": {
        "proposal_id": "ink-line-10",
        "tile_id": "174-cheongyang-labels",
        "sheet_id": "174-cheongyang",
        "split": "development",
        "proposal_kind": "visible_linework_review_only",
        "backend": "archaeotrace_ink_v2_centerline",
        "upstream_commit": "7960acddb4e82855e2088fdfdd2244799b63775c",
        "pixel_length": 18.071,
        "point_count": 4,
        "confidence": 1.0,
        "review_status": "unreviewed"
      },
      "geometry": {
        "type": "LineString",
        "coordinates": [
          [
            126.78297411609734,
            36.43591832543314
          ],
          [
            126.78316300037721,
            36.436071832865295
          ],
          [
            126.78316300037721,
            36.436455601445665
          ],
          [
            126.78321022144719,
            36.43653235516174
          ]
        ]
      }
    },
    {
      "type": "Feature",
      "properties": {
        "proposal_id": "ink-line-11",
        "tile_id": "174-cheongyang-labels",
        "sheet_id": "174-cheongyang",
        "split": "development",
        "proposal_kind": "visible_linework_review_only",
        "backend": "archaeotrace_ink_v2_centerline",
        "upstream_commit": "7960acddb4e82855e2088fdfdd2244799b63775c",
        "pixel_length": 34.071,
        "point_count": 3,
        "confidence": 1.0,
        "review_status": "unreviewed"
      },
      "geometry": {
        "type": "LineString",
        "coordinates": [
          [
            126.78316300037721,
            36.45913632454554
          ],
          [
            126.78415464284662,
            36.45905957082947
          ],
          [
            126.7846740746163,
            36.45917470140358
          ]
        ]
      }
    },
    {
      "type": "Feature",
      "properties": {
        "proposal_id": "ink-line-12",
        "tile_id": "174-cheongyang-labels",
        "sheet_id": "174-cheongyang",
        "split": "development",
        "proposal_kind": "visible_linework_review_only",
        "backend": "archaeotrace_ink_v2_centerline",
        "upstream_commit": "7960acddb4e82855e2088fdfdd2244799b63775c",
        "pixel_length": 23.243,
        "point_count": 3,
        "confidence": 1.0,
        "review_status": "unreviewed"
      },
      "geometry": {
        "type": "LineString",
        "coordinates": [
          [
            126.78321022144719,
            36.459750354274135
          ],
          [
            126.78363521107693,
            36.459635223700026
          ],
          [
            126.78424908498656,
            36.459635223700026
          ]
        ]
      }
    },
    {
      "type": "Feature",
      "properties": {
        "proposal_id": "ink-line-13",
        "tile_id": "174-cheongyang-labels",
        "sheet_id": "174-cheongyang",
        "split": "development",
        "proposal_kind": "visible_linework_review_only",
        "backend": "archaeotrace_ink_v2_centerline",
        "upstream_commit": "7960acddb4e82855e2088fdfdd2244799b63775c",
        "pixel_length": 24.071,
        "point_count": 3,
        "confidence": 1.0,
        "review_status": "unreviewed"
      },
      "geometry": {
        "type": "LineString",
        "coordinates": [
          [
            126.78330466358713,
            36.457716380798175
          ],
          [
            126.78349354786701,
            36.45725585850173
          ],
          [
            126.78344632679705,
            36.45687208992136
          ]
        ]
      }
    },
    {
      "type": "Feature",
      "properties": {
        "proposal_id": "ink-line-14",
        "tile_id": "174-cheongyang-labels",
        "sheet_id": "174-cheongyang",
        "split": "development",
        "proposal_kind": "visible_linework_review_only",
        "backend": "archaeotrace_ink_v2_centerline",
        "upstream_commit": "7960acddb4e82855e2088fdfdd2244799b63775c",
        "pixel_length": 18.414,
        "point_count": 3,
        "confidence": 1.0,
        "review_status": "unreviewed"
      },
      "geometry": {
        "type": "LineString",
        "coordinates": [
          [
            126.78349354786701,
            36.44462987220755
          ],
          [
            126.78354076893699,
            36.44455311849148
          ],
          [
            126.78354076893699,
            36.44393908876288
          ]
        ]
      }
    },
    {
      "type": "Feature",
      "properties": {
        "proposal_id": "ink-line-15",
        "tile_id": "174-cheongyang-labels",
        "sheet_id": "174-cheongyang",
        "split": "development",
        "proposal_kind": "visible_linework_review_only",
        "backend": "archaeotrace_ink_v2_centerline",
        "upstream_commit": "7960acddb4e82855e2088fdfdd2244799b63775c",
        "pixel_length": 18.243,
        "point_count": 4,
        "confidence": 1.0,
        "review_status": "unreviewed"
      },
      "geometry": {
        "type": "LineString",
        "coordinates": [
          [
            126.78377687428684,
            36.44812216628892
          ],
          [
            126.7840129796367,
            36.44812216628892
          ],
          [
            126.78406020070668,
            36.44808378943088
          ],
          [
            126.78415464284662,
            36.447661643992475
          ]
        ]
      }
    },
    {
      "type": "Feature",
      "properties": {
        "proposal_id": "ink-line-16",
        "tile_id": "174-cheongyang-labels",
        "sheet_id": "174-cheongyang",
        "split": "development",
        "proposal_kind": "visible_linework_review_only",
        "backend": "archaeotrace_ink_v2_centerline",
        "upstream_commit": "7960acddb4e82855e2088fdfdd2244799b63775c",
        "pixel_length": 26.314,
        "point_count": 6,
        "confidence": 1.0,
        "review_status": "unreviewed"
      },
      "geometry": {
        "type": "LineString",
        "coordinates": [
          [
            126.78377687428684,
            36.42551819690511
          ],
          [
            126.78406020070668,
            36.42559495062118
          ],
          [
            126.78434352712651,
            36.42559495062118
          ],
          [
            126.78443796926645,
            36.425403066331
          ],
          [
            126.78439074819647,
            36.42528793575689
          ],
          [
            126.78424908498656,
            36.425172805182775
          ]
        ]
      }
    },
    {
      "type": "Feature",
      "properties": {
        "proposal_id": "ink-line-17",
        "tile_id": "174-cheongyang-labels",
        "sheet_id": "174-cheongyang",
        "split": "development",
        "proposal_kind": "visible_linework_review_only",
        "backend": "archaeotrace_ink_v2_centerline",
        "upstream_commit": "7960acddb4e82855e2088fdfdd2244799b63775c",
        "pixel_length": 19.071,
        "point_count": 4,
        "confidence": 1.0,
        "review_status": "unreviewed"
      },
      "geometry": {
        "type": "LineString",
        "coordinates": [
          [
            126.78443796926645,
            36.45644994448295
          ],
          [
            126.78481573782622,
            36.45641156762491
          ],
          [
            126.78495740103614,
            36.456258060192766
          ],
          [
            126.7850046221061,
            36.45606617590258
          ]
        ]
      }
    },
    {
      "type": "Feature",
      "properties": {
        "proposal_id": "ink-line-18",
        "tile_id": "174-cheongyang-labels",
        "sheet_id": "174-cheongyang",
        "split": "development",
        "proposal_kind": "visible_linework_review_only",
        "backend": "archaeotrace_ink_v2_centerline",
        "upstream_commit": "7960acddb4e82855e2088fdfdd2244799b63775c",
        "pixel_length": 29.485,
        "point_count": 6,
        "confidence": 1.0,
        "review_status": "unreviewed"
      },
      "geometry": {
        "type": "LineString",
        "coordinates": [
          [
            126.78443796926645,
            36.44850593486929
          ],
          [
            126.78448519033641,
            36.44846755801125
          ],
          [
            126.78443796926645,
            36.4483140505791
          ],
          [
            126.78443796926645,
            36.447776774566584
          ],
          [
            126.78448519033641,
            36.44762326713444
          ],
          [
            126.78462685354633,
            36.44746975970229
          ]
        ]
      }
    },
    {
      "type": "Feature",
      "properties": {
        "proposal_id": "ink-line-19",
        "tile_id": "174-cheongyang-labels",
        "sheet_id": "174-cheongyang",
        "split": "development",
        "proposal_kind": "visible_linework_review_only",
        "backend": "archaeotrace_ink_v2_centerline",
        "upstream_commit": "7960acddb4e82855e2088fdfdd2244799b63775c",
        "pixel_length": 25.657,
        "point_count": 4,
        "confidence": 1.0,
        "review_status": "unreviewed"
      },
      "geometry": {
        "type": "LineString",
        "coordinates": [
          [
            126.78448519033641,
            36.4597119774161
          ],
          [
            126.78491017996616,
            36.45982710799021
          ],
          [
            126.78552405387579,
            36.45982710799021
          ],
          [
            126.78561849601573,
            36.45978873113217
          ]
        ]
      }
    },
    {
      "type": "Feature",
      "properties": {
        "proposal_id": "ink-line-20",
        "tile_id": "174-cheongyang-labels",
        "sheet_id": "174-cheongyang",
        "split": "development",
        "proposal_kind": "visible_linework_review_only",
        "backend": "archaeotrace_ink_v2_centerline",
        "upstream_commit": "7960acddb4e82855e2088fdfdd2244799b63775c",
        "pixel_length": 37.071,
        "point_count": 4,
        "confidence": 1.0,
        "review_status": "unreviewed"
      },
      "geometry": {
        "type": "LineString",
        "coordinates": [
          [
            126.78448519033641,
            36.44716274483799
          ],
          [
            126.78481573782622,
            36.447009237405844
          ],
          [
            126.78604348564548,
            36.447009237405844
          ],
          [
            126.78613792778542,
            36.44704761426388
          ]
        ]
      }
    },
    {
      "type": "Feature",
      "properties": {
        "proposal_id": "ink-line-21",
        "tile_id": "174-cheongyang-labels",
        "sheet_id": "174-cheongyang",
        "split": "development",
        "proposal_kind": "visible_linework_review_only",
        "backend": "archaeotrace_ink_v2_centerline",
        "upstream_commit": "7960acddb4e82855e2088fdfdd2244799b63775c",
        "pixel_length": 18.142,
        "point_count": 3,
        "confidence": 1.0,
        "review_status": "unreviewed"
      },
      "geometry": {
        "type": "LineString",
        "coordinates": [
          [
            126.78472129568628,
            36.43277142307411
          ],
          [
            126.78524072745596,
            36.433193568512515
          ],
          [
            126.78524072745596,
            36.43327032222859
          ]
        ]
      }
    },
    {
      "type": "Feature",
      "properties": {
        "proposal_id": "ink-line-22",
        "tile_id": "174-cheongyang-labels",
        "sheet_id": "174-cheongyang",
        "split": "development",
        "proposal_kind": "visible_linework_review_only",
        "backend": "archaeotrace_ink_v2_centerline",
        "upstream_commit": "7960acddb4e82855e2088fdfdd2244799b63775c",
        "pixel_length": 24.828,
        "point_count": 4,
        "confidence": 1.0,
        "review_status": "unreviewed"
      },
      "geometry": {
        "type": "LineString",
        "coordinates": [
          [
            126.78481573782622,
            36.45418570985877
          ],
          [
            126.78547683280581,
            36.45418570985877
          ],
          [
            126.78552405387579,
            36.454224086716806
          ],
          [
            126.78594904350554,
            36.45426246357484
          ]
        ]
      }
    },
    {
      "type": "Feature",
      "properties": {
        "proposal_id": "ink-line-23",
        "tile_id": "174-cheongyang-labels",
        "sheet_id": "174-cheongyang",
        "split": "development",
        "proposal_kind": "visible_linework_review_only",
        "backend": "archaeotrace_ink_v2_centerline",
        "upstream_commit": "7960acddb4e82855e2088fdfdd2244799b63775c",
        "pixel_length": 18.657,
        "point_count": 3,
        "confidence": 1.0,
        "review_status": "unreviewed"
      },
      "geometry": {
        "type": "LineString",
        "coordinates": [
          [
            126.78481573782622,
            36.45123069178992
          ],
          [
            126.78476851675624,
            36.45165283722832
          ],
          [
            126.78491017996616,
            36.45188309837655
          ]
        ]
      }
    },
    {
      "type": "Feature",
      "properties": {
        "proposal_id": "ink-line-24",
        "tile_id": "174-cheongyang-labels",
        "sheet_id": "174-cheongyang",
        "split": "development",
        "proposal_kind": "visible_linework_review_only",
        "backend": "archaeotrace_ink_v2_centerline",
        "upstream_commit": "7960acddb4e82855e2088fdfdd2244799b63775c",
        "pixel_length": 54.556,
        "point_count": 14,
        "confidence": 1.0,
        "review_status": "unreviewed"
      },
      "geometry": {
        "type": "LineString",
        "coordinates": [
          [
            126.78486295889618,
            36.426132226633705
          ],
          [
            126.78481573782622,
            36.42617060349174
          ],
          [
            126.78481573782622,
            36.426439241498
          ],
          [
            126.78486295889618,
            36.42647761835604
          ],
          [
            126.78486295889618,
            36.42674625636229
          ],
          [
            126.78491017996616,
            36.42678463322033
          ],
          [
            126.78491017996616,
            36.42705327122659
          ],
          [
            126.78495740103614,
            36.42709164808463
          ],
          [
            126.78495740103614,
            36.427475416665
          ],
          [
            126.7850046221061,
            36.42751379352303
          ],
          [
            126.78495740103614,
            36.42755217038107
          ],
          [
            126.78495740103614,
            36.42770567781322
          ],
          [
            126.78505184317608,
            36.427897562103404
          ],
          [
            126.78524072745596,
            36.42801269267752
          ]
        ]
      }
    },
    {
      "type": "Feature",
      "properties": {
        "proposal_id": "ink-line-25",
        "tile_id": "174-cheongyang-labels",
        "sheet_id": "174-cheongyang",
        "split": "development",
        "proposal_kind": "visible_linework_review_only",
        "backend": "archaeotrace_ink_v2_centerline",
        "upstream_commit": "7960acddb4e82855e2088fdfdd2244799b63775c",
        "pixel_length": 28.485,
        "point_count": 6,
        "confidence": 1.0,
        "review_status": "unreviewed"
      },
      "geometry": {
        "type": "LineString",
        "coordinates": [
          [
            126.78491017996616,
            36.44735462912818
          ],
          [
            126.78495740103614,
            36.44731625227014
          ],
          [
            126.78561849601573,
            36.44731625227014
          ],
          [
            126.7856657170857,
            36.44735462912818
          ],
          [
            126.78590182243556,
            36.44735462912818
          ],
          [
            126.78613792778542,
            36.44750813656032
          ]
        ]
      }
    },
    {
      "type": "Feature",
      "properties": {
        "proposal_id": "ink-line-26",
        "tile_id": "174-cheongyang-labels",
        "sheet_id": "174-cheongyang",
        "split": "development",
        "proposal_kind": "visible_linework_review_only",
        "backend": "archaeotrace_ink_v2_centerline",
        "upstream_commit": "7960acddb4e82855e2088fdfdd2244799b63775c",
        "pixel_length": 39.142,
        "point_count": 7,
        "confidence": 1.0,
        "review_status": "unreviewed"
      },
      "geometry": {
        "type": "LineString",
        "coordinates": [
          [
            126.78491017996616,
            36.434152989963444
          ],
          [
            126.7850046221061,
            36.43426812053755
          ],
          [
            126.78509906424604,
            36.43457513540185
          ],
          [
            126.78509906424604,
            36.43495890398222
          ],
          [
            126.78514628531602,
            36.43499728084026
          ],
          [
            126.78509906424604,
            36.435227541988475
          ],
          [
            126.78528794852593,
            36.435496179994736
          ]
        ]
      }
    },
    {
      "type": "Feature",
      "properties": {
        "proposal_id": "ink-line-27",
        "tile_id": "174-cheongyang-labels",
        "sheet_id": "174-cheongyang",
        "split": "development",
        "proposal_kind": "visible_linework_review_only",
        "backend": "archaeotrace_ink_v2_centerline",
        "upstream_commit": "7960acddb4e82855e2088fdfdd2244799b63775c",
        "pixel_length": 18.314,
        "point_count": 4,
        "confidence": 1.0,
        "review_status": "unreviewed"
      },
      "geometry": {
        "type": "LineString",
        "coordinates": [
          [
            126.7850046221061,
            36.44259589873159
          ],
          [
            126.78514628531602,
            36.442365637583364
          ],
          [
            126.785193506386,
            36.442173753293176
          ],
          [
            126.78538239066587,
            36.44202024586103
          ]
        ]
      }
    },
    {
      "type": "Feature",
      "properties": {
        "proposal_id": "ink-line-28",
        "tile_id": "174-cheongyang-labels",
        "sheet_id": "174-cheongyang",
        "split": "development",
        "proposal_kind": "visible_linework_review_only",
        "backend": "archaeotrace_ink_v2_centerline",
        "upstream_commit": "7960acddb4e82855e2088fdfdd2244799b63775c",
        "pixel_length": 30.899,
        "point_count": 4,
        "confidence": 1.0,
        "review_status": "unreviewed"
      },
      "geometry": {
        "type": "LineString",
        "coordinates": [
          [
            126.7850046221061,
            36.42927912899274
          ],
          [
            126.78509906424604,
            36.429432636424885
          ],
          [
            126.78509906424604,
            36.42958614385704
          ],
          [
            126.78533516959591,
            36.43035368101778
          ]
        ]
      }
    },
    {
      "type": "Feature",
      "properties": {
        "proposal_id": "ink-line-29",
        "tile_id": "174-cheongyang-labels",
        "sheet_id": "174-cheongyang",
        "split": "development",
        "proposal_kind": "visible_linework_review_only",
        "backend": "archaeotrace_ink_v2_centerline",
        "upstream_commit": "7960acddb4e82855e2088fdfdd2244799b63775c",
        "pixel_length": 24.071,
        "point_count": 3,
        "confidence": 1.0,
        "review_status": "unreviewed"
      },
      "geometry": {
        "type": "LineString",
        "coordinates": [
          [
            126.78505184317608,
            36.45449272472306
          ],
          [
            126.78542961173585,
            36.454454347865024
          ],
          [
            126.78609070671544,
            36.454607855297176
          ]
        ]
      }
    },
    {
      "type": "Feature",
      "properties": {
        "proposal_id": "ink-line-30",
        "tile_id": "174-cheongyang-labels",
        "sheet_id": "174-cheongyang",
        "split": "development",
        "proposal_kind": "visible_linework_review_only",
        "backend": "archaeotrace_ink_v2_centerline",
        "upstream_commit": "7960acddb4e82855e2088fdfdd2244799b63775c",
        "pixel_length": 21.828,
        "point_count": 4,
        "confidence": 1.0,
        "review_status": "unreviewed"
      },
      "geometry": {
        "type": "LineString",
        "coordinates": [
          [
            126.78514628531602,
            36.42528793575689
          ],
          [
            126.78557127494577,
            36.42528793575689
          ],
          [
            126.78561849601573,
            36.425249558898855
          ],
          [
            126.78613792778542,
            36.42528793575689
          ]
        ]
      }
    },
    {
      "type": "Feature",
      "properties": {
        "proposal_id": "ink-line-31",
        "tile_id": "174-cheongyang-labels",
        "sheet_id": "174-cheongyang",
        "split": "development",
        "proposal_kind": "visible_linework_review_only",
        "backend": "archaeotrace_ink_v2_centerline",
        "upstream_commit": "7960acddb4e82855e2088fdfdd2244799b63775c",
        "pixel_length": 24.071,
        "point_count": 3,
        "confidence": 1.0,
        "review_status": "unreviewed"
      },
      "geometry": {
        "type": "LineString",
        "coordinates": [
          [
            126.78533516959591,
            36.4566034519151
          ],
          [
            126.78528794852593,
            36.45706397421154
          ],
          [
            126.78547683280581,
            36.45744774279191
          ]
        ]
      }
    },
    {
      "type": "Feature",
      "properties": {
        "proposal_id": "ink-line-32",
        "tile_id": "174-cheongyang-labels",
        "sheet_id": "174-cheongyang",
        "split": "development",
        "proposal_kind": "visible_linework_review_only",
        "backend": "archaeotrace_ink_v2_centerline",
        "upstream_commit": "7960acddb4e82855e2088fdfdd2244799b63775c",
        "pixel_length": 43.142,
        "point_count": 2,
        "confidence": 1.0,
        "review_status": "unreviewed"
      },
      "geometry": {
        "type": "LineString",
        "coordinates": [
          [
            126.78538239066587,
            36.43043043473385
          ],
          [
            126.78585460136559,
            36.431927132197295
          ]
        ]
      }
    },
    {
      "type": "Feature",
      "properties": {
        "proposal_id": "ink-line-33",
        "tile_id": "174-cheongyang-labels",
        "sheet_id": "174-cheongyang",
        "split": "development",
        "proposal_kind": "visible_linework_review_only",
        "backend": "archaeotrace_ink_v2_centerline",
        "upstream_commit": "7960acddb4e82855e2088fdfdd2244799b63775c",
        "pixel_length": 37.728,
        "point_count": 6,
        "confidence": 1.0,
        "review_status": "unreviewed"
      },
      "geometry": {
        "type": "LineString",
        "coordinates": [
          [
            126.78542961173585,
            36.439564126946664
          ],
          [
            126.78580738029562,
            36.43967925752077
          ],
          [
            126.78637403313527,
            36.43971763437881
          ],
          [
            126.78665735955511,
            36.4396025038047
          ],
          [
            126.78670458062508,
            36.43952575008863
          ],
          [
            126.78665735955511,
            36.4392954889404
          ]
        ]
      }
    },
    {
      "type": "Feature",
      "properties": {
        "proposal_id": "ink-line-34",
        "tile_id": "174-cheongyang-labels",
        "sheet_id": "174-cheongyang",
        "split": "development",
        "proposal_kind": "visible_linework_review_only",
        "backend": "archaeotrace_ink_v2_centerline",
        "upstream_commit": "7960acddb4e82855e2088fdfdd2244799b63775c",
        "pixel_length": 29.485,
        "point_count": 4,
        "confidence": 1.0,
        "review_status": "unreviewed"
      },
      "geometry": {
        "type": "LineString",
        "coordinates": [
          [
            126.78542961173585,
            36.42962452071507
          ],
          [
            126.78547683280581,
            36.42996991243741
          ],
          [
            126.78571293815568,
            36.43054556530796
          ],
          [
            126.78571293815568,
            36.430660695882075
          ]
        ]
      }
    },
    {
      "type": "Feature",
      "properties": {
        "proposal_id": "ink-line-35",
        "tile_id": "174-cheongyang-labels",
        "sheet_id": "174-cheongyang",
        "split": "development",
        "proposal_kind": "visible_linework_review_only",
        "backend": "archaeotrace_ink_v2_centerline",
        "upstream_commit": "7960acddb4e82855e2088fdfdd2244799b63775c",
        "pixel_length": 20.899,
        "point_count": 3,
        "confidence": 1.0,
        "review_status": "unreviewed"
      },
      "geometry": {
        "type": "LineString",
        "coordinates": [
          [
            126.78547683280581,
            36.42812782325163
          ],
          [
            126.78561849601573,
            36.42812782325163
          ],
          [
            126.78632681206531,
            36.42785918524537
          ]
        ]
      }
    },
    {
      "type": "Feature",
      "properties": {
        "proposal_id": "ink-line-36",
        "tile_id": "174-cheongyang-labels",
        "sheet_id": "174-cheongyang",
        "split": "development",
        "proposal_kind": "visible_linework_review_only",
        "backend": "archaeotrace_ink_v2_centerline",
        "upstream_commit": "7960acddb4e82855e2088fdfdd2244799b63775c",
        "pixel_length": 27.828,
        "point_count": 3,
        "confidence": 1.0,
        "review_status": "unreviewed"
      },
      "geometry": {
        "type": "LineString",
        "coordinates": [
          [
            126.78561849601573,
            36.434229743679516
          ],
          [
            126.78561849601573,
            36.43507403455633
          ],
          [
            126.78571293815568,
            36.43526591884652
          ]
        ]
      }
    },
    {
      "type": "Feature",
      "properties": {
        "proposal_id": "ink-line-37",
        "tile_id": "174-cheongyang-labels",
        "sheet_id": "174-cheongyang",
        "split": "development",
        "proposal_kind": "visible_linework_review_only",
        "backend": "archaeotrace_ink_v2_centerline",
        "upstream_commit": "7960acddb4e82855e2088fdfdd2244799b63775c",
        "pixel_length": 26.314,
        "point_count": 2,
        "confidence": 1.0,
        "review_status": "unreviewed"
      },
      "geometry": {
        "type": "LineString",
        "coordinates": [
          [
            126.78561849601573,
            36.428549968690035
          ],
          [
            126.7859962645755,
            36.429432636424885
          ]
        ]
      }
    },
    {
      "type": "Feature",
      "properties": {
        "proposal_id": "ink-line-38",
        "tile_id": "174-cheongyang-labels",
        "sheet_id": "174-cheongyang",
        "split": "development",
        "proposal_kind": "visible_linework_review_only",
        "backend": "archaeotrace_ink_v2_centerline",
        "upstream_commit": "7960acddb4e82855e2088fdfdd2244799b63775c",
        "pixel_length": 31.828,
        "point_count": 4,
        "confidence": 1.0,
        "review_status": "unreviewed"
      },
      "geometry": {
        "type": "LineString",
        "coordinates": [
          [
            126.7856657170857,
            36.45702559735351
          ],
          [
            126.7856657170857,
            36.456258060192766
          ],
          [
            126.78571293815568,
            36.45621968333473
          ],
          [
            126.7856657170857,
            36.45583591475436
          ]
        ]
      }
    },
    {
      "type": "Feature",
      "properties": {
        "proposal_id": "ink-line-39",
        "tile_id": "174-cheongyang-labels",
        "sheet_id": "174-cheongyang",
        "split": "development",
        "proposal_kind": "visible_linework_review_only",
        "backend": "archaeotrace_ink_v2_centerline",
        "upstream_commit": "7960acddb4e82855e2088fdfdd2244799b63775c",
        "pixel_length": 30.899,
        "point_count": 2,
        "confidence": 1.0,
        "review_status": "unreviewed"
      },
      "geometry": {
        "type": "LineString",
        "coordinates": [
          [
            126.78580738029562,
            36.43089095703029
          ],
          [
            126.78613792778542,
            36.43196550905533
          ]
        ]
      }
    },
    {
      "type": "Feature",
      "properties": {
        "proposal_id": "ink-line-40",
        "tile_id": "174-cheongyang-labels",
        "sheet_id": "174-cheongyang",
        "split": "development",
        "proposal_kind": "visible_linework_review_only",
        "backend": "archaeotrace_ink_v2_centerline",
        "upstream_commit": "7960acddb4e82855e2088fdfdd2244799b63775c",
        "pixel_length": 30.071,
        "point_count": 5,
        "confidence": 1.0,
        "review_status": "unreviewed"
      },
      "geometry": {
        "type": "LineString",
        "coordinates": [
          [
            126.7859962645755,
            36.45652669819903
          ],
          [
            126.7859962645755,
            36.45606617590258
          ],
          [
            126.78594904350554,
            36.45602779904454
          ],
          [
            126.78590182243556,
            36.455605653606135
          ],
          [
            126.78604348564548,
            36.45545214617399
          ]
        ]
      }
    },
    {
      "type": "Feature",
      "properties": {
        "proposal_id": "ink-line-41",
        "tile_id": "174-cheongyang-labels",
        "sheet_id": "174-cheongyang",
        "split": "development",
        "proposal_kind": "visible_linework_review_only",
        "backend": "archaeotrace_ink_v2_centerline",
        "upstream_commit": "7960acddb4e82855e2088fdfdd2244799b63775c",
        "pixel_length": 60.456,
        "point_count": 3,
        "confidence": 1.0,
        "review_status": "unreviewed"
      },
      "geometry": {
        "type": "LineString",
        "coordinates": [
          [
            126.78613792778542,
            36.43273304621607
          ],
          [
            126.78646847527521,
            36.43373084452504
          ],
          [
            126.7869879070449,
            36.43476701969203
          ]
        ]
      }
    },
    {
      "type": "Feature",
      "properties": {
        "proposal_id": "ink-line-42",
        "tile_id": "174-cheongyang-labels",
        "sheet_id": "174-cheongyang",
        "split": "development",
        "proposal_kind": "visible_linework_review_only",
        "backend": "archaeotrace_ink_v2_centerline",
        "upstream_commit": "7960acddb4e82855e2088fdfdd2244799b63775c",
        "pixel_length": 26.485,
        "point_count": 6,
        "confidence": 1.0,
        "review_status": "unreviewed"
      },
      "geometry": {
        "type": "LineString",
        "coordinates": [
          [
            126.78632681206531,
            36.43875821292789
          ],
          [
            126.78627959099533,
            36.43868145921181
          ],
          [
            126.78627959099533,
            36.43841282120555
          ],
          [
            126.78632681206531,
            36.43837444434752
          ],
          [
            126.78679902276502,
            36.43841282120555
          ],
          [
            126.7869879070449,
            36.43829769063144
          ]
        ]
      }
    },
    {
      "type": "Feature",
      "properties": {
        "proposal_id": "ink-line-43",
        "tile_id": "174-cheongyang-labels",
        "sheet_id": "174-cheongyang",
        "split": "development",
        "proposal_kind": "visible_linework_review_only",
        "backend": "archaeotrace_ink_v2_centerline",
        "upstream_commit": "7960acddb4e82855e2088fdfdd2244799b63775c",
        "pixel_length": 25.385,
        "point_count": 5,
        "confidence": 1.0,
        "review_status": "unreviewed"
      },
      "geometry": {
        "type": "LineString",
        "coordinates": [
          [
            126.78637403313527,
            36.45541376931595
          ],
          [
            126.78675180169505,
            36.45572078418025
          ],
          [
            126.78694068597494,
            36.455989422186505
          ],
          [
            126.78694068597494,
            36.45606617590258
          ],
          [
            126.78703512811488,
            36.45614292961866
          ]
        ]
      }
    },
    {
      "type": "Feature",
      "properties": {
        "proposal_id": "ink-line-44",
        "tile_id": "174-cheongyang-labels",
        "sheet_id": "174-cheongyang",
        "split": "development",
        "proposal_kind": "visible_linework_review_only",
        "backend": "archaeotrace_ink_v2_centerline",
        "upstream_commit": "7960acddb4e82855e2088fdfdd2244799b63775c",
        "pixel_length": 23.142,
        "point_count": 5,
        "confidence": 1.0,
        "review_status": "unreviewed"
      },
      "geometry": {
        "type": "LineString",
        "coordinates": [
          [
            126.78712957025482,
            36.4552602618838
          ],
          [
            126.78741289667465,
            36.455490523032026
          ],
          [
            126.78769622309447,
            36.455605653606135
          ],
          [
            126.7879795495143,
            36.455605653606135
          ],
          [
            126.78802677058428,
            36.4555672767481
          ]
        ]
      }
    },
    {
      "type": "Feature",
      "properties": {
        "proposal_id": "ink-line-45",
        "tile_id": "174-cheongyang-labels",
        "sheet_id": "174-cheongyang",
        "split": "development",
        "proposal_kind": "visible_linework_review_only",
        "backend": "archaeotrace_ink_v2_centerline",
        "upstream_commit": "7960acddb4e82855e2088fdfdd2244799b63775c",
        "pixel_length": 23.071,
        "point_count": 4,
        "confidence": 1.0,
        "review_status": "unreviewed"
      },
      "geometry": {
        "type": "LineString",
        "coordinates": [
          [
            126.78736567560468,
            36.456373190766875
          ],
          [
            126.78746011774462,
            36.45644994448295
          ],
          [
            126.78774344416445,
            36.45652669819903
          ],
          [
            126.78835731807408,
            36.45648832134099
          ]
        ]
      }
    },
    {
      "type": "Feature",
      "properties": {
        "proposal_id": "ink-line-46",
        "tile_id": "174-cheongyang-labels",
        "sheet_id": "174-cheongyang",
        "split": "development",
        "proposal_kind": "visible_linework_review_only",
        "backend": "archaeotrace_ink_v2_centerline",
        "upstream_commit": "7960acddb4e82855e2088fdfdd2244799b63775c",
        "pixel_length": 23.243,
        "point_count": 4,
        "confidence": 1.0,
        "review_status": "unreviewed"
      },
      "geometry": {
        "type": "LineString",
        "coordinates": [
          [
            126.78736567560468,
            36.45403220242662
          ],
          [
            126.78750733881459,
            36.453955448710545
          ],
          [
            126.78826287593414,
            36.453955448710545
          ],
          [
            126.78840453914405,
            36.45391707185251
          ]
        ]
      }
    },
    {
      "type": "Feature",
      "properties": {
        "proposal_id": "ink-line-47",
        "tile_id": "174-cheongyang-labels",
        "sheet_id": "174-cheongyang",
        "split": "development",
        "proposal_kind": "visible_linework_review_only",
        "backend": "archaeotrace_ink_v2_centerline",
        "upstream_commit": "7960acddb4e82855e2088fdfdd2244799b63775c",
        "pixel_length": 18.243,
        "point_count": 5,
        "confidence": 1.0,
        "review_status": "unreviewed"
      },
      "geometry": {
        "type": "LineString",
        "coordinates": [
          [
            126.78736567560468,
            36.45314953469177
          ],
          [
            126.78760178095453,
            36.45314953469177
          ],
          [
            126.78764900202451,
            36.45311115783373
          ],
          [
            126.78760178095453,
            36.4527657661114
          ],
          [
            126.78750733881459,
            36.45272738925336
          ]
        ]
      }
    },
    {
      "type": "Feature",
      "properties": {
        "proposal_id": "ink-line-48",
        "tile_id": "174-cheongyang-labels",
        "sheet_id": "174-cheongyang",
        "split": "development",
        "proposal_kind": "visible_linework_review_only",
        "backend": "archaeotrace_ink_v2_centerline",
        "upstream_commit": "7960acddb4e82855e2088fdfdd2244799b63775c",
        "pixel_length": 18.657,
        "point_count": 4,
        "confidence": 1.0,
        "review_status": "unreviewed"
      },
      "geometry": {
        "type": "LineString",
        "coordinates": [
          [
            126.78746011774462,
            36.44915834145592
          ],
          [
            126.78793232844434,
            36.44911996459788
          ],
          [
            126.7881684337942,
            36.44900483402377
          ],
          [
            126.78826287593414,
            36.44900483402377
          ]
        ]
      }
    },
    {
      "type": "Feature",
      "properties": {
        "proposal_id": "ink-line-49",
        "tile_id": "174-cheongyang-labels",
        "sheet_id": "174-cheongyang",
        "split": "development",
        "proposal_kind": "visible_linework_review_only",
        "backend": "archaeotrace_ink_v2_centerline",
        "upstream_commit": "7960acddb4e82855e2088fdfdd2244799b63775c",
        "pixel_length": 34.142,
        "point_count": 2,
        "confidence": 1.0,
        "review_status": "unreviewed"
      },
      "geometry": {
        "type": "LineString",
        "coordinates": [
          [
            126.78750733881459,
            36.44628007710314
          ],
          [
            126.78892397091374,
            36.44666384568351
          ]
        ]
      }
    },
    {
      "type": "Feature",
      "properties": {
        "proposal_id": "ink-line-50",
        "tile_id": "174-cheongyang-labels",
        "sheet_id": "174-cheongyang",
        "split": "development",
        "proposal_kind": "visible_linework_review_only",
        "backend": "archaeotrace_ink_v2_centerline",
        "upstream_commit": "7960acddb4e82855e2088fdfdd2244799b63775c",
        "pixel_length": 18.828,
        "point_count": 4,
        "confidence": 1.0,
        "review_status": "unreviewed"
      },
      "geometry": {
        "type": "LineString",
        "coordinates": [
          [
            126.78769622309447,
            36.459251455119656
          ],
          [
            126.78774344416445,
            36.45921307826162
          ],
          [
            126.78793232844434,
            36.459251455119656
          ],
          [
            126.78793232844434,
            36.459750354274135
          ]
        ]
      }
    },
    {
      "type": "Feature",
      "properties": {
        "proposal_id": "ink-line-51",
        "tile_id": "174-cheongyang-labels",
        "sheet_id": "174-cheongyang",
        "split": "development",
        "proposal_kind": "visible_linework_review_only",
        "backend": "archaeotrace_ink_v2_centerline",
        "upstream_commit": "7960acddb4e82855e2088fdfdd2244799b63775c",
        "pixel_length": 26.142,
        "point_count": 4,
        "confidence": 1.0,
        "review_status": "unreviewed"
      },
      "geometry": {
        "type": "LineString",
        "coordinates": [
          [
            126.78774344416445,
            36.4506934157774
          ],
          [
            126.78802677058428,
            36.45050153148721
          ],
          [
            126.78840453914405,
            36.45034802405507
          ],
          [
            126.78878230770383,
            36.450386400913104
          ]
        ]
      }
    },
    {
      "type": "Feature",
      "properties": {
        "proposal_id": "ink-line-52",
        "tile_id": "174-cheongyang-labels",
        "sheet_id": "174-cheongyang",
        "split": "development",
        "proposal_kind": "visible_linework_review_only",
        "backend": "archaeotrace_ink_v2_centerline",
        "upstream_commit": "7960acddb4e82855e2088fdfdd2244799b63775c",
        "pixel_length": 19.556,
        "point_count": 3,
        "confidence": 1.0,
        "review_status": "unreviewed"
      },
      "geometry": {
        "type": "LineString",
        "coordinates": [
          [
            126.78779066523443,
            36.42340746971308
          ],
          [
            126.78793232844434,
            36.423637730861294
          ],
          [
            126.78831009700411,
            36.42398312258363
          ]
        ]
      }
    },
    {
      "type": "Feature",
      "properties": {
        "proposal_id": "ink-line-53",
        "tile_id": "174-cheongyang-labels",
        "sheet_id": "174-cheongyang",
        "split": "development",
        "proposal_kind": "visible_linework_review_only",
        "backend": "archaeotrace_ink_v2_centerline",
        "upstream_commit": "7960acddb4e82855e2088fdfdd2244799b63775c",
        "pixel_length": 30.071,
        "point_count": 6,
        "confidence": 1.0,
        "review_status": "unreviewed"
      },
      "geometry": {
        "type": "LineString",
        "coordinates": [
          [
            126.7879795495143,
            36.43630209401351
          ],
          [
            126.78793232844434,
            36.43634047087155
          ],
          [
            126.78793232844434,
            36.43664748573585
          ],
          [
            126.7879795495143,
            36.43668586259388
          ],
          [
            126.78793232844434,
            36.43726151546444
          ],
          [
            126.78802677058428,
            36.43737664603855
          ]
        ]
      }
    },
    {
      "type": "Feature",
      "properties": {
        "proposal_id": "ink-line-54",
        "tile_id": "174-cheongyang-labels",
        "sheet_id": "174-cheongyang",
        "split": "development",
        "proposal_kind": "visible_linework_review_only",
        "backend": "archaeotrace_ink_v2_centerline",
        "upstream_commit": "7960acddb4e82855e2088fdfdd2244799b63775c",
        "pixel_length": 73.87,
        "point_count": 9,
        "confidence": 1.0,
        "review_status": "unreviewed"
      },
      "geometry": {
        "type": "LineString",
        "coordinates": [
          [
            126.78802677058428,
            36.44620332338707
          ],
          [
            126.78859342342393,
            36.446318453961176
          ],
          [
            126.78901841305368,
            36.44647196139333
          ],
          [
            126.78934896054348,
            36.446510338251365
          ],
          [
            126.78991561338314,
            36.446702222541546
          ],
          [
            126.79010449766302,
            36.446702222541546
          ],
          [
            126.7902933819429,
            36.44677897625762
          ],
          [
            126.7904822662228,
            36.44677897625762
          ],
          [
            126.7911433612024,
            36.44693248368977
          ]
        ]
      }
    },
    {
      "type": "Feature",
      "properties": {
        "proposal_id": "ink-line-55",
        "tile_id": "174-cheongyang-labels",
        "sheet_id": "174-cheongyang",
        "split": "development",
        "proposal_kind": "visible_linework_review_only",
        "backend": "archaeotrace_ink_v2_centerline",
        "upstream_commit": "7960acddb4e82855e2088fdfdd2244799b63775c",
        "pixel_length": 22.657,
        "point_count": 5,
        "confidence": 1.0,
        "review_status": "unreviewed"
      },
      "geometry": {
        "type": "LineString",
        "coordinates": [
          [
            126.78807399165424,
            36.44785352828266
          ],
          [
            126.78807399165424,
            36.44793028199873
          ],
          [
            126.78826287593414,
            36.44800703571481
          ],
          [
            126.78873508663385,
            36.44800703571481
          ],
          [
            126.7889711919837,
            36.44808378943088
          ]
        ]
      }
    },
    {
      "type": "Feature",
      "properties": {
        "proposal_id": "ink-line-56",
        "tile_id": "174-cheongyang-labels",
        "sheet_id": "174-cheongyang",
        "split": "development",
        "proposal_kind": "visible_linework_review_only",
        "backend": "archaeotrace_ink_v2_centerline",
        "upstream_commit": "7960acddb4e82855e2088fdfdd2244799b63775c",
        "pixel_length": 28.728,
        "point_count": 4,
        "confidence": 1.0,
        "review_status": "unreviewed"
      },
      "geometry": {
        "type": "LineString",
        "coordinates": [
          [
            126.78807399165424,
            36.437453399754624
          ],
          [
            126.78835731807408,
            36.437722037760885
          ],
          [
            126.78835731807408,
            36.4382593137734
          ],
          [
            126.788498981284,
            36.43841282120555
          ]
        ]
      }
    },
    {
      "type": "Feature",
      "properties": {
        "proposal_id": "ink-line-57",
        "tile_id": "174-cheongyang-labels",
        "sheet_id": "174-cheongyang",
        "split": "development",
        "proposal_kind": "visible_linework_review_only",
        "backend": "archaeotrace_ink_v2_centerline",
        "upstream_commit": "7960acddb4e82855e2088fdfdd2244799b63775c",
        "pixel_length": 18.243,
        "point_count": 5,
        "confidence": 1.0,
        "review_status": "unreviewed"
      },
      "geometry": {
        "type": "LineString",
        "coordinates": [
          [
            126.78821565486416,
            36.45737098907584
          ],
          [
            126.78826287593414,
            36.45721748164369
          ],
          [
            126.78859342342393,
            36.45721748164369
          ],
          [
            126.78868786556387,
            36.45710235106958
          ],
          [
            126.78868786556387,
            36.45698722049547
          ]
        ]
      }
    },
    {
      "type": "Feature",
      "properties": {
        "proposal_id": "ink-line-58",
        "tile_id": "174-cheongyang-labels",
        "sheet_id": "174-cheongyang",
        "split": "development",
        "proposal_kind": "visible_linework_review_only",
        "backend": "archaeotrace_ink_v2_centerline",
        "upstream_commit": "7960acddb4e82855e2088fdfdd2244799b63775c",
        "pixel_length": 19.243,
        "point_count": 6,
        "confidence": 1.0,
        "review_status": "unreviewed"
      },
      "geometry": {
        "type": "LineString",
        "coordinates": [
          [
            126.78840453914405,
            36.444783379639695
          ],
          [
            126.78868786556387,
            36.444783379639695
          ],
          [
            126.78873508663385,
            36.44482175649773
          ],
          [
            126.78887674984377,
            36.444783379639695
          ],
          [
            126.78892397091374,
            36.44474500278166
          ],
          [
            126.78892397091374,
            36.4444763647754
          ]
        ]
      }
    },
    {
      "type": "Feature",
      "properties": {
        "proposal_id": "ink-line-59",
        "tile_id": "174-cheongyang-labels",
        "sheet_id": "174-cheongyang",
        "split": "development",
        "proposal_kind": "visible_linework_review_only",
        "backend": "archaeotrace_ink_v2_centerline",
        "upstream_commit": "7960acddb4e82855e2088fdfdd2244799b63775c",
        "pixel_length": 23.657,
        "point_count": 3,
        "confidence": 1.0,
        "review_status": "unreviewed"
      },
      "geometry": {
        "type": "LineString",
        "coordinates": [
          [
            126.78845176021402,
            36.454224086716806
          ],
          [
            126.7891600762636,
            36.45418570985877
          ],
          [
            126.7894906237534,
            36.454070579284654
          ]
        ]
      }
    },
    {
      "type": "Feature",
      "properties": {
        "proposal_id": "ink-line-60",
        "tile_id": "174-cheongyang-labels",
        "sheet_id": "174-cheongyang",
        "split": "development",
        "proposal_kind": "visible_linework_review_only",
        "backend": "archaeotrace_ink_v2_centerline",
        "upstream_commit": "7960acddb4e82855e2088fdfdd2244799b63775c",
        "pixel_length": 29.657,
        "point_count": 6,
        "confidence": 1.0,
        "review_status": "unreviewed"
      },
      "geometry": {
        "type": "LineString",
        "coordinates": [
          [
            126.78882952877379,
            36.45917470140358
          ],
          [
            126.78892397091374,
            36.45913632454554
          ],
          [
            126.78953784482337,
            36.45913632454554
          ],
          [
            126.78958506589333,
            36.45917470140358
          ],
          [
            126.78953784482337,
            36.45928983197769
          ],
          [
            126.78958506589333,
            36.459635223700026
          ]
        ]
      }
    },
    {
      "type": "Feature",
      "properties": {
        "proposal_id": "ink-line-61",
        "tile_id": "174-cheongyang-labels",
        "sheet_id": "174-cheongyang",
        "split": "development",
        "proposal_kind": "visible_linework_review_only",
        "backend": "archaeotrace_ink_v2_centerline",
        "upstream_commit": "7960acddb4e82855e2088fdfdd2244799b63775c",
        "pixel_length": 19.071,
        "point_count": 4,
        "confidence": 1.0,
        "review_status": "unreviewed"
      },
      "geometry": {
        "type": "LineString",
        "coordinates": [
          [
            126.7889711919837,
            36.4562964370508
          ],
          [
            126.78906563412365,
            36.456258060192766
          ],
          [
            126.78939618161345,
            36.456258060192766
          ],
          [
            126.78977395017323,
            36.45641156762491
          ]
        ]
      }
    },
    {
      "type": "Feature",
      "properties": {
        "proposal_id": "ink-line-62",
        "tile_id": "174-cheongyang-labels",
        "sheet_id": "174-cheongyang",
        "split": "development",
        "proposal_kind": "visible_linework_review_only",
        "backend": "archaeotrace_ink_v2_centerline",
        "upstream_commit": "7960acddb4e82855e2088fdfdd2244799b63775c",
        "pixel_length": 52.728,
        "point_count": 7,
        "confidence": 1.0,
        "review_status": "unreviewed"
      },
      "geometry": {
        "type": "LineString",
        "coordinates": [
          [
            126.7894906237534,
            36.42609384977567
          ],
          [
            126.78963228696331,
            36.42567170433726
          ],
          [
            126.78963228696331,
            36.4250960514667
          ],
          [
            126.78958506589333,
            36.42505767460867
          ],
          [
            126.78963228696331,
            36.42490416717652
          ],
          [
            126.78958506589333,
            36.42475065974437
          ],
          [
            126.78963228696331,
            36.42421338373185
          ]
        ]
      }
    },
    {
      "type": "Feature",
      "properties": {
        "proposal_id": "ink-line-63",
        "tile_id": "174-cheongyang-labels",
        "sheet_id": "174-cheongyang",
        "split": "development",
        "proposal_kind": "visible_linework_review_only",
        "backend": "archaeotrace_ink_v2_centerline",
        "upstream_commit": "7960acddb4e82855e2088fdfdd2244799b63775c",
        "pixel_length": 27.899,
        "point_count": 3,
        "confidence": 1.0,
        "review_status": "unreviewed"
      },
      "geometry": {
        "type": "LineString",
        "coordinates": [
          [
            126.78958506589333,
            36.446817353115655
          ],
          [
            126.78991561338314,
            36.44693248368977
          ],
          [
            126.79076559264263,
            36.44708599112192
          ]
        ]
      }
    },
    {
      "type": "Feature",
      "properties": {
        "proposal_id": "ink-line-64",
        "tile_id": "174-cheongyang-labels",
        "sheet_id": "174-cheongyang",
        "split": "development",
        "proposal_kind": "visible_linework_review_only",
        "backend": "archaeotrace_ink_v2_centerline",
        "upstream_commit": "7960acddb4e82855e2088fdfdd2244799b63775c",
        "pixel_length": 20.657,
        "point_count": 4,
        "confidence": 1.0,
        "review_status": "unreviewed"
      },
      "geometry": {
        "type": "LineString",
        "coordinates": [
          [
            126.78963228696331,
            36.45100043064169
          ],
          [
            126.78977395017323,
            36.45126906864795
          ],
          [
            126.78977395017323,
            36.45165283722832
          ],
          [
            126.78972672910325,
            36.451729590944396
          ]
        ]
      }
    },
    {
      "type": "Feature",
      "properties": {
        "proposal_id": "ink-line-65",
        "tile_id": "174-cheongyang-labels",
        "sheet_id": "174-cheongyang",
        "split": "development",
        "proposal_kind": "visible_linework_review_only",
        "backend": "archaeotrace_ink_v2_centerline",
        "upstream_commit": "7960acddb4e82855e2088fdfdd2244799b63775c",
        "pixel_length": 18.485,
        "point_count": 2,
        "confidence": 1.0,
        "review_status": "unreviewed"
      },
      "geometry": {
        "type": "LineString",
        "coordinates": [
          [
            126.78967950803327,
            36.437223138606406
          ],
          [
            126.79043504515282,
            36.437453399754624
          ]
        ]
      }
    },
    {
      "type": "Feature",
      "properties": {
        "proposal_id": "ink-line-66",
        "tile_id": "174-cheongyang-labels",
        "sheet_id": "174-cheongyang",
        "split": "development",
        "proposal_kind": "visible_linework_review_only",
        "backend": "archaeotrace_ink_v2_centerline",
        "upstream_commit": "7960acddb4e82855e2088fdfdd2244799b63775c",
        "pixel_length": 91.799,
        "point_count": 16,
        "confidence": 1.0,
        "review_status": "unreviewed"
      },
      "geometry": {
        "type": "LineString",
        "coordinates": [
          [
            126.78967950803327,
            36.424098253157744
          ],
          [
            126.78963228696331,
            36.42394474572559
          ],
          [
            126.78972672910325,
            36.42375286143541
          ],
          [
            126.78972672910325,
            36.42359935400326
          ],
          [
            126.78982117124319,
            36.42348422342915
          ],
          [
            126.78986839231317,
            36.423253962280924
          ],
          [
            126.7899628344531,
            36.42317720856485
          ],
          [
            126.7899628344531,
            36.42306207799074
          ],
          [
            126.79005727659305,
            36.422946947416634
          ],
          [
            126.79005727659305,
            36.42279343998448
          ],
          [
            126.79010449766302,
            36.422755063126445
          ],
          [
            126.79010449766302,
            36.42217941025589
          ],
          [
            126.790151718733,
            36.42214103339785
          ],
          [
            126.79010449766302,
            36.421258365663
          ],
          [
            126.790151718733,
            36.421219988804964
          ],
          [
            126.790151718733,
            36.42079784336656
          ]
        ]
      }
    },
    {
      "type": "Feature",
      "properties": {
        "proposal_id": "ink-line-67",
        "tile_id": "174-cheongyang-labels",
        "sheet_id": "174-cheongyang",
        "split": "development",
        "proposal_kind": "visible_linework_review_only",
        "backend": "archaeotrace_ink_v2_centerline",
        "upstream_commit": "7960acddb4e82855e2088fdfdd2244799b63775c",
        "pixel_length": 31.657,
        "point_count": 7,
        "confidence": 1.0,
        "review_status": "unreviewed"
      },
      "geometry": {
        "type": "LineString",
        "coordinates": [
          [
            126.78982117124319,
            36.42609384977567
          ],
          [
            126.78986839231317,
            36.425748458053334
          ],
          [
            126.78991561338314,
            36.4257100811953
          ],
          [
            126.78991561338314,
            36.425403066331
          ],
          [
            126.7899628344531,
            36.425364689472964
          ],
          [
            126.7899628344531,
            36.424980920892594
          ],
          [
            126.79001005552308,
            36.42494254403456
          ]
        ]
      }
    },
    {
      "type": "Feature",
      "properties": {
        "proposal_id": "ink-line-68",
        "tile_id": "174-cheongyang-labels",
        "sheet_id": "174-cheongyang",
        "split": "development",
        "proposal_kind": "visible_linework_review_only",
        "backend": "archaeotrace_ink_v2_centerline",
        "upstream_commit": "7960acddb4e82855e2088fdfdd2244799b63775c",
        "pixel_length": 30.728,
        "point_count": 4,
        "confidence": 1.0,
        "review_status": "unreviewed"
      },
      "geometry": {
        "type": "LineString",
        "coordinates": [
          [
            126.7899628344531,
            36.44202024586103
          ],
          [
            126.78986839231317,
            36.44213537643514
          ],
          [
            126.78986839231317,
            36.44244239129944
          ],
          [
            126.79019893980296,
            36.44305642102803
          ]
        ]
      }
    },
    {
      "type": "Feature",
      "properties": {
        "proposal_id": "ink-line-69",
        "tile_id": "174-cheongyang-labels",
        "sheet_id": "174-cheongyang",
        "split": "development",
        "proposal_kind": "visible_linework_review_only",
        "backend": "archaeotrace_ink_v2_centerline",
        "upstream_commit": "7960acddb4e82855e2088fdfdd2244799b63775c",
        "pixel_length": 18.414,
        "point_count": 3,
        "confidence": 1.0,
        "review_status": "unreviewed"
      },
      "geometry": {
        "type": "LineString",
        "coordinates": [
          [
            126.7899628344531,
            36.42421338373185
          ],
          [
            126.7899628344531,
            36.424865790318485
          ],
          [
            126.79001005552308,
            36.42490416717652
          ]
        ]
      }
    },
    {
      "type": "Feature",
      "properties": {
        "proposal_id": "ink-line-70",
        "tile_id": "174-cheongyang-labels",
        "sheet_id": "174-cheongyang",
        "split": "development",
        "proposal_kind": "visible_linework_review_only",
        "backend": "archaeotrace_ink_v2_centerline",
        "upstream_commit": "7960acddb4e82855e2088fdfdd2244799b63775c",
        "pixel_length": 26.899,
        "point_count": 3,
        "confidence": 1.0,
        "review_status": "unreviewed"
      },
      "geometry": {
        "type": "LineString",
        "coordinates": [
          [
            126.79005727659305,
            36.45652669819903
          ],
          [
            126.79057670836274,
            36.45664182877314
          ],
          [
            126.79119058227236,
            36.45648832134099
          ]
        ]
      }
    },
    {
      "type": "Feature",
      "properties": {
        "proposal_id": "ink-line-71",
        "tile_id": "174-cheongyang-labels",
        "sheet_id": "174-cheongyang",
        "split": "development",
        "proposal_kind": "visible_linework_review_only",
        "backend": "archaeotrace_ink_v2_centerline",
        "upstream_commit": "7960acddb4e82855e2088fdfdd2244799b63775c",
        "pixel_length": 26.071,
        "point_count": 6,
        "confidence": 1.0,
        "review_status": "unreviewed"
      },
      "geometry": {
        "type": "LineString",
        "coordinates": [
          [
            126.79043504515282,
            36.45061666206132
          ],
          [
            126.79043504515282,
            36.45027127033899
          ],
          [
            126.79057670836274,
            36.45011776290684
          ],
          [
            126.79067115050267,
            36.450079386048806
          ],
          [
            126.79104891906245,
            36.450079386048806
          ],
          [
            126.79109614013242,
            36.45011776290684
          ]
        ]
      }
    },
    {
      "type": "Feature",
      "properties": {
        "proposal_id": "ink-line-72",
        "tile_id": "174-cheongyang-labels",
        "sheet_id": "174-cheongyang",
        "split": "development",
        "proposal_kind": "visible_linework_review_only",
        "backend": "archaeotrace_ink_v2_centerline",
        "upstream_commit": "7960acddb4e82855e2088fdfdd2244799b63775c",
        "pixel_length": 31.657,
        "point_count": 8,
        "confidence": 1.0,
        "review_status": "unreviewed"
      },
      "geometry": {
        "type": "LineString",
        "coordinates": [
          [
            126.7904822662228,
            36.421987525965704
          ],
          [
            126.7904822662228,
            36.42175726481748
          ],
          [
            126.79043504515282,
            36.42171888795944
          ],
          [
            126.79043504515282,
            36.42118161194693
          ],
          [
            126.7904822662228,
            36.42114323508889
          ],
          [
            126.79043504515282,
            36.421104858230855
          ],
          [
            126.79043504515282,
            36.42087459708263
          ],
          [
            126.7904822662228,
            36.420836220224594
          ]
        ]
      }
    },
    {
      "type": "Feature",
      "properties": {
        "proposal_id": "ink-line-73",
        "tile_id": "174-cheongyang-labels",
        "sheet_id": "174-cheongyang",
        "split": "development",
        "proposal_kind": "visible_linework_review_only",
        "backend": "archaeotrace_ink_v2_centerline",
        "upstream_commit": "7960acddb4e82855e2088fdfdd2244799b63775c",
        "pixel_length": 44.971,
        "point_count": 2,
        "confidence": 1.0,
        "review_status": "unreviewed"
      },
      "geometry": {
        "type": "LineString",
        "coordinates": [
          [
            126.79052948729277,
            36.43749177661266
          ],
          [
            126.79241833009162,
            36.4379522989091
          ]
        ]
      }
    },
    {
      "type": "Feature",
      "properties": {
        "proposal_id": "ink-line-74",
        "tile_id": "174-cheongyang-labels",
        "sheet_id": "174-cheongyang",
        "split": "development",
        "proposal_kind": "visible_linework_review_only",
        "backend": "archaeotrace_ink_v2_centerline",
        "upstream_commit": "7960acddb4e82855e2088fdfdd2244799b63775c",
        "pixel_length": 41.142,
        "point_count": 8,
        "confidence": 1.0,
        "review_status": "unreviewed"
      },
      "geometry": {
        "type": "LineString",
        "coordinates": [
          [
            126.79086003478257,
            36.45288089668551
          ],
          [
            126.79100169799248,
            36.45303440411766
          ],
          [
            126.79119058227236,
            36.45303440411766
          ],
          [
            126.79123780334234,
            36.45299602725962
          ],
          [
            126.7912850244123,
            36.45284251982747
          ],
          [
            126.7912850244123,
            36.45222849009888
          ],
          [
            126.7914739086922,
            36.452113359524766
          ],
          [
            126.79166279297208,
            36.45219011324084
          ]
        ]
      }
    },
    {
      "type": "Feature",
      "properties": {
        "proposal_id": "ink-line-75",
        "tile_id": "174-cheongyang-labels",
        "sheet_id": "174-cheongyang",
        "split": "development",
        "proposal_kind": "visible_linework_review_only",
        "backend": "archaeotrace_ink_v2_centerline",
        "upstream_commit": "7960acddb4e82855e2088fdfdd2244799b63775c",
        "pixel_length": 25.071,
        "point_count": 3,
        "confidence": 1.0,
        "review_status": "unreviewed"
      },
      "geometry": {
        "type": "LineString",
        "coordinates": [
          [
            126.79119058227236,
            36.454339217290915
          ],
          [
            126.79171001404205,
            36.45430084043288
          ],
          [
            126.7922766668817,
            36.454454347865024
          ]
        ]
      }
    },
    {
      "type": "Feature",
      "properties": {
        "proposal_id": "ink-line-76",
        "tile_id": "174-cheongyang-labels",
        "sheet_id": "174-cheongyang",
        "split": "development",
        "proposal_kind": "visible_linework_review_only",
        "backend": "archaeotrace_ink_v2_centerline",
        "upstream_commit": "7960acddb4e82855e2088fdfdd2244799b63775c",
        "pixel_length": 20.243,
        "point_count": 4,
        "confidence": 1.0,
        "review_status": "unreviewed"
      },
      "geometry": {
        "type": "LineString",
        "coordinates": [
          [
            126.79119058227236,
            36.42367610771933
          ],
          [
            126.79119058227236,
            36.42348422342915
          ],
          [
            126.7912850244123,
            36.42329233913896
          ],
          [
            126.79133224548228,
            36.422946947416634
          ]
        ]
      }
    },
    {
      "type": "Feature",
      "properties": {
        "proposal_id": "ink-line-77",
        "tile_id": "174-cheongyang-labels",
        "sheet_id": "174-cheongyang",
        "split": "development",
        "proposal_kind": "visible_linework_review_only",
        "backend": "archaeotrace_ink_v2_centerline",
        "upstream_commit": "7960acddb4e82855e2088fdfdd2244799b63775c",
        "pixel_length": 18.243,
        "point_count": 4,
        "confidence": 1.0,
        "review_status": "unreviewed"
      },
      "geometry": {
        "type": "LineString",
        "coordinates": [
          [
            126.7912850244123,
            36.45506837759362
          ],
          [
            126.79171001404205,
            36.45506837759362
          ],
          [
            126.79180445618199,
            36.45503000073558
          ],
          [
            126.79208778260183,
            36.455106754451656
          ]
        ]
      }
    },
    {
      "type": "Feature",
      "properties": {
        "proposal_id": "ink-line-78",
        "tile_id": "174-cheongyang-labels",
        "sheet_id": "174-cheongyang",
        "split": "development",
        "proposal_kind": "visible_linework_review_only",
        "backend": "archaeotrace_ink_v2_centerline",
        "upstream_commit": "7960acddb4e82855e2088fdfdd2244799b63775c",
        "pixel_length": 30.213,
        "point_count": 6,
        "confidence": 1.0,
        "review_status": "unreviewed"
      },
      "geometry": {
        "type": "LineString",
        "coordinates": [
          [
            126.79137946655226,
            36.44393908876288
          ],
          [
            126.7914739086922,
            36.444015842478954
          ],
          [
            126.79156835083214,
            36.44424610362718
          ],
          [
            126.79185167725197,
            36.4444763647754
          ],
          [
            126.79204056153185,
            36.44455311849148
          ],
          [
            126.79218222474177,
            36.444783379639695
          ]
        ]
      }
    },
    {
      "type": "Feature",
      "properties": {
        "proposal_id": "ink-line-79",
        "tile_id": "174-cheongyang-labels",
        "sheet_id": "174-cheongyang",
        "split": "development",
        "proposal_kind": "visible_linework_review_only",
        "backend": "archaeotrace_ink_v2_centerline",
        "upstream_commit": "7960acddb4e82855e2088fdfdd2244799b63775c",
        "pixel_length": 30.071,
        "point_count": 6,
        "confidence": 1.0,
        "review_status": "unreviewed"
      },
      "geometry": {
        "type": "LineString",
        "coordinates": [
          [
            126.79161557190211,
            36.45073179263544
          ],
          [
            126.79161557190211,
            36.45088530006758
          ],
          [
            126.79175723511203,
            36.45103880749973
          ],
          [
            126.79171001404205,
            36.45107718435777
          ],
          [
            126.79171001404205,
            36.451729590944396
          ],
          [
            126.79175723511203,
            36.45180634466047
          ]
        ]
      }
    },
    {
      "type": "Feature",
      "properties": {
        "proposal_id": "ink-line-80",
        "tile_id": "174-cheongyang-labels",
        "sheet_id": "174-cheongyang",
        "split": "development",
        "proposal_kind": "visible_linework_review_only",
        "backend": "archaeotrace_ink_v2_centerline",
        "upstream_commit": "7960acddb4e82855e2088fdfdd2244799b63775c",
        "pixel_length": 31.071,
        "point_count": 5,
        "confidence": 1.0,
        "review_status": "unreviewed"
      },
      "geometry": {
        "type": "LineString",
        "coordinates": [
          [
            126.79175723511203,
            36.446894106831735
          ],
          [
            126.79175723511203,
            36.446433584535285
          ],
          [
            126.79189889832195,
            36.44620332338707
          ],
          [
            126.79189889832195,
            36.44597306223884
          ],
          [
            126.79199334046189,
            36.44578117794866
          ]
        ]
      }
    },
    {
      "type": "Feature",
      "properties": {
        "proposal_id": "ink-line-81",
        "tile_id": "174-cheongyang-labels",
        "sheet_id": "174-cheongyang",
        "split": "development",
        "proposal_kind": "visible_linework_review_only",
        "backend": "archaeotrace_ink_v2_centerline",
        "upstream_commit": "7960acddb4e82855e2088fdfdd2244799b63775c",
        "pixel_length": 22.071,
        "point_count": 5,
        "confidence": 1.0,
        "review_status": "unreviewed"
      },
      "geometry": {
        "type": "LineString",
        "coordinates": [
          [
            126.7921350036718,
            36.445550916800435
          ],
          [
            126.79222944581174,
            36.445282278794174
          ],
          [
            126.7921350036718,
            36.444975263929884
          ],
          [
            126.7921350036718,
            36.44482175649773
          ],
          [
            126.79218222474177,
            36.444783379639695
          ]
        ]
      }
    },
    {
      "type": "Feature",
      "properties": {
        "proposal_id": "ink-line-82",
        "tile_id": "174-cheongyang-labels",
        "sheet_id": "174-cheongyang",
        "split": "development",
        "proposal_kind": "visible_linework_review_only",
        "backend": "archaeotrace_ink_v2_centerline",
        "upstream_commit": "7960acddb4e82855e2088fdfdd2244799b63775c",
        "pixel_length": 23.899,
        "point_count": 3,
        "confidence": 1.0,
        "review_status": "unreviewed"
      },
      "geometry": {
        "type": "LineString",
        "coordinates": [
          [
            126.7924655511616,
            36.43776041461892
          ],
          [
            126.79289054079133,
            36.437837168334994
          ],
          [
            126.793457193631,
            36.43802905262518
          ]
        ]
      }
    },
    {
      "type": "Feature",
      "properties": {
        "proposal_id": "ink-line-83",
        "tile_id": "174-cheongyang-labels",
        "sheet_id": "174-cheongyang",
        "split": "development",
        "proposal_kind": "visible_linework_review_only",
        "backend": "archaeotrace_ink_v2_centerline",
        "upstream_commit": "7960acddb4e82855e2088fdfdd2244799b63775c",
        "pixel_length": 18.071,
        "point_count": 2,
        "confidence": 1.0,
        "review_status": "unreviewed"
      },
      "geometry": {
        "type": "LineString",
        "coordinates": [
          [
            126.79251277223158,
            36.447584890276396
          ],
          [
            126.7932683093511,
            36.447776774566584
          ]
        ]
      }
    },
    {
      "type": "Feature",
      "properties": {
        "proposal_id": "ink-line-84",
        "tile_id": "174-cheongyang-labels",
        "sheet_id": "174-cheongyang",
        "split": "development",
        "proposal_kind": "visible_linework_review_only",
        "backend": "archaeotrace_ink_v2_centerline",
        "upstream_commit": "7960acddb4e82855e2088fdfdd2244799b63775c",
        "pixel_length": 22.657,
        "point_count": 2,
        "confidence": 1.0,
        "review_status": "unreviewed"
      },
      "geometry": {
        "type": "LineString",
        "coordinates": [
          [
            126.79260721437151,
            36.45932820883573
          ],
          [
            126.79359885684092,
            36.45917470140358
          ]
        ]
      }
    },
    {
      "type": "Feature",
      "properties": {
        "proposal_id": "ink-line-85",
        "tile_id": "174-cheongyang-labels",
        "sheet_id": "174-cheongyang",
        "split": "development",
        "proposal_kind": "visible_linework_review_only",
        "backend": "archaeotrace_ink_v2_centerline",
        "upstream_commit": "7960acddb4e82855e2088fdfdd2244799b63775c",
        "pixel_length": 19.899,
        "point_count": 4,
        "confidence": 1.0,
        "review_status": "unreviewed"
      },
      "geometry": {
        "type": "LineString",
        "coordinates": [
          [
            126.79260721437151,
            36.441981869002994
          ],
          [
            126.79274887758143,
            36.442173753293176
          ],
          [
            126.79284331972137,
            36.442557521873546
          ],
          [
            126.79293776186131,
            36.442634275589626
          ]
        ]
      }
    },
    {
      "type": "Feature",
      "properties": {
        "proposal_id": "ink-line-86",
        "tile_id": "174-cheongyang-labels",
        "sheet_id": "174-cheongyang",
        "split": "development",
        "proposal_kind": "visible_linework_review_only",
        "backend": "archaeotrace_ink_v2_centerline",
        "upstream_commit": "7960acddb4e82855e2088fdfdd2244799b63775c",
        "pixel_length": 31.142,
        "point_count": 5,
        "confidence": 1.0,
        "review_status": "unreviewed"
      },
      "geometry": {
        "type": "LineString",
        "coordinates": [
          [
            126.79274887758143,
            36.44735462912818
          ],
          [
            126.79293776186131,
            36.44746975970229
          ],
          [
            126.79322108828114,
            36.44750813656032
          ],
          [
            126.79336275149106,
            36.447584890276396
          ],
          [
            126.79402384647065,
            36.44773839770855
          ]
        ]
      }
    },
    {
      "type": "Feature",
      "properties": {
        "proposal_id": "ink-line-87",
        "tile_id": "174-cheongyang-labels",
        "sheet_id": "174-cheongyang",
        "split": "development",
        "proposal_kind": "visible_linework_review_only",
        "backend": "archaeotrace_ink_v2_centerline",
        "upstream_commit": "7960acddb4e82855e2088fdfdd2244799b63775c",
        "pixel_length": 38.071,
        "point_count": 5,
        "confidence": 1.0,
        "review_status": "unreviewed"
      },
      "geometry": {
        "type": "LineString",
        "coordinates": [
          [
            126.79284331972137,
            36.45050153148721
          ],
          [
            126.7927960986514,
            36.45053990834525
          ],
          [
            126.7927960986514,
            36.45092367692562
          ],
          [
            126.79293776186131,
            36.4514225760801
          ],
          [
            126.79298498293129,
            36.45188309837655
          ]
        ]
      }
    },
    {
      "type": "Feature",
      "properties": {
        "proposal_id": "ink-line-88",
        "tile_id": "174-cheongyang-labels",
        "sheet_id": "174-cheongyang",
        "split": "development",
        "proposal_kind": "visible_linework_review_only",
        "backend": "archaeotrace_ink_v2_centerline",
        "upstream_commit": "7960acddb4e82855e2088fdfdd2244799b63775c",
        "pixel_length": 24.071,
        "point_count": 5,
        "confidence": 1.0,
        "review_status": "unreviewed"
      },
      "geometry": {
        "type": "LineString",
        "coordinates": [
          [
            126.79293776186131,
            36.45579753789632
          ],
          [
            126.79307942507123,
            36.455989422186505
          ],
          [
            126.79307942507123,
            36.456181306476694
          ],
          [
            126.79317386721117,
            36.456373190766875
          ],
          [
            126.79317386721117,
            36.45664182877314
          ]
        ]
      }
    },
    {
      "type": "Feature",
      "properties": {
        "proposal_id": "ink-line-89",
        "tile_id": "174-cheongyang-labels",
        "sheet_id": "174-cheongyang",
        "split": "development",
        "proposal_kind": "visible_linework_review_only",
        "backend": "archaeotrace_ink_v2_centerline",
        "upstream_commit": "7960acddb4e82855e2088fdfdd2244799b63775c",
        "pixel_length": 20.728,
        "point_count": 5,
        "confidence": 1.0,
        "review_status": "unreviewed"
      },
      "geometry": {
        "type": "LineString",
        "coordinates": [
          [
            126.79317386721117,
            36.450194516622915
          ],
          [
            126.7932683093511,
            36.45015613976488
          ],
          [
            126.793457193631,
            36.45030964719703
          ],
          [
            126.79369329898086,
            36.45034802405507
          ],
          [
            126.79397662540069,
            36.450463154629176
          ]
        ]
      }
    },
    {
      "type": "Feature",
      "properties": {
        "proposal_id": "ink-line-90",
        "tile_id": "174-cheongyang-labels",
        "sheet_id": "174-cheongyang",
        "split": "development",
        "proposal_kind": "visible_linework_review_only",
        "backend": "archaeotrace_ink_v2_centerline",
        "upstream_commit": "7960acddb4e82855e2088fdfdd2244799b63775c",
        "pixel_length": 39.243,
        "point_count": 4,
        "confidence": 1.0,
        "review_status": "unreviewed"
      },
      "geometry": {
        "type": "LineString",
        "coordinates": [
          [
            126.7932683093511,
            36.454722985871285
          ],
          [
            126.79322108828114,
            36.45430084043288
          ],
          [
            126.79331553042108,
            36.45403220242662
          ],
          [
            126.79331553042108,
            36.45326466526588
          ]
        ]
      }
    },
    {
      "type": "Feature",
      "properties": {
        "proposal_id": "ink-line-91",
        "tile_id": "174-cheongyang-labels",
        "sheet_id": "174-cheongyang",
        "split": "development",
        "proposal_kind": "visible_linework_review_only",
        "backend": "archaeotrace_ink_v2_centerline",
        "upstream_commit": "7960acddb4e82855e2088fdfdd2244799b63775c",
        "pixel_length": 31.828,
        "point_count": 5,
        "confidence": 1.0,
        "review_status": "unreviewed"
      },
      "geometry": {
        "type": "LineString",
        "coordinates": [
          [
            126.793457193631,
            36.444284480485216
          ],
          [
            126.793457193631,
            36.44397746562092
          ],
          [
            126.79350441470098,
            36.44393908876288
          ],
          [
            126.79364607791088,
            36.443900711904845
          ],
          [
            126.79454327824034,
            36.443900711904845
          ]
        ]
      }
    },
    {
      "type": "Feature",
      "properties": {
        "proposal_id": "ink-line-92",
        "tile_id": "174-cheongyang-labels",
        "sheet_id": "174-cheongyang",
        "split": "development",
        "proposal_kind": "visible_linework_review_only",
        "backend": "archaeotrace_ink_v2_centerline",
        "upstream_commit": "7960acddb4e82855e2088fdfdd2244799b63775c",
        "pixel_length": 19.899,
        "point_count": 5,
        "confidence": 1.0,
        "review_status": "unreviewed"
      },
      "geometry": {
        "type": "LineString",
        "coordinates": [
          [
            126.79350441470098,
            36.455874291612396
          ],
          [
            126.7937877411208,
            36.455874291612396
          ],
          [
            126.79397662540069,
            36.45595104532847
          ],
          [
            126.79416550968057,
            36.45610455276062
          ],
          [
            126.79421273075054,
            36.45621968333473
          ]
        ]
      }
    },
    {
      "type": "Feature",
      "properties": {
        "proposal_id": "ink-line-93",
        "tile_id": "174-cheongyang-labels",
        "sheet_id": "174-cheongyang",
        "split": "development",
        "proposal_kind": "visible_linework_review_only",
        "backend": "archaeotrace_ink_v2_centerline",
        "upstream_commit": "7960acddb4e82855e2088fdfdd2244799b63775c",
        "pixel_length": 100.243,
        "point_count": 2,
        "confidence": 1.0,
        "review_status": "unreviewed"
      },
      "geometry": {
        "type": "LineString",
        "coordinates": [
          [
            126.79369329898086,
            36.43158174047496
          ],
          [
            126.79374052005083,
            36.43538104942063
          ]
        ]
      }
    },
    {
      "type": "Feature",
      "properties": {
        "proposal_id": "ink-line-94",
        "tile_id": "174-cheongyang-labels",
        "sheet_id": "174-cheongyang",
        "split": "development",
        "proposal_kind": "visible_linework_review_only",
        "backend": "archaeotrace_ink_v2_centerline",
        "upstream_commit": "7960acddb4e82855e2088fdfdd2244799b63775c",
        "pixel_length": 38.657,
        "point_count": 8,
        "confidence": 1.0,
        "review_status": "unreviewed"
      },
      "geometry": {
        "type": "LineString",
        "coordinates": [
          [
            126.79369329898086,
            36.4313131024687
          ],
          [
            126.79369329898086,
            36.431044464462445
          ],
          [
            126.79374052005083,
            36.4310060876044
          ],
          [
            126.79369329898086,
            36.43089095703029
          ],
          [
            126.79369329898086,
            36.430276927301705
          ],
          [
            126.79374052005083,
            36.43023855044366
          ],
          [
            126.79369329898086,
            36.430200173585625
          ],
          [
            126.79369329898086,
            36.429893158721335
          ]
        ]
      }
    },
    {
      "type": "Feature",
      "properties": {
        "proposal_id": "ink-line-95",
        "tile_id": "174-cheongyang-labels",
        "sheet_id": "174-cheongyang",
        "split": "development",
        "proposal_kind": "visible_linework_review_only",
        "backend": "archaeotrace_ink_v2_centerline",
        "upstream_commit": "7960acddb4e82855e2088fdfdd2244799b63775c",
        "pixel_length": 242.042,
        "point_count": 20,
        "confidence": 1.0,
        "review_status": "unreviewed"
      },
      "geometry": {
        "type": "LineString",
        "coordinates": [
          [
            126.79369329898086,
            36.429816405005255
          ],
          [
            126.79374052005083,
            36.428933737270405
          ],
          [
            126.79369329898086,
            36.42889536041237
          ],
          [
            126.79369329898086,
            36.42713002494266
          ],
          [
            126.79364607791088,
            36.42709164808463
          ],
          [
            126.79369329898086,
            36.42647761835604
          ],
          [
            126.79364607791088,
            36.426439241498
          ],
          [
            126.79364607791088,
            36.42617060349174
          ],
          [
            126.79369329898086,
            36.426132226633705
          ],
          [
            126.79374052005083,
            36.42367610771933
          ],
          [
            126.7937877411208,
            36.423637730861294
          ],
          [
            126.7937877411208,
            36.42336909285504
          ],
          [
            126.79383496219077,
            36.423330715997004
          ],
          [
            126.79388218326073,
            36.42210265653981
          ],
          [
            126.79392940433071,
            36.42206427968178
          ],
          [
            126.79392940433071,
            36.421872395391595
          ],
          [
            126.79402384647065,
            36.42168051110141
          ],
          [
            126.79402384647065,
            36.421488626811225
          ],
          [
            126.79407106754063,
            36.42145024995319
          ],
          [
            126.79421273075054,
            36.42079784336656
          ]
        ]
      }
    },
    {
      "type": "Feature",
      "properties": {
        "proposal_id": "ink-line-96",
        "tile_id": "174-cheongyang-labels",
        "sheet_id": "174-cheongyang",
        "split": "development",
        "proposal_kind": "visible_linework_review_only",
        "backend": "archaeotrace_ink_v2_centerline",
        "upstream_commit": "7960acddb4e82855e2088fdfdd2244799b63775c",
        "pixel_length": 36.071,
        "point_count": 7,
        "confidence": 1.0,
        "review_status": "unreviewed"
      },
      "geometry": {
        "type": "LineString",
        "coordinates": [
          [
            126.7937877411208,
            36.43541942627866
          ],
          [
            126.79388218326073,
            36.43564968742688
          ],
          [
            126.79388218326073,
            36.43603345600725
          ],
          [
            126.79392940433071,
            36.436071832865295
          ],
          [
            126.79392940433071,
            36.436378847729586
          ],
          [
            126.79397662540069,
            36.43641722458762
          ],
          [
            126.79402384647065,
            36.43672423945192
          ]
        ]
      }
    },
    {
      "type": "Feature",
      "properties": {
        "proposal_id": "ink-line-97",
        "tile_id": "174-cheongyang-labels",
        "sheet_id": "174-cheongyang",
        "split": "development",
        "proposal_kind": "visible_linework_review_only",
        "backend": "archaeotrace_ink_v2_centerline",
        "upstream_commit": "7960acddb4e82855e2088fdfdd2244799b63775c",
        "pixel_length": 18.728,
        "point_count": 3,
        "confidence": 1.0,
        "review_status": "unreviewed"
      },
      "geometry": {
        "type": "LineString",
        "coordinates": [
          [
            126.79392940433071,
            36.45265063553729
          ],
          [
            126.79430717289048,
            36.4527657661114
          ],
          [
            126.79459049931032,
            36.45303440411766
          ]
        ]
      }
    },
    {
      "type": "Feature",
      "properties": {
        "proposal_id": "ink-line-98",
        "tile_id": "174-cheongyang-labels",
        "sheet_id": "174-cheongyang",
        "split": "development",
        "proposal_kind": "visible_linework_review_only",
        "backend": "archaeotrace_ink_v2_centerline",
        "upstream_commit": "7960acddb4e82855e2088fdfdd2244799b63775c",
        "pixel_length": 266.213,
        "point_count": 21,
        "confidence": 1.0,
        "review_status": "unreviewed"
      },
      "geometry": {
        "type": "LineString",
        "coordinates": [
          [
            126.79397662540069,
            36.42670787950426
          ],
          [
            126.79397662540069,
            36.427014894368554
          ],
          [
            126.79392940433071,
            36.42705327122659
          ],
          [
            126.79392940433071,
            36.42720677865874
          ],
          [
            126.79397662540069,
            36.42724515551678
          ],
          [
            126.79397662540069,
            36.429125621560594
          ],
          [
            126.79402384647065,
            36.42916399841863
          ],
          [
            126.79402384647065,
            36.42935588270881
          ],
          [
            126.79397662540069,
            36.42939425956685
          ],
          [
            126.79397662540069,
            36.429816405005255
          ],
          [
            126.79402384647065,
            36.42985478186329
          ],
          [
            126.79402384647065,
            36.43031530415974
          ],
          [
            126.79397662540069,
            36.43035368101778
          ],
          [
            126.79402384647065,
            36.43050718844992
          ],
          [
            126.79397662540069,
            36.430660695882075
          ],
          [
            126.79397662540069,
            36.43426812053755
          ],
          [
            126.79402384647065,
            36.43430649739559
          ],
          [
            126.7941182886106,
            36.43591832543314
          ],
          [
            126.79416550968057,
            36.43595670229118
          ],
          [
            126.79421273075054,
            36.43641722458762
          ],
          [
            126.79430717289048,
            36.43668586259388
          ]
        ]
      }
    },
    {
      "type": "Feature",
      "properties": {
        "proposal_id": "ink-line-99",
        "tile_id": "174-cheongyang-labels",
        "sheet_id": "174-cheongyang",
        "split": "development",
        "proposal_kind": "visible_linework_review_only",
        "backend": "archaeotrace_ink_v2_centerline",
        "upstream_commit": "7960acddb4e82855e2088fdfdd2244799b63775c",
        "pixel_length": 131.899,
        "point_count": 7,
        "confidence": 1.0,
        "review_status": "unreviewed"
      },
      "geometry": {
        "type": "LineString",
        "coordinates": [
          [
            126.79397662540069,
            36.426631125788184
          ],
          [
            126.79402384647065,
            36.423906368867556
          ],
          [
            126.79407106754063,
            36.42386799200952
          ],
          [
            126.79407106754063,
            36.42340746971308
          ],
          [
            126.7941182886106,
            36.42336909285504
          ],
          [
            126.79416550968057,
            36.42214103339785
          ],
          [
            126.79430717289048,
            36.42168051110141
          ]
        ]
      }
    },
    {
      "type": "Feature",
      "properties": {
        "proposal_id": "ink-line-100",
        "tile_id": "174-cheongyang-labels",
        "sheet_id": "174-cheongyang",
        "split": "development",
        "proposal_kind": "visible_linework_review_only",
        "backend": "archaeotrace_ink_v2_centerline",
        "upstream_commit": "7960acddb4e82855e2088fdfdd2244799b63775c",
        "pixel_length": 19.243,
        "point_count": 6,
        "confidence": 1.0,
        "review_status": "unreviewed"
      },
      "geometry": {
        "type": "LineString",
        "coordinates": [
          [
            126.79407106754063,
            36.44451474163344
          ],
          [
            126.7941182886106,
            36.44455311849148
          ],
          [
            126.79459049931032,
            36.44455311849148
          ],
          [
            126.79463772038028,
            36.44451474163344
          ],
          [
            126.79463772038028,
            36.44432285734325
          ],
          [
            126.79459049931032,
            36.444284480485216
          ]
        ]
      }
    },
    {
      "type": "Feature",
      "properties": {
        "proposal_id": "ink-line-101",
        "tile_id": "174-cheongyang-labels",
        "sheet_id": "174-cheongyang",
        "split": "development",
        "proposal_kind": "visible_linework_review_only",
        "backend": "archaeotrace_ink_v2_centerline",
        "upstream_commit": "7960acddb4e82855e2088fdfdd2244799b63775c",
        "pixel_length": 25.899,
        "point_count": 2,
        "confidence": 1.0,
        "review_status": "unreviewed"
      },
      "geometry": {
        "type": "LineString",
        "coordinates": [
          [
            126.7941182886106,
            36.447776774566584
          ],
          [
            126.79520437321995,
            36.448045412572846
          ]
        ]
      }
    },
    {
      "type": "Feature",
      "properties": {
        "proposal_id": "ink-line-102",
        "tile_id": "174-cheongyang-labels",
        "sheet_id": "174-cheongyang",
        "split": "development",
        "proposal_kind": "visible_linework_review_only",
        "backend": "archaeotrace_ink_v2_centerline",
        "upstream_commit": "7960acddb4e82855e2088fdfdd2244799b63775c",
        "pixel_length": 20.485,
        "point_count": 4,
        "confidence": 1.0,
        "review_status": "unreviewed"
      },
      "geometry": {
        "type": "LineString",
        "coordinates": [
          [
            126.79430717289048,
            36.45103880749973
          ],
          [
            126.79473216252023,
            36.450962053783655
          ],
          [
            126.79501548894005,
            36.45080854635151
          ],
          [
            126.79515715214997,
            36.45080854635151
          ]
        ]
      }
    },
    {
      "type": "Feature",
      "properties": {
        "proposal_id": "ink-line-103",
        "tile_id": "174-cheongyang-labels",
        "sheet_id": "174-cheongyang",
        "split": "development",
        "proposal_kind": "visible_linework_review_only",
        "backend": "archaeotrace_ink_v2_centerline",
        "upstream_commit": "7960acddb4e82855e2088fdfdd2244799b63775c",
        "pixel_length": 23.657,
        "point_count": 4,
        "confidence": 1.0,
        "review_status": "unreviewed"
      },
      "geometry": {
        "type": "LineString",
        "coordinates": [
          [
            126.79430717289048,
            36.42164213424337
          ],
          [
            126.79435439396046,
            36.421258365663
          ],
          [
            126.7944488361004,
            36.421104858230855
          ],
          [
            126.79449605717038,
            36.42079784336656
          ]
        ]
      }
    },
    {
      "type": "Feature",
      "properties": {
        "proposal_id": "ink-line-104",
        "tile_id": "174-cheongyang-labels",
        "sheet_id": "174-cheongyang",
        "split": "development",
        "proposal_kind": "visible_linework_review_only",
        "backend": "archaeotrace_ink_v2_centerline",
        "upstream_commit": "7960acddb4e82855e2088fdfdd2244799b63775c",
        "pixel_length": 25.314,
        "point_count": 4,
        "confidence": 1.0,
        "review_status": "unreviewed"
      },
      "geometry": {
        "type": "LineString",
        "coordinates": [
          [
            126.79449605717038,
            36.448352427437136
          ],
          [
            126.79449605717038,
            36.448275673721064
          ],
          [
            126.79463772038028,
            36.448160543146955
          ],
          [
            126.7954404785698,
            36.448352427437136
          ]
        ]
      }
    },
    {
      "type": "Feature",
      "properties": {
        "proposal_id": "ink-line-105",
        "tile_id": "174-cheongyang-labels",
        "sheet_id": "174-cheongyang",
        "split": "development",
        "proposal_kind": "visible_linework_review_only",
        "backend": "archaeotrace_ink_v2_centerline",
        "upstream_commit": "7960acddb4e82855e2088fdfdd2244799b63775c",
        "pixel_length": 20.071,
        "point_count": 4,
        "confidence": 1.0,
        "review_status": "unreviewed"
      },
      "geometry": {
        "type": "LineString",
        "coordinates": [
          [
            126.79473216252023,
            36.424865790318485
          ],
          [
            126.79468494145026,
            36.42463552917026
          ],
          [
            126.7947793835902,
            36.42452039859615
          ],
          [
            126.79520437321995,
            36.424597152312224
          ]
        ]
      }
    },
    {
      "type": "Feature",
      "properties": {
        "proposal_id": "ink-line-106",
        "tile_id": "174-cheongyang-labels",
        "sheet_id": "174-cheongyang",
        "split": "development",
        "proposal_kind": "visible_linework_review_only",
        "backend": "archaeotrace_ink_v2_centerline",
        "upstream_commit": "7960acddb4e82855e2088fdfdd2244799b63775c",
        "pixel_length": 19.485,
        "point_count": 6,
        "confidence": 1.0,
        "review_status": "unreviewed"
      },
      "geometry": {
        "type": "LineString",
        "coordinates": [
          [
            126.79534603642986,
            36.441981869002994
          ],
          [
            126.79539325749982,
            36.44194349214496
          ],
          [
            126.79539325749982,
            36.4416748541387
          ],
          [
            126.79553492070974,
            36.44155972356459
          ],
          [
            126.79553492070974,
            36.441406216132435
          ],
          [
            126.7954404785698,
            36.44132946241636
          ]
        ]
      }
    },
    {
      "type": "Feature",
      "properties": {
        "proposal_id": "ink-line-107",
        "tile_id": "174-cheongyang-labels",
        "sheet_id": "174-cheongyang",
        "split": "development",
        "proposal_kind": "visible_linework_review_only",
        "backend": "archaeotrace_ink_v2_centerline",
        "upstream_commit": "7960acddb4e82855e2088fdfdd2244799b63775c",
        "pixel_length": 40.556,
        "point_count": 10,
        "confidence": 1.0,
        "review_status": "unreviewed"
      },
      "geometry": {
        "type": "LineString",
        "coordinates": [
          [
            126.79591268926951,
            36.45833041052676
          ],
          [
            126.79624323675931,
            36.45825365681069
          ],
          [
            126.79652656317914,
            36.45825365681069
          ],
          [
            126.79657378424912,
            36.458215279952654
          ],
          [
            126.79666822638906,
            36.45825365681069
          ],
          [
            126.79699877387885,
            36.458215279952654
          ],
          [
            126.79714043708877,
            36.45813852623658
          ],
          [
            126.79723487922871,
            36.45798501880443
          ],
          [
            126.79723487922871,
            36.45786988823032
          ],
          [
            126.79737654243863,
            36.45779313451425
          ]
        ]
      }
    },
    {
      "type": "Feature",
      "properties": {
        "proposal_id": "ink-line-108",
        "tile_id": "174-cheongyang-labels",
        "sheet_id": "174-cheongyang",
        "split": "development",
        "proposal_kind": "visible_linework_review_only",
        "backend": "archaeotrace_ink_v2_centerline",
        "upstream_commit": "7960acddb4e82855e2088fdfdd2244799b63775c",
        "pixel_length": 25.556,
        "point_count": 5,
        "confidence": 1.0,
        "review_status": "unreviewed"
      },
      "geometry": {
        "type": "LineString",
        "coordinates": [
          [
            126.79595991033949,
            36.4465487151094
          ],
          [
            126.79605435247943,
            36.44666384568351
          ],
          [
            126.79586546819954,
            36.44693248368977
          ],
          [
            126.79586546819954,
            36.44716274483799
          ],
          [
            126.79610157354941,
            36.44735462912818
          ]
        ]
      }
    },
    {
      "type": "Feature",
      "properties": {
        "proposal_id": "ink-line-109",
        "tile_id": "174-cheongyang-labels",
        "sheet_id": "174-cheongyang",
        "split": "development",
        "proposal_kind": "visible_linework_review_only",
        "backend": "archaeotrace_ink_v2_centerline",
        "upstream_commit": "7960acddb4e82855e2088fdfdd2244799b63775c",
        "pixel_length": 23.071,
        "point_count": 6,
        "confidence": 1.0,
        "review_status": "unreviewed"
      },
      "geometry": {
        "type": "LineString",
        "coordinates": [
          [
            126.79614879461937,
            36.438220936915364
          ],
          [
            126.79624323675931,
            36.43814418319929
          ],
          [
            126.79652656317914,
            36.43814418319929
          ],
          [
            126.79657378424912,
            36.438105806341255
          ],
          [
            126.79657378424912,
            36.43776041461892
          ],
          [
            126.7964321210392,
            36.43768366090285
          ]
        ]
      }
    },
    {
      "type": "Feature",
      "properties": {
        "proposal_id": "ink-line-110",
        "tile_id": "174-cheongyang-labels",
        "sheet_id": "174-cheongyang",
        "split": "development",
        "proposal_kind": "visible_linework_review_only",
        "backend": "archaeotrace_ink_v2_centerline",
        "upstream_commit": "7960acddb4e82855e2088fdfdd2244799b63775c",
        "pixel_length": 24.314,
        "point_count": 4,
        "confidence": 1.0,
        "review_status": "unreviewed"
      },
      "geometry": {
        "type": "LineString",
        "coordinates": [
          [
            126.79619601568935,
            36.447393005986214
          ],
          [
            126.79647934210917,
            36.44750813656032
          ],
          [
            126.79685711066894,
            36.44754651341836
          ],
          [
            126.79718765815875,
            36.44770002085051
          ]
        ]
      }
    },
    {
      "type": "Feature",
      "properties": {
        "proposal_id": "ink-line-111",
        "tile_id": "174-cheongyang-labels",
        "sheet_id": "174-cheongyang",
        "split": "development",
        "proposal_kind": "visible_linework_review_only",
        "backend": "archaeotrace_ink_v2_centerline",
        "upstream_commit": "7960acddb4e82855e2088fdfdd2244799b63775c",
        "pixel_length": 26.071,
        "point_count": 5,
        "confidence": 1.0,
        "review_status": "unreviewed"
      },
      "geometry": {
        "type": "LineString",
        "coordinates": [
          [
            126.79638489996923,
            36.45729423535977
          ],
          [
            126.7964321210392,
            36.457332612217805
          ],
          [
            126.79671544745904,
            36.457332612217805
          ],
          [
            126.79728210029869,
            36.45717910478565
          ],
          [
            126.79751820564854,
            36.45717910478565
          ]
        ]
      }
    },
    {
      "type": "Feature",
      "properties": {
        "proposal_id": "ink-line-112",
        "tile_id": "174-cheongyang-labels",
        "sheet_id": "174-cheongyang",
        "split": "development",
        "proposal_kind": "visible_linework_review_only",
        "backend": "archaeotrace_ink_v2_centerline",
        "upstream_commit": "7960acddb4e82855e2088fdfdd2244799b63775c",
        "pixel_length": 24.485,
        "point_count": 4,
        "confidence": 1.0,
        "review_status": "unreviewed"
      },
      "geometry": {
        "type": "LineString",
        "coordinates": [
          [
            126.79638489996923,
            36.425556573763146
          ],
          [
            126.79638489996923,
            36.425940342343516
          ],
          [
            126.79657378424912,
            36.426247357207814
          ],
          [
            126.79647934210917,
            36.42640086463996
          ]
        ]
      }
    },
    {
      "type": "Feature",
      "properties": {
        "proposal_id": "ink-line-113",
        "tile_id": "174-cheongyang-labels",
        "sheet_id": "174-cheongyang",
        "split": "development",
        "proposal_kind": "visible_linework_review_only",
        "backend": "archaeotrace_ink_v2_centerline",
        "upstream_commit": "7960acddb4e82855e2088fdfdd2244799b63775c",
        "pixel_length": 20.243,
        "point_count": 3,
        "confidence": 1.0,
        "review_status": "unreviewed"
      },
      "geometry": {
        "type": "LineString",
        "coordinates": [
          [
            126.79662100531908,
            36.459635223700026
          ],
          [
            126.79666822638906,
            36.45913632454554
          ],
          [
            126.796762668529,
            36.45890606339732
          ]
        ]
      }
    },
    {
      "type": "Feature",
      "properties": {
        "proposal_id": "ink-line-114",
        "tile_id": "174-cheongyang-labels",
        "sheet_id": "174-cheongyang",
        "split": "development",
        "proposal_kind": "visible_linework_review_only",
        "backend": "archaeotrace_ink_v2_centerline",
        "upstream_commit": "7960acddb4e82855e2088fdfdd2244799b63775c",
        "pixel_length": 54.556,
        "point_count": 8,
        "confidence": 1.0,
        "review_status": "unreviewed"
      },
      "geometry": {
        "type": "LineString",
        "coordinates": [
          [
            126.79662100531908,
            36.435112411414366
          ],
          [
            126.79657378424912,
            36.43538104942063
          ],
          [
            126.79666822638906,
            36.435496179994736
          ],
          [
            126.79685711066894,
            36.43557293371081
          ],
          [
            126.79723487922871,
            36.435611310568845
          ],
          [
            126.79728210029869,
            36.43564968742688
          ],
          [
            126.79822652169811,
            36.435688064284925
          ],
          [
            126.79855706918792,
            36.435803194859034
          ]
        ]
      }
    },
    {
      "type": "Feature",
      "properties": {
        "proposal_id": "ink-line-115",
        "tile_id": "174-cheongyang-labels",
        "sheet_id": "174-cheongyang",
        "split": "development",
        "proposal_kind": "visible_linework_review_only",
        "backend": "archaeotrace_ink_v2_centerline",
        "upstream_commit": "7960acddb4e82855e2088fdfdd2244799b63775c",
        "pixel_length": 20.657,
        "point_count": 3,
        "confidence": 1.0,
        "review_status": "unreviewed"
      },
      "geometry": {
        "type": "LineString",
        "coordinates": [
          [
            126.79666822638906,
            36.43177362476514
          ],
          [
            126.79709321601881,
            36.43165849419103
          ],
          [
            126.79756542671852,
            36.43169687104907
          ]
        ]
      }
    },
    {
      "type": "Feature",
      "properties": {
        "proposal_id": "ink-line-116",
        "tile_id": "174-cheongyang-labels",
        "sheet_id": "174-cheongyang",
        "split": "development",
        "proposal_kind": "visible_linework_review_only",
        "backend": "archaeotrace_ink_v2_centerline",
        "upstream_commit": "7960acddb4e82855e2088fdfdd2244799b63775c",
        "pixel_length": 18.071,
        "point_count": 5,
        "confidence": 1.0,
        "review_status": "unreviewed"
      },
      "geometry": {
        "type": "LineString",
        "coordinates": [
          [
            126.79671544745904,
            36.43054556530796
          ],
          [
            126.79685711066894,
            36.43054556530796
          ],
          [
            126.79695155280889,
            36.430468811591886
          ],
          [
            126.79709321601881,
            36.430468811591886
          ],
          [
            126.79747098457857,
            36.43035368101778
          ]
        ]
      }
    },
    {
      "type": "Feature",
      "properties": {
        "proposal_id": "ink-line-117",
        "tile_id": "174-cheongyang-labels",
        "sheet_id": "174-cheongyang",
        "split": "development",
        "proposal_kind": "visible_linework_review_only",
        "backend": "archaeotrace_ink_v2_centerline",
        "upstream_commit": "7960acddb4e82855e2088fdfdd2244799b63775c",
        "pixel_length": 20.485,
        "point_count": 2,
        "confidence": 1.0,
        "review_status": "unreviewed"
      },
      "geometry": {
        "type": "LineString",
        "coordinates": [
          [
            126.796762668529,
            36.44873619601751
          ],
          [
            126.79761264778848,
            36.44896645716573
          ]
        ]
      }
    },
    {
      "type": "Feature",
      "properties": {
        "proposal_id": "ink-line-118",
        "tile_id": "174-cheongyang-labels",
        "sheet_id": "174-cheongyang",
        "split": "development",
        "proposal_kind": "visible_linework_review_only",
        "backend": "archaeotrace_ink_v2_centerline",
        "upstream_commit": "7960acddb4e82855e2088fdfdd2244799b63775c",
        "pixel_length": 28.243,
        "point_count": 2,
        "confidence": 1.0,
        "review_status": "unreviewed"
      },
      "geometry": {
        "type": "LineString",
        "coordinates": [
          [
            126.79690433173892,
            36.45982710799021
          ],
          [
            126.79704599494883,
            36.45879093282321
          ]
        ]
      }
    },
    {
      "type": "Feature",
      "properties": {
        "proposal_id": "ink-line-119",
        "tile_id": "174-cheongyang-labels",
        "sheet_id": "174-cheongyang",
        "split": "development",
        "proposal_kind": "visible_linework_review_only",
        "backend": "archaeotrace_ink_v2_centerline",
        "upstream_commit": "7960acddb4e82855e2088fdfdd2244799b63775c",
        "pixel_length": 25.071,
        "point_count": 4,
        "confidence": 1.0,
        "review_status": "unreviewed"
      },
      "geometry": {
        "type": "LineString",
        "coordinates": [
          [
            126.79704599494883,
            36.45468460901325
          ],
          [
            126.79751820564854,
            36.454838116445394
          ],
          [
            126.7980848584882,
            36.454838116445394
          ],
          [
            126.79813207955817,
            36.45479973958736
          ]
        ]
      }
    },
    {
      "type": "Feature",
      "properties": {
        "proposal_id": "ink-line-120",
        "tile_id": "174-cheongyang-labels",
        "sheet_id": "174-cheongyang",
        "split": "development",
        "proposal_kind": "visible_linework_review_only",
        "backend": "archaeotrace_ink_v2_centerline",
        "upstream_commit": "7960acddb4e82855e2088fdfdd2244799b63775c",
        "pixel_length": 51.556,
        "point_count": 10,
        "confidence": 1.0,
        "review_status": "unreviewed"
      },
      "geometry": {
        "type": "LineString",
        "coordinates": [
          [
            126.79723487922871,
            36.45978873113217
          ],
          [
            126.79718765815875,
            36.45952009312591
          ],
          [
            126.79723487922871,
            36.459481716267874
          ],
          [
            126.79723487922871,
            36.45921307826162
          ],
          [
            126.79728210029869,
            36.45917470140358
          ],
          [
            126.79737654243863,
            36.45856067167499
          ],
          [
            126.7974237635086,
            36.45852229481695
          ],
          [
            126.7974237635086,
            36.45829203366873
          ],
          [
            126.79747098457857,
            36.45817690309462
          ],
          [
            126.79770708992844,
            36.45802339566247
          ]
        ]
      }
    },
    {
      "type": "Feature",
      "properties": {
        "proposal_id": "ink-line-121",
        "tile_id": "174-cheongyang-labels",
        "sheet_id": "174-cheongyang",
        "split": "development",
        "proposal_kind": "visible_linework_review_only",
        "backend": "archaeotrace_ink_v2_centerline",
        "upstream_commit": "7960acddb4e82855e2088fdfdd2244799b63775c",
        "pixel_length": 21.414,
        "point_count": 2,
        "confidence": 1.0,
        "review_status": "unreviewed"
      },
      "geometry": {
        "type": "LineString",
        "coordinates": [
          [
            126.79728210029869,
            36.42501929775063
          ],
          [
            126.79827374276809,
            36.42505767460867
          ]
        ]
      }
    },
    {
      "type": "Feature",
      "properties": {
        "proposal_id": "ink-line-122",
        "tile_id": "174-cheongyang-labels",
        "sheet_id": "174-cheongyang",
        "split": "development",
        "proposal_kind": "visible_linework_review_only",
        "backend": "archaeotrace_ink_v2_centerline",
        "upstream_commit": "7960acddb4e82855e2088fdfdd2244799b63775c",
        "pixel_length": 18.828,
        "point_count": 4,
        "confidence": 1.0,
        "review_status": "unreviewed"
      },
      "geometry": {
        "type": "LineString",
        "coordinates": [
          [
            126.7974237635086,
            36.43353896023485
          ],
          [
            126.79780153206838,
            36.433577337092885
          ],
          [
            126.79784875313834,
            36.43361571395092
          ],
          [
            126.79827374276809,
            36.43361571395092
          ]
        ]
      }
    },
    {
      "type": "Feature",
      "properties": {
        "proposal_id": "ink-line-123",
        "tile_id": "174-cheongyang-labels",
        "sheet_id": "174-cheongyang",
        "split": "development",
        "proposal_kind": "visible_linework_review_only",
        "backend": "archaeotrace_ink_v2_centerline",
        "upstream_commit": "7960acddb4e82855e2088fdfdd2244799b63775c",
        "pixel_length": 47.828,
        "point_count": 4,
        "confidence": 1.0,
        "review_status": "unreviewed"
      },
      "geometry": {
        "type": "LineString",
        "coordinates": [
          [
            126.79751820564854,
            36.433845975099146
          ],
          [
            126.79931260630747,
            36.433845975099146
          ],
          [
            126.79935982737743,
            36.43388435195718
          ],
          [
            126.7997375959372,
            36.43392272881522
          ]
        ]
      }
    },
    {
      "type": "Feature",
      "properties": {
        "proposal_id": "ink-line-124",
        "tile_id": "174-cheongyang-labels",
        "sheet_id": "174-cheongyang",
        "split": "development",
        "proposal_kind": "visible_linework_review_only",
        "backend": "archaeotrace_ink_v2_centerline",
        "upstream_commit": "7960acddb4e82855e2088fdfdd2244799b63775c",
        "pixel_length": 18.657,
        "point_count": 2,
        "confidence": 1.0,
        "review_status": "unreviewed"
      },
      "geometry": {
        "type": "LineString",
        "coordinates": [
          [
            126.79751820564854,
            36.43073744959815
          ],
          [
            126.79832096383807,
            36.430583942165995
          ]
        ]
      }
    },
    {
      "type": "Feature",
      "properties": {
        "proposal_id": "ink-line-125",
        "tile_id": "174-cheongyang-labels",
        "sheet_id": "174-cheongyang",
        "split": "development",
        "proposal_kind": "visible_linework_review_only",
        "backend": "archaeotrace_ink_v2_centerline",
        "upstream_commit": "7960acddb4e82855e2088fdfdd2244799b63775c",
        "pixel_length": 29.657,
        "point_count": 4,
        "confidence": 1.0,
        "review_status": "unreviewed"
      },
      "geometry": {
        "type": "LineString",
        "coordinates": [
          [
            126.79756542671852,
            36.42985478186329
          ],
          [
            126.79789597420832,
            36.42985478186329
          ],
          [
            126.79813207955817,
            36.42977802814722
          ],
          [
            126.79888761667772,
            36.429701274431146
          ]
        ]
      }
    },
    {
      "type": "Feature",
      "properties": {
        "proposal_id": "ink-line-126",
        "tile_id": "174-cheongyang-labels",
        "sheet_id": "174-cheongyang",
        "split": "development",
        "proposal_kind": "visible_linework_review_only",
        "backend": "archaeotrace_ink_v2_centerline",
        "upstream_commit": "7960acddb4e82855e2088fdfdd2244799b63775c",
        "pixel_length": 18.728,
        "point_count": 4,
        "confidence": 1.0,
        "review_status": "unreviewed"
      },
      "geometry": {
        "type": "LineString",
        "coordinates": [
          [
            126.7977543109984,
            36.425556573763146
          ],
          [
            126.79799041634826,
            36.42567170433726
          ],
          [
            126.7980848584882,
            36.42567170433726
          ],
          [
            126.79846262704797,
            36.42590196548548
          ]
        ]
      }
    },
    {
      "type": "Feature",
      "properties": {
        "proposal_id": "ink-line-127",
        "tile_id": "174-cheongyang-labels",
        "sheet_id": "174-cheongyang",
        "split": "development",
        "proposal_kind": "visible_linework_review_only",
        "backend": "archaeotrace_ink_v2_centerline",
        "upstream_commit": "7960acddb4e82855e2088fdfdd2244799b63775c",
        "pixel_length": 18.657,
        "point_count": 5,
        "confidence": 1.0,
        "review_status": "unreviewed"
      },
      "geometry": {
        "type": "LineString",
        "coordinates": [
          [
            126.79789597420832,
            36.44731625227014
          ],
          [
            126.79789597420832,
            36.44712436797995
          ],
          [
            126.79799041634826,
            36.44704761426388
          ],
          [
            126.79817930062815,
            36.44708599112192
          ],
          [
            126.79813207955817,
            36.44731625227014
          ]
        ]
      }
    },
    {
      "type": "Feature",
      "properties": {
        "proposal_id": "ink-line-128",
        "tile_id": "174-cheongyang-labels",
        "sheet_id": "174-cheongyang",
        "split": "development",
        "proposal_kind": "visible_linework_review_only",
        "backend": "archaeotrace_ink_v2_centerline",
        "upstream_commit": "7960acddb4e82855e2088fdfdd2244799b63775c",
        "pixel_length": 21.657,
        "point_count": 6,
        "confidence": 1.0,
        "review_status": "unreviewed"
      },
      "geometry": {
        "type": "LineString",
        "coordinates": [
          [
            126.79813207955817,
            36.438604705495734
          ],
          [
            126.79813207955817,
            36.43841282120555
          ],
          [
            126.79822652169811,
            36.43833606748947
          ],
          [
            126.79832096383807,
            36.43833606748947
          ],
          [
            126.79846262704797,
            36.43841282120555
          ],
          [
            126.79846262704797,
            36.43871983606984
          ]
        ]
      }
    },
    {
      "type": "Feature",
      "properties": {
        "proposal_id": "ink-line-129",
        "tile_id": "174-cheongyang-labels",
        "sheet_id": "174-cheongyang",
        "split": "development",
        "proposal_kind": "visible_linework_review_only",
        "backend": "archaeotrace_ink_v2_centerline",
        "upstream_commit": "7960acddb4e82855e2088fdfdd2244799b63775c",
        "pixel_length": 25.314,
        "point_count": 7,
        "confidence": 1.0,
        "review_status": "unreviewed"
      },
      "geometry": {
        "type": "LineString",
        "coordinates": [
          [
            126.79832096383807,
            36.43779879147696
          ],
          [
            126.79832096383807,
            36.4379522989091
          ],
          [
            126.798415405978,
            36.43802905262518
          ],
          [
            126.79850984811794,
            36.43802905262518
          ],
          [
            126.79860429025788,
            36.4379522989091
          ],
          [
            126.79865151132786,
            36.43764528404481
          ],
          [
            126.79850984811794,
            36.43749177661266
          ]
        ]
      }
    },
    {
      "type": "Feature",
      "properties": {
        "proposal_id": "ink-line-130",
        "tile_id": "174-cheongyang-labels",
        "sheet_id": "174-cheongyang",
        "split": "development",
        "proposal_kind": "visible_linework_review_only",
        "backend": "archaeotrace_ink_v2_centerline",
        "upstream_commit": "7960acddb4e82855e2088fdfdd2244799b63775c",
        "pixel_length": 19.243,
        "point_count": 5,
        "confidence": 1.0,
        "review_status": "unreviewed"
      },
      "geometry": {
        "type": "LineString",
        "coordinates": [
          [
            126.79850984811794,
            36.45272738925336
          ],
          [
            126.79850984811794,
            36.452804142969434
          ],
          [
            126.79860429025788,
            36.45288089668551
          ],
          [
            126.79860429025788,
            36.45334141898195
          ],
          [
            126.79869873239784,
            36.45337979583999
          ]
        ]
      }
    },
    {
      "type": "Feature",
      "properties": {
        "proposal_id": "ink-line-131",
        "tile_id": "174-cheongyang-labels",
        "sheet_id": "174-cheongyang",
        "split": "development",
        "proposal_kind": "visible_linework_review_only",
        "backend": "archaeotrace_ink_v2_centerline",
        "upstream_commit": "7960acddb4e82855e2088fdfdd2244799b63775c",
        "pixel_length": 24.314,
        "point_count": 4,
        "confidence": 1.0,
        "review_status": "unreviewed"
      },
      "geometry": {
        "type": "LineString",
        "coordinates": [
          [
            126.79860429025788,
            36.440907316977956
          ],
          [
            126.79912372202757,
            36.44113757812618
          ],
          [
            126.7994070484474,
            36.441214331842254
          ],
          [
            126.79959593272729,
            36.441214331842254
          ]
        ]
      }
    },
    {
      "type": "Feature",
      "properties": {
        "proposal_id": "ink-line-132",
        "tile_id": "174-cheongyang-labels",
        "sheet_id": "174-cheongyang",
        "split": "development",
        "proposal_kind": "visible_linework_review_only",
        "backend": "archaeotrace_ink_v2_centerline",
        "upstream_commit": "7960acddb4e82855e2088fdfdd2244799b63775c",
        "pixel_length": 21.142,
        "point_count": 5,
        "confidence": 1.0,
        "review_status": "unreviewed"
      },
      "geometry": {
        "type": "LineString",
        "coordinates": [
          [
            126.79869873239784,
            36.432809799932144
          ],
          [
            126.79869873239784,
            36.43292493050625
          ],
          [
            126.79902927988763,
            36.433193568512515
          ],
          [
            126.79931260630747,
            36.43327032222859
          ],
          [
            126.79935982737743,
            36.43323194537055
          ]
        ]
      }
    },
    {
      "type": "Feature",
      "properties": {
        "proposal_id": "ink-line-133",
        "tile_id": "174-cheongyang-labels",
        "sheet_id": "174-cheongyang",
        "split": "development",
        "proposal_kind": "visible_linework_review_only",
        "backend": "archaeotrace_ink_v2_centerline",
        "upstream_commit": "7960acddb4e82855e2088fdfdd2244799b63775c",
        "pixel_length": 26.485,
        "point_count": 6,
        "confidence": 1.0,
        "review_status": "unreviewed"
      },
      "geometry": {
        "type": "LineString",
        "coordinates": [
          [
            126.79884039560774,
            36.42567170433726
          ],
          [
            126.79888761667772,
            36.4257100811953
          ],
          [
            126.79931260630747,
            36.42567170433726
          ],
          [
            126.79945426951737,
            36.425403066331
          ],
          [
            126.7997375959372,
            36.425403066331
          ],
          [
            126.79978481700718,
            36.425364689472964
          ]
        ]
      }
    },
    {
      "type": "Feature",
      "properties": {
        "proposal_id": "ink-line-134",
        "tile_id": "174-cheongyang-labels",
        "sheet_id": "174-cheongyang",
        "split": "development",
        "proposal_kind": "visible_linework_review_only",
        "backend": "archaeotrace_ink_v2_centerline",
        "upstream_commit": "7960acddb4e82855e2088fdfdd2244799b63775c",
        "pixel_length": 36.728,
        "point_count": 8,
        "confidence": 1.0,
        "review_status": "unreviewed"
      },
      "geometry": {
        "type": "LineString",
        "coordinates": [
          [
            126.79888761667772,
            36.42206427968178
          ],
          [
            126.79884039560774,
            36.42210265653981
          ],
          [
            126.798415405978,
            36.42214103339785
          ],
          [
            126.79836818490803,
            36.42221778711393
          ],
          [
            126.79846262704797,
            36.42229454083
          ],
          [
            126.79869873239784,
            36.422371294546075
          ],
          [
            126.79917094309755,
            36.422371294546075
          ],
          [
            126.79935982737743,
            36.42229454083
          ]
        ]
      }
    },
    {
      "type": "Feature",
      "properties": {
        "proposal_id": "ink-line-135",
        "tile_id": "174-cheongyang-labels",
        "sheet_id": "174-cheongyang",
        "split": "development",
        "proposal_kind": "visible_linework_review_only",
        "backend": "archaeotrace_ink_v2_centerline",
        "upstream_commit": "7960acddb4e82855e2088fdfdd2244799b63775c",
        "pixel_length": 70.142,
        "point_count": 8,
        "confidence": 1.0,
        "review_status": "unreviewed"
      },
      "geometry": {
        "type": "LineString",
        "coordinates": [
          [
            126.7997375959372,
            36.449426979462174
          ],
          [
            126.80011536449697,
            36.44946535632021
          ],
          [
            126.80016258556695,
            36.44950373317825
          ],
          [
            126.80096534375646,
            36.44954211003629
          ],
          [
            126.80120144910632,
            36.44961886375236
          ],
          [
            126.80186254408592,
            36.4496572406104
          ],
          [
            126.8019097651559,
            36.449695617468436
          ],
          [
            126.80285418655532,
            36.449810748042545
          ]
        ]
      }
    },
    {
      "type": "Feature",
      "properties": {
        "proposal_id": "ink-line-136",
        "tile_id": "174-cheongyang-labels",
        "sheet_id": "174-cheongyang",
        "split": "development",
        "proposal_kind": "visible_linework_review_only",
        "backend": "archaeotrace_ink_v2_centerline",
        "upstream_commit": "7960acddb4e82855e2088fdfdd2244799b63775c",
        "pixel_length": 21.485,
        "point_count": 4,
        "confidence": 1.0,
        "review_status": "unreviewed"
      },
      "geometry": {
        "type": "LineString",
        "coordinates": [
          [
            126.79983203807714,
            36.433961105673255
          ],
          [
            126.80054035412672,
            36.43411461310541
          ],
          [
            126.80058757519669,
            36.434152989963444
          ],
          [
            126.80054035412672,
            36.43426812053755
          ]
        ]
      }
    },
    {
      "type": "Feature",
      "properties": {
        "proposal_id": "ink-line-137",
        "tile_id": "174-cheongyang-labels",
        "sheet_id": "174-cheongyang",
        "split": "development",
        "proposal_kind": "visible_linework_review_only",
        "backend": "archaeotrace_ink_v2_centerline",
        "upstream_commit": "7960acddb4e82855e2088fdfdd2244799b63775c",
        "pixel_length": 41.385,
        "point_count": 6,
        "confidence": 1.0,
        "review_status": "unreviewed"
      },
      "geometry": {
        "type": "LineString",
        "coordinates": [
          [
            126.79997370128706,
            36.43196550905533
          ],
          [
            126.80020980663691,
            36.43177362476514
          ],
          [
            126.80049313305675,
            36.43165849419103
          ],
          [
            126.80068201733663,
            36.431620117333
          ],
          [
            126.80139033338621,
            36.43165849419103
          ],
          [
            126.80167365980603,
            36.431543363616925
          ]
        ]
      }
    },
    {
      "type": "Feature",
      "properties": {
        "proposal_id": "ink-line-138",
        "tile_id": "174-cheongyang-labels",
        "sheet_id": "174-cheongyang",
        "split": "development",
        "proposal_kind": "visible_linework_review_only",
        "backend": "archaeotrace_ink_v2_centerline",
        "upstream_commit": "7960acddb4e82855e2088fdfdd2244799b63775c",
        "pixel_length": 28.657,
        "point_count": 5,
        "confidence": 1.0,
        "review_status": "unreviewed"
      },
      "geometry": {
        "type": "LineString",
        "coordinates": [
          [
            126.80020980663691,
            36.44923509517199
          ],
          [
            126.80058757519669,
            36.449311848888065
          ],
          [
            126.8009181226865,
            36.449311848888065
          ],
          [
            126.80120144910632,
            36.44938860260414
          ],
          [
            126.80148477552615,
            36.44938860260414
          ]
        ]
      }
    },
    {
      "type": "Feature",
      "properties": {
        "proposal_id": "ink-line-139",
        "tile_id": "174-cheongyang-labels",
        "sheet_id": "174-cheongyang",
        "split": "development",
        "proposal_kind": "visible_linework_review_only",
        "backend": "archaeotrace_ink_v2_centerline",
        "upstream_commit": "7960acddb4e82855e2088fdfdd2244799b63775c",
        "pixel_length": 35.071,
        "point_count": 4,
        "confidence": 1.0,
        "review_status": "unreviewed"
      },
      "geometry": {
        "type": "LineString",
        "coordinates": [
          [
            126.80025702770689,
            36.433692467666994
          ],
          [
            126.8010597858964,
            36.43376922138307
          ],
          [
            126.80157921766609,
            36.43365409080896
          ],
          [
            126.80181532301594,
            36.43365409080896
          ]
        ]
      }
    },
    {
      "type": "Feature",
      "properties": {
        "proposal_id": "ink-line-140",
        "tile_id": "174-cheongyang-labels",
        "sheet_id": "174-cheongyang",
        "split": "development",
        "proposal_kind": "visible_linework_review_only",
        "backend": "archaeotrace_ink_v2_centerline",
        "upstream_commit": "7960acddb4e82855e2088fdfdd2244799b63775c",
        "pixel_length": 22.071,
        "point_count": 5,
        "confidence": 1.0,
        "review_status": "unreviewed"
      },
      "geometry": {
        "type": "LineString",
        "coordinates": [
          [
            126.80025702770689,
            36.423714484577374
          ],
          [
            126.80035146984683,
            36.42379123829345
          ],
          [
            126.80039869091681,
            36.42394474572559
          ],
          [
            126.80035146984683,
            36.42444364488007
          ],
          [
            126.80030424877687,
            36.424482021738115
          ]
        ]
      }
    },
    {
      "type": "Feature",
      "properties": {
        "proposal_id": "ink-line-141",
        "tile_id": "174-cheongyang-labels",
        "sheet_id": "174-cheongyang",
        "split": "development",
        "proposal_kind": "visible_linework_review_only",
        "backend": "archaeotrace_ink_v2_centerline",
        "upstream_commit": "7960acddb4e82855e2088fdfdd2244799b63775c",
        "pixel_length": 46.728,
        "point_count": 4,
        "confidence": 1.0,
        "review_status": "unreviewed"
      },
      "geometry": {
        "type": "LineString",
        "coordinates": [
          [
            126.80039869091681,
            36.43342382966074
          ],
          [
            126.80110700696638,
            36.43350058337681
          ],
          [
            126.8020514283658,
            36.43327032222859
          ],
          [
            126.80242919692557,
            36.43330869908662
          ]
        ]
      }
    },
    {
      "type": "Feature",
      "properties": {
        "proposal_id": "ink-line-142",
        "tile_id": "174-cheongyang-labels",
        "sheet_id": "174-cheongyang",
        "split": "development",
        "proposal_kind": "visible_linework_review_only",
        "backend": "archaeotrace_ink_v2_centerline",
        "upstream_commit": "7960acddb4e82855e2088fdfdd2244799b63775c",
        "pixel_length": 24.899,
        "point_count": 5,
        "confidence": 1.0,
        "review_status": "unreviewed"
      },
      "geometry": {
        "type": "LineString",
        "coordinates": [
          [
            126.80077645947658,
            36.42087459708263
          ],
          [
            126.80087090161652,
            36.4209513507987
          ],
          [
            126.80129589124627,
            36.42106648137282
          ],
          [
            126.80143755445617,
            36.42102810451478
          ],
          [
            126.80181532301594,
            36.42106648137282
          ]
        ]
      }
    },
    {
      "type": "Feature",
      "properties": {
        "proposal_id": "ink-line-143",
        "tile_id": "174-cheongyang-labels",
        "sheet_id": "174-cheongyang",
        "split": "development",
        "proposal_kind": "visible_linework_review_only",
        "backend": "archaeotrace_ink_v2_centerline",
        "upstream_commit": "7960acddb4e82855e2088fdfdd2244799b63775c",
        "pixel_length": 18.657,
        "point_count": 3,
        "confidence": 1.0,
        "review_status": "unreviewed"
      },
      "geometry": {
        "type": "LineString",
        "coordinates": [
          [
            126.80082368054654,
            36.42290857055859
          ],
          [
            126.80110700696638,
            36.422755063126445
          ],
          [
            126.80162643873606,
            36.422755063126445
          ]
        ]
      }
    },
    {
      "type": "Feature",
      "properties": {
        "proposal_id": "ink-line-144",
        "tile_id": "174-cheongyang-labels",
        "sheet_id": "174-cheongyang",
        "split": "development",
        "proposal_kind": "visible_linework_review_only",
        "backend": "archaeotrace_ink_v2_centerline",
        "upstream_commit": "7960acddb4e82855e2088fdfdd2244799b63775c",
        "pixel_length": 18.657,
        "point_count": 5,
        "confidence": 1.0,
        "review_status": "unreviewed"
      },
      "geometry": {
        "type": "LineString",
        "coordinates": [
          [
            126.80087090161652,
            36.43392272881522
          ],
          [
            126.8009181226865,
            36.433961105673255
          ],
          [
            126.80139033338621,
            36.433961105673255
          ],
          [
            126.80143755445617,
            36.43399948253129
          ],
          [
            126.80134311231623,
            36.43419136682148
          ]
        ]
      }
    },
    {
      "type": "Feature",
      "properties": {
        "proposal_id": "ink-line-145",
        "tile_id": "174-cheongyang-labels",
        "sheet_id": "174-cheongyang",
        "split": "development",
        "proposal_kind": "visible_linework_review_only",
        "backend": "archaeotrace_ink_v2_centerline",
        "upstream_commit": "7960acddb4e82855e2088fdfdd2244799b63775c",
        "pixel_length": 42.556,
        "point_count": 6,
        "confidence": 1.0,
        "review_status": "unreviewed"
      },
      "geometry": {
        "type": "LineString",
        "coordinates": [
          [
            126.80101256482644,
            36.45568240732221
          ],
          [
            126.80148477552615,
            36.455605653606135
          ],
          [
            126.801720880876,
            36.45545214617399
          ],
          [
            126.80181532301594,
            36.455221885025765
          ],
          [
            126.80181532301594,
            36.45479973958736
          ],
          [
            126.80195698622586,
            36.45456947843914
          ]
        ]
      }
    },
    {
      "type": "Feature",
      "properties": {
        "proposal_id": "ink-line-146",
        "tile_id": "174-cheongyang-labels",
        "sheet_id": "174-cheongyang",
        "split": "development",
        "proposal_kind": "visible_linework_review_only",
        "backend": "archaeotrace_ink_v2_centerline",
        "upstream_commit": "7960acddb4e82855e2088fdfdd2244799b63775c",
        "pixel_length": 18.485,
        "point_count": 3,
        "confidence": 1.0,
        "review_status": "unreviewed"
      },
      "geometry": {
        "type": "LineString",
        "coordinates": [
          [
            126.8010597858964,
            36.42452039859615
          ],
          [
            126.80120144910632,
            36.42494254403456
          ],
          [
            126.80134311231623,
            36.42513442832474
          ]
        ]
      }
    },
    {
      "type": "Feature",
      "properties": {
        "proposal_id": "ink-line-147",
        "tile_id": "174-cheongyang-labels",
        "sheet_id": "174-cheongyang",
        "split": "development",
        "proposal_kind": "visible_linework_review_only",
        "backend": "archaeotrace_ink_v2_centerline",
        "upstream_commit": "7960acddb4e82855e2088fdfdd2244799b63775c",
        "pixel_length": 25.071,
        "point_count": 8,
        "confidence": 1.0,
        "review_status": "unreviewed"
      },
      "geometry": {
        "type": "LineString",
        "coordinates": [
          [
            126.801720880876,
            36.45606617590258
          ],
          [
            126.80176810194598,
            36.45610455276062
          ],
          [
            126.80219309157572,
            36.45610455276062
          ],
          [
            126.80228753371567,
            36.45602779904454
          ],
          [
            126.80228753371567,
            36.455874291612396
          ],
          [
            126.80233475478563,
            36.45583591475436
          ],
          [
            126.80233475478563,
            36.45564403046417
          ],
          [
            126.80228753371567,
            36.455605653606135
          ]
        ]
      }
    },
    {
      "type": "Feature",
      "properties": {
        "proposal_id": "ink-line-148",
        "tile_id": "174-cheongyang-labels",
        "sheet_id": "174-cheongyang",
        "split": "development",
        "proposal_kind": "visible_linework_review_only",
        "backend": "archaeotrace_ink_v2_centerline",
        "upstream_commit": "7960acddb4e82855e2088fdfdd2244799b63775c",
        "pixel_length": 23.899,
        "point_count": 4,
        "confidence": 1.0,
        "review_status": "unreviewed"
      },
      "geometry": {
        "type": "LineString",
        "coordinates": [
          [
            126.80181532301594,
            36.4392954889404
          ],
          [
            126.80195698622586,
            36.439103604650214
          ],
          [
            126.80257086013549,
            36.43918035836629
          ],
          [
            126.80266530227543,
            36.4392954889404
          ]
        ]
      }
    },
    {
      "type": "Feature",
      "properties": {
        "proposal_id": "ink-line-149",
        "tile_id": "174-cheongyang-labels",
        "sheet_id": "174-cheongyang",
        "split": "development",
        "proposal_kind": "visible_linework_review_only",
        "backend": "archaeotrace_ink_v2_centerline",
        "upstream_commit": "7960acddb4e82855e2088fdfdd2244799b63775c",
        "pixel_length": 30.657,
        "point_count": 2,
        "confidence": 1.0,
        "review_status": "unreviewed"
      },
      "geometry": {
        "type": "LineString",
        "coordinates": [
          [
            126.80186254408592,
            36.44946535632021
          ],
          [
            126.8032319551151,
            36.44961886375236
          ]
        ]
      }
    },
    {
      "type": "Feature",
      "properties": {
        "proposal_id": "ink-line-150",
        "tile_id": "174-cheongyang-labels",
        "sheet_id": "174-cheongyang",
        "split": "development",
        "proposal_kind": "visible_linework_review_only",
        "backend": "archaeotrace_ink_v2_centerline",
        "upstream_commit": "7960acddb4e82855e2088fdfdd2244799b63775c",
        "pixel_length": 20.071,
        "point_count": 4,
        "confidence": 1.0,
        "review_status": "unreviewed"
      },
      "geometry": {
        "type": "LineString",
        "coordinates": [
          [
            126.80195698622586,
            36.42617060349174
          ],
          [
            126.80209864943578,
            36.42647761835604
          ],
          [
            126.80209864943578,
            36.42666950264622
          ],
          [
            126.80200420729584,
            36.42686138693641
          ]
        ]
      }
    },
    {
      "type": "Feature",
      "properties": {
        "proposal_id": "ink-line-151",
        "tile_id": "174-cheongyang-labels",
        "sheet_id": "174-cheongyang",
        "split": "development",
        "proposal_kind": "visible_linework_review_only",
        "backend": "archaeotrace_ink_v2_centerline",
        "upstream_commit": "7960acddb4e82855e2088fdfdd2244799b63775c",
        "pixel_length": 20.0,
        "point_count": 2,
        "confidence": 1.0,
        "review_status": "unreviewed"
      },
      "geometry": {
        "type": "LineString",
        "coordinates": [
          [
            126.80195698622586,
            36.420721089650485
          ],
          [
            126.8029014076253,
            36.420721089650485
          ]
        ]
      }
    },
    {
      "type": "Feature",
      "properties": {
        "proposal_id": "ink-line-152",
        "tile_id": "174-cheongyang-labels",
        "sheet_id": "174-cheongyang",
        "split": "development",
        "proposal_kind": "visible_linework_review_only",
        "backend": "archaeotrace_ink_v2_centerline",
        "upstream_commit": "7960acddb4e82855e2088fdfdd2244799b63775c",
        "pixel_length": 18.071,
        "point_count": 5,
        "confidence": 1.0,
        "review_status": "unreviewed"
      },
      "geometry": {
        "type": "LineString",
        "coordinates": [
          [
            126.80214587050575,
            36.447201121696025
          ],
          [
            126.80209864943578,
            36.44735462912818
          ],
          [
            126.8022403126457,
            36.44754651341836
          ],
          [
            126.80228753371567,
            36.447584890276396
          ],
          [
            126.80257086013549,
            36.447584890276396
          ]
        ]
      }
    },
    {
      "type": "Feature",
      "properties": {
        "proposal_id": "ink-line-153",
        "tile_id": "174-cheongyang-labels",
        "sheet_id": "174-cheongyang",
        "split": "development",
        "proposal_kind": "visible_linework_review_only",
        "backend": "archaeotrace_ink_v2_centerline",
        "upstream_commit": "7960acddb4e82855e2088fdfdd2244799b63775c",
        "pixel_length": 22.728,
        "point_count": 5,
        "confidence": 1.0,
        "review_status": "unreviewed"
      },
      "geometry": {
        "type": "LineString",
        "coordinates": [
          [
            126.80219309157572,
            36.43411461310541
          ],
          [
            126.80233475478563,
            36.43380759824111
          ],
          [
            126.80252363906553,
            36.43361571395092
          ],
          [
            126.80257086013549,
            36.43350058337681
          ],
          [
            126.80252363906553,
            36.4333854528027
          ]
        ]
      }
    },
    {
      "type": "Feature",
      "properties": {
        "proposal_id": "ink-line-154",
        "tile_id": "174-cheongyang-labels",
        "sheet_id": "174-cheongyang",
        "split": "development",
        "proposal_kind": "visible_linework_review_only",
        "backend": "archaeotrace_ink_v2_centerline",
        "upstream_commit": "7960acddb4e82855e2088fdfdd2244799b63775c",
        "pixel_length": 42.142,
        "point_count": 8,
        "confidence": 1.0,
        "review_status": "unreviewed"
      },
      "geometry": {
        "type": "LineString",
        "coordinates": [
          [
            126.80238197585561,
            36.454339217290915
          ],
          [
            126.80266530227543,
            36.45426246357484
          ],
          [
            126.80299584976524,
            36.45426246357484
          ],
          [
            126.8030430708352,
            36.45430084043288
          ],
          [
            126.80327917618506,
            36.45430084043288
          ],
          [
            126.80351528153493,
            36.45437759414895
          ],
          [
            126.8038930500947,
            36.45441597100699
          ],
          [
            126.80417637651452,
            36.45426246357484
          ]
        ]
      }
    },
    {
      "type": "Feature",
      "properties": {
        "proposal_id": "ink-line-155",
        "tile_id": "174-cheongyang-labels",
        "sheet_id": "174-cheongyang",
        "split": "development",
        "proposal_kind": "visible_linework_review_only",
        "backend": "archaeotrace_ink_v2_centerline",
        "upstream_commit": "7960acddb4e82855e2088fdfdd2244799b63775c",
        "pixel_length": 31.314,
        "point_count": 5,
        "confidence": 1.0,
        "review_status": "unreviewed"
      },
      "geometry": {
        "type": "LineString",
        "coordinates": [
          [
            126.80252363906553,
            36.434843773408105
          ],
          [
            126.80257086013549,
            36.434728642833996
          ],
          [
            126.80257086013549,
            36.43419136682148
          ],
          [
            126.80266530227543,
            36.43399948253129
          ],
          [
            126.8029014076253,
            36.43376922138307
          ]
        ]
      }
    },
    {
      "type": "Feature",
      "properties": {
        "proposal_id": "ink-line-156",
        "tile_id": "174-cheongyang-labels",
        "sheet_id": "174-cheongyang",
        "split": "development",
        "proposal_kind": "visible_linework_review_only",
        "backend": "archaeotrace_ink_v2_centerline",
        "upstream_commit": "7960acddb4e82855e2088fdfdd2244799b63775c",
        "pixel_length": 19.243,
        "point_count": 4,
        "confidence": 1.0,
        "review_status": "unreviewed"
      },
      "geometry": {
        "type": "LineString",
        "coordinates": [
          [
            126.80261808120547,
            36.43584157171707
          ],
          [
            126.80261808120547,
            36.436071832865295
          ],
          [
            126.8027125233454,
            36.43630209401351
          ],
          [
            126.80266530227543,
            36.43653235516174
          ]
        ]
      }
    },
    {
      "type": "Feature",
      "properties": {
        "proposal_id": "ink-line-157",
        "tile_id": "174-cheongyang-labels",
        "sheet_id": "174-cheongyang",
        "split": "development",
        "proposal_kind": "visible_linework_review_only",
        "backend": "archaeotrace_ink_v2_centerline",
        "upstream_commit": "7960acddb4e82855e2088fdfdd2244799b63775c",
        "pixel_length": 25.657,
        "point_count": 3,
        "confidence": 1.0,
        "review_status": "unreviewed"
      },
      "geometry": {
        "type": "LineString",
        "coordinates": [
          [
            126.80285418655532,
            36.454607855297176
          ],
          [
            126.80337361832501,
            36.454607855297176
          ],
          [
            126.80398749223464,
            36.45476136272932
          ]
        ]
      }
    },
    {
      "type": "Feature",
      "properties": {
        "proposal_id": "ink-line-158",
        "tile_id": "174-cheongyang-labels",
        "sheet_id": "174-cheongyang",
        "split": "development",
        "proposal_kind": "visible_linework_review_only",
        "backend": "archaeotrace_ink_v2_centerline",
        "upstream_commit": "7960acddb4e82855e2088fdfdd2244799b63775c",
        "pixel_length": 27.071,
        "point_count": 4,
        "confidence": 1.0,
        "review_status": "unreviewed"
      },
      "geometry": {
        "type": "LineString",
        "coordinates": [
          [
            126.80285418655532,
            36.43518916513044
          ],
          [
            126.80294862869526,
            36.43507403455633
          ],
          [
            126.8029014076253,
            36.434344874253625
          ],
          [
            126.80299584976524,
            36.434229743679516
          ]
        ]
      }
    },
    {
      "type": "Feature",
      "properties": {
        "proposal_id": "ink-line-159",
        "tile_id": "174-cheongyang-labels",
        "sheet_id": "174-cheongyang",
        "split": "development",
        "proposal_kind": "visible_linework_review_only",
        "backend": "archaeotrace_ink_v2_centerline",
        "upstream_commit": "7960acddb4e82855e2088fdfdd2244799b63775c",
        "pixel_length": 53.556,
        "point_count": 5,
        "confidence": 1.0,
        "review_status": "unreviewed"
      },
      "geometry": {
        "type": "LineString",
        "coordinates": [
          [
            126.8030430708352,
            36.452420374389064
          ],
          [
            126.80332639725503,
            36.451729590944396
          ],
          [
            126.80332639725503,
            36.451537706654214
          ],
          [
            126.80351528153493,
            36.450962053783655
          ],
          [
            126.80356250260489,
            36.45053990834525
          ]
        ]
      }
    },
    {
      "type": "Feature",
      "properties": {
        "proposal_id": "ink-line-160",
        "tile_id": "174-cheongyang-labels",
        "sheet_id": "174-cheongyang",
        "split": "development",
        "proposal_kind": "visible_linework_review_only",
        "backend": "archaeotrace_ink_v2_centerline",
        "upstream_commit": "7960acddb4e82855e2088fdfdd2244799b63775c",
        "pixel_length": 27.971,
        "point_count": 5,
        "confidence": 1.0,
        "review_status": "unreviewed"
      },
      "geometry": {
        "type": "LineString",
        "coordinates": [
          [
            126.80309029190518,
            36.45721748164369
          ],
          [
            126.80342083939497,
            36.45717910478565
          ],
          [
            126.80360972367487,
            36.45729423535977
          ],
          [
            126.80356250260489,
            36.45744774279191
          ],
          [
            126.80318473404512,
            36.457716380798175
          ]
        ]
      }
    },
    {
      "type": "Feature",
      "properties": {
        "proposal_id": "ink-line-161",
        "tile_id": "174-cheongyang-labels",
        "sheet_id": "174-cheongyang",
        "split": "development",
        "proposal_kind": "visible_linework_review_only",
        "backend": "archaeotrace_ink_v2_centerline",
        "upstream_commit": "7960acddb4e82855e2088fdfdd2244799b63775c",
        "pixel_length": 26.243,
        "point_count": 4,
        "confidence": 1.0,
        "review_status": "unreviewed"
      },
      "geometry": {
        "type": "LineString",
        "coordinates": [
          [
            126.80309029190518,
            36.42586358862744
          ],
          [
            126.80327917618506,
            36.425940342343516
          ],
          [
            126.80412915544456,
            36.425940342343516
          ],
          [
            126.80427081865446,
            36.42597871920155
          ]
        ]
      }
    },
    {
      "type": "Feature",
      "properties": {
        "proposal_id": "ink-line-162",
        "tile_id": "174-cheongyang-labels",
        "sheet_id": "174-cheongyang",
        "split": "development",
        "proposal_kind": "visible_linework_review_only",
        "backend": "archaeotrace_ink_v2_centerline",
        "upstream_commit": "7960acddb4e82855e2088fdfdd2244799b63775c",
        "pixel_length": 18.828,
        "point_count": 3,
        "confidence": 1.0,
        "review_status": "unreviewed"
      },
      "geometry": {
        "type": "LineString",
        "coordinates": [
          [
            126.80313751297516,
            36.44735462912818
          ],
          [
            126.80318473404512,
            36.447201121696025
          ],
          [
            126.80313751297516,
            36.44666384568351
          ]
        ]
      }
    },
    {
      "type": "Feature",
      "properties": {
        "proposal_id": "ink-line-163",
        "tile_id": "174-cheongyang-labels",
        "sheet_id": "174-cheongyang",
        "split": "development",
        "proposal_kind": "visible_linework_review_only",
        "backend": "archaeotrace_ink_v2_centerline",
        "upstream_commit": "7960acddb4e82855e2088fdfdd2244799b63775c",
        "pixel_length": 20.142,
        "point_count": 3,
        "confidence": 1.0,
        "review_status": "unreviewed"
      },
      "geometry": {
        "type": "LineString",
        "coordinates": [
          [
            126.80313751297516,
            36.434076236247364
          ],
          [
            126.80360972367487,
            36.433692467666994
          ],
          [
            126.80360972367487,
            36.433462206518776
          ]
        ]
      }
    },
    {
      "type": "Feature",
      "properties": {
        "proposal_id": "ink-line-164",
        "tile_id": "174-cheongyang-labels",
        "sheet_id": "174-cheongyang",
        "split": "development",
        "proposal_kind": "visible_linework_review_only",
        "backend": "archaeotrace_ink_v2_centerline",
        "upstream_commit": "7960acddb4e82855e2088fdfdd2244799b63775c",
        "pixel_length": 28.485,
        "point_count": 5,
        "confidence": 1.0,
        "review_status": "unreviewed"
      },
      "geometry": {
        "type": "LineString",
        "coordinates": [
          [
            126.80318473404512,
            36.43538104942063
          ],
          [
            126.80337361832501,
            36.434843773408105
          ],
          [
            126.80332639725503,
            36.43476701969203
          ],
          [
            126.80332639725503,
            36.434460004827734
          ],
          [
            126.80337361832501,
            36.43438325111166
          ]
        ]
      }
    },
    {
      "type": "Feature",
      "properties": {
        "proposal_id": "ink-line-165",
        "tile_id": "174-cheongyang-labels",
        "sheet_id": "174-cheongyang",
        "split": "development",
        "proposal_kind": "visible_linework_review_only",
        "backend": "archaeotrace_ink_v2_centerline",
        "upstream_commit": "7960acddb4e82855e2088fdfdd2244799b63775c",
        "pixel_length": 55.728,
        "point_count": 10,
        "confidence": 1.0,
        "review_status": "unreviewed"
      },
      "geometry": {
        "type": "LineString",
        "coordinates": [
          [
            126.8032319551151,
            36.447776774566584
          ],
          [
            126.80332639725503,
            36.447968658856766
          ],
          [
            126.80332639725503,
            36.44823729686303
          ],
          [
            126.80342083939497,
            36.448429181153216
          ],
          [
            126.80342083939497,
            36.448812949733586
          ],
          [
            126.80346806046495,
            36.44885132659162
          ],
          [
            126.80351528153493,
            36.44950373317825
          ],
          [
            126.80356250260489,
            36.44954211003629
          ],
          [
            126.80351528153493,
            36.44961886375236
          ],
          [
            126.80332639725503,
            36.4496572406104
          ]
        ]
      }
    },
    {
      "type": "Feature",
      "properties": {
        "proposal_id": "ink-line-166",
        "tile_id": "174-cheongyang-labels",
        "sheet_id": "174-cheongyang",
        "split": "development",
        "proposal_kind": "visible_linework_review_only",
        "backend": "archaeotrace_ink_v2_centerline",
        "upstream_commit": "7960acddb4e82855e2088fdfdd2244799b63775c",
        "pixel_length": 22.485,
        "point_count": 3,
        "confidence": 1.0,
        "review_status": "unreviewed"
      },
      "geometry": {
        "type": "LineString",
        "coordinates": [
          [
            126.80327917618506,
            36.44297966731196
          ],
          [
            126.80351528153493,
            36.4434401896084
          ],
          [
            126.80356250260489,
            36.4437472044727
          ]
        ]
      }
    },
    {
      "type": "Feature",
      "properties": {
        "proposal_id": "ink-line-167",
        "tile_id": "174-cheongyang-labels",
        "sheet_id": "174-cheongyang",
        "split": "development",
        "proposal_kind": "visible_linework_review_only",
        "backend": "archaeotrace_ink_v2_centerline",
        "upstream_commit": "7960acddb4e82855e2088fdfdd2244799b63775c",
        "pixel_length": 20.657,
        "point_count": 5,
        "confidence": 1.0,
        "review_status": "unreviewed"
      },
      "geometry": {
        "type": "LineString",
        "coordinates": [
          [
            126.80337361832501,
            36.44647196139333
          ],
          [
            126.80332639725503,
            36.4465487151094
          ],
          [
            126.80337361832501,
            36.44693248368977
          ],
          [
            126.80346806046495,
            36.447009237405844
          ],
          [
            126.8037041658148,
            36.447009237405844
          ]
        ]
      }
    },
    {
      "type": "Feature",
      "properties": {
        "proposal_id": "ink-line-168",
        "tile_id": "174-cheongyang-labels",
        "sheet_id": "174-cheongyang",
        "split": "development",
        "proposal_kind": "visible_linework_review_only",
        "backend": "archaeotrace_ink_v2_centerline",
        "upstream_commit": "7960acddb4e82855e2088fdfdd2244799b63775c",
        "pixel_length": 19.657,
        "point_count": 5,
        "confidence": 1.0,
        "review_status": "unreviewed"
      },
      "geometry": {
        "type": "LineString",
        "coordinates": [
          [
            126.80346806046495,
            36.459865484848244
          ],
          [
            126.80346806046495,
            36.459750354274135
          ],
          [
            126.80356250260489,
            36.459635223700026
          ],
          [
            126.80365694474483,
            36.45932820883573
          ],
          [
            126.80365694474483,
            36.45917470140358
          ]
        ]
      }
    },
    {
      "type": "Feature",
      "properties": {
        "proposal_id": "ink-line-169",
        "tile_id": "174-cheongyang-labels",
        "sheet_id": "174-cheongyang",
        "split": "development",
        "proposal_kind": "visible_linework_review_only",
        "backend": "archaeotrace_ink_v2_centerline",
        "upstream_commit": "7960acddb4e82855e2088fdfdd2244799b63775c",
        "pixel_length": 51.627,
        "point_count": 7,
        "confidence": 1.0,
        "review_status": "unreviewed"
      },
      "geometry": {
        "type": "LineString",
        "coordinates": [
          [
            126.80346806046495,
            36.45529863874184
          ],
          [
            126.80342083939497,
            36.455490523032026
          ],
          [
            126.80313751297516,
            36.45572078418025
          ],
          [
            126.8030430708352,
            36.455874291612396
          ],
          [
            126.80309029190518,
            36.4566034519151
          ],
          [
            126.80332639725503,
            36.45679533620528
          ],
          [
            126.80360972367487,
            36.45683371306332
          ]
        ]
      }
    },
    {
      "type": "Feature",
      "properties": {
        "proposal_id": "ink-line-170",
        "tile_id": "174-cheongyang-labels",
        "sheet_id": "174-cheongyang",
        "split": "development",
        "proposal_kind": "visible_linework_review_only",
        "backend": "archaeotrace_ink_v2_centerline",
        "upstream_commit": "7960acddb4e82855e2088fdfdd2244799b63775c",
        "pixel_length": 21.142,
        "point_count": 3,
        "confidence": 1.0,
        "review_status": "unreviewed"
      },
      "geometry": {
        "type": "LineString",
        "coordinates": [
          [
            126.80351528153493,
            36.42862672240611
          ],
          [
            126.80398749223464,
            36.42847321497396
          ],
          [
            126.80431803972444,
            36.42824295382574
          ]
        ]
      }
    },
    {
      "type": "Feature",
      "properties": {
        "proposal_id": "ink-line-171",
        "tile_id": "174-cheongyang-labels",
        "sheet_id": "174-cheongyang",
        "split": "development",
        "proposal_kind": "visible_linework_review_only",
        "backend": "archaeotrace_ink_v2_centerline",
        "upstream_commit": "7960acddb4e82855e2088fdfdd2244799b63775c",
        "pixel_length": 21.971,
        "point_count": 2,
        "confidence": 1.0,
        "review_status": "unreviewed"
      },
      "geometry": {
        "type": "LineString",
        "coordinates": [
          [
            126.80356250260489,
            36.439909518669
          ],
          [
            126.80436526079441,
            36.43944899637255
          ]
        ]
      }
    },
    {
      "type": "Feature",
      "properties": {
        "proposal_id": "ink-line-172",
        "tile_id": "174-cheongyang-labels",
        "sheet_id": "174-cheongyang",
        "split": "development",
        "proposal_kind": "visible_linework_review_only",
        "backend": "archaeotrace_ink_v2_centerline",
        "upstream_commit": "7960acddb4e82855e2088fdfdd2244799b63775c",
        "pixel_length": 43.314,
        "point_count": 6,
        "confidence": 1.0,
        "review_status": "unreviewed"
      },
      "geometry": {
        "type": "LineString",
        "coordinates": [
          [
            126.80360972367487,
            36.45161446037029
          ],
          [
            126.80375138688478,
            36.451153938073844
          ],
          [
            126.80375138688478,
            36.450962053783655
          ],
          [
            126.80379860795475,
            36.45092367692562
          ],
          [
            126.80384582902472,
            36.45023289348095
          ],
          [
            126.80398749223464,
            36.450079386048806
          ]
        ]
      }
    },
    {
      "type": "Feature",
      "properties": {
        "proposal_id": "ink-line-173",
        "tile_id": "174-cheongyang-labels",
        "sheet_id": "174-cheongyang",
        "split": "development",
        "proposal_kind": "visible_linework_review_only",
        "backend": "archaeotrace_ink_v2_centerline",
        "upstream_commit": "7960acddb4e82855e2088fdfdd2244799b63775c",
        "pixel_length": 56.899,
        "point_count": 3,
        "confidence": 1.0,
        "review_status": "unreviewed"
      },
      "geometry": {
        "type": "LineString",
        "coordinates": [
          [
            126.80360972367487,
            36.44382395818877
          ],
          [
            126.80375138688478,
            36.44424610362718
          ],
          [
            126.80394027116466,
            36.44589630852277
          ]
        ]
      }
    },
    {
      "type": "Feature",
      "properties": {
        "proposal_id": "ink-line-174",
        "tile_id": "174-cheongyang-labels",
        "sheet_id": "174-cheongyang",
        "split": "development",
        "proposal_kind": "visible_linework_review_only",
        "backend": "archaeotrace_ink_v2_centerline",
        "upstream_commit": "7960acddb4e82855e2088fdfdd2244799b63775c",
        "pixel_length": 36.728,
        "point_count": 10,
        "confidence": 1.0,
        "review_status": "unreviewed"
      },
      "geometry": {
        "type": "LineString",
        "coordinates": [
          [
            126.80365694474483,
            36.447968658856766
          ],
          [
            126.80360972367487,
            36.44800703571481
          ],
          [
            126.80360972367487,
            36.448160543146955
          ],
          [
            126.80365694474483,
            36.44819892000499
          ],
          [
            126.80360972367487,
            36.44823729686303
          ],
          [
            126.80360972367487,
            36.44839080429518
          ],
          [
            126.80365694474483,
            36.448429181153216
          ],
          [
            126.8037041658148,
            36.448928080307695
          ],
          [
            126.80384582902472,
            36.449043210881804
          ],
          [
            126.80408193437458,
            36.44900483402377
          ]
        ]
      }
    },
    {
      "type": "Feature",
      "properties": {
        "proposal_id": "ink-line-175",
        "tile_id": "174-cheongyang-labels",
        "sheet_id": "174-cheongyang",
        "split": "development",
        "proposal_kind": "visible_linework_review_only",
        "backend": "archaeotrace_ink_v2_centerline",
        "upstream_commit": "7960acddb4e82855e2088fdfdd2244799b63775c",
        "pixel_length": 35.485,
        "point_count": 10,
        "confidence": 1.0,
        "review_status": "unreviewed"
      },
      "geometry": {
        "type": "LineString",
        "coordinates": [
          [
            126.80384582902472,
            36.44762326713444
          ],
          [
            126.8038930500947,
            36.447661643992475
          ],
          [
            126.8042235975845,
            36.447661643992475
          ],
          [
            126.80427081865446,
            36.44770002085051
          ],
          [
            126.80483747149412,
            36.447661643992475
          ],
          [
            126.8048846925641,
            36.44762326713444
          ],
          [
            126.80507357684398,
            36.44762326713444
          ],
          [
            126.80512079791396,
            36.447661643992475
          ],
          [
            126.80535690326381,
            36.447661643992475
          ],
          [
            126.80540412433378,
            36.44762326713444
          ]
        ]
      }
    },
    {
      "type": "Feature",
      "properties": {
        "proposal_id": "ink-line-176",
        "tile_id": "174-cheongyang-labels",
        "sheet_id": "174-cheongyang",
        "split": "development",
        "proposal_kind": "visible_linework_review_only",
        "backend": "archaeotrace_ink_v2_centerline",
        "upstream_commit": "7960acddb4e82855e2088fdfdd2244799b63775c",
        "pixel_length": 36.899,
        "point_count": 9,
        "confidence": 1.0,
        "review_status": "unreviewed"
      },
      "geometry": {
        "type": "LineString",
        "coordinates": [
          [
            126.8038930500947,
            36.44958048689433
          ],
          [
            126.80384582902472,
            36.44950373317825
          ],
          [
            126.80384582902472,
            36.44923509517199
          ],
          [
            126.8038930500947,
            36.44919671831396
          ],
          [
            126.80445970293435,
            36.44919671831396
          ],
          [
            126.80455414507429,
            36.44927347203003
          ],
          [
            126.80455414507429,
            36.44938860260414
          ],
          [
            126.80464858721423,
            36.44954211003629
          ],
          [
            126.80455414507429,
            36.44961886375236
          ]
        ]
      }
    },
    {
      "type": "Feature",
      "properties": {
        "proposal_id": "ink-line-177",
        "tile_id": "174-cheongyang-labels",
        "sheet_id": "174-cheongyang",
        "split": "development",
        "proposal_kind": "visible_linework_review_only",
        "backend": "archaeotrace_ink_v2_centerline",
        "upstream_commit": "7960acddb4e82855e2088fdfdd2244799b63775c",
        "pixel_length": 26.071,
        "point_count": 5,
        "confidence": 1.0,
        "review_status": "unreviewed"
      },
      "geometry": {
        "type": "LineString",
        "coordinates": [
          [
            126.80394027116466,
            36.4329633073643
          ],
          [
            126.8040347133046,
            36.43323194537055
          ],
          [
            126.8040347133046,
            36.433462206518776
          ],
          [
            126.80412915544456,
            36.43361571395092
          ],
          [
            126.80408193437458,
            36.43388435195718
          ]
        ]
      }
    },
    {
      "type": "Feature",
      "properties": {
        "proposal_id": "ink-line-178",
        "tile_id": "174-cheongyang-labels",
        "sheet_id": "174-cheongyang",
        "split": "development",
        "proposal_kind": "visible_linework_review_only",
        "backend": "archaeotrace_ink_v2_centerline",
        "upstream_commit": "7960acddb4e82855e2088fdfdd2244799b63775c",
        "pixel_length": 62.728,
        "point_count": 5,
        "confidence": 1.0,
        "review_status": "unreviewed"
      },
      "geometry": {
        "type": "LineString",
        "coordinates": [
          [
            126.80398749223464,
            36.443900711904845
          ],
          [
            126.8042235975845,
            36.44570442423259
          ],
          [
            126.80427081865446,
            36.445742801090624
          ],
          [
            126.80431803972444,
            36.446049815954915
          ],
          [
            126.80441248186438,
            36.44616494652903
          ]
        ]
      }
    },
    {
      "type": "Feature",
      "properties": {
        "proposal_id": "ink-line-179",
        "tile_id": "174-cheongyang-labels",
        "sheet_id": "174-cheongyang",
        "split": "development",
        "proposal_kind": "visible_linework_review_only",
        "backend": "archaeotrace_ink_v2_centerline",
        "upstream_commit": "7960acddb4e82855e2088fdfdd2244799b63775c",
        "pixel_length": 19.071,
        "point_count": 3,
        "confidence": 1.0,
        "review_status": "unreviewed"
      },
      "geometry": {
        "type": "LineString",
        "coordinates": [
          [
            126.80412915544456,
            36.437146384890326
          ],
          [
            126.80455414507429,
            36.43699287745818
          ],
          [
            126.80493191363406,
            36.43703125431622
          ]
        ]
      }
    },
    {
      "type": "Feature",
      "properties": {
        "proposal_id": "ink-line-180",
        "tile_id": "174-cheongyang-labels",
        "sheet_id": "174-cheongyang",
        "split": "development",
        "proposal_kind": "visible_linework_review_only",
        "backend": "archaeotrace_ink_v2_centerline",
        "upstream_commit": "7960acddb4e82855e2088fdfdd2244799b63775c",
        "pixel_length": 31.485,
        "point_count": 3,
        "confidence": 1.0,
        "review_status": "unreviewed"
      },
      "geometry": {
        "type": "LineString",
        "coordinates": [
          [
            126.80417637651452,
            36.43914198150826
          ],
          [
            126.80455414507429,
            36.43902685093414
          ],
          [
            126.80554578754369,
            36.43891172036003
          ]
        ]
      }
    },
    {
      "type": "Feature",
      "properties": {
        "proposal_id": "ink-line-181",
        "tile_id": "174-cheongyang-labels",
        "sheet_id": "174-cheongyang",
        "split": "development",
        "proposal_kind": "visible_linework_review_only",
        "backend": "archaeotrace_ink_v2_centerline",
        "upstream_commit": "7960acddb4e82855e2088fdfdd2244799b63775c",
        "pixel_length": 21.657,
        "point_count": 4,
        "confidence": 1.0,
        "review_status": "unreviewed"
      },
      "geometry": {
        "type": "LineString",
        "coordinates": [
          [
            126.80417637651452,
            36.43622534029744
          ],
          [
            126.80455414507429,
            36.43611020972333
          ],
          [
            126.805026355774,
            36.43611020972333
          ],
          [
            126.80512079791396,
            36.43614858658137
          ]
        ]
      }
    },
    {
      "type": "Feature",
      "properties": {
        "proposal_id": "ink-line-182",
        "tile_id": "174-cheongyang-labels",
        "sheet_id": "174-cheongyang",
        "split": "development",
        "proposal_kind": "visible_linework_review_only",
        "backend": "archaeotrace_ink_v2_centerline",
        "upstream_commit": "7960acddb4e82855e2088fdfdd2244799b63775c",
        "pixel_length": 35.071,
        "point_count": 6,
        "confidence": 1.0,
        "review_status": "unreviewed"
      },
      "geometry": {
        "type": "LineString",
        "coordinates": [
          [
            126.80417637651452,
            36.430276927301705
          ],
          [
            126.80427081865446,
            36.43043043473385
          ],
          [
            126.80427081865446,
            36.43108284132048
          ],
          [
            126.80431803972444,
            36.43112121817852
          ],
          [
            126.80431803972444,
            36.431428233042816
          ],
          [
            126.8042235975845,
            36.431543363616925
          ]
        ]
      }
    },
    {
      "type": "Feature",
      "properties": {
        "proposal_id": "ink-line-183",
        "tile_id": "174-cheongyang-labels",
        "sheet_id": "174-cheongyang",
        "split": "development",
        "proposal_kind": "visible_linework_review_only",
        "backend": "archaeotrace_ink_v2_centerline",
        "upstream_commit": "7960acddb4e82855e2088fdfdd2244799b63775c",
        "pixel_length": 24.485,
        "point_count": 4,
        "confidence": 1.0,
        "review_status": "unreviewed"
      },
      "geometry": {
        "type": "LineString",
        "coordinates": [
          [
            126.80417637651452,
            36.427782431529295
          ],
          [
            126.80460136614427,
            36.42759054723911
          ],
          [
            126.80507357684398,
            36.42759054723911
          ],
          [
            126.8052152400539,
            36.42762892409715
          ]
        ]
      }
    },
    {
      "type": "Feature",
      "properties": {
        "proposal_id": "ink-line-184",
        "tile_id": "174-cheongyang-labels",
        "sheet_id": "174-cheongyang",
        "split": "development",
        "proposal_kind": "visible_linework_review_only",
        "backend": "archaeotrace_ink_v2_centerline",
        "upstream_commit": "7960acddb4e82855e2088fdfdd2244799b63775c",
        "pixel_length": 18.657,
        "point_count": 5,
        "confidence": 1.0,
        "review_status": "unreviewed"
      },
      "geometry": {
        "type": "LineString",
        "coordinates": [
          [
            126.80427081865446,
            36.448352427437136
          ],
          [
            126.80431803972444,
            36.44869781915947
          ],
          [
            126.80441248186438,
            36.448812949733586
          ],
          [
            126.80441248186438,
            36.44896645716573
          ],
          [
            126.80445970293435,
            36.44900483402377
          ]
        ]
      }
    },
    {
      "type": "Feature",
      "properties": {
        "proposal_id": "ink-line-185",
        "tile_id": "174-cheongyang-labels",
        "sheet_id": "174-cheongyang",
        "split": "development",
        "proposal_kind": "visible_linework_review_only",
        "backend": "archaeotrace_ink_v2_centerline",
        "upstream_commit": "7960acddb4e82855e2088fdfdd2244799b63775c",
        "pixel_length": 19.828,
        "point_count": 4,
        "confidence": 1.0,
        "review_status": "unreviewed"
      },
      "geometry": {
        "type": "LineString",
        "coordinates": [
          [
            126.80455414507429,
            36.45921307826162
          ],
          [
            126.80455414507429,
            36.45978873113217
          ],
          [
            126.80464858721423,
            36.459865484848244
          ],
          [
            126.80474302935419,
            36.459865484848244
          ]
        ]
      }
    },
    {
      "type": "Feature",
      "properties": {
        "proposal_id": "ink-line-186",
        "tile_id": "174-cheongyang-labels",
        "sheet_id": "174-cheongyang",
        "split": "development",
        "proposal_kind": "visible_linework_review_only",
        "backend": "archaeotrace_ink_v2_centerline",
        "upstream_commit": "7960acddb4e82855e2088fdfdd2244799b63775c",
        "pixel_length": 18.899,
        "point_count": 2,
        "confidence": 1.0,
        "review_status": "unreviewed"
      },
      "geometry": {
        "type": "LineString",
        "coordinates": [
          [
            126.80455414507429,
            36.42382961515148
          ],
          [
            126.80530968219384,
            36.424098253157744
          ]
        ]
      }
    },
    {
      "type": "Feature",
      "properties": {
        "proposal_id": "ink-line-187",
        "tile_id": "174-cheongyang-labels",
        "sheet_id": "174-cheongyang",
        "split": "development",
        "proposal_kind": "visible_linework_review_only",
        "backend": "archaeotrace_ink_v2_centerline",
        "upstream_commit": "7960acddb4e82855e2088fdfdd2244799b63775c",
        "pixel_length": 24.657,
        "point_count": 6,
        "confidence": 1.0,
        "review_status": "unreviewed"
      },
      "geometry": {
        "type": "LineString",
        "coordinates": [
          [
            126.80464858721423,
            36.43868145921181
          ],
          [
            126.80479025042415,
            36.43871983606984
          ],
          [
            126.80512079791396,
            36.43871983606984
          ],
          [
            126.80516801898392,
            36.43868145921181
          ],
          [
            126.80559300861367,
            36.43871983606984
          ],
          [
            126.80564022968363,
            36.43883496664396
          ]
        ]
      }
    },
    {
      "type": "Feature",
      "properties": {
        "proposal_id": "ink-line-188",
        "tile_id": "174-cheongyang-labels",
        "sheet_id": "174-cheongyang",
        "split": "development",
        "proposal_kind": "visible_linework_review_only",
        "backend": "archaeotrace_ink_v2_centerline",
        "upstream_commit": "7960acddb4e82855e2088fdfdd2244799b63775c",
        "pixel_length": 21.485,
        "point_count": 3,
        "confidence": 1.0,
        "review_status": "unreviewed"
      },
      "geometry": {
        "type": "LineString",
        "coordinates": [
          [
            126.80469580828421,
            36.45272738925336
          ],
          [
            126.80464858721423,
            36.452305243814955
          ],
          [
            126.8048846925641,
            36.45199822895066
          ]
        ]
      }
    },
    {
      "type": "Feature",
      "properties": {
        "proposal_id": "ink-line-189",
        "tile_id": "174-cheongyang-labels",
        "sheet_id": "174-cheongyang",
        "split": "development",
        "proposal_kind": "visible_linework_review_only",
        "backend": "archaeotrace_ink_v2_centerline",
        "upstream_commit": "7960acddb4e82855e2088fdfdd2244799b63775c",
        "pixel_length": 18.071,
        "point_count": 4,
        "confidence": 1.0,
        "review_status": "unreviewed"
      },
      "geometry": {
        "type": "LineString",
        "coordinates": [
          [
            126.80474302935419,
            36.44171323099673
          ],
          [
            126.8048846925641,
            36.441789984712806
          ],
          [
            126.80526246112386,
            36.44182836157085
          ],
          [
            126.80549856647373,
            36.44190511528692
          ]
        ]
      }
    },
    {
      "type": "Feature",
      "properties": {
        "proposal_id": "ink-line-190",
        "tile_id": "174-cheongyang-labels",
        "sheet_id": "174-cheongyang",
        "split": "development",
        "proposal_kind": "visible_linework_review_only",
        "backend": "archaeotrace_ink_v2_centerline",
        "upstream_commit": "7960acddb4e82855e2088fdfdd2244799b63775c",
        "pixel_length": 35.799,
        "point_count": 6,
        "confidence": 1.0,
        "review_status": "unreviewed"
      },
      "geometry": {
        "type": "LineString",
        "coordinates": [
          [
            126.80474302935419,
            36.437530153470696
          ],
          [
            126.80512079791396,
            36.437837168334994
          ],
          [
            126.80535690326381,
            36.4379522989091
          ],
          [
            126.80587633503349,
            36.4379522989091
          ],
          [
            126.8060179982434,
            36.43787554519303
          ],
          [
            126.80615966145332,
            36.43791392205107
          ]
        ]
      }
    },
    {
      "type": "Feature",
      "properties": {
        "proposal_id": "ink-line-191",
        "tile_id": "174-cheongyang-labels",
        "sheet_id": "174-cheongyang",
        "split": "development",
        "proposal_kind": "visible_linework_review_only",
        "backend": "archaeotrace_ink_v2_centerline",
        "upstream_commit": "7960acddb4e82855e2088fdfdd2244799b63775c",
        "pixel_length": 25.828,
        "point_count": 4,
        "confidence": 1.0,
        "review_status": "unreviewed"
      },
      "geometry": {
        "type": "LineString",
        "coordinates": [
          [
            126.80479025042415,
            36.45794664194639
          ],
          [
            126.80479025042415,
            36.4586758022491
          ],
          [
            126.8048846925641,
            36.45875255596517
          ],
          [
            126.80507357684398,
            36.45875255596517
          ]
        ]
      }
    },
    {
      "type": "Feature",
      "properties": {
        "proposal_id": "ink-line-192",
        "tile_id": "174-cheongyang-labels",
        "sheet_id": "174-cheongyang",
        "split": "development",
        "proposal_kind": "visible_linework_review_only",
        "backend": "archaeotrace_ink_v2_centerline",
        "upstream_commit": "7960acddb4e82855e2088fdfdd2244799b63775c",
        "pixel_length": 27.899,
        "point_count": 5,
        "confidence": 1.0,
        "review_status": "unreviewed"
      },
      "geometry": {
        "type": "LineString",
        "coordinates": [
          [
            126.80479025042415,
            36.4396025038047
          ],
          [
            126.80526246112386,
            36.43952575008863
          ],
          [
            126.80554578754369,
            36.43941061951451
          ],
          [
            126.80578189289355,
            36.43941061951451
          ],
          [
            126.80597077717344,
            36.43933386579844
          ]
        ]
      }
    },
    {
      "type": "Feature",
      "properties": {
        "proposal_id": "ink-line-193",
        "tile_id": "174-cheongyang-labels",
        "sheet_id": "174-cheongyang",
        "split": "development",
        "proposal_kind": "visible_linework_review_only",
        "backend": "archaeotrace_ink_v2_centerline",
        "upstream_commit": "7960acddb4e82855e2088fdfdd2244799b63775c",
        "pixel_length": 29.899,
        "point_count": 5,
        "confidence": 1.0,
        "review_status": "unreviewed"
      },
      "geometry": {
        "type": "LineString",
        "coordinates": [
          [
            126.8048846925641,
            36.430200173585625
          ],
          [
            126.80507357684398,
            36.43043043473385
          ],
          [
            126.805026355774,
            36.430660695882075
          ],
          [
            126.80493191363406,
            36.43081420331422
          ],
          [
            126.80493191363406,
            36.43123634875263
          ]
        ]
      }
    },
    {
      "type": "Feature",
      "properties": {
        "proposal_id": "ink-line-194",
        "tile_id": "174-cheongyang-labels",
        "sheet_id": "174-cheongyang",
        "split": "development",
        "proposal_kind": "visible_linework_review_only",
        "backend": "archaeotrace_ink_v2_centerline",
        "upstream_commit": "7960acddb4e82855e2088fdfdd2244799b63775c",
        "pixel_length": 72.799,
        "point_count": 8,
        "confidence": 1.0,
        "review_status": "unreviewed"
      },
      "geometry": {
        "type": "LineString",
        "coordinates": [
          [
            126.80493191363406,
            36.4382593137734
          ],
          [
            126.80516801898392,
            36.43837444434752
          ],
          [
            126.80573467182359,
            36.43841282120555
          ],
          [
            126.80578189289355,
            36.43837444434752
          ],
          [
            126.80615966145332,
            36.43833606748947
          ],
          [
            126.80649020894313,
            36.438220936915364
          ],
          [
            126.80757629355247,
            36.43818256005733
          ],
          [
            126.80809572532216,
            36.43802905262518
          ]
        ]
      }
    },
    {
      "type": "Feature",
      "properties": {
        "proposal_id": "ink-line-195",
        "tile_id": "174-cheongyang-labels",
        "sheet_id": "174-cheongyang",
        "split": "development",
        "proposal_kind": "visible_linework_review_only",
        "backend": "archaeotrace_ink_v2_centerline",
        "upstream_commit": "7960acddb4e82855e2088fdfdd2244799b63775c",
        "pixel_length": 19.243,
        "point_count": 2,
        "confidence": 1.0,
        "review_status": "unreviewed"
      },
      "geometry": {
        "type": "LineString",
        "coordinates": [
          [
            126.805026355774,
            36.435112411414366
          ],
          [
            126.80587633503349,
            36.435227541988475
          ]
        ]
      }
    },
    {
      "type": "Feature",
      "properties": {
        "proposal_id": "ink-line-196",
        "tile_id": "174-cheongyang-labels",
        "sheet_id": "174-cheongyang",
        "split": "development",
        "proposal_kind": "visible_linework_review_only",
        "backend": "archaeotrace_ink_v2_centerline",
        "upstream_commit": "7960acddb4e82855e2088fdfdd2244799b63775c",
        "pixel_length": 25.728,
        "point_count": 6,
        "confidence": 1.0,
        "review_status": "unreviewed"
      },
      "geometry": {
        "type": "LineString",
        "coordinates": [
          [
            126.80507357684398,
            36.42993153557937
          ],
          [
            126.80497913470404,
            36.429816405005255
          ],
          [
            126.80497913470404,
            36.429701274431146
          ],
          [
            126.80516801898392,
            36.429509390140964
          ],
          [
            126.80554578754369,
            36.42947101328292
          ],
          [
            126.80568745075361,
            36.429547766999
          ]
        ]
      }
    },
    {
      "type": "Feature",
      "properties": {
        "proposal_id": "ink-line-197",
        "tile_id": "174-cheongyang-labels",
        "sheet_id": "174-cheongyang",
        "split": "development",
        "proposal_kind": "visible_linework_review_only",
        "backend": "archaeotrace_ink_v2_centerline",
        "upstream_commit": "7960acddb4e82855e2088fdfdd2244799b63775c",
        "pixel_length": 36.142,
        "point_count": 7,
        "confidence": 1.0,
        "review_status": "unreviewed"
      },
      "geometry": {
        "type": "LineString",
        "coordinates": [
          [
            126.8052152400539,
            36.45146095293814
          ],
          [
            126.80516801898392,
            36.45161446037029
          ],
          [
            126.80545134540375,
            36.45180634466047
          ],
          [
            126.80611244038336,
            36.45180634466047
          ],
          [
            126.80625410359326,
            36.45176796780243
          ],
          [
            126.80639576680318,
            36.45165283722832
          ],
          [
            126.80639576680318,
            36.45157608351225
          ]
        ]
      }
    },
    {
      "type": "Feature",
      "properties": {
        "proposal_id": "ink-line-198",
        "tile_id": "174-cheongyang-labels",
        "sheet_id": "174-cheongyang",
        "split": "development",
        "proposal_kind": "visible_linework_review_only",
        "backend": "archaeotrace_ink_v2_centerline",
        "upstream_commit": "7960acddb4e82855e2088fdfdd2244799b63775c",
        "pixel_length": 19.243,
        "point_count": 4,
        "confidence": 1.0,
        "review_status": "unreviewed"
      },
      "geometry": {
        "type": "LineString",
        "coordinates": [
          [
            126.8052152400539,
            36.43350058337681
          ],
          [
            126.8052152400539,
            36.433193568512515
          ],
          [
            126.80530968219384,
            36.43300168422233
          ],
          [
            126.80526246112386,
            36.432809799932144
          ]
        ]
      }
    },
    {
      "type": "Feature",
      "properties": {
        "proposal_id": "ink-line-199",
        "tile_id": "174-cheongyang-labels",
        "sheet_id": "174-cheongyang",
        "split": "development",
        "proposal_kind": "visible_linework_review_only",
        "backend": "archaeotrace_ink_v2_centerline",
        "upstream_commit": "7960acddb4e82855e2088fdfdd2244799b63775c",
        "pixel_length": 39.556,
        "point_count": 7,
        "confidence": 1.0,
        "review_status": "unreviewed"
      },
      "geometry": {
        "type": "LineString",
        "coordinates": [
          [
            126.8052152400539,
            36.43273304621607
          ],
          [
            126.80516801898392,
            36.43254116192588
          ],
          [
            126.80507357684398,
            36.432426031351774
          ],
          [
            126.80507357684398,
            36.43208063962944
          ],
          [
            126.80530968219384,
            36.431812001623186
          ],
          [
            126.80540412433378,
            36.431620117333
          ],
          [
            126.80535690326381,
            36.43138985618477
          ]
        ]
      }
    },
    {
      "type": "Feature",
      "properties": {
        "proposal_id": "ink-line-200",
        "tile_id": "174-cheongyang-labels",
        "sheet_id": "174-cheongyang",
        "split": "development",
        "proposal_kind": "visible_linework_review_only",
        "backend": "archaeotrace_ink_v2_centerline",
        "upstream_commit": "7960acddb4e82855e2088fdfdd2244799b63775c",
        "pixel_length": 25.071,
        "point_count": 5,
        "confidence": 1.0,
        "review_status": "unreviewed"
      },
      "geometry": {
        "type": "LineString",
        "coordinates": [
          [
            126.80535690326381,
            36.451345822364026
          ],
          [
            126.80549856647373,
            36.45130744550599
          ],
          [
            126.80611244038336,
            36.45130744550599
          ],
          [
            126.80630132466324,
            36.45138419922206
          ],
          [
            126.80639576680318,
            36.45149932979618
          ]
        ]
      }
    },
    {
      "type": "Feature",
      "properties": {
        "proposal_id": "ink-line-201",
        "tile_id": "174-cheongyang-labels",
        "sheet_id": "174-cheongyang",
        "split": "development",
        "proposal_kind": "visible_linework_review_only",
        "backend": "archaeotrace_ink_v2_centerline",
        "upstream_commit": "7960acddb4e82855e2088fdfdd2244799b63775c",
        "pixel_length": 20.243,
        "point_count": 3,
        "confidence": 1.0,
        "review_status": "unreviewed"
      },
      "geometry": {
        "type": "LineString",
        "coordinates": [
          [
            126.80554578754369,
            36.43227252391963
          ],
          [
            126.80568745075361,
            36.43273304621607
          ],
          [
            126.80568745075361,
            36.43300168422233
          ]
        ]
      }
    },
    {
      "type": "Feature",
      "properties": {
        "proposal_id": "ink-line-202",
        "tile_id": "174-cheongyang-labels",
        "sheet_id": "174-cheongyang",
        "split": "development",
        "proposal_kind": "visible_linework_review_only",
        "backend": "archaeotrace_ink_v2_centerline",
        "upstream_commit": "7960acddb4e82855e2088fdfdd2244799b63775c",
        "pixel_length": 18.142,
        "point_count": 3,
        "confidence": 1.0,
        "review_status": "unreviewed"
      },
      "geometry": {
        "type": "LineString",
        "coordinates": [
          [
            126.80568745075361,
            36.426631125788184
          ],
          [
            126.80597077717344,
            36.42674625636229
          ],
          [
            126.80630132466324,
            36.42705327122659
          ]
        ]
      }
    },
    {
      "type": "Feature",
      "properties": {
        "proposal_id": "ink-line-203",
        "tile_id": "174-cheongyang-labels",
        "sheet_id": "174-cheongyang",
        "split": "development",
        "proposal_kind": "visible_linework_review_only",
        "backend": "archaeotrace_ink_v2_centerline",
        "upstream_commit": "7960acddb4e82855e2088fdfdd2244799b63775c",
        "pixel_length": 26.899,
        "point_count": 6,
        "confidence": 1.0,
        "review_status": "unreviewed"
      },
      "geometry": {
        "type": "LineString",
        "coordinates": [
          [
            126.80578189289355,
            36.42532631261493
          ],
          [
            126.80597077717344,
            36.42528793575689
          ],
          [
            126.80611244038336,
            36.425172805182775
          ],
          [
            126.80615966145332,
            36.424865790318485
          ],
          [
            126.80611244038336,
            36.42482741346044
          ],
          [
            126.80606521931338,
            36.42452039859615
          ]
        ]
      }
    },
    {
      "type": "Feature",
      "properties": {
        "proposal_id": "ink-line-204",
        "tile_id": "174-cheongyang-labels",
        "sheet_id": "174-cheongyang",
        "split": "development",
        "proposal_kind": "visible_linework_review_only",
        "backend": "archaeotrace_ink_v2_centerline",
        "upstream_commit": "7960acddb4e82855e2088fdfdd2244799b63775c",
        "pixel_length": 19.657,
        "point_count": 4,
        "confidence": 1.0,
        "review_status": "unreviewed"
      },
      "geometry": {
        "type": "LineString",
        "coordinates": [
          [
            126.80582911396353,
            36.443248305318214
          ],
          [
            126.80587633503349,
            36.44328668217625
          ],
          [
            126.80587633503349,
            36.44378558133074
          ],
          [
            126.8060179982434,
            36.44393908876288
          ]
        ]
      }
    },
    {
      "type": "Feature",
      "properties": {
        "proposal_id": "ink-line-205",
        "tile_id": "174-cheongyang-labels",
        "sheet_id": "174-cheongyang",
        "split": "development",
        "proposal_kind": "visible_linework_review_only",
        "backend": "archaeotrace_ink_v2_centerline",
        "upstream_commit": "7960acddb4e82855e2088fdfdd2244799b63775c",
        "pixel_length": 28.314,
        "point_count": 4,
        "confidence": 1.0,
        "review_status": "unreviewed"
      },
      "geometry": {
        "type": "LineString",
        "coordinates": [
          [
            126.80592355610347,
            36.453456549556066
          ],
          [
            126.80573467182359,
            36.45299602725962
          ],
          [
            126.80573467182359,
            36.452689012395325
          ],
          [
            126.80592355610347,
            36.452497128105136
          ]
        ]
      }
    },
    {
      "type": "Feature",
      "properties": {
        "proposal_id": "ink-line-206",
        "tile_id": "174-cheongyang-labels",
        "sheet_id": "174-cheongyang",
        "split": "development",
        "proposal_kind": "visible_linework_review_only",
        "backend": "archaeotrace_ink_v2_centerline",
        "upstream_commit": "7960acddb4e82855e2088fdfdd2244799b63775c",
        "pixel_length": 22.657,
        "point_count": 4,
        "confidence": 1.0,
        "review_status": "unreviewed"
      },
      "geometry": {
        "type": "LineString",
        "coordinates": [
          [
            126.80597077717344,
            36.45568240732221
          ],
          [
            126.8060179982434,
            36.45541376931595
          ],
          [
            126.80611244038336,
            36.45533701559988
          ],
          [
            126.80615966145332,
            36.45487649330343
          ]
        ]
      }
    },
    {
      "type": "Feature",
      "properties": {
        "proposal_id": "ink-line-207",
        "tile_id": "174-cheongyang-labels",
        "sheet_id": "174-cheongyang",
        "split": "development",
        "proposal_kind": "visible_linework_review_only",
        "backend": "archaeotrace_ink_v2_centerline",
        "upstream_commit": "7960acddb4e82855e2088fdfdd2244799b63775c",
        "pixel_length": 28.828,
        "point_count": 4,
        "confidence": 1.0,
        "review_status": "unreviewed"
      },
      "geometry": {
        "type": "LineString",
        "coordinates": [
          [
            126.80597077717344,
            36.439640880662736
          ],
          [
            126.80615966145332,
            36.43967925752077
          ],
          [
            126.8071985249927,
            36.43967925752077
          ],
          [
            126.80729296713264,
            36.43971763437881
          ]
        ]
      }
    },
    {
      "type": "Feature",
      "properties": {
        "proposal_id": "ink-line-208",
        "tile_id": "174-cheongyang-labels",
        "sheet_id": "174-cheongyang",
        "split": "development",
        "proposal_kind": "visible_linework_review_only",
        "backend": "archaeotrace_ink_v2_centerline",
        "upstream_commit": "7960acddb4e82855e2088fdfdd2244799b63775c",
        "pixel_length": 19.314,
        "point_count": 4,
        "confidence": 1.0,
        "review_status": "unreviewed"
      },
      "geometry": {
        "type": "LineString",
        "coordinates": [
          [
            126.8060179982434,
            36.456948843637434
          ],
          [
            126.8060179982434,
            36.456756959347246
          ],
          [
            126.8062068825233,
            36.45648832134099
          ],
          [
            126.80639576680318,
            36.45633481390884
          ]
        ]
      }
    },
    {
      "type": "Feature",
      "properties": {
        "proposal_id": "ink-line-209",
        "tile_id": "174-cheongyang-labels",
        "sheet_id": "174-cheongyang",
        "split": "development",
        "proposal_kind": "visible_linework_review_only",
        "backend": "archaeotrace_ink_v2_centerline",
        "upstream_commit": "7960acddb4e82855e2088fdfdd2244799b63775c",
        "pixel_length": 25.828,
        "point_count": 4,
        "confidence": 1.0,
        "review_status": "unreviewed"
      },
      "geometry": {
        "type": "LineString",
        "coordinates": [
          [
            126.8060179982434,
            36.437453399754624
          ],
          [
            126.80677353536295,
            36.437453399754624
          ],
          [
            126.80682075643293,
            36.43741502289659
          ],
          [
            126.8071985249927,
            36.43737664603855
          ]
        ]
      }
    },
    {
      "type": "Feature",
      "properties": {
        "proposal_id": "ink-line-210",
        "tile_id": "174-cheongyang-labels",
        "sheet_id": "174-cheongyang",
        "split": "development",
        "proposal_kind": "visible_linework_review_only",
        "backend": "archaeotrace_ink_v2_centerline",
        "upstream_commit": "7960acddb4e82855e2088fdfdd2244799b63775c",
        "pixel_length": 25.657,
        "point_count": 3,
        "confidence": 1.0,
        "review_status": "unreviewed"
      },
      "geometry": {
        "type": "LineString",
        "coordinates": [
          [
            126.80615966145332,
            36.45802339566247
          ],
          [
            126.80630132466324,
            36.45825365681069
          ],
          [
            126.80625410359326,
            36.45894444025536
          ]
        ]
      }
    },
    {
      "type": "Feature",
      "properties": {
        "proposal_id": "ink-line-211",
        "tile_id": "174-cheongyang-labels",
        "sheet_id": "174-cheongyang",
        "split": "development",
        "proposal_kind": "visible_linework_review_only",
        "backend": "archaeotrace_ink_v2_centerline",
        "upstream_commit": "7960acddb4e82855e2088fdfdd2244799b63775c",
        "pixel_length": 18.728,
        "point_count": 4,
        "confidence": 1.0,
        "review_status": "unreviewed"
      },
      "geometry": {
        "type": "LineString",
        "coordinates": [
          [
            126.80615966145332,
            36.45748611964995
          ],
          [
            126.80625410359326,
            36.45767800394014
          ],
          [
            126.80649020894313,
            36.457908265088356
          ],
          [
            126.80667909322301,
            36.45798501880443
          ]
        ]
      }
    },
    {
      "type": "Feature",
      "properties": {
        "proposal_id": "ink-line-212",
        "tile_id": "174-cheongyang-labels",
        "sheet_id": "174-cheongyang",
        "split": "development",
        "proposal_kind": "visible_linework_review_only",
        "backend": "archaeotrace_ink_v2_centerline",
        "upstream_commit": "7960acddb4e82855e2088fdfdd2244799b63775c",
        "pixel_length": 29.899,
        "point_count": 3,
        "confidence": 1.0,
        "review_status": "unreviewed"
      },
      "geometry": {
        "type": "LineString",
        "coordinates": [
          [
            126.80625410359326,
            36.45602779904454
          ],
          [
            126.80644298787315,
            36.45572078418025
          ],
          [
            126.80658465108307,
            36.45499162387755
          ]
        ]
      }
    },
    {
      "type": "Feature",
      "properties": {
        "proposal_id": "ink-line-213",
        "tile_id": "174-cheongyang-labels",
        "sheet_id": "174-cheongyang",
        "split": "development",
        "proposal_kind": "visible_linework_review_only",
        "backend": "archaeotrace_ink_v2_centerline",
        "upstream_commit": "7960acddb4e82855e2088fdfdd2244799b63775c",
        "pixel_length": 31.799,
        "point_count": 5,
        "confidence": 1.0,
        "review_status": "unreviewed"
      },
      "geometry": {
        "type": "LineString",
        "coordinates": [
          [
            126.80639576680318,
            36.459251455119656
          ],
          [
            126.80663187215303,
            36.45944333940984
          ],
          [
            126.80724574606266,
            36.45967360055806
          ],
          [
            126.8075290724825,
            36.459635223700026
          ],
          [
            126.80762351462243,
            36.45955846998395
          ]
        ]
      }
    },
    {
      "type": "Feature",
      "properties": {
        "proposal_id": "ink-line-214",
        "tile_id": "174-cheongyang-labels",
        "sheet_id": "174-cheongyang",
        "split": "development",
        "proposal_kind": "visible_linework_review_only",
        "backend": "archaeotrace_ink_v2_centerline",
        "upstream_commit": "7960acddb4e82855e2088fdfdd2244799b63775c",
        "pixel_length": 19.828,
        "point_count": 4,
        "confidence": 1.0,
        "review_status": "unreviewed"
      },
      "geometry": {
        "type": "LineString",
        "coordinates": [
          [
            126.80644298787315,
            36.42528793575689
          ],
          [
            126.80644298787315,
            36.42513442832474
          ],
          [
            126.80649020894313,
            36.4250960514667
          ],
          [
            126.80644298787315,
            36.42455877545419
          ]
        ]
      }
    },
    {
      "type": "Feature",
      "properties": {
        "proposal_id": "ink-line-215",
        "tile_id": "174-cheongyang-labels",
        "sheet_id": "174-cheongyang",
        "split": "development",
        "proposal_kind": "visible_linework_review_only",
        "backend": "archaeotrace_ink_v2_centerline",
        "upstream_commit": "7960acddb4e82855e2088fdfdd2244799b63775c",
        "pixel_length": 23.485,
        "point_count": 3,
        "confidence": 1.0,
        "review_status": "unreviewed"
      },
      "geometry": {
        "type": "LineString",
        "coordinates": [
          [
            126.80649020894313,
            36.439103604650214
          ],
          [
            126.80705686178278,
            36.43906522779218
          ],
          [
            126.80748185141252,
            36.438873343501996
          ]
        ]
      }
    },
    {
      "type": "Feature",
      "properties": {
        "proposal_id": "ink-line-216",
        "tile_id": "174-cheongyang-labels",
        "sheet_id": "174-cheongyang",
        "split": "development",
        "proposal_kind": "visible_linework_review_only",
        "backend": "archaeotrace_ink_v2_centerline",
        "upstream_commit": "7960acddb4e82855e2088fdfdd2244799b63775c",
        "pixel_length": 20.314,
        "point_count": 2,
        "confidence": 1.0,
        "review_status": "unreviewed"
      },
      "geometry": {
        "type": "LineString",
        "coordinates": [
          [
            126.8065374300131,
            36.44915834145592
          ],
          [
            126.80734018820262,
            36.44946535632021
          ]
        ]
      }
    },
    {
      "type": "Feature",
      "properties": {
        "proposal_id": "ink-line-217",
        "tile_id": "174-cheongyang-labels",
        "sheet_id": "174-cheongyang",
        "split": "development",
        "proposal_kind": "visible_linework_review_only",
        "backend": "archaeotrace_ink_v2_centerline",
        "upstream_commit": "7960acddb4e82855e2088fdfdd2244799b63775c",
        "pixel_length": 20.243,
        "point_count": 4,
        "confidence": 1.0,
        "review_status": "unreviewed"
      },
      "geometry": {
        "type": "LineString",
        "coordinates": [
          [
            126.8065374300131,
            36.441482969848515
          ],
          [
            126.80663187215303,
            36.441214331842254
          ],
          [
            126.80663187215303,
            36.44083056326188
          ],
          [
            126.80667909322301,
            36.44075380954581
          ]
        ]
      }
    },
    {
      "type": "Feature",
      "properties": {
        "proposal_id": "ink-line-218",
        "tile_id": "174-cheongyang-labels",
        "sheet_id": "174-cheongyang",
        "split": "development",
        "proposal_kind": "visible_linework_review_only",
        "backend": "archaeotrace_ink_v2_centerline",
        "upstream_commit": "7960acddb4e82855e2088fdfdd2244799b63775c",
        "pixel_length": 27.071,
        "point_count": 5,
        "confidence": 1.0,
        "review_status": "unreviewed"
      },
      "geometry": {
        "type": "LineString",
        "coordinates": [
          [
            126.80667909322301,
            36.42705327122659
          ],
          [
            126.80677353536295,
            36.427283532374815
          ],
          [
            126.80677353536295,
            36.42762892409715
          ],
          [
            126.80696241964284,
            36.42774405467126
          ],
          [
            126.80696241964284,
            36.42797431581948
          ]
        ]
      }
    },
    {
      "type": "Feature",
      "properties": {
        "proposal_id": "ink-line-219",
        "tile_id": "174-cheongyang-labels",
        "sheet_id": "174-cheongyang",
        "split": "development",
        "proposal_kind": "visible_linework_review_only",
        "backend": "archaeotrace_ink_v2_centerline",
        "upstream_commit": "7960acddb4e82855e2088fdfdd2244799b63775c",
        "pixel_length": 19.142,
        "point_count": 2,
        "confidence": 1.0,
        "review_status": "unreviewed"
      },
      "geometry": {
        "type": "LineString",
        "coordinates": [
          [
            126.80682075643293,
            36.431351479326736
          ],
          [
            126.8075290724825,
            36.431735247907106
          ]
        ]
      }
    },
    {
      "type": "Feature",
      "properties": {
        "proposal_id": "ink-line-220",
        "tile_id": "174-cheongyang-labels",
        "sheet_id": "174-cheongyang",
        "split": "development",
        "proposal_kind": "visible_linework_review_only",
        "backend": "archaeotrace_ink_v2_centerline",
        "upstream_commit": "7960acddb4e82855e2088fdfdd2244799b63775c",
        "pixel_length": 23.243,
        "point_count": 4,
        "confidence": 1.0,
        "review_status": "unreviewed"
      },
      "geometry": {
        "type": "LineString",
        "coordinates": [
          [
            126.80686797750289,
            36.44228888386729
          ],
          [
            126.80686797750289,
            36.441981869002994
          ],
          [
            126.8070096407128,
            36.44163647728066
          ],
          [
            126.8070096407128,
            36.44144459299048
          ]
        ]
      }
    },
    {
      "type": "Feature",
      "properties": {
        "proposal_id": "ink-line-221",
        "tile_id": "174-cheongyang-labels",
        "sheet_id": "174-cheongyang",
        "split": "development",
        "proposal_kind": "visible_linework_review_only",
        "backend": "archaeotrace_ink_v2_centerline",
        "upstream_commit": "7960acddb4e82855e2088fdfdd2244799b63775c",
        "pixel_length": 20.899,
        "point_count": 3,
        "confidence": 1.0,
        "review_status": "unreviewed"
      },
      "geometry": {
        "type": "LineString",
        "coordinates": [
          [
            126.80691519857287,
            36.45004100919077
          ],
          [
            126.80724574606266,
            36.450079386048806
          ],
          [
            126.80776517783235,
            36.45030964719703
          ]
        ]
      }
    },
    {
      "type": "Feature",
      "properties": {
        "proposal_id": "ink-line-222",
        "tile_id": "174-cheongyang-labels",
        "sheet_id": "174-cheongyang",
        "split": "development",
        "proposal_kind": "visible_linework_review_only",
        "backend": "archaeotrace_ink_v2_centerline",
        "upstream_commit": "7960acddb4e82855e2088fdfdd2244799b63775c",
        "pixel_length": 22.071,
        "point_count": 4,
        "confidence": 1.0,
        "review_status": "unreviewed"
      },
      "geometry": {
        "type": "LineString",
        "coordinates": [
          [
            126.80696241964284,
            36.42356097714522
          ],
          [
            126.8070096407128,
            36.42379123829345
          ],
          [
            126.8071985249927,
            36.42417500687382
          ],
          [
            126.8071985249927,
            36.42432851430596
          ]
        ]
      }
    },
    {
      "type": "Feature",
      "properties": {
        "proposal_id": "ink-line-223",
        "tile_id": "174-cheongyang-labels",
        "sheet_id": "174-cheongyang",
        "split": "development",
        "proposal_kind": "visible_linework_review_only",
        "backend": "archaeotrace_ink_v2_centerline",
        "upstream_commit": "7960acddb4e82855e2088fdfdd2244799b63775c",
        "pixel_length": 28.556,
        "point_count": 7,
        "confidence": 1.0,
        "review_status": "unreviewed"
      },
      "geometry": {
        "type": "LineString",
        "coordinates": [
          [
            126.80710408285276,
            36.45717910478565
          ],
          [
            126.80691519857287,
            36.45721748164369
          ],
          [
            126.80667909322301,
            36.45702559735351
          ],
          [
            126.80667909322301,
            36.45687208992136
          ],
          [
            126.80682075643293,
            36.45671858248921
          ],
          [
            126.80696241964284,
            36.45668020563117
          ],
          [
            126.80715130392272,
            36.45671858248921
          ]
        ]
      }
    },
    {
      "type": "Feature",
      "properties": {
        "proposal_id": "ink-line-224",
        "tile_id": "174-cheongyang-labels",
        "sheet_id": "174-cheongyang",
        "split": "development",
        "proposal_kind": "visible_linework_review_only",
        "backend": "archaeotrace_ink_v2_centerline",
        "upstream_commit": "7960acddb4e82855e2088fdfdd2244799b63775c",
        "pixel_length": 37.314,
        "point_count": 4,
        "confidence": 1.0,
        "review_status": "unreviewed"
      },
      "geometry": {
        "type": "LineString",
        "coordinates": [
          [
            126.80710408285276,
            36.42996991243741
          ],
          [
            126.80715130392272,
            36.43004666615348
          ],
          [
            126.80710408285276,
            36.430967710746366
          ],
          [
            126.80743463034256,
            36.43123634875263
          ]
        ]
      }
    },
    {
      "type": "Feature",
      "properties": {
        "proposal_id": "ink-line-225",
        "tile_id": "174-cheongyang-labels",
        "sheet_id": "174-cheongyang",
        "split": "development",
        "proposal_kind": "visible_linework_review_only",
        "backend": "archaeotrace_ink_v2_centerline",
        "upstream_commit": "7960acddb4e82855e2088fdfdd2244799b63775c",
        "pixel_length": 23.414,
        "point_count": 2,
        "confidence": 1.0,
        "review_status": "unreviewed"
      },
      "geometry": {
        "type": "LineString",
        "coordinates": [
          [
            126.80715130392272,
            36.42528793575689
          ],
          [
            126.8071985249927,
            36.424405268022035
          ]
        ]
      }
    },
    {
      "type": "Feature",
      "properties": {
        "proposal_id": "ink-line-226",
        "tile_id": "174-cheongyang-labels",
        "sheet_id": "174-cheongyang",
        "split": "development",
        "proposal_kind": "visible_linework_review_only",
        "backend": "archaeotrace_ink_v2_centerline",
        "upstream_commit": "7960acddb4e82855e2088fdfdd2244799b63775c",
        "pixel_length": 28.828,
        "point_count": 4,
        "confidence": 1.0,
        "review_status": "unreviewed"
      },
      "geometry": {
        "type": "LineString",
        "coordinates": [
          [
            126.80734018820262,
            36.44367045075662
          ],
          [
            126.80729296713264,
            36.443516943324475
          ],
          [
            126.80729296713264,
            36.4427110293057
          ],
          [
            126.80734018820262,
            36.44259589873159
          ]
        ]
      }
    },
    {
      "type": "Feature",
      "properties": {
        "proposal_id": "ink-line-227",
        "tile_id": "174-cheongyang-labels",
        "sheet_id": "174-cheongyang",
        "split": "development",
        "proposal_kind": "visible_linework_review_only",
        "backend": "archaeotrace_ink_v2_centerline",
        "upstream_commit": "7960acddb4e82855e2088fdfdd2244799b63775c",
        "pixel_length": 25.657,
        "point_count": 3,
        "confidence": 1.0,
        "review_status": "unreviewed"
      },
      "geometry": {
        "type": "LineString",
        "coordinates": [
          [
            126.80748185141252,
            36.43672423945192
          ],
          [
            126.80757629355247,
            36.43653235516174
          ],
          [
            126.80767073569241,
            36.435803194859034
          ]
        ]
      }
    },
    {
      "type": "Feature",
      "properties": {
        "proposal_id": "ink-line-228",
        "tile_id": "174-cheongyang-labels",
        "sheet_id": "174-cheongyang",
        "split": "development",
        "proposal_kind": "visible_linework_review_only",
        "backend": "archaeotrace_ink_v2_centerline",
        "upstream_commit": "7960acddb4e82855e2088fdfdd2244799b63775c",
        "pixel_length": 19.899,
        "point_count": 3,
        "confidence": 1.0,
        "review_status": "unreviewed"
      },
      "geometry": {
        "type": "LineString",
        "coordinates": [
          [
            126.80762351462243,
            36.45138419922206
          ],
          [
            126.80809572532216,
            36.45149932979618
          ],
          [
            126.80842627281196,
            36.45165283722832
          ]
        ]
      }
    },
    {
      "type": "Feature",
      "properties": {
        "proposal_id": "ink-line-229",
        "tile_id": "174-cheongyang-labels",
        "sheet_id": "174-cheongyang",
        "split": "development",
        "proposal_kind": "visible_linework_review_only",
        "backend": "archaeotrace_ink_v2_centerline",
        "upstream_commit": "7960acddb4e82855e2088fdfdd2244799b63775c",
        "pixel_length": 27.556,
        "point_count": 5,
        "confidence": 1.0,
        "review_status": "unreviewed"
      },
      "geometry": {
        "type": "LineString",
        "coordinates": [
          [
            126.80762351462243,
            36.43031530415974
          ],
          [
            126.80748185141252,
            36.43050718844992
          ],
          [
            126.80748185141252,
            36.430660695882075
          ],
          [
            126.80762351462243,
            36.43085258017226
          ],
          [
            126.80804850425218,
            36.431044464462445
          ]
        ]
      }
    },
    {
      "type": "Feature",
      "properties": {
        "proposal_id": "ink-line-230",
        "tile_id": "174-cheongyang-labels",
        "sheet_id": "174-cheongyang",
        "split": "development",
        "proposal_kind": "visible_linework_review_only",
        "backend": "archaeotrace_ink_v2_centerline",
        "upstream_commit": "7960acddb4e82855e2088fdfdd2244799b63775c",
        "pixel_length": 45.899,
        "point_count": 6,
        "confidence": 1.0,
        "review_status": "unreviewed"
      },
      "geometry": {
        "type": "LineString",
        "coordinates": [
          [
            126.80762351462243,
            36.42386799200952
          ],
          [
            126.80771795676239,
            36.4240598762997
          ],
          [
            126.80771795676239,
            36.42463552917026
          ],
          [
            126.80762351462243,
            36.424865790318485
          ],
          [
            126.80762351462243,
            36.42528793575689
          ],
          [
            126.80776517783235,
            36.42551819690511
          ]
        ]
      }
    },
    {
      "type": "Feature",
      "properties": {
        "proposal_id": "ink-line-231",
        "tile_id": "174-cheongyang-labels",
        "sheet_id": "174-cheongyang",
        "split": "development",
        "proposal_kind": "visible_linework_review_only",
        "backend": "archaeotrace_ink_v2_centerline",
        "upstream_commit": "7960acddb4e82855e2088fdfdd2244799b63775c",
        "pixel_length": 29.314,
        "point_count": 3,
        "confidence": 1.0,
        "review_status": "unreviewed"
      },
      "geometry": {
        "type": "LineString",
        "coordinates": [
          [
            126.80767073569241,
            36.422870193700554
          ],
          [
            126.80767073569241,
            36.423253962280924
          ],
          [
            126.80804850425218,
            36.42386799200952
          ]
        ]
      }
    },
    {
      "type": "Feature",
      "properties": {
        "proposal_id": "ink-line-232",
        "tile_id": "174-cheongyang-labels",
        "sheet_id": "174-cheongyang",
        "split": "development",
        "proposal_kind": "visible_linework_review_only",
        "backend": "archaeotrace_ink_v2_centerline",
        "upstream_commit": "7960acddb4e82855e2088fdfdd2244799b63775c",
        "pixel_length": 19.657,
        "point_count": 4,
        "confidence": 1.0,
        "review_status": "unreviewed"
      },
      "geometry": {
        "type": "LineString",
        "coordinates": [
          [
            126.80785961997229,
            36.42847321497396
          ],
          [
            126.80781239890233,
            36.428549968690035
          ],
          [
            126.80781239890233,
            36.42885698355433
          ],
          [
            126.80795406211224,
            36.42916399841863
          ]
        ]
      }
    },
    {
      "type": "Feature",
      "properties": {
        "proposal_id": "ink-line-233",
        "tile_id": "174-cheongyang-labels",
        "sheet_id": "174-cheongyang",
        "split": "development",
        "proposal_kind": "visible_linework_review_only",
        "backend": "archaeotrace_ink_v2_centerline",
        "upstream_commit": "7960acddb4e82855e2088fdfdd2244799b63775c",
        "pixel_length": 21.899,
        "point_count": 4,
        "confidence": 1.0,
        "review_status": "unreviewed"
      },
      "geometry": {
        "type": "LineString",
        "coordinates": [
          [
            126.80795406211224,
            36.443900711904845
          ],
          [
            126.80804850425218,
            36.44359369704055
          ],
          [
            126.80828460960204,
            36.443248305318214
          ],
          [
            126.80828460960204,
            36.44317155160214
          ]
        ]
      }
    },
    {
      "type": "Feature",
      "properties": {
        "proposal_id": "ink-line-234",
        "tile_id": "174-cheongyang-labels",
        "sheet_id": "174-cheongyang",
        "split": "development",
        "proposal_kind": "visible_linework_review_only",
        "backend": "archaeotrace_ink_v2_centerline",
        "upstream_commit": "7960acddb4e82855e2088fdfdd2244799b63775c",
        "pixel_length": 33.899,
        "point_count": 4,
        "confidence": 1.0,
        "review_status": "unreviewed"
      },
      "geometry": {
        "type": "LineString",
        "coordinates": [
          [
            126.80795406211224,
            36.42640086463996
          ],
          [
            126.80814294639212,
            36.42682301007837
          ],
          [
            126.80814294639212,
            36.42713002494266
          ],
          [
            126.80800128318221,
            36.42759054723911
          ]
        ]
      }
    },
    {
      "type": "Feature",
      "properties": {
        "proposal_id": "ink-line-235",
        "tile_id": "174-cheongyang-labels",
        "sheet_id": "174-cheongyang",
        "split": "development",
        "proposal_kind": "visible_linework_review_only",
        "backend": "archaeotrace_ink_v2_centerline",
        "upstream_commit": "7960acddb4e82855e2088fdfdd2244799b63775c",
        "pixel_length": 23.071,
        "point_count": 4,
        "confidence": 1.0,
        "review_status": "unreviewed"
      },
      "geometry": {
        "type": "LineString",
        "coordinates": [
          [
            126.80814294639212,
            36.455605653606135
          ],
          [
            126.80828460960204,
            36.45595104532847
          ],
          [
            126.80828460960204,
            36.456181306476694
          ],
          [
            126.8081901674621,
            36.45641156762491
          ]
        ]
      }
    },
    {
      "type": "Feature",
      "properties": {
        "proposal_id": "ink-line-236",
        "tile_id": "174-cheongyang-labels",
        "sheet_id": "174-cheongyang",
        "split": "development",
        "proposal_kind": "visible_linework_review_only",
        "backend": "archaeotrace_ink_v2_centerline",
        "upstream_commit": "7960acddb4e82855e2088fdfdd2244799b63775c",
        "pixel_length": 19.314,
        "point_count": 3,
        "confidence": 1.0,
        "review_status": "unreviewed"
      },
      "geometry": {
        "type": "LineString",
        "coordinates": [
          [
            126.8081901674621,
            36.45806177252051
          ],
          [
            126.80842627281196,
            36.45786988823032
          ],
          [
            126.80861515709184,
            36.45748611964995
          ]
        ]
      }
    },
    {
      "type": "Feature",
      "properties": {
        "proposal_id": "ink-line-237",
        "tile_id": "174-cheongyang-labels",
        "sheet_id": "174-cheongyang",
        "split": "development",
        "proposal_kind": "visible_linework_review_only",
        "backend": "archaeotrace_ink_v2_centerline",
        "upstream_commit": "7960acddb4e82855e2088fdfdd2244799b63775c",
        "pixel_length": 23.314,
        "point_count": 7,
        "confidence": 1.0,
        "review_status": "unreviewed"
      },
      "geometry": {
        "type": "LineString",
        "coordinates": [
          [
            126.8081901674621,
            36.457140727927616
          ],
          [
            126.80828460960204,
            36.45721748164369
          ],
          [
            126.80847349388192,
            36.45717910478565
          ],
          [
            126.80842627281196,
            36.45710235106958
          ],
          [
            126.80847349388192,
            36.45683371306332
          ],
          [
            126.80837905174198,
            36.456756959347246
          ],
          [
            126.80823738853206,
            36.45679533620528
          ]
        ]
      }
    },
    {
      "type": "Feature",
      "properties": {
        "proposal_id": "ink-line-238",
        "tile_id": "174-cheongyang-labels",
        "sheet_id": "174-cheongyang",
        "split": "development",
        "proposal_kind": "visible_linework_review_only",
        "backend": "archaeotrace_ink_v2_centerline",
        "upstream_commit": "7960acddb4e82855e2088fdfdd2244799b63775c",
        "pixel_length": 20.657,
        "point_count": 3,
        "confidence": 1.0,
        "review_status": "unreviewed"
      },
      "geometry": {
        "type": "LineString",
        "coordinates": [
          [
            126.80823738853206,
            36.428166200109665
          ],
          [
            126.80828460960204,
            36.42862672240611
          ],
          [
            126.80842627281196,
            36.42889536041237
          ]
        ]
      }
    },
    {
      "type": "Feature",
      "properties": {
        "proposal_id": "ink-line-239",
        "tile_id": "174-cheongyang-labels",
        "sheet_id": "174-cheongyang",
        "split": "development",
        "proposal_kind": "visible_linework_review_only",
        "backend": "archaeotrace_ink_v2_centerline",
        "upstream_commit": "7960acddb4e82855e2088fdfdd2244799b63775c",
        "pixel_length": 43.899,
        "point_count": 9,
        "confidence": 1.0,
        "review_status": "unreviewed"
      },
      "geometry": {
        "type": "LineString",
        "coordinates": [
          [
            126.80828460960204,
            36.43864308235377
          ],
          [
            126.80842627281196,
            36.438604705495734
          ],
          [
            126.80894570458165,
            36.43864308235377
          ],
          [
            126.80908736779156,
            36.4385663286377
          ],
          [
            126.80941791528136,
            36.4385663286377
          ],
          [
            126.80946513635132,
            36.43852795177966
          ],
          [
            126.80979568384113,
            36.43852795177966
          ],
          [
            126.8098429049111,
            36.4385663286377
          ],
          [
            126.81022067347087,
            36.43852795177966
          ]
        ]
      }
    },
    {
      "type": "Feature",
      "properties": {
        "proposal_id": "ink-line-240",
        "tile_id": "174-cheongyang-labels",
        "sheet_id": "174-cheongyang",
        "split": "development",
        "proposal_kind": "visible_linework_review_only",
        "backend": "archaeotrace_ink_v2_centerline",
        "upstream_commit": "7960acddb4e82855e2088fdfdd2244799b63775c",
        "pixel_length": 19.657,
        "point_count": 3,
        "confidence": 1.0,
        "review_status": "unreviewed"
      },
      "geometry": {
        "type": "LineString",
        "coordinates": [
          [
            126.8085207149519,
            36.42732190923285
          ],
          [
            126.80866237816181,
            36.427014894368554
          ],
          [
            126.80861515709184,
            36.426631125788184
          ]
        ]
      }
    },
    {
      "type": "Feature",
      "properties": {
        "proposal_id": "ink-line-241",
        "tile_id": "174-cheongyang-labels",
        "sheet_id": "174-cheongyang",
        "split": "development",
        "proposal_kind": "visible_linework_review_only",
        "backend": "archaeotrace_ink_v2_centerline",
        "upstream_commit": "7960acddb4e82855e2088fdfdd2244799b63775c",
        "pixel_length": 20.314,
        "point_count": 4,
        "confidence": 1.0,
        "review_status": "unreviewed"
      },
      "geometry": {
        "type": "LineString",
        "coordinates": [
          [
            126.80861515709184,
            36.45894444025536
          ],
          [
            126.80847349388192,
            36.45875255596517
          ],
          [
            126.80847349388192,
            36.458483917958915
          ],
          [
            126.80870959923179,
            36.45829203366873
          ]
        ]
      }
    },
    {
      "type": "Feature",
      "properties": {
        "proposal_id": "ink-line-242",
        "tile_id": "174-cheongyang-labels",
        "sheet_id": "174-cheongyang",
        "split": "development",
        "proposal_kind": "visible_linework_review_only",
        "backend": "archaeotrace_ink_v2_centerline",
        "upstream_commit": "7960acddb4e82855e2088fdfdd2244799b63775c",
        "pixel_length": 25.243,
        "point_count": 3,
        "confidence": 1.0,
        "review_status": "unreviewed"
      },
      "geometry": {
        "type": "LineString",
        "coordinates": [
          [
            126.80861515709184,
            36.42432851430596
          ],
          [
            126.80856793602187,
            36.424980920892594
          ],
          [
            126.80866237816181,
            36.425249558898855
          ]
        ]
      }
    },
    {
      "type": "Feature",
      "properties": {
        "proposal_id": "ink-line-243",
        "tile_id": "174-cheongyang-labels",
        "sheet_id": "174-cheongyang",
        "split": "development",
        "proposal_kind": "visible_linework_review_only",
        "backend": "archaeotrace_ink_v2_centerline",
        "upstream_commit": "7960acddb4e82855e2088fdfdd2244799b63775c",
        "pixel_length": 26.142,
        "point_count": 6,
        "confidence": 1.0,
        "review_status": "unreviewed"
      },
      "geometry": {
        "type": "LineString",
        "coordinates": [
          [
            126.80861515709184,
            36.420912973940666
          ],
          [
            126.80880404137173,
            36.42118161194693
          ],
          [
            126.80880404137173,
            36.42129674252104
          ],
          [
            126.80889848351167,
            36.42145024995319
          ],
          [
            126.80880404137173,
            36.42168051110141
          ],
          [
            126.80870959923179,
            36.42175726481748
          ]
        ]
      }
    },
    {
      "type": "Feature",
      "properties": {
        "proposal_id": "ink-line-244",
        "tile_id": "174-cheongyang-labels",
        "sheet_id": "174-cheongyang",
        "split": "development",
        "proposal_kind": "visible_linework_review_only",
        "backend": "archaeotrace_ink_v2_centerline",
        "upstream_commit": "7960acddb4e82855e2088fdfdd2244799b63775c",
        "pixel_length": 29.485,
        "point_count": 4,
        "confidence": 1.0,
        "review_status": "unreviewed"
      },
      "geometry": {
        "type": "LineString",
        "coordinates": [
          [
            126.80866237816181,
            36.45387869499447
          ],
          [
            126.80885126244169,
            36.45414733300073
          ],
          [
            126.80889848351167,
            36.454838116445394
          ],
          [
            126.80894570458165,
            36.454914870161474
          ]
        ]
      }
    },
    {
      "type": "Feature",
      "properties": {
        "proposal_id": "ink-line-245",
        "tile_id": "174-cheongyang-labels",
        "sheet_id": "174-cheongyang",
        "split": "development",
        "proposal_kind": "visible_linework_review_only",
        "backend": "archaeotrace_ink_v2_centerline",
        "upstream_commit": "7960acddb4e82855e2088fdfdd2244799b63775c",
        "pixel_length": 26.071,
        "point_count": 4,
        "confidence": 1.0,
        "review_status": "unreviewed"
      },
      "geometry": {
        "type": "LineString",
        "coordinates": [
          [
            126.80866237816181,
            36.44908158773984
          ],
          [
            126.80866237816181,
            36.4496572406104
          ],
          [
            126.80889848351167,
            36.44973399432647
          ],
          [
            126.80908736779156,
            36.44961886375236
          ]
        ]
      }
    },
    {
      "type": "Feature",
      "properties": {
        "proposal_id": "ink-line-246",
        "tile_id": "174-cheongyang-labels",
        "sheet_id": "174-cheongyang",
        "split": "development",
        "proposal_kind": "visible_linework_review_only",
        "backend": "archaeotrace_ink_v2_centerline",
        "upstream_commit": "7960acddb4e82855e2088fdfdd2244799b63775c",
        "pixel_length": 20.071,
        "point_count": 3,
        "confidence": 1.0,
        "review_status": "unreviewed"
      },
      "geometry": {
        "type": "LineString",
        "coordinates": [
          [
            126.80866237816181,
            36.428281330683774
          ],
          [
            126.80870959923179,
            36.42870347612218
          ],
          [
            126.80889848351167,
            36.42897211412844
          ]
        ]
      }
    },
    {
      "type": "Feature",
      "properties": {
        "proposal_id": "ink-line-247",
        "tile_id": "174-cheongyang-labels",
        "sheet_id": "174-cheongyang",
        "split": "development",
        "proposal_kind": "visible_linework_review_only",
        "backend": "archaeotrace_ink_v2_centerline",
        "upstream_commit": "7960acddb4e82855e2088fdfdd2244799b63775c",
        "pixel_length": 23.899,
        "point_count": 5,
        "confidence": 1.0,
        "review_status": "unreviewed"
      },
      "geometry": {
        "type": "LineString",
        "coordinates": [
          [
            126.80870959923179,
            36.431812001623186
          ],
          [
            126.80875682030175,
            36.43185037848122
          ],
          [
            126.80899292565161,
            36.43185037848122
          ],
          [
            126.80946513635132,
            36.431735247907106
          ],
          [
            126.80970124170119,
            36.43185037848122
          ]
        ]
      }
    },
    {
      "type": "Feature",
      "properties": {
        "proposal_id": "ink-line-248",
        "tile_id": "174-cheongyang-labels",
        "sheet_id": "174-cheongyang",
        "split": "development",
        "proposal_kind": "visible_linework_review_only",
        "backend": "archaeotrace_ink_v2_centerline",
        "upstream_commit": "7960acddb4e82855e2088fdfdd2244799b63775c",
        "pixel_length": 37.657,
        "point_count": 4,
        "confidence": 1.0,
        "review_status": "unreviewed"
      },
      "geometry": {
        "type": "LineString",
        "coordinates": [
          [
            126.80880404137173,
            36.45195985209262
          ],
          [
            126.80889848351167,
            36.45219011324084
          ],
          [
            126.80889848351167,
            36.45314953469177
          ],
          [
            126.80899292565161,
            36.45334141898195
          ]
        ]
      }
    },
    {
      "type": "Feature",
      "properties": {
        "proposal_id": "ink-line-249",
        "tile_id": "174-cheongyang-labels",
        "sheet_id": "174-cheongyang",
        "split": "development",
        "proposal_kind": "visible_linework_review_only",
        "backend": "archaeotrace_ink_v2_centerline",
        "upstream_commit": "7960acddb4e82855e2088fdfdd2244799b63775c",
        "pixel_length": 40.485,
        "point_count": 6,
        "confidence": 1.0,
        "review_status": "unreviewed"
      },
      "geometry": {
        "type": "LineString",
        "coordinates": [
          [
            126.80908736779156,
            36.438873343501996
          ],
          [
            126.8095123574213,
            36.43875821292789
          ],
          [
            126.80970124170119,
            36.43875821292789
          ],
          [
            126.80974846277115,
            36.43879658978592
          ],
          [
            126.8108345473805,
            36.43875821292789
          ],
          [
            126.81088176845047,
            36.43879658978592
          ]
        ]
      }
    },
    {
      "type": "Feature",
      "properties": {
        "proposal_id": "ink-line-250",
        "tile_id": "174-cheongyang-labels",
        "sheet_id": "174-cheongyang",
        "split": "development",
        "proposal_kind": "visible_linework_review_only",
        "backend": "archaeotrace_ink_v2_centerline",
        "upstream_commit": "7960acddb4e82855e2088fdfdd2244799b63775c",
        "pixel_length": 21.485,
        "point_count": 4,
        "confidence": 1.0,
        "review_status": "unreviewed"
      },
      "geometry": {
        "type": "LineString",
        "coordinates": [
          [
            126.80908736779156,
            36.43016179672759
          ],
          [
            126.80932347314142,
            36.42985478186329
          ],
          [
            126.80932347314142,
            36.429509390140964
          ],
          [
            126.80927625207144,
            36.429432636424885
          ]
        ]
      }
    },
    {
      "type": "Feature",
      "properties": {
        "proposal_id": "ink-line-251",
        "tile_id": "174-cheongyang-labels",
        "sheet_id": "174-cheongyang",
        "split": "development",
        "proposal_kind": "visible_linework_review_only",
        "backend": "archaeotrace_ink_v2_centerline",
        "upstream_commit": "7960acddb4e82855e2088fdfdd2244799b63775c",
        "pixel_length": 32.899,
        "point_count": 4,
        "confidence": 1.0,
        "review_status": "unreviewed"
      },
      "geometry": {
        "type": "LineString",
        "coordinates": [
          [
            126.80932347314142,
            36.4538019412784
          ],
          [
            126.8095123574213,
            36.45414733300073
          ],
          [
            126.80955957849127,
            36.45479973958736
          ],
          [
            126.80965402063121,
            36.45495324701951
          ]
        ]
      }
    },
    {
      "type": "Feature",
      "properties": {
        "proposal_id": "ink-line-252",
        "tile_id": "174-cheongyang-labels",
        "sheet_id": "174-cheongyang",
        "split": "development",
        "proposal_kind": "visible_linework_review_only",
        "backend": "archaeotrace_ink_v2_centerline",
        "upstream_commit": "7960acddb4e82855e2088fdfdd2244799b63775c",
        "pixel_length": 31.414,
        "point_count": 2,
        "confidence": 1.0,
        "review_status": "unreviewed"
      },
      "geometry": {
        "type": "LineString",
        "coordinates": [
          [
            126.80946513635132,
            36.42321558542289
          ],
          [
            126.8095123574213,
            36.424405268022035
          ]
        ]
      }
    },
    {
      "type": "Feature",
      "properties": {
        "proposal_id": "ink-line-253",
        "tile_id": "174-cheongyang-labels",
        "sheet_id": "174-cheongyang",
        "split": "development",
        "proposal_kind": "visible_linework_review_only",
        "backend": "archaeotrace_ink_v2_centerline",
        "upstream_commit": "7960acddb4e82855e2088fdfdd2244799b63775c",
        "pixel_length": 31.243,
        "point_count": 6,
        "confidence": 1.0,
        "review_status": "unreviewed"
      },
      "geometry": {
        "type": "LineString",
        "coordinates": [
          [
            126.8095123574213,
            36.44597306223884
          ],
          [
            126.80965402063121,
            36.445934685380806
          ],
          [
            126.80965402063121,
            36.44578117794866
          ],
          [
            126.80970124170119,
            36.445742801090624
          ],
          [
            126.80965402063121,
            36.445666047374544
          ],
          [
            126.80965402063121,
            36.44489851021381
          ]
        ]
      }
    },
    {
      "type": "Feature",
      "properties": {
        "proposal_id": "ink-line-254",
        "tile_id": "174-cheongyang-labels",
        "sheet_id": "174-cheongyang",
        "split": "development",
        "proposal_kind": "visible_linework_review_only",
        "backend": "archaeotrace_ink_v2_centerline",
        "upstream_commit": "7960acddb4e82855e2088fdfdd2244799b63775c",
        "pixel_length": 29.828,
        "point_count": 4,
        "confidence": 1.0,
        "review_status": "unreviewed"
      },
      "geometry": {
        "type": "LineString",
        "coordinates": [
          [
            126.80960679956124,
            36.43914198150826
          ],
          [
            126.80974846277115,
            36.439103604650214
          ],
          [
            126.81088176845047,
            36.439103604650214
          ],
          [
            126.81097621059041,
            36.43914198150826
          ]
        ]
      }
    },
    {
      "type": "Feature",
      "properties": {
        "proposal_id": "ink-line-255",
        "tile_id": "174-cheongyang-labels",
        "sheet_id": "174-cheongyang",
        "split": "development",
        "proposal_kind": "visible_linework_review_only",
        "backend": "archaeotrace_ink_v2_centerline",
        "upstream_commit": "7960acddb4e82855e2088fdfdd2244799b63775c",
        "pixel_length": 26.485,
        "point_count": 3,
        "confidence": 1.0,
        "review_status": "unreviewed"
      },
      "geometry": {
        "type": "LineString",
        "coordinates": [
          [
            126.80965402063121,
            36.45541376931595
          ],
          [
            126.80989012598107,
            36.45575916103829
          ],
          [
            126.80993734705105,
            36.45633481390884
          ]
        ]
      }
    },
    {
      "type": "Feature",
      "properties": {
        "proposal_id": "ink-line-256",
        "tile_id": "174-cheongyang-labels",
        "sheet_id": "174-cheongyang",
        "split": "development",
        "proposal_kind": "visible_linework_review_only",
        "backend": "archaeotrace_ink_v2_centerline",
        "upstream_commit": "7960acddb4e82855e2088fdfdd2244799b63775c",
        "pixel_length": 25.243,
        "point_count": 3,
        "confidence": 1.0,
        "review_status": "unreviewed"
      },
      "geometry": {
        "type": "LineString",
        "coordinates": [
          [
            126.80998456812101,
            36.42421338373185
          ],
          [
            126.81003178919099,
            36.42501929775063
          ],
          [
            126.81012623133093,
            36.42513442832474
          ]
        ]
      }
    },
    {
      "type": "Feature",
      "properties": {
        "proposal_id": "ink-line-257",
        "tile_id": "174-cheongyang-labels",
        "sheet_id": "174-cheongyang",
        "split": "development",
        "proposal_kind": "visible_linework_review_only",
        "backend": "archaeotrace_ink_v2_centerline",
        "upstream_commit": "7960acddb4e82855e2088fdfdd2244799b63775c",
        "pixel_length": 32.243,
        "point_count": 4,
        "confidence": 1.0,
        "review_status": "unreviewed"
      },
      "geometry": {
        "type": "LineString",
        "coordinates": [
          [
            126.81003178919099,
            36.42858834554807
          ],
          [
            126.81007901026095,
            36.42897211412844
          ],
          [
            126.8101734524009,
            36.429125621560594
          ],
          [
            126.8101734524009,
            36.42977802814722
          ]
        ]
      }
    },
    {
      "type": "Feature",
      "properties": {
        "proposal_id": "ink-line-258",
        "tile_id": "174-cheongyang-labels",
        "sheet_id": "174-cheongyang",
        "split": "development",
        "proposal_kind": "visible_linework_review_only",
        "backend": "archaeotrace_ink_v2_centerline",
        "upstream_commit": "7960acddb4e82855e2088fdfdd2244799b63775c",
        "pixel_length": 29.314,
        "point_count": 4,
        "confidence": 1.0,
        "review_status": "unreviewed"
      },
      "geometry": {
        "type": "LineString",
        "coordinates": [
          [
            126.8101734524009,
            36.45552889989006
          ],
          [
            126.81031511561082,
            36.45572078418025
          ],
          [
            126.81040955775076,
            36.45633481390884
          ],
          [
            126.81055122096068,
            36.45652669819903
          ]
        ]
      }
    },
    {
      "type": "Feature",
      "properties": {
        "proposal_id": "ink-line-259",
        "tile_id": "174-cheongyang-labels",
        "sheet_id": "174-cheongyang",
        "split": "development",
        "proposal_kind": "visible_linework_review_only",
        "backend": "archaeotrace_ink_v2_centerline",
        "upstream_commit": "7960acddb4e82855e2088fdfdd2244799b63775c",
        "pixel_length": 32.485,
        "point_count": 6,
        "confidence": 1.0,
        "review_status": "unreviewed"
      },
      "geometry": {
        "type": "LineString",
        "coordinates": [
          [
            126.8101734524009,
            36.43411461310541
          ],
          [
            126.81026789454084,
            36.43411461310541
          ],
          [
            126.81036233668078,
            36.434229743679516
          ],
          [
            126.81031511561082,
            36.434536758543814
          ],
          [
            126.81022067347087,
            36.434728642833996
          ],
          [
            126.81026789454084,
            36.43518916513044
          ]
        ]
      }
    },
    {
      "type": "Feature",
      "properties": {
        "proposal_id": "ink-line-260",
        "tile_id": "174-cheongyang-labels",
        "sheet_id": "174-cheongyang",
        "split": "development",
        "proposal_kind": "visible_linework_review_only",
        "backend": "archaeotrace_ink_v2_centerline",
        "upstream_commit": "7960acddb4e82855e2088fdfdd2244799b63775c",
        "pixel_length": 20.485,
        "point_count": 5,
        "confidence": 1.0,
        "review_status": "unreviewed"
      },
      "geometry": {
        "type": "LineString",
        "coordinates": [
          [
            126.81031511561082,
            36.43526591884652
          ],
          [
            126.81045677882072,
            36.4354578031367
          ],
          [
            126.81055122096068,
            36.43572644114296
          ],
          [
            126.81055122096068,
            36.43591832543314
          ],
          [
            126.8105039998907,
            36.43595670229118
          ]
        ]
      }
    },
    {
      "type": "Feature",
      "properties": {
        "proposal_id": "ink-line-261",
        "tile_id": "174-cheongyang-labels",
        "sheet_id": "174-cheongyang",
        "split": "development",
        "proposal_kind": "visible_linework_review_only",
        "backend": "archaeotrace_ink_v2_centerline",
        "upstream_commit": "7960acddb4e82855e2088fdfdd2244799b63775c",
        "pixel_length": 74.385,
        "point_count": 8,
        "confidence": 1.0,
        "review_status": "unreviewed"
      },
      "geometry": {
        "type": "LineString",
        "coordinates": [
          [
            126.81036233668078,
            36.45030964719703
          ],
          [
            126.81121231594027,
            36.45042477777114
          ],
          [
            126.8118261898499,
            36.45061666206132
          ],
          [
            126.81239284268956,
            36.45061666206132
          ],
          [
            126.81277061124933,
            36.45073179263544
          ],
          [
            126.81310115873913,
            36.45073179263544
          ],
          [
            126.81338448515896,
            36.45065503891936
          ],
          [
            126.81362059050882,
            36.45065503891936
          ]
        ]
      }
    },
    {
      "type": "Feature",
      "properties": {
        "proposal_id": "ink-line-262",
        "tile_id": "174-cheongyang-labels",
        "sheet_id": "174-cheongyang",
        "split": "development",
        "proposal_kind": "visible_linework_review_only",
        "backend": "archaeotrace_ink_v2_centerline",
        "upstream_commit": "7960acddb4e82855e2088fdfdd2244799b63775c",
        "pixel_length": 59.071,
        "point_count": 5,
        "confidence": 1.0,
        "review_status": "unreviewed"
      },
      "geometry": {
        "type": "LineString",
        "coordinates": [
          [
            126.81045677882072,
            36.43108284132048
          ],
          [
            126.81055122096068,
            36.43081420331422
          ],
          [
            126.8105039998907,
            36.430775826456184
          ],
          [
            126.81055122096068,
            36.43062231902403
          ],
          [
            126.8105039998907,
            36.42889536041237
          ]
        ]
      }
    },
    {
      "type": "Feature",
      "properties": {
        "proposal_id": "ink-line-263",
        "tile_id": "174-cheongyang-labels",
        "sheet_id": "174-cheongyang",
        "split": "development",
        "proposal_kind": "visible_linework_review_only",
        "backend": "archaeotrace_ink_v2_centerline",
        "upstream_commit": "7960acddb4e82855e2088fdfdd2244799b63775c",
        "pixel_length": 36.243,
        "point_count": 3,
        "confidence": 1.0,
        "review_status": "unreviewed"
      },
      "geometry": {
        "type": "LineString",
        "coordinates": [
          [
            126.81064566310062,
            36.42494254403456
          ],
          [
            126.8108345473805,
            36.42501929775063
          ],
          [
            126.81229840054962,
            36.424980920892594
          ]
        ]
      }
    },
    {
      "type": "Feature",
      "properties": {
        "proposal_id": "ink-line-264",
        "tile_id": "174-cheongyang-labels",
        "sheet_id": "174-cheongyang",
        "split": "development",
        "proposal_kind": "visible_linework_review_only",
        "backend": "archaeotrace_ink_v2_centerline",
        "upstream_commit": "7960acddb4e82855e2088fdfdd2244799b63775c",
        "pixel_length": 36.899,
        "point_count": 6,
        "confidence": 1.0,
        "review_status": "unreviewed"
      },
      "geometry": {
        "type": "LineString",
        "coordinates": [
          [
            126.81069288417059,
            36.433692467666994
          ],
          [
            126.81078732631053,
            36.433845975099146
          ],
          [
            126.81078732631053,
            36.43403785938933
          ],
          [
            126.81069288417059,
            36.43430649739559
          ],
          [
            126.81069288417059,
            36.43461351225989
          ],
          [
            126.8108345473805,
            36.43499728084026
          ]
        ]
      }
    },
    {
      "type": "Feature",
      "properties": {
        "proposal_id": "ink-line-265",
        "tile_id": "174-cheongyang-labels",
        "sheet_id": "174-cheongyang",
        "split": "development",
        "proposal_kind": "visible_linework_review_only",
        "backend": "archaeotrace_ink_v2_centerline",
        "upstream_commit": "7960acddb4e82855e2088fdfdd2244799b63775c",
        "pixel_length": 24.071,
        "point_count": 2,
        "confidence": 1.0,
        "review_status": "unreviewed"
      },
      "geometry": {
        "type": "LineString",
        "coordinates": [
          [
            126.81088176845047,
            36.44954211003629
          ],
          [
            126.81192063198985,
            36.44973399432647
          ]
        ]
      }
    },
    {
      "type": "Feature",
      "properties": {
        "proposal_id": "ink-line-266",
        "tile_id": "174-cheongyang-labels",
        "sheet_id": "174-cheongyang",
        "split": "development",
        "proposal_kind": "visible_linework_review_only",
        "backend": "archaeotrace_ink_v2_centerline",
        "upstream_commit": "7960acddb4e82855e2088fdfdd2244799b63775c",
        "pixel_length": 36.243,
        "point_count": 4,
        "confidence": 1.0,
        "review_status": "unreviewed"
      },
      "geometry": {
        "type": "LineString",
        "coordinates": [
          [
            126.81088176845047,
            36.43185037848122
          ],
          [
            126.81097621059041,
            36.43169687104907
          ],
          [
            126.81097621059041,
            36.43054556530796
          ],
          [
            126.81102343166039,
            36.43050718844992
          ]
        ]
      }
    },
    {
      "type": "Feature",
      "properties": {
        "proposal_id": "ink-line-267",
        "tile_id": "174-cheongyang-labels",
        "sheet_id": "174-cheongyang",
        "split": "development",
        "proposal_kind": "visible_linework_review_only",
        "backend": "archaeotrace_ink_v2_centerline",
        "upstream_commit": "7960acddb4e82855e2088fdfdd2244799b63775c",
        "pixel_length": 27.243,
        "point_count": 3,
        "confidence": 1.0,
        "review_status": "unreviewed"
      },
      "geometry": {
        "type": "LineString",
        "coordinates": [
          [
            126.81092898952045,
            36.43518916513044
          ],
          [
            126.81097621059041,
            36.43595670229118
          ],
          [
            126.81107065273035,
            36.436186963439404
          ]
        ]
      }
    },
    {
      "type": "Feature",
      "properties": {
        "proposal_id": "ink-line-268",
        "tile_id": "174-cheongyang-labels",
        "sheet_id": "174-cheongyang",
        "split": "development",
        "proposal_kind": "visible_linework_review_only",
        "backend": "archaeotrace_ink_v2_centerline",
        "upstream_commit": "7960acddb4e82855e2088fdfdd2244799b63775c",
        "pixel_length": 18.728,
        "point_count": 2,
        "confidence": 1.0,
        "review_status": "unreviewed"
      },
      "geometry": {
        "type": "LineString",
        "coordinates": [
          [
            126.81102343166039,
            36.45687208992136
          ],
          [
            126.81173174770996,
            36.45721748164369
          ]
        ]
      }
    },
    {
      "type": "Feature",
      "properties": {
        "proposal_id": "ink-line-269",
        "tile_id": "174-cheongyang-labels",
        "sheet_id": "174-cheongyang",
        "split": "development",
        "proposal_kind": "visible_linework_review_only",
        "backend": "archaeotrace_ink_v2_centerline",
        "upstream_commit": "7960acddb4e82855e2088fdfdd2244799b63775c",
        "pixel_length": 43.314,
        "point_count": 9,
        "confidence": 1.0,
        "review_status": "unreviewed"
      },
      "geometry": {
        "type": "LineString",
        "coordinates": [
          [
            126.81102343166039,
            36.449810748042545
          ],
          [
            126.81140120022016,
            36.44984912490058
          ],
          [
            126.81159008450004,
            36.44992587861666
          ],
          [
            126.8118261898499,
            36.44992587861666
          ],
          [
            126.81206229519975,
            36.45000263233273
          ],
          [
            126.81253450589948,
            36.45004100919077
          ],
          [
            126.81258172696944,
            36.450079386048806
          ],
          [
            126.81286505338927,
            36.450079386048806
          ],
          [
            126.81291227445925,
            36.45011776290684
          ]
        ]
      }
    },
    {
      "type": "Feature",
      "properties": {
        "proposal_id": "ink-line-270",
        "tile_id": "174-cheongyang-labels",
        "sheet_id": "174-cheongyang",
        "split": "development",
        "proposal_kind": "visible_linework_review_only",
        "backend": "archaeotrace_ink_v2_centerline",
        "upstream_commit": "7960acddb4e82855e2088fdfdd2244799b63775c",
        "pixel_length": 30.071,
        "point_count": 4,
        "confidence": 1.0,
        "review_status": "unreviewed"
      },
      "geometry": {
        "type": "LineString",
        "coordinates": [
          [
            126.81102343166039,
            36.43330869908662
          ],
          [
            126.81111787380033,
            36.4333854528027
          ],
          [
            126.81121231594027,
            36.43361571395092
          ],
          [
            126.8111650948703,
            36.43438325111166
          ]
        ]
      }
    },
    {
      "type": "Feature",
      "properties": {
        "proposal_id": "ink-line-271",
        "tile_id": "174-cheongyang-labels",
        "sheet_id": "174-cheongyang",
        "split": "development",
        "proposal_kind": "visible_linework_review_only",
        "backend": "archaeotrace_ink_v2_centerline",
        "upstream_commit": "7960acddb4e82855e2088fdfdd2244799b63775c",
        "pixel_length": 22.828,
        "point_count": 5,
        "confidence": 1.0,
        "review_status": "unreviewed"
      },
      "geometry": {
        "type": "LineString",
        "coordinates": [
          [
            126.81107065273035,
            36.43918035836629
          ],
          [
            126.81163730557002,
            36.43918035836629
          ],
          [
            126.81168452664,
            36.43914198150826
          ],
          [
            126.81206229519975,
            36.43914198150826
          ],
          [
            126.81210951626973,
            36.43918035836629
          ]
        ]
      }
    },
    {
      "type": "Feature",
      "properties": {
        "proposal_id": "ink-line-272",
        "tile_id": "174-cheongyang-labels",
        "sheet_id": "174-cheongyang",
        "split": "development",
        "proposal_kind": "visible_linework_review_only",
        "backend": "archaeotrace_ink_v2_centerline",
        "upstream_commit": "7960acddb4e82855e2088fdfdd2244799b63775c",
        "pixel_length": 28.899,
        "point_count": 6,
        "confidence": 1.0,
        "review_status": "unreviewed"
      },
      "geometry": {
        "type": "LineString",
        "coordinates": [
          [
            126.81121231594027,
            36.459481716267874
          ],
          [
            126.81121231594027,
            36.45955846998395
          ],
          [
            126.81144842129012,
            36.45978873113217
          ],
          [
            126.81163730557002,
            36.45978873113217
          ],
          [
            126.81177896877993,
            36.4597119774161
          ],
          [
            126.81177896877993,
            36.45928983197769
          ]
        ]
      }
    },
    {
      "type": "Feature",
      "properties": {
        "proposal_id": "ink-line-273",
        "tile_id": "174-cheongyang-labels",
        "sheet_id": "174-cheongyang",
        "split": "development",
        "proposal_kind": "visible_linework_review_only",
        "backend": "archaeotrace_ink_v2_centerline",
        "upstream_commit": "7960acddb4e82855e2088fdfdd2244799b63775c",
        "pixel_length": 18.828,
        "point_count": 3,
        "confidence": 1.0,
        "review_status": "unreviewed"
      },
      "geometry": {
        "type": "LineString",
        "coordinates": [
          [
            126.81125953701024,
            36.45802339566247
          ],
          [
            126.81130675808022,
            36.45806177252051
          ],
          [
            126.81135397915018,
            36.45871417910713
          ]
        ]
      }
    },
    {
      "type": "Feature",
      "properties": {
        "proposal_id": "ink-line-274",
        "tile_id": "174-cheongyang-labels",
        "sheet_id": "174-cheongyang",
        "split": "development",
        "proposal_kind": "visible_linework_review_only",
        "backend": "archaeotrace_ink_v2_centerline",
        "upstream_commit": "7960acddb4e82855e2088fdfdd2244799b63775c",
        "pixel_length": 20.243,
        "point_count": 4,
        "confidence": 1.0,
        "review_status": "unreviewed"
      },
      "geometry": {
        "type": "LineString",
        "coordinates": [
          [
            126.81125953701024,
            36.43756853032873
          ],
          [
            126.81135397915018,
            36.437606907186776
          ],
          [
            126.81192063198985,
            36.437606907186776
          ],
          [
            126.8121567373397,
            36.437530153470696
          ]
        ]
      }
    },
    {
      "type": "Feature",
      "properties": {
        "proposal_id": "ink-line-275",
        "tile_id": "174-cheongyang-labels",
        "sheet_id": "174-cheongyang",
        "split": "development",
        "proposal_kind": "visible_linework_review_only",
        "backend": "archaeotrace_ink_v2_centerline",
        "upstream_commit": "7960acddb4e82855e2088fdfdd2244799b63775c",
        "pixel_length": 19.657,
        "point_count": 4,
        "confidence": 1.0,
        "review_status": "unreviewed"
      },
      "geometry": {
        "type": "LineString",
        "coordinates": [
          [
            126.81125953701024,
            36.42068271279245
          ],
          [
            126.81159008450004,
            36.420721089650485
          ],
          [
            126.81177896877993,
            36.42079784336656
          ],
          [
            126.81210951626973,
            36.42075946650852
          ]
        ]
      }
    },
    {
      "type": "Feature",
      "properties": {
        "proposal_id": "ink-line-276",
        "tile_id": "174-cheongyang-labels",
        "sheet_id": "174-cheongyang",
        "split": "development",
        "proposal_kind": "visible_linework_review_only",
        "backend": "archaeotrace_ink_v2_centerline",
        "upstream_commit": "7960acddb4e82855e2088fdfdd2244799b63775c",
        "pixel_length": 38.314,
        "point_count": 6,
        "confidence": 1.0,
        "review_status": "unreviewed"
      },
      "geometry": {
        "type": "LineString",
        "coordinates": [
          [
            126.81130675808022,
            36.437990675767146
          ],
          [
            126.81140120022016,
            36.43802905262518
          ],
          [
            126.81187341091987,
            36.43802905262518
          ],
          [
            126.81225117947965,
            36.43791392205107
          ],
          [
            126.8124872848295,
            36.43791392205107
          ],
          [
            126.81295949552921,
            36.43806742948322
          ]
        ]
      }
    },
    {
      "type": "Feature",
      "properties": {
        "proposal_id": "ink-line-277",
        "tile_id": "174-cheongyang-labels",
        "sheet_id": "174-cheongyang",
        "split": "development",
        "proposal_kind": "visible_linework_review_only",
        "backend": "archaeotrace_ink_v2_centerline",
        "upstream_commit": "7960acddb4e82855e2088fdfdd2244799b63775c",
        "pixel_length": 18.071,
        "point_count": 6,
        "confidence": 1.0,
        "review_status": "unreviewed"
      },
      "geometry": {
        "type": "LineString",
        "coordinates": [
          [
            126.8114956423601,
            36.444783379639695
          ],
          [
            126.81154286343008,
            36.44474500278166
          ],
          [
            126.81173174770996,
            36.44474500278166
          ],
          [
            126.81177896877993,
            36.444783379639695
          ],
          [
            126.8118261898499,
            36.44501364078792
          ],
          [
            126.81192063198985,
            36.445167148220065
          ]
        ]
      }
    },
    {
      "type": "Feature",
      "properties": {
        "proposal_id": "ink-line-278",
        "tile_id": "174-cheongyang-labels",
        "sheet_id": "174-cheongyang",
        "split": "development",
        "proposal_kind": "visible_linework_review_only",
        "backend": "archaeotrace_ink_v2_centerline",
        "upstream_commit": "7960acddb4e82855e2088fdfdd2244799b63775c",
        "pixel_length": 19.071,
        "point_count": 4,
        "confidence": 1.0,
        "review_status": "unreviewed"
      },
      "geometry": {
        "type": "LineString",
        "coordinates": [
          [
            126.8114956423601,
            36.44075380954581
          ],
          [
            126.81163730557002,
            36.44094569383599
          ],
          [
            126.81163730557002,
            36.44125270870029
          ],
          [
            126.81154286343008,
            36.441406216132435
          ]
        ]
      }
    },
    {
      "type": "Feature",
      "properties": {
        "proposal_id": "ink-line-279",
        "tile_id": "174-cheongyang-labels",
        "sheet_id": "174-cheongyang",
        "split": "development",
        "proposal_kind": "visible_linework_review_only",
        "backend": "archaeotrace_ink_v2_centerline",
        "upstream_commit": "7960acddb4e82855e2088fdfdd2244799b63775c",
        "pixel_length": 19.485,
        "point_count": 4,
        "confidence": 1.0,
        "review_status": "unreviewed"
      },
      "geometry": {
        "type": "LineString",
        "coordinates": [
          [
            126.8114956423601,
            36.42973965128918
          ],
          [
            126.81159008450004,
            36.42985478186329
          ],
          [
            126.81192063198985,
            36.42985478186329
          ],
          [
            126.81225117947965,
            36.429701274431146
          ]
        ]
      }
    },
    {
      "type": "Feature",
      "properties": {
        "proposal_id": "ink-line-280",
        "tile_id": "174-cheongyang-labels",
        "sheet_id": "174-cheongyang",
        "split": "development",
        "proposal_kind": "visible_linework_review_only",
        "backend": "archaeotrace_ink_v2_centerline",
        "upstream_commit": "7960acddb4e82855e2088fdfdd2244799b63775c",
        "pixel_length": 21.071,
        "point_count": 4,
        "confidence": 1.0,
        "review_status": "unreviewed"
      },
      "geometry": {
        "type": "LineString",
        "coordinates": [
          [
            126.81154286343008,
            36.42114323508889
          ],
          [
            126.81159008450004,
            36.421104858230855
          ],
          [
            126.8121567373397,
            36.42114323508889
          ],
          [
            126.81244006375952,
            36.421258365663
          ]
        ]
      }
    },
    {
      "type": "Feature",
      "properties": {
        "proposal_id": "ink-line-281",
        "tile_id": "174-cheongyang-labels",
        "sheet_id": "174-cheongyang",
        "split": "development",
        "proposal_kind": "visible_linework_review_only",
        "backend": "archaeotrace_ink_v2_centerline",
        "upstream_commit": "7960acddb4e82855e2088fdfdd2244799b63775c",
        "pixel_length": 43.799,
        "point_count": 6,
        "confidence": 1.0,
        "review_status": "unreviewed"
      },
      "geometry": {
        "type": "LineString",
        "coordinates": [
          [
            126.81163730557002,
            36.44267265244766
          ],
          [
            126.8114956423601,
            36.44232726072533
          ],
          [
            126.8114956423601,
            36.4420969995771
          ],
          [
            126.81163730557002,
            36.441789984712806
          ],
          [
            126.81201507412979,
            36.441291085558326
          ],
          [
            126.81201507412979,
            36.441214331842254
          ]
        ]
      }
    },
    {
      "type": "Feature",
      "properties": {
        "proposal_id": "ink-line-282",
        "tile_id": "174-cheongyang-labels",
        "sheet_id": "174-cheongyang",
        "split": "development",
        "proposal_kind": "visible_linework_review_only",
        "backend": "archaeotrace_ink_v2_centerline",
        "upstream_commit": "7960acddb4e82855e2088fdfdd2244799b63775c",
        "pixel_length": 39.971,
        "point_count": 6,
        "confidence": 1.0,
        "review_status": "unreviewed"
      },
      "geometry": {
        "type": "LineString",
        "coordinates": [
          [
            126.81163730557002,
            36.42179564167552
          ],
          [
            126.81210951626973,
            36.42194914910767
          ],
          [
            126.81253450589948,
            36.42194914910767
          ],
          [
            126.81272339017936,
            36.42175726481748
          ],
          [
            126.81267616910938,
            36.4215653805273
          ],
          [
            126.81253450589948,
            36.42133511937907
          ]
        ]
      }
    },
    {
      "type": "Feature",
      "properties": {
        "proposal_id": "ink-line-283",
        "tile_id": "174-cheongyang-labels",
        "sheet_id": "174-cheongyang",
        "split": "development",
        "proposal_kind": "visible_linework_review_only",
        "backend": "archaeotrace_ink_v2_centerline",
        "upstream_commit": "7960acddb4e82855e2088fdfdd2244799b63775c",
        "pixel_length": 26.071,
        "point_count": 3,
        "confidence": 1.0,
        "review_status": "unreviewed"
      },
      "geometry": {
        "type": "LineString",
        "coordinates": [
          [
            126.81168452664,
            36.43664748573585
          ],
          [
            126.81244006375952,
            36.43672423945192
          ],
          [
            126.8128178323193,
            36.436839370026036
          ]
        ]
      }
    },
    {
      "type": "Feature",
      "properties": {
        "proposal_id": "ink-line-284",
        "tile_id": "174-cheongyang-labels",
        "sheet_id": "174-cheongyang",
        "split": "development",
        "proposal_kind": "visible_linework_review_only",
        "backend": "archaeotrace_ink_v2_centerline",
        "upstream_commit": "7960acddb4e82855e2088fdfdd2244799b63775c",
        "pixel_length": 29.485,
        "point_count": 4,
        "confidence": 1.0,
        "review_status": "unreviewed"
      },
      "geometry": {
        "type": "LineString",
        "coordinates": [
          [
            126.81173174770996,
            36.42382961515148
          ],
          [
            126.81258172696944,
            36.42379123829345
          ],
          [
            126.81272339017936,
            36.423637730861294
          ],
          [
            126.81262894803942,
            36.42344584657111
          ]
        ]
      }
    },
    {
      "type": "Feature",
      "properties": {
        "proposal_id": "ink-line-285",
        "tile_id": "174-cheongyang-labels",
        "sheet_id": "174-cheongyang",
        "split": "development",
        "proposal_kind": "visible_linework_review_only",
        "backend": "archaeotrace_ink_v2_centerline",
        "upstream_commit": "7960acddb4e82855e2088fdfdd2244799b63775c",
        "pixel_length": 27.414,
        "point_count": 2,
        "confidence": 1.0,
        "review_status": "unreviewed"
      },
      "geometry": {
        "type": "LineString",
        "coordinates": [
          [
            126.81177896877993,
            36.431812001623186
          ],
          [
            126.81305393766915,
            36.43185037848122
          ]
        ]
      }
    },
    {
      "type": "Feature",
      "properties": {
        "proposal_id": "ink-line-286",
        "tile_id": "174-cheongyang-labels",
        "sheet_id": "174-cheongyang",
        "split": "development",
        "proposal_kind": "visible_linework_review_only",
        "backend": "archaeotrace_ink_v2_centerline",
        "upstream_commit": "7960acddb4e82855e2088fdfdd2244799b63775c",
        "pixel_length": 20.243,
        "point_count": 3,
        "confidence": 1.0,
        "review_status": "unreviewed"
      },
      "geometry": {
        "type": "LineString",
        "coordinates": [
          [
            126.81177896877993,
            36.428741852980224
          ],
          [
            126.81196785305981,
            36.42862672240611
          ],
          [
            126.81196785305981,
            36.428051069535556
          ]
        ]
      }
    },
    {
      "type": "Feature",
      "properties": {
        "proposal_id": "ink-line-287",
        "tile_id": "174-cheongyang-labels",
        "sheet_id": "174-cheongyang",
        "split": "development",
        "proposal_kind": "visible_linework_review_only",
        "backend": "archaeotrace_ink_v2_centerline",
        "upstream_commit": "7960acddb4e82855e2088fdfdd2244799b63775c",
        "pixel_length": 33.071,
        "point_count": 6,
        "confidence": 1.0,
        "review_status": "unreviewed"
      },
      "geometry": {
        "type": "LineString",
        "coordinates": [
          [
            126.81201507412979,
            36.44977237118451
          ],
          [
            126.81225117947965,
            36.44977237118451
          ],
          [
            126.81253450589948,
            36.44984912490058
          ],
          [
            126.81286505338927,
            36.44984912490058
          ],
          [
            126.81329004301902,
            36.4499642554747
          ],
          [
            126.8134789272989,
            36.4499642554747
          ]
        ]
      }
    },
    {
      "type": "Feature",
      "properties": {
        "proposal_id": "ink-line-288",
        "tile_id": "174-cheongyang-labels",
        "sheet_id": "174-cheongyang",
        "split": "development",
        "proposal_kind": "visible_linework_review_only",
        "backend": "archaeotrace_ink_v2_centerline",
        "upstream_commit": "7960acddb4e82855e2088fdfdd2244799b63775c",
        "pixel_length": 26.314,
        "point_count": 3,
        "confidence": 1.0,
        "review_status": "unreviewed"
      },
      "geometry": {
        "type": "LineString",
        "coordinates": [
          [
            126.81239284268956,
            36.44386233504681
          ],
          [
            126.81272339017936,
            36.44424610362718
          ],
          [
            126.81277061124933,
            36.44474500278166
          ]
        ]
      }
    },
    {
      "type": "Feature",
      "properties": {
        "proposal_id": "ink-line-289",
        "tile_id": "174-cheongyang-labels",
        "sheet_id": "174-cheongyang",
        "split": "development",
        "proposal_kind": "visible_linework_review_only",
        "backend": "archaeotrace_ink_v2_centerline",
        "upstream_commit": "7960acddb4e82855e2088fdfdd2244799b63775c",
        "pixel_length": 18.556,
        "point_count": 3,
        "confidence": 1.0,
        "review_status": "unreviewed"
      },
      "geometry": {
        "type": "LineString",
        "coordinates": [
          [
            126.81239284268956,
            36.42252480197822
          ],
          [
            126.81253450589948,
            36.422755063126445
          ],
          [
            126.81291227445925,
            36.42306207799074
          ]
        ]
      }
    },
    {
      "type": "Feature",
      "properties": {
        "proposal_id": "ink-line-290",
        "tile_id": "174-cheongyang-labels",
        "sheet_id": "174-cheongyang",
        "split": "development",
        "proposal_kind": "visible_linework_review_only",
        "backend": "archaeotrace_ink_v2_centerline",
        "upstream_commit": "7960acddb4e82855e2088fdfdd2244799b63775c",
        "pixel_length": 20.0,
        "point_count": 2,
        "confidence": 1.0,
        "review_status": "unreviewed"
      },
      "geometry": {
        "type": "LineString",
        "coordinates": [
          [
            126.81244006375952,
            36.427398662948924
          ],
          [
            126.81338448515896,
            36.427398662948924
          ]
        ]
      }
    },
    {
      "type": "Feature",
      "properties": {
        "proposal_id": "ink-line-291",
        "tile_id": "174-cheongyang-labels",
        "sheet_id": "174-cheongyang",
        "split": "development",
        "proposal_kind": "visible_linework_review_only",
        "backend": "archaeotrace_ink_v2_centerline",
        "upstream_commit": "7960acddb4e82855e2088fdfdd2244799b63775c",
        "pixel_length": 18.728,
        "point_count": 4,
        "confidence": 1.0,
        "review_status": "unreviewed"
      },
      "geometry": {
        "type": "LineString",
        "coordinates": [
          [
            126.8124872848295,
            36.44202024586103
          ],
          [
            126.81258172696944,
            36.4420969995771
          ],
          [
            126.81272339017936,
            36.4420969995771
          ],
          [
            126.81319560087907,
            36.44182836157085
          ]
        ]
      }
    },
    {
      "type": "Feature",
      "properties": {
        "proposal_id": "ink-line-292",
        "tile_id": "174-cheongyang-labels",
        "sheet_id": "174-cheongyang",
        "split": "development",
        "proposal_kind": "visible_linework_review_only",
        "backend": "archaeotrace_ink_v2_centerline",
        "upstream_commit": "7960acddb4e82855e2088fdfdd2244799b63775c",
        "pixel_length": 27.485,
        "point_count": 3,
        "confidence": 1.0,
        "review_status": "unreviewed"
      },
      "geometry": {
        "type": "LineString",
        "coordinates": [
          [
            126.8124872848295,
            36.439909518669
          ],
          [
            126.81343170622893,
            36.43971763437881
          ],
          [
            126.81366781157878,
            36.439756011236845
          ]
        ]
      }
    },
    {
      "type": "Feature",
      "properties": {
        "proposal_id": "ink-line-293",
        "tile_id": "174-cheongyang-labels",
        "sheet_id": "174-cheongyang",
        "split": "development",
        "proposal_kind": "visible_linework_review_only",
        "backend": "archaeotrace_ink_v2_centerline",
        "upstream_commit": "7960acddb4e82855e2088fdfdd2244799b63775c",
        "pixel_length": 20.728,
        "point_count": 3,
        "confidence": 1.0,
        "review_status": "unreviewed"
      },
      "geometry": {
        "type": "LineString",
        "coordinates": [
          [
            126.81258172696944,
            36.4434401896084
          ],
          [
            126.81272339017936,
            36.4437472044727
          ],
          [
            126.81300671659919,
            36.44409259619503
          ]
        ]
      }
    },
    {
      "type": "Feature",
      "properties": {
        "proposal_id": "ink-line-294",
        "tile_id": "174-cheongyang-labels",
        "sheet_id": "174-cheongyang",
        "split": "development",
        "proposal_kind": "visible_linework_review_only",
        "backend": "archaeotrace_ink_v2_centerline",
        "upstream_commit": "7960acddb4e82855e2088fdfdd2244799b63775c",
        "pixel_length": 27.213,
        "point_count": 4,
        "confidence": 1.0,
        "review_status": "unreviewed"
      },
      "geometry": {
        "type": "LineString",
        "coordinates": [
          [
            126.81262894803942,
            36.43092933388833
          ],
          [
            126.8128178323193,
            36.431159595036554
          ],
          [
            126.81338448515896,
            36.43158174047496
          ],
          [
            126.81338448515896,
            36.43169687104907
          ]
        ]
      }
    },
    {
      "type": "Feature",
      "properties": {
        "proposal_id": "ink-line-295",
        "tile_id": "174-cheongyang-labels",
        "sheet_id": "174-cheongyang",
        "split": "development",
        "proposal_kind": "visible_linework_review_only",
        "backend": "archaeotrace_ink_v2_centerline",
        "upstream_commit": "7960acddb4e82855e2088fdfdd2244799b63775c",
        "pixel_length": 21.243,
        "point_count": 4,
        "confidence": 1.0,
        "review_status": "unreviewed"
      },
      "geometry": {
        "type": "LineString",
        "coordinates": [
          [
            126.81267616910938,
            36.436455601445665
          ],
          [
            126.81291227445925,
            36.436455601445665
          ],
          [
            126.81324282194905,
            36.43653235516174
          ],
          [
            126.81362059050882,
            36.4364939783037
          ]
        ]
      }
    },
    {
      "type": "Feature",
      "properties": {
        "proposal_id": "ink-line-296",
        "tile_id": "174-cheongyang-labels",
        "sheet_id": "174-cheongyang",
        "split": "development",
        "proposal_kind": "visible_linework_review_only",
        "backend": "archaeotrace_ink_v2_centerline",
        "upstream_commit": "7960acddb4e82855e2088fdfdd2244799b63775c",
        "pixel_length": 32.728,
        "point_count": 4,
        "confidence": 1.0,
        "review_status": "unreviewed"
      },
      "geometry": {
        "type": "LineString",
        "coordinates": [
          [
            126.81272339017936,
            36.437606907186776
          ],
          [
            126.8131483798091,
            36.437722037760885
          ],
          [
            126.81352614836888,
            36.43776041461892
          ],
          [
            126.81409280120853,
            36.43756853032873
          ]
        ]
      }
    },
    {
      "type": "Feature",
      "properties": {
        "proposal_id": "ink-line-297",
        "tile_id": "174-cheongyang-labels",
        "sheet_id": "174-cheongyang",
        "split": "development",
        "proposal_kind": "visible_linework_review_only",
        "backend": "archaeotrace_ink_v2_centerline",
        "upstream_commit": "7960acddb4e82855e2088fdfdd2244799b63775c",
        "pixel_length": 35.899,
        "point_count": 7,
        "confidence": 1.0,
        "review_status": "unreviewed"
      },
      "geometry": {
        "type": "LineString",
        "coordinates": [
          [
            126.81277061124933,
            36.429816405005255
          ],
          [
            126.81291227445925,
            36.429701274431146
          ],
          [
            126.81300671659919,
            36.429509390140964
          ],
          [
            126.81295949552921,
            36.429432636424885
          ],
          [
            126.81295949552921,
            36.429048867844514
          ],
          [
            126.81291227445925,
            36.42901049098648
          ],
          [
            126.81291227445925,
            36.428549968690035
          ]
        ]
      }
    },
    {
      "type": "Feature",
      "properties": {
        "proposal_id": "ink-line-298",
        "tile_id": "174-cheongyang-labels",
        "sheet_id": "174-cheongyang",
        "split": "development",
        "proposal_kind": "visible_linework_review_only",
        "backend": "archaeotrace_ink_v2_centerline",
        "upstream_commit": "7960acddb4e82855e2088fdfdd2244799b63775c",
        "pixel_length": 37.799,
        "point_count": 6,
        "confidence": 1.0,
        "review_status": "unreviewed"
      },
      "geometry": {
        "type": "LineString",
        "coordinates": [
          [
            126.81291227445925,
            36.44336343589233
          ],
          [
            126.81295949552921,
            36.443632073898584
          ],
          [
            126.8131483798091,
            36.44393908876288
          ],
          [
            126.81333726408899,
            36.44413097305307
          ],
          [
            126.81343170622893,
            36.444399611059325
          ],
          [
            126.81357336943884,
            36.44459149534951
          ]
        ]
      }
    },
    {
      "type": "Feature",
      "properties": {
        "proposal_id": "ink-line-299",
        "tile_id": "174-cheongyang-labels",
        "sheet_id": "174-cheongyang",
        "split": "development",
        "proposal_kind": "visible_linework_review_only",
        "backend": "archaeotrace_ink_v2_centerline",
        "upstream_commit": "7960acddb4e82855e2088fdfdd2244799b63775c",
        "pixel_length": 18.243,
        "point_count": 2,
        "confidence": 1.0,
        "review_status": "unreviewed"
      },
      "geometry": {
        "type": "LineString",
        "coordinates": [
          [
            126.81291227445925,
            36.44328668217625
          ],
          [
            126.81295949552921,
            36.442634275589626
          ]
        ]
      }
    },
    {
      "type": "Feature",
      "properties": {
        "proposal_id": "ink-line-300",
        "tile_id": "174-cheongyang-labels",
        "sheet_id": "174-cheongyang",
        "split": "development",
        "proposal_kind": "visible_linework_review_only",
        "backend": "archaeotrace_ink_v2_centerline",
        "upstream_commit": "7960acddb4e82855e2088fdfdd2244799b63775c",
        "pixel_length": 35.657,
        "point_count": 5,
        "confidence": 1.0,
        "review_status": "unreviewed"
      },
      "geometry": {
        "type": "LineString",
        "coordinates": [
          [
            126.81295949552921,
            36.434460004827734
          ],
          [
            126.81291227445925,
            36.43438325111166
          ],
          [
            126.81291227445925,
            36.43388435195718
          ],
          [
            126.81305393766915,
            36.43353896023485
          ],
          [
            126.81305393766915,
            36.43315519165448
          ]
        ]
      }
    },
    {
      "type": "Feature",
      "properties": {
        "proposal_id": "ink-line-301",
        "tile_id": "174-cheongyang-labels",
        "sheet_id": "174-cheongyang",
        "split": "development",
        "proposal_kind": "visible_linework_review_only",
        "backend": "archaeotrace_ink_v2_centerline",
        "upstream_commit": "7960acddb4e82855e2088fdfdd2244799b63775c",
        "pixel_length": 19.657,
        "point_count": 3,
        "confidence": 1.0,
        "review_status": "unreviewed"
      },
      "geometry": {
        "type": "LineString",
        "coordinates": [
          [
            126.81300671659919,
            36.439564126946664
          ],
          [
            126.81362059050882,
            36.43944899637255
          ],
          [
            126.81385669585868,
            36.439487373230584
          ]
        ]
      }
    },
    {
      "type": "Feature",
      "properties": {
        "proposal_id": "ink-line-302",
        "tile_id": "174-cheongyang-labels",
        "sheet_id": "174-cheongyang",
        "split": "development",
        "proposal_kind": "visible_linework_review_only",
        "backend": "archaeotrace_ink_v2_centerline",
        "upstream_commit": "7960acddb4e82855e2088fdfdd2244799b63775c",
        "pixel_length": 28.899,
        "point_count": 6,
        "confidence": 1.0,
        "review_status": "unreviewed"
      },
      "geometry": {
        "type": "LineString",
        "coordinates": [
          [
            126.81300671659919,
            36.432694669358035
          ],
          [
            126.81319560087907,
            36.43261791564196
          ],
          [
            126.81343170622893,
            36.43261791564196
          ],
          [
            126.81362059050882,
            36.43254116192588
          ],
          [
            126.8138094747887,
            36.43254116192588
          ],
          [
            126.81423446441845,
            36.432426031351774
          ]
        ]
      }
    },
    {
      "type": "Feature",
      "properties": {
        "proposal_id": "ink-line-303",
        "tile_id": "174-cheongyang-labels",
        "sheet_id": "174-cheongyang",
        "split": "development",
        "proposal_kind": "visible_linework_review_only",
        "backend": "archaeotrace_ink_v2_centerline",
        "upstream_commit": "7960acddb4e82855e2088fdfdd2244799b63775c",
        "pixel_length": 23.657,
        "point_count": 5,
        "confidence": 1.0,
        "review_status": "unreviewed"
      },
      "geometry": {
        "type": "LineString",
        "coordinates": [
          [
            126.81305393766915,
            36.44746975970229
          ],
          [
            126.81310115873913,
            36.44789190514069
          ],
          [
            126.81319560087907,
            36.44812216628892
          ],
          [
            126.81319560087907,
            36.44823729686303
          ],
          [
            126.81310115873913,
            36.448275673721064
          ]
        ]
      }
    },
    {
      "type": "Feature",
      "properties": {
        "proposal_id": "ink-line-304",
        "tile_id": "174-cheongyang-labels",
        "sheet_id": "174-cheongyang",
        "split": "development",
        "proposal_kind": "visible_linework_review_only",
        "backend": "archaeotrace_ink_v2_centerline",
        "upstream_commit": "7960acddb4e82855e2088fdfdd2244799b63775c",
        "pixel_length": 20.899,
        "point_count": 7,
        "confidence": 1.0,
        "review_status": "unreviewed"
      },
      "geometry": {
        "type": "LineString",
        "coordinates": [
          [
            126.81305393766915,
            36.44221213015122
          ],
          [
            126.81319560087907,
            36.442173753293176
          ],
          [
            126.81329004301902,
            36.442250507009256
          ],
          [
            126.81324282194905,
            36.44228888386729
          ],
          [
            126.81324282194905,
            36.44248076815747
          ],
          [
            126.81329004301902,
            36.44251914501551
          ],
          [
            126.81319560087907,
            36.442749406163735
          ]
        ]
      }
    },
    {
      "type": "Feature",
      "properties": {
        "proposal_id": "ink-line-305",
        "tile_id": "174-cheongyang-labels",
        "sheet_id": "174-cheongyang",
        "split": "development",
        "proposal_kind": "visible_linework_review_only",
        "backend": "archaeotrace_ink_v2_centerline",
        "upstream_commit": "7960acddb4e82855e2088fdfdd2244799b63775c",
        "pixel_length": 28.657,
        "point_count": 3,
        "confidence": 1.0,
        "review_status": "unreviewed"
      },
      "geometry": {
        "type": "LineString",
        "coordinates": [
          [
            126.81319560087907,
            36.42808944639359
          ],
          [
            126.81343170622893,
            36.42797431581948
          ],
          [
            126.8144705697683,
            36.42801269267752
          ]
        ]
      }
    },
    {
      "type": "Feature",
      "properties": {
        "proposal_id": "ink-line-306",
        "tile_id": "174-cheongyang-labels",
        "sheet_id": "174-cheongyang",
        "split": "development",
        "proposal_kind": "visible_linework_review_only",
        "backend": "archaeotrace_ink_v2_centerline",
        "upstream_commit": "7960acddb4e82855e2088fdfdd2244799b63775c",
        "pixel_length": 26.899,
        "point_count": 6,
        "confidence": 1.0,
        "review_status": "unreviewed"
      },
      "geometry": {
        "type": "LineString",
        "coordinates": [
          [
            126.81324282194905,
            36.42482741346044
          ],
          [
            126.8134789272989,
            36.42490416717652
          ],
          [
            126.81371503264876,
            36.42490416717652
          ],
          [
            126.81390391692865,
            36.424980920892594
          ],
          [
            126.81404558013855,
            36.424980920892594
          ],
          [
            126.81437612762836,
            36.4250960514667
          ]
        ]
      }
    },
    {
      "type": "Feature",
      "properties": {
        "proposal_id": "ink-line-307",
        "tile_id": "174-cheongyang-labels",
        "sheet_id": "174-cheongyang",
        "split": "development",
        "proposal_kind": "visible_linework_review_only",
        "backend": "archaeotrace_ink_v2_centerline",
        "upstream_commit": "7960acddb4e82855e2088fdfdd2244799b63775c",
        "pixel_length": 23.728,
        "point_count": 3,
        "confidence": 1.0,
        "review_status": "unreviewed"
      },
      "geometry": {
        "type": "LineString",
        "coordinates": [
          [
            126.81333726408899,
            36.456181306476694
          ],
          [
            126.81357336943884,
            36.45583591475436
          ],
          [
            126.81376225371874,
            36.45541376931595
          ]
        ]
      }
    },
    {
      "type": "Feature",
      "properties": {
        "proposal_id": "ink-line-308",
        "tile_id": "174-cheongyang-labels",
        "sheet_id": "174-cheongyang",
        "split": "development",
        "proposal_kind": "visible_linework_review_only",
        "backend": "archaeotrace_ink_v2_centerline",
        "upstream_commit": "7960acddb4e82855e2088fdfdd2244799b63775c",
        "pixel_length": 20.485,
        "point_count": 2,
        "confidence": 1.0,
        "review_status": "unreviewed"
      },
      "geometry": {
        "type": "LineString",
        "coordinates": [
          [
            126.81333726408899,
            36.435803194859034
          ],
          [
            126.81418724334847,
            36.43557293371081
          ]
        ]
      }
    },
    {
      "type": "Feature",
      "properties": {
        "proposal_id": "ink-line-309",
        "tile_id": "174-cheongyang-labels",
        "sheet_id": "174-cheongyang",
        "split": "development",
        "proposal_kind": "visible_linework_review_only",
        "backend": "archaeotrace_ink_v2_centerline",
        "upstream_commit": "7960acddb4e82855e2088fdfdd2244799b63775c",
        "pixel_length": 27.899,
        "point_count": 5,
        "confidence": 1.0,
        "review_status": "unreviewed"
      },
      "geometry": {
        "type": "LineString",
        "coordinates": [
          [
            126.81338448515896,
            36.4344216279697
          ],
          [
            126.81357336943884,
            36.43457513540185
          ],
          [
            126.81376225371874,
            36.43465188911792
          ],
          [
            126.81442334869833,
            36.43465188911792
          ],
          [
            126.81456501190824,
            36.43461351225989
          ]
        ]
      }
    },
    {
      "type": "Feature",
      "properties": {
        "proposal_id": "ink-line-310",
        "tile_id": "174-cheongyang-labels",
        "sheet_id": "174-cheongyang",
        "split": "development",
        "proposal_kind": "visible_linework_review_only",
        "backend": "archaeotrace_ink_v2_centerline",
        "upstream_commit": "7960acddb4e82855e2088fdfdd2244799b63775c",
        "pixel_length": 18.071,
        "point_count": 4,
        "confidence": 1.0,
        "review_status": "unreviewed"
      },
      "geometry": {
        "type": "LineString",
        "coordinates": [
          [
            126.8134789272989,
            36.42847321497396
          ],
          [
            126.81366781157878,
            36.428358084399854
          ],
          [
            126.81385669585868,
            36.42831970754181
          ],
          [
            126.81423446441845,
            36.428358084399854
          ]
        ]
      }
    },
    {
      "type": "Feature",
      "properties": {
        "proposal_id": "ink-line-311",
        "tile_id": "174-cheongyang-labels",
        "sheet_id": "174-cheongyang",
        "split": "development",
        "proposal_kind": "visible_linework_review_only",
        "backend": "archaeotrace_ink_v2_centerline",
        "upstream_commit": "7960acddb4e82855e2088fdfdd2244799b63775c",
        "pixel_length": 28.071,
        "point_count": 5,
        "confidence": 1.0,
        "review_status": "unreviewed"
      },
      "geometry": {
        "type": "LineString",
        "coordinates": [
          [
            126.81376225371874,
            36.45130744550599
          ],
          [
            126.81385669585868,
            36.45107718435777
          ],
          [
            126.81404558013855,
            36.45111556121581
          ],
          [
            126.81409280120853,
            36.45126906864795
          ],
          [
            126.81404558013855,
            36.451729590944396
          ]
        ]
      }
    },
    {
      "type": "Feature",
      "properties": {
        "proposal_id": "ink-line-312",
        "tile_id": "174-cheongyang-labels",
        "sheet_id": "174-cheongyang",
        "split": "development",
        "proposal_kind": "visible_linework_review_only",
        "backend": "archaeotrace_ink_v2_centerline",
        "upstream_commit": "7960acddb4e82855e2088fdfdd2244799b63775c",
        "pixel_length": 22.485,
        "point_count": 5,
        "confidence": 1.0,
        "review_status": "unreviewed"
      },
      "geometry": {
        "type": "LineString",
        "coordinates": [
          [
            126.8138094747887,
            36.42210265653981
          ],
          [
            126.81399835906859,
            36.42214103339785
          ],
          [
            126.81437612762836,
            36.42210265653981
          ],
          [
            126.8144705697683,
            36.42229454083
          ],
          [
            126.81461223297822,
            36.422371294546075
          ]
        ]
      }
    },
    {
      "type": "Feature",
      "properties": {
        "proposal_id": "ink-line-313",
        "tile_id": "174-cheongyang-labels",
        "sheet_id": "174-cheongyang",
        "split": "development",
        "proposal_kind": "visible_linework_review_only",
        "backend": "archaeotrace_ink_v2_centerline",
        "upstream_commit": "7960acddb4e82855e2088fdfdd2244799b63775c",
        "pixel_length": 21.414,
        "point_count": 3,
        "confidence": 1.0,
        "review_status": "unreviewed"
      },
      "geometry": {
        "type": "LineString",
        "coordinates": [
          [
            126.81385669585868,
            36.4413678392744
          ],
          [
            126.81390391692865,
            36.441482969848515
          ],
          [
            126.81390391692865,
            36.442173753293176
          ]
        ]
      }
    },
    {
      "type": "Feature",
      "properties": {
        "proposal_id": "ink-line-314",
        "tile_id": "174-cheongyang-labels",
        "sheet_id": "174-cheongyang",
        "split": "development",
        "proposal_kind": "visible_linework_review_only",
        "backend": "archaeotrace_ink_v2_centerline",
        "upstream_commit": "7960acddb4e82855e2088fdfdd2244799b63775c",
        "pixel_length": 26.657,
        "point_count": 5,
        "confidence": 1.0,
        "review_status": "unreviewed"
      },
      "geometry": {
        "type": "LineString",
        "coordinates": [
          [
            126.81385669585868,
            36.43000828929544
          ],
          [
            126.81395113799861,
            36.429893158721335
          ],
          [
            126.81395113799861,
            36.429701274431146
          ],
          [
            126.81385669585868,
            36.42947101328292
          ],
          [
            126.81385669585868,
            36.429048867844514
          ]
        ]
      }
    },
    {
      "type": "Feature",
      "properties": {
        "proposal_id": "ink-line-315",
        "tile_id": "174-cheongyang-labels",
        "sheet_id": "174-cheongyang",
        "split": "development",
        "proposal_kind": "visible_linework_review_only",
        "backend": "archaeotrace_ink_v2_centerline",
        "upstream_commit": "7960acddb4e82855e2088fdfdd2244799b63775c",
        "pixel_length": 39.142,
        "point_count": 6,
        "confidence": 1.0,
        "review_status": "unreviewed"
      },
      "geometry": {
        "type": "LineString",
        "coordinates": [
          [
            126.81390391692865,
            36.43043043473385
          ],
          [
            126.81414002227851,
            36.430392057875814
          ],
          [
            126.81432890655839,
            36.430276927301705
          ],
          [
            126.81437612762836,
            36.43016179672759
          ],
          [
            126.81437612762836,
            36.429509390140964
          ],
          [
            126.81461223297822,
            36.42927912899274
          ]
        ]
      }
    },
    {
      "type": "Feature",
      "properties": {
        "proposal_id": "ink-line-316",
        "tile_id": "174-cheongyang-labels",
        "sheet_id": "174-cheongyang",
        "split": "development",
        "proposal_kind": "visible_linework_review_only",
        "backend": "archaeotrace_ink_v2_centerline",
        "upstream_commit": "7960acddb4e82855e2088fdfdd2244799b63775c",
        "pixel_length": 21.485,
        "point_count": 2,
        "confidence": 1.0,
        "review_status": "unreviewed"
      },
      "geometry": {
        "type": "LineString",
        "coordinates": [
          [
            126.81399835906859,
            36.435304295704555
          ],
          [
            126.81489555939805,
            36.43507403455633
          ]
        ]
      }
    },
    {
      "type": "Feature",
      "properties": {
        "proposal_id": "ink-line-317",
        "tile_id": "174-cheongyang-labels",
        "sheet_id": "174-cheongyang",
        "split": "development",
        "proposal_kind": "visible_linework_review_only",
        "backend": "archaeotrace_ink_v2_centerline",
        "upstream_commit": "7960acddb4e82855e2088fdfdd2244799b63775c",
        "pixel_length": 20.657,
        "point_count": 3,
        "confidence": 1.0,
        "review_status": "unreviewed"
      },
      "geometry": {
        "type": "LineString",
        "coordinates": [
          [
            126.81399835906859,
            36.426247357207814
          ],
          [
            126.8144705697683,
            36.42636248778192
          ],
          [
            126.81489555939805,
            36.426324110923886
          ]
        ]
      }
    },
    {
      "type": "Feature",
      "properties": {
        "proposal_id": "ink-line-318",
        "tile_id": "174-cheongyang-labels",
        "sheet_id": "174-cheongyang",
        "split": "development",
        "proposal_kind": "visible_linework_review_only",
        "backend": "archaeotrace_ink_v2_centerline",
        "upstream_commit": "7960acddb4e82855e2088fdfdd2244799b63775c",
        "pixel_length": 41.071,
        "point_count": 4,
        "confidence": 1.0,
        "review_status": "unreviewed"
      },
      "geometry": {
        "type": "LineString",
        "coordinates": [
          [
            126.81404558013855,
            36.450770169493474
          ],
          [
            126.81489555939805,
            36.450770169493474
          ],
          [
            126.81541499116773,
            36.45092367692562
          ],
          [
            126.81588720186745,
            36.450962053783655
          ]
        ]
      }
    },
    {
      "type": "Feature",
      "properties": {
        "proposal_id": "ink-line-319",
        "tile_id": "174-cheongyang-labels",
        "sheet_id": "174-cheongyang",
        "split": "development",
        "proposal_kind": "visible_linework_review_only",
        "backend": "archaeotrace_ink_v2_centerline",
        "upstream_commit": "7960acddb4e82855e2088fdfdd2244799b63775c",
        "pixel_length": 25.071,
        "point_count": 3,
        "confidence": 1.0,
        "review_status": "unreviewed"
      },
      "geometry": {
        "type": "LineString",
        "coordinates": [
          [
            126.81409280120853,
            36.432694669358035
          ],
          [
            126.81503722260796,
            36.432579538783926
          ],
          [
            126.81517888581787,
            36.43250278506785
          ]
        ]
      }
    },
    {
      "type": "Feature",
      "properties": {
        "proposal_id": "ink-line-320",
        "tile_id": "174-cheongyang-labels",
        "sheet_id": "174-cheongyang",
        "split": "development",
        "proposal_kind": "visible_linework_review_only",
        "backend": "archaeotrace_ink_v2_centerline",
        "upstream_commit": "7960acddb4e82855e2088fdfdd2244799b63775c",
        "pixel_length": 21.828,
        "point_count": 4,
        "confidence": 1.0,
        "review_status": "unreviewed"
      },
      "geometry": {
        "type": "LineString",
        "coordinates": [
          [
            126.81414002227851,
            36.45341817269803
          ],
          [
            126.81414002227851,
            36.453187911549804
          ],
          [
            126.81409280120853,
            36.45314953469177
          ],
          [
            126.81414002227851,
            36.45261225867925
          ]
        ]
      }
    },
    {
      "type": "Feature",
      "properties": {
        "proposal_id": "ink-line-321",
        "tile_id": "174-cheongyang-labels",
        "sheet_id": "174-cheongyang",
        "split": "development",
        "proposal_kind": "visible_linework_review_only",
        "backend": "archaeotrace_ink_v2_centerline",
        "upstream_commit": "7960acddb4e82855e2088fdfdd2244799b63775c",
        "pixel_length": 20.314,
        "point_count": 4,
        "confidence": 1.0,
        "review_status": "unreviewed"
      },
      "geometry": {
        "type": "LineString",
        "coordinates": [
          [
            126.81414002227851,
            36.42279343998448
          ],
          [
            126.81428168548842,
            36.42290857055859
          ],
          [
            126.81432890655839,
            36.423138831706815
          ],
          [
            126.81451779083828,
            36.42344584657111
          ]
        ]
      }
    },
    {
      "type": "Feature",
      "properties": {
        "proposal_id": "ink-line-322",
        "tile_id": "174-cheongyang-labels",
        "sheet_id": "174-cheongyang",
        "split": "development",
        "proposal_kind": "visible_linework_review_only",
        "backend": "archaeotrace_ink_v2_centerline",
        "upstream_commit": "7960acddb4e82855e2088fdfdd2244799b63775c",
        "pixel_length": 26.485,
        "point_count": 4,
        "confidence": 1.0,
        "review_status": "unreviewed"
      },
      "geometry": {
        "type": "LineString",
        "coordinates": [
          [
            126.81432890655839,
            36.45529863874184
          ],
          [
            126.81456501190824,
            36.455490523032026
          ],
          [
            126.81456501190824,
            36.45610455276062
          ],
          [
            126.81451779083828,
            36.45621968333473
          ]
        ]
      }
    },
    {
      "type": "Feature",
      "properties": {
        "proposal_id": "ink-line-323",
        "tile_id": "174-cheongyang-labels",
        "sheet_id": "174-cheongyang",
        "split": "development",
        "proposal_kind": "visible_linework_review_only",
        "backend": "archaeotrace_ink_v2_centerline",
        "upstream_commit": "7960acddb4e82855e2088fdfdd2244799b63775c",
        "pixel_length": 19.243,
        "point_count": 4,
        "confidence": 1.0,
        "review_status": "unreviewed"
      },
      "geometry": {
        "type": "LineString",
        "coordinates": [
          [
            126.81437612762836,
            36.44639520767725
          ],
          [
            126.81437612762836,
            36.44666384568351
          ],
          [
            126.8144705697683,
            36.446817353115655
          ],
          [
            126.81451779083828,
            36.44708599112192
          ]
        ]
      }
    },
    {
      "type": "Feature",
      "properties": {
        "proposal_id": "ink-line-324",
        "tile_id": "174-cheongyang-labels",
        "sheet_id": "174-cheongyang",
        "split": "development",
        "proposal_kind": "visible_linework_review_only",
        "backend": "archaeotrace_ink_v2_centerline",
        "upstream_commit": "7960acddb4e82855e2088fdfdd2244799b63775c",
        "pixel_length": 21.071,
        "point_count": 6,
        "confidence": 1.0,
        "review_status": "unreviewed"
      },
      "geometry": {
        "type": "LineString",
        "coordinates": [
          [
            126.81437612762836,
            36.433462206518776
          ],
          [
            126.81461223297822,
            36.4333854528027
          ],
          [
            126.81484833832808,
            36.4333854528027
          ],
          [
            126.81499000153799,
            36.433462206518776
          ],
          [
            126.81499000153799,
            36.43365409080896
          ],
          [
            126.81494278046802,
            36.433692467666994
          ]
        ]
      }
    },
    {
      "type": "Feature",
      "properties": {
        "proposal_id": "ink-line-325",
        "tile_id": "174-cheongyang-labels",
        "sheet_id": "174-cheongyang",
        "split": "development",
        "proposal_kind": "visible_linework_review_only",
        "backend": "archaeotrace_ink_v2_centerline",
        "upstream_commit": "7960acddb4e82855e2088fdfdd2244799b63775c",
        "pixel_length": 20.657,
        "point_count": 2,
        "confidence": 1.0,
        "review_status": "unreviewed"
      },
      "geometry": {
        "type": "LineString",
        "coordinates": [
          [
            126.81442334869833,
            36.45015613976488
          ],
          [
            126.81532054902779,
            36.45030964719703
          ]
        ]
      }
    },
    {
      "type": "Feature",
      "properties": {
        "proposal_id": "ink-line-326",
        "tile_id": "174-cheongyang-labels",
        "sheet_id": "174-cheongyang",
        "split": "development",
        "proposal_kind": "visible_linework_review_only",
        "backend": "archaeotrace_ink_v2_centerline",
        "upstream_commit": "7960acddb4e82855e2088fdfdd2244799b63775c",
        "pixel_length": 19.828,
        "point_count": 4,
        "confidence": 1.0,
        "review_status": "unreviewed"
      },
      "geometry": {
        "type": "LineString",
        "coordinates": [
          [
            126.81442334869833,
            36.447968658856766
          ],
          [
            126.81442334869833,
            36.44770002085051
          ],
          [
            126.81451779083828,
            36.44754651341836
          ],
          [
            126.81451779083828,
            36.44723949855407
          ]
        ]
      }
    },
    {
      "type": "Feature",
      "properties": {
        "proposal_id": "ink-line-327",
        "tile_id": "174-cheongyang-labels",
        "sheet_id": "174-cheongyang",
        "split": "development",
        "proposal_kind": "visible_linework_review_only",
        "backend": "archaeotrace_ink_v2_centerline",
        "upstream_commit": "7960acddb4e82855e2088fdfdd2244799b63775c",
        "pixel_length": 25.828,
        "point_count": 5,
        "confidence": 1.0,
        "review_status": "unreviewed"
      },
      "geometry": {
        "type": "LineString",
        "coordinates": [
          [
            126.8144705697683,
            36.455106754451656
          ],
          [
            126.81465945404818,
            36.455106754451656
          ],
          [
            126.81470667511816,
            36.45506837759362
          ],
          [
            126.81475389618814,
            36.454914870161474
          ],
          [
            126.81475389618814,
            36.45430084043288
          ]
        ]
      }
    },
    {
      "type": "Feature",
      "properties": {
        "proposal_id": "ink-line-328",
        "tile_id": "174-cheongyang-labels",
        "sheet_id": "174-cheongyang",
        "split": "development",
        "proposal_kind": "visible_linework_review_only",
        "backend": "archaeotrace_ink_v2_centerline",
        "upstream_commit": "7960acddb4e82855e2088fdfdd2244799b63775c",
        "pixel_length": 18.657,
        "point_count": 5,
        "confidence": 1.0,
        "review_status": "unreviewed"
      },
      "geometry": {
        "type": "LineString",
        "coordinates": [
          [
            126.8144705697683,
            36.45146095293814
          ],
          [
            126.81456501190824,
            36.4514225760801
          ],
          [
            126.81465945404818,
            36.45149932979618
          ],
          [
            126.81465945404818,
            36.451921475234585
          ],
          [
            126.81461223297822,
            36.45199822895066
          ]
        ]
      }
    },
    {
      "type": "Feature",
      "properties": {
        "proposal_id": "ink-line-329",
        "tile_id": "174-cheongyang-labels",
        "sheet_id": "174-cheongyang",
        "split": "development",
        "proposal_kind": "visible_linework_review_only",
        "backend": "archaeotrace_ink_v2_centerline",
        "upstream_commit": "7960acddb4e82855e2088fdfdd2244799b63775c",
        "pixel_length": 23.243,
        "point_count": 4,
        "confidence": 1.0,
        "review_status": "unreviewed"
      },
      "geometry": {
        "type": "LineString",
        "coordinates": [
          [
            126.81456501190824,
            36.428051069535556
          ],
          [
            126.81517888581787,
            36.42801269267752
          ],
          [
            126.81522610688785,
            36.42797431581948
          ],
          [
            126.81560387544762,
            36.42801269267752
          ]
        ]
      }
    },
    {
      "type": "Feature",
      "properties": {
        "proposal_id": "ink-line-330",
        "tile_id": "174-cheongyang-labels",
        "sheet_id": "174-cheongyang",
        "split": "development",
        "proposal_kind": "visible_linework_review_only",
        "backend": "archaeotrace_ink_v2_centerline",
        "upstream_commit": "7960acddb4e82855e2088fdfdd2244799b63775c",
        "pixel_length": 22.899,
        "point_count": 2,
        "confidence": 1.0,
        "review_status": "unreviewed"
      },
      "geometry": {
        "type": "LineString",
        "coordinates": [
          [
            126.81475389618814,
            36.44037004096544
          ],
          [
            126.81508444367793,
            36.4396025038047
          ]
        ]
      }
    },
    {
      "type": "Feature",
      "properties": {
        "proposal_id": "ink-line-331",
        "tile_id": "174-cheongyang-labels",
        "sheet_id": "174-cheongyang",
        "split": "development",
        "proposal_kind": "visible_linework_review_only",
        "backend": "archaeotrace_ink_v2_centerline",
        "upstream_commit": "7960acddb4e82855e2088fdfdd2244799b63775c",
        "pixel_length": 38.314,
        "point_count": 9,
        "confidence": 1.0,
        "review_status": "unreviewed"
      },
      "geometry": {
        "type": "LineString",
        "coordinates": [
          [
            126.8148011172581,
            36.425748458053334
          ],
          [
            126.8148011172581,
            36.425940342343516
          ],
          [
            126.81494278046802,
            36.42605547291763
          ],
          [
            126.81508444367793,
            36.42609384977567
          ],
          [
            126.81565109651758,
            36.42609384977567
          ],
          [
            126.81569831758756,
            36.42605547291763
          ],
          [
            126.81602886507736,
            36.42609384977567
          ],
          [
            126.81607608614733,
            36.426132226633705
          ],
          [
            126.81602886507736,
            36.426247357207814
          ]
        ]
      }
    },
    {
      "type": "Feature",
      "properties": {
        "proposal_id": "ink-line-332",
        "tile_id": "174-cheongyang-labels",
        "sheet_id": "174-cheongyang",
        "split": "development",
        "proposal_kind": "visible_linework_review_only",
        "backend": "archaeotrace_ink_v2_centerline",
        "upstream_commit": "7960acddb4e82855e2088fdfdd2244799b63775c",
        "pixel_length": 28.485,
        "point_count": 6,
        "confidence": 1.0,
        "review_status": "unreviewed"
      },
      "geometry": {
        "type": "LineString",
        "coordinates": [
          [
            126.81484833832808,
            36.447009237405844
          ],
          [
            126.81489555939805,
            36.44731625227014
          ],
          [
            126.81499000153799,
            36.44750813656032
          ],
          [
            126.81494278046802,
            36.447661643992475
          ],
          [
            126.81499000153799,
            36.44770002085051
          ],
          [
            126.81503722260796,
            36.44800703571481
          ]
        ]
      }
    },
    {
      "type": "Feature",
      "properties": {
        "proposal_id": "ink-line-333",
        "tile_id": "174-cheongyang-labels",
        "sheet_id": "174-cheongyang",
        "split": "development",
        "proposal_kind": "visible_linework_review_only",
        "backend": "archaeotrace_ink_v2_centerline",
        "upstream_commit": "7960acddb4e82855e2088fdfdd2244799b63775c",
        "pixel_length": 20.071,
        "point_count": 3,
        "confidence": 1.0,
        "review_status": "unreviewed"
      },
      "geometry": {
        "type": "LineString",
        "coordinates": [
          [
            126.81494278046802,
            36.42920237527667
          ],
          [
            126.81508444367793,
            36.42916399841863
          ],
          [
            126.8157927597275,
            36.429317505850776
          ]
        ]
      }
    },
    {
      "type": "Feature",
      "properties": {
        "proposal_id": "ink-line-334",
        "tile_id": "174-cheongyang-labels",
        "sheet_id": "174-cheongyang",
        "split": "development",
        "proposal_kind": "visible_linework_review_only",
        "backend": "archaeotrace_ink_v2_centerline",
        "upstream_commit": "7960acddb4e82855e2088fdfdd2244799b63775c",
        "pixel_length": 21.071,
        "point_count": 4,
        "confidence": 1.0,
        "review_status": "unreviewed"
      },
      "geometry": {
        "type": "LineString",
        "coordinates": [
          [
            126.81508444367793,
            36.423906368867556
          ],
          [
            126.81536777009777,
            36.42398312258363
          ],
          [
            126.81574553865754,
            36.42398312258363
          ],
          [
            126.8159816440074,
            36.42386799200952
          ]
        ]
      }
    },
    {
      "type": "Feature",
      "properties": {
        "proposal_id": "ink-line-335",
        "tile_id": "174-cheongyang-labels",
        "sheet_id": "174-cheongyang",
        "split": "development",
        "proposal_kind": "visible_linework_review_only",
        "backend": "archaeotrace_ink_v2_centerline",
        "upstream_commit": "7960acddb4e82855e2088fdfdd2244799b63775c",
        "pixel_length": 27.657,
        "point_count": 5,
        "confidence": 1.0,
        "review_status": "unreviewed"
      },
      "geometry": {
        "type": "LineString",
        "coordinates": [
          [
            126.81517888581787,
            36.42141187309515
          ],
          [
            126.81527332795781,
            36.42164213424337
          ],
          [
            126.81527332795781,
            36.422256163971966
          ],
          [
            126.81532054902779,
            36.42229454083
          ],
          [
            126.81527332795781,
            36.42240967140411
          ]
        ]
      }
    },
    {
      "type": "Feature",
      "properties": {
        "proposal_id": "ink-line-336",
        "tile_id": "174-cheongyang-labels",
        "sheet_id": "174-cheongyang",
        "split": "development",
        "proposal_kind": "visible_linework_review_only",
        "backend": "archaeotrace_ink_v2_centerline",
        "upstream_commit": "7960acddb4e82855e2088fdfdd2244799b63775c",
        "pixel_length": 35.799,
        "point_count": 5,
        "confidence": 1.0,
        "review_status": "unreviewed"
      },
      "geometry": {
        "type": "LineString",
        "coordinates": [
          [
            126.81522610688785,
            36.440331664107404
          ],
          [
            126.81527332795781,
            36.44006302610114
          ],
          [
            126.8154622122377,
            36.43967925752077
          ],
          [
            126.81574553865754,
            36.43941061951451
          ],
          [
            126.81602886507736,
            36.4392954889404
          ]
        ]
      }
    },
    {
      "type": "Feature",
      "properties": {
        "proposal_id": "ink-line-337",
        "tile_id": "174-cheongyang-labels",
        "sheet_id": "174-cheongyang",
        "split": "development",
        "proposal_kind": "visible_linework_review_only",
        "backend": "archaeotrace_ink_v2_centerline",
        "upstream_commit": "7960acddb4e82855e2088fdfdd2244799b63775c",
        "pixel_length": 41.314,
        "point_count": 7,
        "confidence": 1.0,
        "review_status": "unreviewed"
      },
      "geometry": {
        "type": "LineString",
        "coordinates": [
          [
            126.81532054902779,
            36.42977802814722
          ],
          [
            126.8154622122377,
            36.42973965128918
          ],
          [
            126.81550943330768,
            36.42977802814722
          ],
          [
            126.8157927597275,
            36.42977802814722
          ],
          [
            126.81612330721731,
            36.42985478186329
          ],
          [
            126.8167844021969,
            36.429816405005255
          ],
          [
            126.81711494968671,
            36.42993153557937
          ]
        ]
      }
    },
    {
      "type": "Feature",
      "properties": {
        "proposal_id": "ink-line-338",
        "tile_id": "174-cheongyang-labels",
        "sheet_id": "174-cheongyang",
        "split": "development",
        "proposal_kind": "visible_linework_review_only",
        "backend": "archaeotrace_ink_v2_centerline",
        "upstream_commit": "7960acddb4e82855e2088fdfdd2244799b63775c",
        "pixel_length": 29.485,
        "point_count": 6,
        "confidence": 1.0,
        "review_status": "unreviewed"
      },
      "geometry": {
        "type": "LineString",
        "coordinates": [
          [
            126.81536777009777,
            36.438489574921626
          ],
          [
            126.81555665437764,
            36.43833606748947
          ],
          [
            126.81555665437764,
            36.438220936915364
          ],
          [
            126.8154622122377,
            36.43806742948322
          ],
          [
            126.8154622122377,
            36.437606907186776
          ],
          [
            126.81541499116773,
            36.43749177661266
          ]
        ]
      }
    },
    {
      "type": "Feature",
      "properties": {
        "proposal_id": "ink-line-339",
        "tile_id": "174-cheongyang-labels",
        "sheet_id": "174-cheongyang",
        "split": "development",
        "proposal_kind": "visible_linework_review_only",
        "backend": "archaeotrace_ink_v2_centerline",
        "upstream_commit": "7960acddb4e82855e2088fdfdd2244799b63775c",
        "pixel_length": 20.071,
        "point_count": 3,
        "confidence": 1.0,
        "review_status": "unreviewed"
      },
      "geometry": {
        "type": "LineString",
        "coordinates": [
          [
            126.81560387544762,
            36.43703125431622
          ],
          [
            126.81583998079748,
            36.437223138606406
          ],
          [
            126.81588720186745,
            36.43768366090285
          ]
        ]
      }
    },
    {
      "type": "Feature",
      "properties": {
        "proposal_id": "ink-line-340",
        "tile_id": "174-cheongyang-labels",
        "sheet_id": "174-cheongyang",
        "split": "development",
        "proposal_kind": "visible_linework_review_only",
        "backend": "archaeotrace_ink_v2_centerline",
        "upstream_commit": "7960acddb4e82855e2088fdfdd2244799b63775c",
        "pixel_length": 28.071,
        "point_count": 4,
        "confidence": 1.0,
        "review_status": "unreviewed"
      },
      "geometry": {
        "type": "LineString",
        "coordinates": [
          [
            126.81569831758756,
            36.43016179672759
          ],
          [
            126.81583998079748,
            36.43012341986955
          ],
          [
            126.81659551791702,
            36.43016179672759
          ],
          [
            126.81692606540682,
            36.430276927301705
          ]
        ]
      }
    },
    {
      "type": "Feature",
      "properties": {
        "proposal_id": "ink-line-341",
        "tile_id": "174-cheongyang-labels",
        "sheet_id": "174-cheongyang",
        "split": "development",
        "proposal_kind": "visible_linework_review_only",
        "backend": "archaeotrace_ink_v2_centerline",
        "upstream_commit": "7960acddb4e82855e2088fdfdd2244799b63775c",
        "pixel_length": 23.899,
        "point_count": 3,
        "confidence": 1.0,
        "review_status": "unreviewed"
      },
      "geometry": {
        "type": "LineString",
        "coordinates": [
          [
            126.81574553865754,
            36.43250278506785
          ],
          [
            126.81602886507736,
            36.432042262771404
          ],
          [
            126.81607608614733,
            36.43169687104907
          ]
        ]
      }
    },
    {
      "type": "Feature",
      "properties": {
        "proposal_id": "ink-line-342",
        "tile_id": "174-cheongyang-labels",
        "sheet_id": "174-cheongyang",
        "split": "development",
        "proposal_kind": "visible_linework_review_only",
        "backend": "archaeotrace_ink_v2_centerline",
        "upstream_commit": "7960acddb4e82855e2088fdfdd2244799b63775c",
        "pixel_length": 33.899,
        "point_count": 3,
        "confidence": 1.0,
        "review_status": "unreviewed"
      },
      "geometry": {
        "type": "LineString",
        "coordinates": [
          [
            126.81574553865754,
            36.42885698355433
          ],
          [
            126.81626497042721,
            36.429048867844514
          ],
          [
            126.81720939182665,
            36.429125621560594
          ]
        ]
      }
    },
    {
      "type": "Feature",
      "properties": {
        "proposal_id": "ink-line-343",
        "tile_id": "174-cheongyang-labels",
        "sheet_id": "174-cheongyang",
        "split": "development",
        "proposal_kind": "visible_linework_review_only",
        "backend": "archaeotrace_ink_v2_centerline",
        "upstream_commit": "7960acddb4e82855e2088fdfdd2244799b63775c",
        "pixel_length": 34.485,
        "point_count": 8,
        "confidence": 1.0,
        "review_status": "unreviewed"
      },
      "geometry": {
        "type": "LineString",
        "coordinates": [
          [
            126.8159816440074,
            36.42118161194693
          ],
          [
            126.8159816440074,
            36.421603757385334
          ],
          [
            126.81602886507736,
            36.42164213424337
          ],
          [
            126.81602886507736,
            36.42191077224963
          ],
          [
            126.81617052828727,
            36.42214103339785
          ],
          [
            126.81617052828727,
            36.42229454083
          ],
          [
            126.81621774935725,
            36.42233291768804
          ],
          [
            126.81617052828727,
            36.42240967140411
          ]
        ]
      }
    },
    {
      "type": "Feature",
      "properties": {
        "proposal_id": "ink-line-344",
        "tile_id": "174-cheongyang-labels",
        "sheet_id": "174-cheongyang",
        "split": "development",
        "proposal_kind": "visible_linework_review_only",
        "backend": "archaeotrace_ink_v2_centerline",
        "upstream_commit": "7960acddb4e82855e2088fdfdd2244799b63775c",
        "pixel_length": 26.657,
        "point_count": 5,
        "confidence": 1.0,
        "review_status": "unreviewed"
      },
      "geometry": {
        "type": "LineString",
        "coordinates": [
          [
            126.81602886507736,
            36.42939425956685
          ],
          [
            126.8164538547071,
            36.429432636424885
          ],
          [
            126.81650107577708,
            36.42947101328292
          ],
          [
            126.81668996005696,
            36.429432636424885
          ],
          [
            126.81720939182665,
            36.42947101328292
          ]
        ]
      }
    },
    {
      "type": "Feature",
      "properties": {
        "proposal_id": "ink-line-345",
        "tile_id": "174-cheongyang-labels",
        "sheet_id": "174-cheongyang",
        "split": "development",
        "proposal_kind": "visible_linework_review_only",
        "backend": "archaeotrace_ink_v2_centerline",
        "upstream_commit": "7960acddb4e82855e2088fdfdd2244799b63775c",
        "pixel_length": 20.071,
        "point_count": 6,
        "confidence": 1.0,
        "review_status": "unreviewed"
      },
      "geometry": {
        "type": "LineString",
        "coordinates": [
          [
            126.81607608614733,
            36.45050153148721
          ],
          [
            126.81635941256717,
            36.45053990834525
          ],
          [
            126.81654829684705,
            36.450463154629176
          ],
          [
            126.81659551791702,
            36.45050153148721
          ],
          [
            126.81687884433686,
            36.45050153148721
          ],
          [
            126.81692606540682,
            36.450463154629176
          ]
        ]
      }
    },
    {
      "type": "Feature",
      "properties": {
        "proposal_id": "ink-line-346",
        "tile_id": "174-cheongyang-labels",
        "sheet_id": "174-cheongyang",
        "split": "development",
        "proposal_kind": "visible_linework_review_only",
        "backend": "archaeotrace_ink_v2_centerline",
        "upstream_commit": "7960acddb4e82855e2088fdfdd2244799b63775c",
        "pixel_length": 20.657,
        "point_count": 5,
        "confidence": 1.0,
        "review_status": "unreviewed"
      },
      "geometry": {
        "type": "LineString",
        "coordinates": [
          [
            126.81612330721731,
            36.447968658856766
          ],
          [
            126.81621774935725,
            36.44808378943088
          ],
          [
            126.81621774935725,
            36.44823729686303
          ],
          [
            126.81617052828727,
            36.448275673721064
          ],
          [
            126.81621774935725,
            36.44869781915947
          ]
        ]
      }
    },
    {
      "type": "Feature",
      "properties": {
        "proposal_id": "ink-line-347",
        "tile_id": "174-cheongyang-labels",
        "sheet_id": "174-cheongyang",
        "split": "development",
        "proposal_kind": "visible_linework_review_only",
        "backend": "archaeotrace_ink_v2_centerline",
        "upstream_commit": "7960acddb4e82855e2088fdfdd2244799b63775c",
        "pixel_length": 18.071,
        "point_count": 3,
        "confidence": 1.0,
        "review_status": "unreviewed"
      },
      "geometry": {
        "type": "LineString",
        "coordinates": [
          [
            126.81621774935725,
            36.442749406163735
          ],
          [
            126.8164538547071,
            36.4424040144414
          ],
          [
            126.8164538547071,
            36.44213537643514
          ]
        ]
      }
    },
    {
      "type": "Feature",
      "properties": {
        "proposal_id": "ink-line-348",
        "tile_id": "174-cheongyang-labels",
        "sheet_id": "174-cheongyang",
        "split": "development",
        "proposal_kind": "visible_linework_review_only",
        "backend": "archaeotrace_ink_v2_centerline",
        "upstream_commit": "7960acddb4e82855e2088fdfdd2244799b63775c",
        "pixel_length": 21.071,
        "point_count": 4,
        "confidence": 1.0,
        "review_status": "unreviewed"
      },
      "geometry": {
        "type": "LineString",
        "coordinates": [
          [
            126.81626497042721,
            36.45073179263544
          ],
          [
            126.81654829684705,
            36.45080854635151
          ],
          [
            126.81687884433686,
            36.45073179263544
          ],
          [
            126.81716217075667,
            36.450770169493474
          ]
        ]
      }
    },
    {
      "type": "Feature",
      "properties": {
        "proposal_id": "ink-line-349",
        "tile_id": "174-cheongyang-labels",
        "sheet_id": "174-cheongyang",
        "split": "development",
        "proposal_kind": "visible_linework_review_only",
        "backend": "archaeotrace_ink_v2_centerline",
        "upstream_commit": "7960acddb4e82855e2088fdfdd2244799b63775c",
        "pixel_length": 18.0,
        "point_count": 2,
        "confidence": 1.0,
        "review_status": "unreviewed"
      },
      "geometry": {
        "type": "LineString",
        "coordinates": [
          [
            126.81626497042721,
            36.43499728084026
          ],
          [
            126.81626497042721,
            36.43430649739559
          ]
        ]
      }
    },
    {
      "type": "Feature",
      "properties": {
        "proposal_id": "ink-line-350",
        "tile_id": "174-cheongyang-labels",
        "sheet_id": "174-cheongyang",
        "split": "development",
        "proposal_kind": "visible_linework_review_only",
        "backend": "archaeotrace_ink_v2_centerline",
        "upstream_commit": "7960acddb4e82855e2088fdfdd2244799b63775c",
        "pixel_length": 25.899,
        "point_count": 7,
        "confidence": 1.0,
        "review_status": "unreviewed"
      },
      "geometry": {
        "type": "LineString",
        "coordinates": [
          [
            126.81631219149719,
            36.42831970754181
          ],
          [
            126.81650107577708,
            36.42831970754181
          ],
          [
            126.81654829684705,
            36.428358084399854
          ],
          [
            126.81692606540682,
            36.42831970754181
          ],
          [
            126.81702050754676,
            36.42824295382574
          ],
          [
            126.81702050754676,
            36.42812782325163
          ],
          [
            126.81687884433686,
            36.42793593896144
          ]
        ]
      }
    },
    {
      "type": "Feature",
      "properties": {
        "proposal_id": "ink-line-351",
        "tile_id": "174-cheongyang-labels",
        "sheet_id": "174-cheongyang",
        "split": "development",
        "proposal_kind": "visible_linework_review_only",
        "backend": "archaeotrace_ink_v2_centerline",
        "upstream_commit": "7960acddb4e82855e2088fdfdd2244799b63775c",
        "pixel_length": 27.899,
        "point_count": 4,
        "confidence": 1.0,
        "review_status": "unreviewed"
      },
      "geometry": {
        "type": "LineString",
        "coordinates": [
          [
            126.81631219149719,
            36.42471228288633
          ],
          [
            126.81659551791702,
            36.42455877545419
          ],
          [
            126.81702050754676,
            36.42455877545419
          ],
          [
            126.81749271824648,
            36.424673906028296
          ]
        ]
      }
    },
    {
      "type": "Feature",
      "properties": {
        "proposal_id": "ink-line-352",
        "tile_id": "174-cheongyang-labels",
        "sheet_id": "174-cheongyang",
        "split": "development",
        "proposal_kind": "visible_linework_review_only",
        "backend": "archaeotrace_ink_v2_centerline",
        "upstream_commit": "7960acddb4e82855e2088fdfdd2244799b63775c",
        "pixel_length": 35.485,
        "point_count": 5,
        "confidence": 1.0,
        "review_status": "unreviewed"
      },
      "geometry": {
        "type": "LineString",
        "coordinates": [
          [
            126.81635941256717,
            36.45103880749973
          ],
          [
            126.81640663363713,
            36.45107718435777
          ],
          [
            126.81749271824648,
            36.45111556121581
          ],
          [
            126.81782326573628,
            36.450962053783655
          ],
          [
            126.81791770787622,
            36.450962053783655
          ]
        ]
      }
    },
    {
      "type": "Feature",
      "properties": {
        "proposal_id": "ink-line-353",
        "tile_id": "174-cheongyang-labels",
        "sheet_id": "174-cheongyang",
        "split": "development",
        "proposal_kind": "visible_linework_review_only",
        "backend": "archaeotrace_ink_v2_centerline",
        "upstream_commit": "7960acddb4e82855e2088fdfdd2244799b63775c",
        "pixel_length": 28.556,
        "point_count": 4,
        "confidence": 1.0,
        "review_status": "unreviewed"
      },
      "geometry": {
        "type": "LineString",
        "coordinates": [
          [
            126.81635941256717,
            36.43185037848122
          ],
          [
            126.81654829684705,
            36.43169687104907
          ],
          [
            126.81692606540682,
            36.43169687104907
          ],
          [
            126.81749271824648,
            36.43196550905533
          ]
        ]
      }
    },
    {
      "type": "Feature",
      "properties": {
        "proposal_id": "ink-line-354",
        "tile_id": "174-cheongyang-labels",
        "sheet_id": "174-cheongyang",
        "split": "development",
        "proposal_kind": "visible_linework_review_only",
        "backend": "archaeotrace_ink_v2_centerline",
        "upstream_commit": "7960acddb4e82855e2088fdfdd2244799b63775c",
        "pixel_length": 21.243,
        "point_count": 3,
        "confidence": 1.0,
        "review_status": "unreviewed"
      },
      "geometry": {
        "type": "LineString",
        "coordinates": [
          [
            126.81635941256717,
            36.428665099264144
          ],
          [
            126.81673718112694,
            36.428741852980224
          ],
          [
            126.81730383396659,
            36.42878022983826
          ]
        ]
      }
    },
    {
      "type": "Feature",
      "properties": {
        "proposal_id": "ink-line-355",
        "tile_id": "174-cheongyang-labels",
        "sheet_id": "174-cheongyang",
        "split": "development",
        "proposal_kind": "visible_linework_review_only",
        "backend": "archaeotrace_ink_v2_centerline",
        "upstream_commit": "7960acddb4e82855e2088fdfdd2244799b63775c",
        "pixel_length": 42.728,
        "point_count": 8,
        "confidence": 1.0,
        "review_status": "unreviewed"
      },
      "geometry": {
        "type": "LineString",
        "coordinates": [
          [
            126.8164538547071,
            36.43703125431622
          ],
          [
            126.81650107577708,
            36.43729989232248
          ],
          [
            126.8164538547071,
            36.437338269180515
          ],
          [
            126.8164538547071,
            36.43768366090285
          ],
          [
            126.81640663363713,
            36.43776041461892
          ],
          [
            126.81650107577708,
            36.43806742948322
          ],
          [
            126.81664273898699,
            36.4382593137734
          ],
          [
            126.81659551791702,
            36.43852795177966
          ]
        ]
      }
    },
    {
      "type": "Feature",
      "properties": {
        "proposal_id": "ink-line-356",
        "tile_id": "174-cheongyang-labels",
        "sheet_id": "174-cheongyang",
        "split": "development",
        "proposal_kind": "visible_linework_review_only",
        "backend": "archaeotrace_ink_v2_centerline",
        "upstream_commit": "7960acddb4e82855e2088fdfdd2244799b63775c",
        "pixel_length": 30.314,
        "point_count": 5,
        "confidence": 1.0,
        "review_status": "unreviewed"
      },
      "geometry": {
        "type": "LineString",
        "coordinates": [
          [
            126.81659551791702,
            36.44278778302177
          ],
          [
            126.8167844021969,
            36.44244239129944
          ],
          [
            126.81683162326688,
            36.441981869002994
          ],
          [
            126.8169732864768,
            36.44182836157085
          ],
          [
            126.81706772861673,
            36.44182836157085
          ]
        ]
      }
    },
    {
      "type": "Feature",
      "properties": {
        "proposal_id": "ink-line-357",
        "tile_id": "174-cheongyang-labels",
        "sheet_id": "174-cheongyang",
        "split": "development",
        "proposal_kind": "visible_linework_review_only",
        "backend": "archaeotrace_ink_v2_centerline",
        "upstream_commit": "7960acddb4e82855e2088fdfdd2244799b63775c",
        "pixel_length": 20.0,
        "point_count": 2,
        "confidence": 1.0,
        "review_status": "unreviewed"
      },
      "geometry": {
        "type": "LineString",
        "coordinates": [
          [
            126.81702050754676,
            36.44869781915947
          ],
          [
            126.81702050754676,
            36.44793028199873
          ]
        ]
      }
    },
    {
      "type": "Feature",
      "properties": {
        "proposal_id": "ink-line-358",
        "tile_id": "174-cheongyang-labels",
        "sheet_id": "174-cheongyang",
        "split": "development",
        "proposal_kind": "visible_linework_review_only",
        "backend": "archaeotrace_ink_v2_centerline",
        "upstream_commit": "7960acddb4e82855e2088fdfdd2244799b63775c",
        "pixel_length": 25.728,
        "point_count": 4,
        "confidence": 1.0,
        "review_status": "unreviewed"
      },
      "geometry": {
        "type": "LineString",
        "coordinates": [
          [
            126.81706772861673,
            36.43085258017226
          ],
          [
            126.81711494968671,
            36.43127472561066
          ],
          [
            126.81725661289661,
            36.43150498675889
          ],
          [
            126.81749271824648,
            36.43169687104907
          ]
        ]
      }
    },
    {
      "type": "Feature",
      "properties": {
        "proposal_id": "ink-line-359",
        "tile_id": "174-cheongyang-labels",
        "sheet_id": "174-cheongyang",
        "split": "development",
        "proposal_kind": "visible_linework_review_only",
        "backend": "archaeotrace_ink_v2_centerline",
        "upstream_commit": "7960acddb4e82855e2088fdfdd2244799b63775c",
        "pixel_length": 26.314,
        "point_count": 4,
        "confidence": 1.0,
        "review_status": "unreviewed"
      },
      "geometry": {
        "type": "LineString",
        "coordinates": [
          [
            126.81720939182665,
            36.43054556530796
          ],
          [
            126.81739827610653,
            36.43092933388833
          ],
          [
            126.81749271824648,
            36.431351479326736
          ],
          [
            126.81758716038642,
            36.431428233042816
          ]
        ]
      }
    },
    {
      "type": "Feature",
      "properties": {
        "proposal_id": "ink-line-360",
        "tile_id": "174-cheongyang-labels",
        "sheet_id": "174-cheongyang",
        "split": "development",
        "proposal_kind": "visible_linework_review_only",
        "backend": "archaeotrace_ink_v2_centerline",
        "upstream_commit": "7960acddb4e82855e2088fdfdd2244799b63775c",
        "pixel_length": 20.899,
        "point_count": 6,
        "confidence": 1.0,
        "review_status": "unreviewed"
      },
      "geometry": {
        "type": "LineString",
        "coordinates": [
          [
            126.81735105503657,
            36.43223414706159
          ],
          [
            126.81753993931645,
            36.432195770203556
          ],
          [
            126.81763438145639,
            36.43227252391963
          ],
          [
            126.81753993931645,
            36.432426031351774
          ],
          [
            126.81758716038642,
            36.432579538783926
          ],
          [
            126.81739827610653,
            36.43261791564196
          ]
        ]
      }
    },
    {
      "type": "Feature",
      "properties": {
        "proposal_id": "ink-line-361",
        "tile_id": "174-cheongyang-labels",
        "sheet_id": "174-cheongyang",
        "split": "development",
        "proposal_kind": "visible_linework_review_only",
        "backend": "archaeotrace_ink_v2_centerline",
        "upstream_commit": "7960acddb4e82855e2088fdfdd2244799b63775c",
        "pixel_length": 21.071,
        "point_count": 4,
        "confidence": 1.0,
        "review_status": "unreviewed"
      },
      "geometry": {
        "type": "LineString",
        "coordinates": [
          [
            126.81739827610653,
            36.42221778711393
          ],
          [
            126.81749271824648,
            36.42217941025589
          ],
          [
            126.81782326573628,
            36.42217941025589
          ],
          [
            126.81829547643599,
            36.42233291768804
          ]
        ]
      }
    },
    {
      "type": "Feature",
      "properties": {
        "proposal_id": "ink-line-362",
        "tile_id": "174-cheongyang-labels",
        "sheet_id": "174-cheongyang",
        "split": "development",
        "proposal_kind": "visible_linework_review_only",
        "backend": "archaeotrace_ink_v2_centerline",
        "upstream_commit": "7960acddb4e82855e2088fdfdd2244799b63775c",
        "pixel_length": 19.314,
        "point_count": 3,
        "confidence": 1.0,
        "review_status": "unreviewed"
      },
      "geometry": {
        "type": "LineString",
        "coordinates": [
          [
            126.81749271824648,
            36.42958614385704
          ],
          [
            126.81772882359634,
            36.429816405005255
          ],
          [
            126.81787048680624,
            36.430200173585625
          ]
        ]
      }
    },
    {
      "type": "Feature",
      "properties": {
        "proposal_id": "ink-line-363",
        "tile_id": "174-cheongyang-labels",
        "sheet_id": "174-cheongyang",
        "split": "development",
        "proposal_kind": "visible_linework_review_only",
        "backend": "archaeotrace_ink_v2_centerline",
        "upstream_commit": "7960acddb4e82855e2088fdfdd2244799b63775c",
        "pixel_length": 19.314,
        "point_count": 4,
        "confidence": 1.0,
        "review_status": "unreviewed"
      },
      "geometry": {
        "type": "LineString",
        "coordinates": [
          [
            126.81758716038642,
            36.431735247907106
          ],
          [
            126.81791770787622,
            36.431927132197295
          ],
          [
            126.81815381322608,
            36.431927132197295
          ],
          [
            126.81834269750597,
            36.431812001623186
          ]
        ]
      }
    },
    {
      "type": "Feature",
      "properties": {
        "proposal_id": "ink-line-364",
        "tile_id": "174-cheongyang-labels",
        "sheet_id": "174-cheongyang",
        "split": "development",
        "proposal_kind": "visible_linework_review_only",
        "backend": "archaeotrace_ink_v2_centerline",
        "upstream_commit": "7960acddb4e82855e2088fdfdd2244799b63775c",
        "pixel_length": 19.243,
        "point_count": 4,
        "confidence": 1.0,
        "review_status": "unreviewed"
      },
      "geometry": {
        "type": "LineString",
        "coordinates": [
          [
            126.81772882359634,
            36.44017815667525
          ],
          [
            126.81810659215611,
            36.440254910391324
          ],
          [
            126.81853158178585,
            36.440254910391324
          ],
          [
            126.81857880285582,
            36.44021653353329
          ]
        ]
      }
    },
    {
      "type": "Feature",
      "properties": {
        "proposal_id": "ink-line-365",
        "tile_id": "174-cheongyang-labels",
        "sheet_id": "174-cheongyang",
        "split": "development",
        "proposal_kind": "visible_linework_review_only",
        "backend": "archaeotrace_ink_v2_centerline",
        "upstream_commit": "7960acddb4e82855e2088fdfdd2244799b63775c",
        "pixel_length": 19.243,
        "point_count": 3,
        "confidence": 1.0,
        "review_status": "unreviewed"
      },
      "geometry": {
        "type": "LineString",
        "coordinates": [
          [
            126.8177760446663,
            36.43361571395092
          ],
          [
            126.81782326573628,
            36.43315519165448
          ],
          [
            126.81791770787622,
            36.43292493050625
          ]
        ]
      }
    },
    {
      "type": "Feature",
      "properties": {
        "proposal_id": "ink-line-366",
        "tile_id": "174-cheongyang-labels",
        "sheet_id": "174-cheongyang",
        "split": "development",
        "proposal_kind": "visible_linework_review_only",
        "backend": "archaeotrace_ink_v2_centerline",
        "upstream_commit": "7960acddb4e82855e2088fdfdd2244799b63775c",
        "pixel_length": 21.657,
        "point_count": 4,
        "confidence": 1.0,
        "review_status": "unreviewed"
      },
      "geometry": {
        "type": "LineString",
        "coordinates": [
          [
            126.81787048680624,
            36.45165283722832
          ],
          [
            126.81810659215611,
            36.45157608351225
          ],
          [
            126.81853158178585,
            36.45157608351225
          ],
          [
            126.81881490820568,
            36.45165283722832
          ]
        ]
      }
    },
    {
      "type": "Feature",
      "properties": {
        "proposal_id": "ink-line-367",
        "tile_id": "174-cheongyang-labels",
        "sheet_id": "174-cheongyang",
        "split": "development",
        "proposal_kind": "visible_linework_review_only",
        "backend": "archaeotrace_ink_v2_centerline",
        "upstream_commit": "7960acddb4e82855e2088fdfdd2244799b63775c",
        "pixel_length": 48.142,
        "point_count": 6,
        "confidence": 1.0,
        "review_status": "unreviewed"
      },
      "geometry": {
        "type": "LineString",
        "coordinates": [
          [
            126.8179649289462,
            36.42432851430596
          ],
          [
            126.81801215001616,
            36.42421338373185
          ],
          [
            126.8179649289462,
            36.423330715997004
          ],
          [
            126.81829547643599,
            36.42310045484878
          ],
          [
            126.81843713964591,
            36.42306207799074
          ],
          [
            126.81881490820568,
            36.42310045484878
          ]
        ]
      }
    },
    {
      "type": "Feature",
      "properties": {
        "proposal_id": "ink-line-368",
        "tile_id": "174-cheongyang-labels",
        "sheet_id": "174-cheongyang",
        "split": "development",
        "proposal_kind": "visible_linework_review_only",
        "backend": "archaeotrace_ink_v2_centerline",
        "upstream_commit": "7960acddb4e82855e2088fdfdd2244799b63775c",
        "pixel_length": 37.728,
        "point_count": 7,
        "confidence": 1.0,
        "review_status": "unreviewed"
      },
      "geometry": {
        "type": "LineString",
        "coordinates": [
          [
            126.81801215001616,
            36.45092367692562
          ],
          [
            126.81815381322608,
            36.45092367692562
          ],
          [
            126.81834269750597,
            36.45100043064169
          ],
          [
            126.81872046606574,
            36.45100043064169
          ],
          [
            126.81919267676545,
            36.45080854635151
          ],
          [
            126.81947600318529,
            36.45080854635151
          ],
          [
            126.81961766639519,
            36.45073179263544
          ]
        ]
      }
    },
    {
      "type": "Feature",
      "properties": {
        "proposal_id": "ink-line-369",
        "tile_id": "174-cheongyang-labels",
        "sheet_id": "174-cheongyang",
        "split": "development",
        "proposal_kind": "visible_linework_review_only",
        "backend": "archaeotrace_ink_v2_centerline",
        "upstream_commit": "7960acddb4e82855e2088fdfdd2244799b63775c",
        "pixel_length": 18.657,
        "point_count": 4,
        "confidence": 1.0,
        "review_status": "unreviewed"
      },
      "geometry": {
        "type": "LineString",
        "coordinates": [
          [
            126.81824825536602,
            36.44436123420129
          ],
          [
            126.81834269750597,
            36.44455311849148
          ],
          [
            126.81834269750597,
            36.44474500278166
          ],
          [
            126.81843713964591,
            36.44501364078792
          ]
        ]
      }
    },
    {
      "type": "Feature",
      "properties": {
        "proposal_id": "ink-line-370",
        "tile_id": "174-cheongyang-labels",
        "sheet_id": "174-cheongyang",
        "split": "development",
        "proposal_kind": "visible_linework_review_only",
        "backend": "archaeotrace_ink_v2_centerline",
        "upstream_commit": "7960acddb4e82855e2088fdfdd2244799b63775c",
        "pixel_length": 25.385,
        "point_count": 4,
        "confidence": 1.0,
        "review_status": "unreviewed"
      },
      "geometry": {
        "type": "LineString",
        "coordinates": [
          [
            126.81824825536602,
            36.42743703980696
          ],
          [
            126.81857880285582,
            36.42736028609089
          ],
          [
            126.81872046606574,
            36.42743703980696
          ],
          [
            126.81829547643599,
            36.42782080838733
          ]
        ]
      }
    },
    {
      "type": "Feature",
      "properties": {
        "proposal_id": "ink-line-371",
        "tile_id": "174-cheongyang-labels",
        "sheet_id": "174-cheongyang",
        "split": "development",
        "proposal_kind": "visible_linework_review_only",
        "backend": "archaeotrace_ink_v2_centerline",
        "upstream_commit": "7960acddb4e82855e2088fdfdd2244799b63775c",
        "pixel_length": 18.243,
        "point_count": 4,
        "confidence": 1.0,
        "review_status": "unreviewed"
      },
      "geometry": {
        "type": "LineString",
        "coordinates": [
          [
            126.81843713964591,
            36.43653235516174
          ],
          [
            126.81848436071589,
            36.43664748573585
          ],
          [
            126.81848436071589,
            36.43710800803229
          ],
          [
            126.81857880285582,
            36.43718476174836
          ]
        ]
      }
    },
    {
      "type": "Feature",
      "properties": {
        "proposal_id": "ink-line-372",
        "tile_id": "174-cheongyang-labels",
        "sheet_id": "174-cheongyang",
        "split": "development",
        "proposal_kind": "visible_linework_review_only",
        "backend": "archaeotrace_ink_v2_centerline",
        "upstream_commit": "7960acddb4e82855e2088fdfdd2244799b63775c",
        "pixel_length": 24.071,
        "point_count": 5,
        "confidence": 1.0,
        "review_status": "unreviewed"
      },
      "geometry": {
        "type": "LineString",
        "coordinates": [
          [
            126.81867324499576,
            36.438220936915364
          ],
          [
            126.81857880285582,
            36.43833606748947
          ],
          [
            126.81857880285582,
            36.438604705495734
          ],
          [
            126.81872046606574,
            36.438873343501996
          ],
          [
            126.81872046606574,
            36.43906522779218
          ]
        ]
      }
    },
    {
      "type": "Feature",
      "properties": {
        "proposal_id": "ink-line-373",
        "tile_id": "174-cheongyang-labels",
        "sheet_id": "174-cheongyang",
        "split": "development",
        "proposal_kind": "visible_linework_review_only",
        "backend": "archaeotrace_ink_v2_centerline",
        "upstream_commit": "7960acddb4e82855e2088fdfdd2244799b63775c",
        "pixel_length": 18.385,
        "point_count": 2,
        "confidence": 1.0,
        "review_status": "unreviewed"
      },
      "geometry": {
        "type": "LineString",
        "coordinates": [
          [
            126.8187676871357,
            36.42870347612218
          ],
          [
            126.81938156104533,
            36.42920237527667
          ]
        ]
      }
    },
    {
      "type": "Feature",
      "properties": {
        "proposal_id": "ink-line-374",
        "tile_id": "174-cheongyang-labels",
        "sheet_id": "174-cheongyang",
        "split": "development",
        "proposal_kind": "visible_linework_review_only",
        "backend": "archaeotrace_ink_v2_centerline",
        "upstream_commit": "7960acddb4e82855e2088fdfdd2244799b63775c",
        "pixel_length": 29.971,
        "point_count": 5,
        "confidence": 1.0,
        "review_status": "unreviewed"
      },
      "geometry": {
        "type": "LineString",
        "coordinates": [
          [
            126.81890935034562,
            36.433193568512515
          ],
          [
            126.81938156104533,
            36.43353896023485
          ],
          [
            126.81966488746517,
            36.43353896023485
          ],
          [
            126.81985377174504,
            36.433462206518776
          ],
          [
            126.82008987709492,
            36.43350058337681
          ]
        ]
      }
    },
    {
      "type": "Feature",
      "properties": {
        "proposal_id": "ink-line-375",
        "tile_id": "174-cheongyang-labels",
        "sheet_id": "174-cheongyang",
        "split": "development",
        "proposal_kind": "visible_linework_review_only",
        "backend": "archaeotrace_ink_v2_centerline",
        "upstream_commit": "7960acddb4e82855e2088fdfdd2244799b63775c",
        "pixel_length": 40.971,
        "point_count": 5,
        "confidence": 1.0,
        "review_status": "unreviewed"
      },
      "geometry": {
        "type": "LineString",
        "coordinates": [
          [
            126.81890935034562,
            36.43150498675889
          ],
          [
            126.8192871189054,
            36.43138985618477
          ],
          [
            126.8197593296051,
            36.43138985618477
          ],
          [
            126.82004265602494,
            36.431543363616925
          ],
          [
            126.82060930886459,
            36.431735247907106
          ]
        ]
      }
    },
    {
      "type": "Feature",
      "properties": {
        "proposal_id": "ink-line-376",
        "tile_id": "174-cheongyang-labels",
        "sheet_id": "174-cheongyang",
        "split": "development",
        "proposal_kind": "visible_linework_review_only",
        "backend": "archaeotrace_ink_v2_centerline",
        "upstream_commit": "7960acddb4e82855e2088fdfdd2244799b63775c",
        "pixel_length": 28.314,
        "point_count": 5,
        "confidence": 1.0,
        "review_status": "unreviewed"
      },
      "geometry": {
        "type": "LineString",
        "coordinates": [
          [
            126.81900379248556,
            36.425364689472964
          ],
          [
            126.81905101355554,
            36.42528793575689
          ],
          [
            126.81900379248556,
            36.424789036602405
          ],
          [
            126.81909823462551,
            36.42455877545419
          ],
          [
            126.8192871189054,
            36.424405268022035
          ]
        ]
      }
    },
    {
      "type": "Feature",
      "properties": {
        "proposal_id": "ink-line-377",
        "tile_id": "174-cheongyang-labels",
        "sheet_id": "174-cheongyang",
        "split": "development",
        "proposal_kind": "visible_linework_review_only",
        "backend": "archaeotrace_ink_v2_centerline",
        "upstream_commit": "7960acddb4e82855e2088fdfdd2244799b63775c",
        "pixel_length": 23.556,
        "point_count": 5,
        "confidence": 1.0,
        "review_status": "unreviewed"
      },
      "geometry": {
        "type": "LineString",
        "coordinates": [
          [
            126.81914545569548,
            36.428051069535556
          ],
          [
            126.8189565714156,
            36.428281330683774
          ],
          [
            126.8189565714156,
            36.42839646125789
          ],
          [
            126.81900379248556,
            36.428511591832
          ],
          [
            126.8192871189054,
            36.42878022983826
          ]
        ]
      }
    },
    {
      "type": "Feature",
      "properties": {
        "proposal_id": "ink-line-378",
        "tile_id": "174-cheongyang-labels",
        "sheet_id": "174-cheongyang",
        "split": "development",
        "proposal_kind": "visible_linework_review_only",
        "backend": "archaeotrace_ink_v2_centerline",
        "upstream_commit": "7960acddb4e82855e2088fdfdd2244799b63775c",
        "pixel_length": 25.243,
        "point_count": 2,
        "confidence": 1.0,
        "review_status": "unreviewed"
      },
      "geometry": {
        "type": "LineString",
        "coordinates": [
          [
            126.8192871189054,
            36.439564126946664
          ],
          [
            126.81933433997537,
            36.43864308235377
          ]
        ]
      }
    },
    {
      "type": "Feature",
      "properties": {
        "proposal_id": "ink-line-379",
        "tile_id": "174-cheongyang-labels",
        "sheet_id": "174-cheongyang",
        "split": "development",
        "proposal_kind": "visible_linework_review_only",
        "backend": "archaeotrace_ink_v2_centerline",
        "upstream_commit": "7960acddb4e82855e2088fdfdd2244799b63775c",
        "pixel_length": 33.243,
        "point_count": 5,
        "confidence": 1.0,
        "review_status": "unreviewed"
      },
      "geometry": {
        "type": "LineString",
        "coordinates": [
          [
            126.81947600318529,
            36.43311681479644
          ],
          [
            126.81990099281502,
            36.43315519165448
          ],
          [
            126.819948213885,
            36.43311681479644
          ],
          [
            126.8209398563544,
            36.43311681479644
          ],
          [
            126.82098707742436,
            36.433078437938406
          ]
        ]
      }
    },
    {
      "type": "Feature",
      "properties": {
        "proposal_id": "ink-line-380",
        "tile_id": "174-cheongyang-labels",
        "sheet_id": "174-cheongyang",
        "split": "development",
        "proposal_kind": "visible_linework_review_only",
        "backend": "archaeotrace_ink_v2_centerline",
        "upstream_commit": "7960acddb4e82855e2088fdfdd2244799b63775c",
        "pixel_length": 22.657,
        "point_count": 5,
        "confidence": 1.0,
        "review_status": "unreviewed"
      },
      "geometry": {
        "type": "LineString",
        "coordinates": [
          [
            126.81952322425525,
            36.42567170433726
          ],
          [
            126.81957044532523,
            36.42563332747922
          ],
          [
            126.81957044532523,
            36.42532631261493
          ],
          [
            126.81947600318529,
            36.42513442832474
          ],
          [
            126.81952322425525,
            36.424865790318485
          ]
        ]
      }
    },
    {
      "type": "Feature",
      "properties": {
        "proposal_id": "ink-line-381",
        "tile_id": "174-cheongyang-labels",
        "sheet_id": "174-cheongyang",
        "split": "development",
        "proposal_kind": "visible_linework_review_only",
        "backend": "archaeotrace_ink_v2_centerline",
        "upstream_commit": "7960acddb4e82855e2088fdfdd2244799b63775c",
        "pixel_length": 30.071,
        "point_count": 6,
        "confidence": 1.0,
        "review_status": "unreviewed"
      },
      "geometry": {
        "type": "LineString",
        "coordinates": [
          [
            126.81957044532523,
            36.42678463322033
          ],
          [
            126.819948213885,
            36.42686138693641
          ],
          [
            126.82004265602494,
            36.42682301007837
          ],
          [
            126.82046764565467,
            36.42682301007837
          ],
          [
            126.82051486672465,
            36.42678463322033
          ],
          [
            126.82089263528442,
            36.42682301007837
          ]
        ]
      }
    },
    {
      "type": "Feature",
      "properties": {
        "proposal_id": "ink-line-382",
        "tile_id": "174-cheongyang-labels",
        "sheet_id": "174-cheongyang",
        "split": "development",
        "proposal_kind": "visible_linework_review_only",
        "backend": "archaeotrace_ink_v2_centerline",
        "upstream_commit": "7960acddb4e82855e2088fdfdd2244799b63775c",
        "pixel_length": 40.556,
        "point_count": 9,
        "confidence": 1.0,
        "review_status": "unreviewed"
      },
      "geometry": {
        "type": "LineString",
        "coordinates": [
          [
            126.81971210853514,
            36.42659274893015
          ],
          [
            126.82004265602494,
            36.426631125788184
          ],
          [
            126.8202787613748,
            36.42655437207211
          ],
          [
            126.82051486672465,
            36.42655437207211
          ],
          [
            126.82070375100454,
            36.42647761835604
          ],
          [
            126.82089263528442,
            36.42647761835604
          ],
          [
            126.8209398563544,
            36.426515995214075
          ],
          [
            126.82117596170426,
            36.426515995214075
          ],
          [
            126.82141206705411,
            36.42670787950426
          ]
        ]
      }
    },
    {
      "type": "Feature",
      "properties": {
        "proposal_id": "ink-line-383",
        "tile_id": "174-cheongyang-labels",
        "sheet_id": "174-cheongyang",
        "split": "development",
        "proposal_kind": "visible_linework_review_only",
        "backend": "archaeotrace_ink_v2_centerline",
        "upstream_commit": "7960acddb4e82855e2088fdfdd2244799b63775c",
        "pixel_length": 34.657,
        "point_count": 6,
        "confidence": 1.0,
        "review_status": "unreviewed"
      },
      "geometry": {
        "type": "LineString",
        "coordinates": [
          [
            126.81980655067508,
            36.42617060349174
          ],
          [
            126.819948213885,
            36.42620898034978
          ],
          [
            126.82065652993457,
            36.42620898034978
          ],
          [
            126.82070375100454,
            36.426247357207814
          ],
          [
            126.82103429849434,
            36.426247357207814
          ],
          [
            126.82136484598414,
            36.426324110923886
          ]
        ]
      }
    },
    {
      "type": "Feature",
      "properties": {
        "proposal_id": "ink-line-384",
        "tile_id": "174-cheongyang-labels",
        "sheet_id": "174-cheongyang",
        "split": "development",
        "proposal_kind": "visible_linework_review_only",
        "backend": "archaeotrace_ink_v2_centerline",
        "upstream_commit": "7960acddb4e82855e2088fdfdd2244799b63775c",
        "pixel_length": 24.243,
        "point_count": 4,
        "confidence": 1.0,
        "review_status": "unreviewed"
      },
      "geometry": {
        "type": "LineString",
        "coordinates": [
          [
            126.82004265602494,
            36.42770567781322
          ],
          [
            126.82018431923485,
            36.42770567781322
          ],
          [
            126.82037320351473,
            36.42762892409715
          ],
          [
            126.82112874063428,
            36.42759054723911
          ]
        ]
      }
    },
    {
      "type": "Feature",
      "properties": {
        "proposal_id": "ink-line-385",
        "tile_id": "174-cheongyang-labels",
        "sheet_id": "174-cheongyang",
        "split": "development",
        "proposal_kind": "visible_linework_review_only",
        "backend": "archaeotrace_ink_v2_centerline",
        "upstream_commit": "7960acddb4e82855e2088fdfdd2244799b63775c",
        "pixel_length": 24.243,
        "point_count": 4,
        "confidence": 1.0,
        "review_status": "unreviewed"
      },
      "geometry": {
        "type": "LineString",
        "coordinates": [
          [
            126.82013709816488,
            36.433845975099146
          ],
          [
            126.82060930886459,
            36.433845975099146
          ],
          [
            126.82079819314448,
            36.43392272881522
          ],
          [
            126.82122318277422,
            36.43388435195718
          ]
        ]
      }
    },
    {
      "type": "Feature",
      "properties": {
        "proposal_id": "ink-line-386",
        "tile_id": "174-cheongyang-labels",
        "sheet_id": "174-cheongyang",
        "split": "development",
        "proposal_kind": "visible_linework_review_only",
        "backend": "archaeotrace_ink_v2_centerline",
        "upstream_commit": "7960acddb4e82855e2088fdfdd2244799b63775c",
        "pixel_length": 18.657,
        "point_count": 3,
        "confidence": 1.0,
        "review_status": "unreviewed"
      },
      "geometry": {
        "type": "LineString",
        "coordinates": [
          [
            126.82013709816488,
            36.430967710746366
          ],
          [
            126.82042042458471,
            36.431044464462445
          ],
          [
            126.8209398563544,
            36.430967710746366
          ]
        ]
      }
    },
    {
      "type": "Feature",
      "properties": {
        "proposal_id": "ink-line-387",
        "tile_id": "174-cheongyang-labels",
        "sheet_id": "174-cheongyang",
        "split": "development",
        "proposal_kind": "visible_linework_review_only",
        "backend": "archaeotrace_ink_v2_centerline",
        "upstream_commit": "7960acddb4e82855e2088fdfdd2244799b63775c",
        "pixel_length": 19.728,
        "point_count": 5,
        "confidence": 1.0,
        "review_status": "unreviewed"
      },
      "geometry": {
        "type": "LineString",
        "coordinates": [
          [
            126.82042042458471,
            36.442634275589626
          ],
          [
            126.82032598244477,
            36.44267265244766
          ],
          [
            126.82032598244477,
            36.44278778302177
          ],
          [
            126.82060930886459,
            36.443018044169996
          ],
          [
            126.82084541421445,
            36.44309479788607
          ]
        ]
      }
    },
    {
      "type": "Feature",
      "properties": {
        "proposal_id": "ink-line-388",
        "tile_id": "174-cheongyang-labels",
        "sheet_id": "174-cheongyang",
        "split": "development",
        "proposal_kind": "visible_linework_review_only",
        "backend": "archaeotrace_ink_v2_centerline",
        "upstream_commit": "7960acddb4e82855e2088fdfdd2244799b63775c",
        "pixel_length": 18.071,
        "point_count": 4,
        "confidence": 1.0,
        "review_status": "unreviewed"
      },
      "geometry": {
        "type": "LineString",
        "coordinates": [
          [
            126.82070375100454,
            36.45253550496317
          ],
          [
            126.82084541421445,
            36.452305243814955
          ],
          [
            126.82084541421445,
            36.452113359524766
          ],
          [
            126.8209398563544,
            36.451921475234585
          ]
        ]
      }
    },
    {
      "type": "Feature",
      "properties": {
        "proposal_id": "ink-line-389",
        "tile_id": "174-cheongyang-labels",
        "sheet_id": "174-cheongyang",
        "split": "development",
        "proposal_kind": "visible_linework_review_only",
        "backend": "archaeotrace_ink_v2_centerline",
        "upstream_commit": "7960acddb4e82855e2088fdfdd2244799b63775c",
        "pixel_length": 20.556,
        "point_count": 4,
        "confidence": 1.0,
        "review_status": "unreviewed"
      },
      "geometry": {
        "type": "LineString",
        "coordinates": [
          [
            126.8207509720745,
            36.43749177661266
          ],
          [
            126.82089263528442,
            36.437606907186776
          ],
          [
            126.8212704038442,
            36.43776041461892
          ],
          [
            126.82150650919405,
            36.43791392205107
          ]
        ]
      }
    },
    {
      "type": "Feature",
      "properties": {
        "proposal_id": "ink-line-390",
        "tile_id": "174-cheongyang-labels",
        "sheet_id": "174-cheongyang",
        "split": "development",
        "proposal_kind": "visible_linework_review_only",
        "backend": "archaeotrace_ink_v2_centerline",
        "upstream_commit": "7960acddb4e82855e2088fdfdd2244799b63775c",
        "pixel_length": 21.314,
        "point_count": 3,
        "confidence": 1.0,
        "review_status": "unreviewed"
      },
      "geometry": {
        "type": "LineString",
        "coordinates": [
          [
            126.8207509720745,
            36.42858834554807
          ],
          [
            126.82131762491417,
            36.428281330683774
          ],
          [
            126.82160095133399,
            36.428281330683774
          ]
        ]
      }
    },
    {
      "type": "Feature",
      "properties": {
        "proposal_id": "ink-line-391",
        "tile_id": "174-cheongyang-labels",
        "sheet_id": "174-cheongyang",
        "split": "development",
        "proposal_kind": "visible_linework_review_only",
        "backend": "archaeotrace_ink_v2_centerline",
        "upstream_commit": "7960acddb4e82855e2088fdfdd2244799b63775c",
        "pixel_length": 23.728,
        "point_count": 5,
        "confidence": 1.0,
        "review_status": "unreviewed"
      },
      "geometry": {
        "type": "LineString",
        "coordinates": [
          [
            126.82079819314448,
            36.44113757812618
          ],
          [
            126.8209398563544,
            36.441022447552065
          ],
          [
            126.82108151956432,
            36.44067705582974
          ],
          [
            126.82103429849434,
            36.44048517153955
          ],
          [
            126.8209398563544,
            36.44037004096544
          ]
        ]
      }
    },
    {
      "type": "Feature",
      "properties": {
        "proposal_id": "ink-line-392",
        "tile_id": "174-cheongyang-labels",
        "sheet_id": "174-cheongyang",
        "split": "development",
        "proposal_kind": "visible_linework_review_only",
        "backend": "archaeotrace_ink_v2_centerline",
        "upstream_commit": "7960acddb4e82855e2088fdfdd2244799b63775c",
        "pixel_length": 25.657,
        "point_count": 5,
        "confidence": 1.0,
        "review_status": "unreviewed"
      },
      "geometry": {
        "type": "LineString",
        "coordinates": [
          [
            126.82089263528442,
            36.44961886375236
          ],
          [
            126.82150650919405,
            36.4496572406104
          ],
          [
            126.82169539347395,
            36.44973399432647
          ],
          [
            126.82197871989376,
            36.44973399432647
          ],
          [
            126.82202594096374,
            36.44977237118451
          ]
        ]
      }
    },
    {
      "type": "Feature",
      "properties": {
        "proposal_id": "ink-line-393",
        "tile_id": "174-cheongyang-labels",
        "sheet_id": "174-cheongyang",
        "split": "development",
        "proposal_kind": "visible_linework_review_only",
        "backend": "archaeotrace_ink_v2_centerline",
        "upstream_commit": "7960acddb4e82855e2088fdfdd2244799b63775c",
        "pixel_length": 31.314,
        "point_count": 4,
        "confidence": 1.0,
        "review_status": "unreviewed"
      },
      "geometry": {
        "type": "LineString",
        "coordinates": [
          [
            126.8209398563544,
            36.45499162387755
          ],
          [
            126.82108151956432,
            36.4552602618838
          ],
          [
            126.82108151956432,
            36.455490523032026
          ],
          [
            126.82131762491417,
            36.45606617590258
          ]
        ]
      }
    },
    {
      "type": "Feature",
      "properties": {
        "proposal_id": "ink-line-394",
        "tile_id": "174-cheongyang-labels",
        "sheet_id": "174-cheongyang",
        "split": "development",
        "proposal_kind": "visible_linework_review_only",
        "backend": "archaeotrace_ink_v2_centerline",
        "upstream_commit": "7960acddb4e82855e2088fdfdd2244799b63775c",
        "pixel_length": 39.899,
        "point_count": 6,
        "confidence": 1.0,
        "review_status": "unreviewed"
      },
      "geometry": {
        "type": "LineString",
        "coordinates": [
          [
            126.82122318277422,
            36.43288655364822
          ],
          [
            126.82136484598414,
            36.4326562925
          ],
          [
            126.82136484598414,
            36.43208063962944
          ],
          [
            126.82131762491417,
            36.432042262771404
          ],
          [
            126.82136484598414,
            36.431620117333
          ],
          [
            126.8212704038442,
            36.43146660990085
          ]
        ]
      }
    },
    {
      "type": "Feature",
      "properties": {
        "proposal_id": "ink-line-395",
        "tile_id": "174-cheongyang-labels",
        "sheet_id": "174-cheongyang",
        "split": "development",
        "proposal_kind": "visible_linework_review_only",
        "backend": "archaeotrace_ink_v2_centerline",
        "upstream_commit": "7960acddb4e82855e2088fdfdd2244799b63775c",
        "pixel_length": 25.071,
        "point_count": 3,
        "confidence": 1.0,
        "review_status": "unreviewed"
      },
      "geometry": {
        "type": "LineString",
        "coordinates": [
          [
            126.82136484598414,
            36.45391707185251
          ],
          [
            126.82145928812407,
            36.45330304212391
          ],
          [
            126.82160095133399,
            36.45303440411766
          ]
        ]
      }
    },
    {
      "type": "Feature",
      "properties": {
        "proposal_id": "ink-line-396",
        "tile_id": "174-cheongyang-labels",
        "sheet_id": "174-cheongyang",
        "split": "development",
        "proposal_kind": "visible_linework_review_only",
        "backend": "archaeotrace_ink_v2_centerline",
        "upstream_commit": "7960acddb4e82855e2088fdfdd2244799b63775c",
        "pixel_length": 21.485,
        "point_count": 5,
        "confidence": 1.0,
        "review_status": "unreviewed"
      },
      "geometry": {
        "type": "LineString",
        "coordinates": [
          [
            126.82141206705411,
            36.451537706654214
          ],
          [
            126.82178983561388,
            36.45146095293814
          ],
          [
            126.82183705668385,
            36.45149932979618
          ],
          [
            126.82221482524362,
            36.451537706654214
          ],
          [
            126.82230926738357,
            36.45161446037029
          ]
        ]
      }
    },
    {
      "type": "Feature",
      "properties": {
        "proposal_id": "ink-line-397",
        "tile_id": "174-cheongyang-labels",
        "sheet_id": "174-cheongyang",
        "split": "development",
        "proposal_kind": "visible_linework_review_only",
        "backend": "archaeotrace_ink_v2_centerline",
        "upstream_commit": "7960acddb4e82855e2088fdfdd2244799b63775c",
        "pixel_length": 20.728,
        "point_count": 4,
        "confidence": 1.0,
        "review_status": "unreviewed"
      },
      "geometry": {
        "type": "LineString",
        "coordinates": [
          [
            126.82160095133399,
            36.42164213424337
          ],
          [
            126.82183705668385,
            36.42164213424337
          ],
          [
            126.82188427775382,
            36.42168051110141
          ],
          [
            126.82240370952351,
            36.42137349623711
          ]
        ]
      }
    },
    {
      "type": "Feature",
      "properties": {
        "proposal_id": "ink-line-398",
        "tile_id": "174-cheongyang-labels",
        "sheet_id": "174-cheongyang",
        "split": "development",
        "proposal_kind": "visible_linework_review_only",
        "backend": "archaeotrace_ink_v2_centerline",
        "upstream_commit": "7960acddb4e82855e2088fdfdd2244799b63775c",
        "pixel_length": 28.657,
        "point_count": 6,
        "confidence": 1.0,
        "review_status": "unreviewed"
      },
      "geometry": {
        "type": "LineString",
        "coordinates": [
          [
            126.82174261454391,
            36.42762892409715
          ],
          [
            126.82169539347395,
            36.42755217038107
          ],
          [
            126.82174261454391,
            36.42709164808463
          ],
          [
            126.82178983561388,
            36.42705327122659
          ],
          [
            126.82178983561388,
            36.426631125788184
          ],
          [
            126.82174261454391,
            36.42659274893015
          ]
        ]
      }
    },
    {
      "type": "Feature",
      "properties": {
        "proposal_id": "ink-line-399",
        "tile_id": "174-cheongyang-labels",
        "sheet_id": "174-cheongyang",
        "split": "development",
        "proposal_kind": "visible_linework_review_only",
        "backend": "archaeotrace_ink_v2_centerline",
        "upstream_commit": "7960acddb4e82855e2088fdfdd2244799b63775c",
        "pixel_length": 20.657,
        "point_count": 5,
        "confidence": 1.0,
        "review_status": "unreviewed"
      },
      "geometry": {
        "type": "LineString",
        "coordinates": [
          [
            126.82183705668385,
            36.45023289348095
          ],
          [
            126.82207316203372,
            36.45015613976488
          ],
          [
            126.82240370952351,
            36.45015613976488
          ],
          [
            126.82245093059348,
            36.45011776290684
          ],
          [
            126.82273425701331,
            36.45015613976488
          ]
        ]
      }
    },
    {
      "type": "Feature",
      "properties": {
        "proposal_id": "ink-line-400",
        "tile_id": "174-cheongyang-labels",
        "sheet_id": "174-cheongyang",
        "split": "development",
        "proposal_kind": "visible_linework_review_only",
        "backend": "archaeotrace_ink_v2_centerline",
        "upstream_commit": "7960acddb4e82855e2088fdfdd2244799b63775c",
        "pixel_length": 37.142,
        "point_count": 6,
        "confidence": 1.0,
        "review_status": "unreviewed"
      },
      "geometry": {
        "type": "LineString",
        "coordinates": [
          [
            126.82188427775382,
            36.45314953469177
          ],
          [
            126.82178983561388,
            36.45326466526588
          ],
          [
            126.82178983561388,
            36.453456549556066
          ],
          [
            126.82174261454391,
            36.4534949264141
          ],
          [
            126.82174261454391,
            36.454070579284654
          ],
          [
            126.82207316203372,
            36.45441597100699
          ]
        ]
      }
    },
    {
      "type": "Feature",
      "properties": {
        "proposal_id": "ink-line-401",
        "tile_id": "174-cheongyang-labels",
        "sheet_id": "174-cheongyang",
        "split": "development",
        "proposal_kind": "visible_linework_review_only",
        "backend": "archaeotrace_ink_v2_centerline",
        "upstream_commit": "7960acddb4e82855e2088fdfdd2244799b63775c",
        "pixel_length": 28.971,
        "point_count": 3,
        "confidence": 1.0,
        "review_status": "unreviewed"
      },
      "geometry": {
        "type": "LineString",
        "coordinates": [
          [
            126.82207316203372,
            36.44958048689433
          ],
          [
            126.82259259380339,
            36.44927347203003
          ],
          [
            126.82320646771302,
            36.44911996459788
          ]
        ]
      }
    },
    {
      "type": "Feature",
      "properties": {
        "proposal_id": "ink-line-402",
        "tile_id": "174-cheongyang-labels",
        "sheet_id": "174-cheongyang",
        "split": "development",
        "proposal_kind": "visible_linework_review_only",
        "backend": "archaeotrace_ink_v2_centerline",
        "upstream_commit": "7960acddb4e82855e2088fdfdd2244799b63775c",
        "pixel_length": 20.071,
        "point_count": 4,
        "confidence": 1.0,
        "review_status": "unreviewed"
      },
      "geometry": {
        "type": "LineString",
        "coordinates": [
          [
            126.82212038310368,
            36.45337979583999
          ],
          [
            126.82202594096374,
            36.45353330327214
          ],
          [
            126.82202594096374,
            36.45387869499447
          ],
          [
            126.82216760417366,
            36.454070579284654
          ]
        ]
      }
    },
    {
      "type": "Feature",
      "properties": {
        "proposal_id": "ink-line-403",
        "tile_id": "174-cheongyang-labels",
        "sheet_id": "174-cheongyang",
        "split": "development",
        "proposal_kind": "visible_linework_review_only",
        "backend": "archaeotrace_ink_v2_centerline",
        "upstream_commit": "7960acddb4e82855e2088fdfdd2244799b63775c",
        "pixel_length": 20.071,
        "point_count": 4,
        "confidence": 1.0,
        "review_status": "unreviewed"
      },
      "geometry": {
        "type": "LineString",
        "coordinates": [
          [
            126.82216760417366,
            36.44984912490058
          ],
          [
            126.82254537273343,
            36.44988750175862
          ],
          [
            126.82278147808329,
            36.45000263233273
          ],
          [
            126.82301758343314,
            36.45004100919077
          ]
        ]
      }
    },
    {
      "type": "Feature",
      "properties": {
        "proposal_id": "ink-line-404",
        "tile_id": "174-cheongyang-labels",
        "sheet_id": "174-cheongyang",
        "split": "development",
        "proposal_kind": "visible_linework_review_only",
        "backend": "archaeotrace_ink_v2_centerline",
        "upstream_commit": "7960acddb4e82855e2088fdfdd2244799b63775c",
        "pixel_length": 61.556,
        "point_count": 8,
        "confidence": 1.0,
        "review_status": "unreviewed"
      },
      "geometry": {
        "type": "LineString",
        "coordinates": [
          [
            126.82235648845354,
            36.43507403455633
          ],
          [
            126.82254537273343,
            36.43488215026615
          ],
          [
            126.82249815166345,
            36.43388435195718
          ],
          [
            126.82273425701331,
            36.43373084452504
          ],
          [
            126.82297036236317,
            36.43373084452504
          ],
          [
            126.82301758343314,
            36.43376922138307
          ],
          [
            126.82367867841275,
            36.43376922138307
          ],
          [
            126.82372589948271,
            36.43373084452504
          ]
        ]
      }
    },
    {
      "type": "Feature",
      "properties": {
        "proposal_id": "ink-line-405",
        "tile_id": "174-cheongyang-labels",
        "sheet_id": "174-cheongyang",
        "split": "development",
        "proposal_kind": "visible_linework_review_only",
        "backend": "archaeotrace_ink_v2_centerline",
        "upstream_commit": "7960acddb4e82855e2088fdfdd2244799b63775c",
        "pixel_length": 37.971,
        "point_count": 7,
        "confidence": 1.0,
        "review_status": "unreviewed"
      },
      "geometry": {
        "type": "LineString",
        "coordinates": [
          [
            126.82245093059348,
            36.43706963117425
          ],
          [
            126.82249815166345,
            36.43687774688407
          ],
          [
            126.82240370952351,
            36.43664748573585
          ],
          [
            126.82245093059348,
            36.43660910887781
          ],
          [
            126.82240370952351,
            36.43641722458762
          ],
          [
            126.82249815166345,
            36.43634047087155
          ],
          [
            126.82315924664306,
            36.43653235516174
          ]
        ]
      }
    },
    {
      "type": "Feature",
      "properties": {
        "proposal_id": "ink-line-406",
        "tile_id": "174-cheongyang-labels",
        "sheet_id": "174-cheongyang",
        "split": "development",
        "proposal_kind": "visible_linework_review_only",
        "backend": "archaeotrace_ink_v2_centerline",
        "upstream_commit": "7960acddb4e82855e2088fdfdd2244799b63775c",
        "pixel_length": 26.142,
        "point_count": 4,
        "confidence": 1.0,
        "review_status": "unreviewed"
      },
      "geometry": {
        "type": "LineString",
        "coordinates": [
          [
            126.82245093059348,
            36.42179564167552
          ],
          [
            126.82278147808329,
            36.4215653805273
          ],
          [
            126.8230648045031,
            36.42145024995319
          ],
          [
            126.82348979413285,
            36.42141187309515
          ]
        ]
      }
    },
    {
      "type": "Feature",
      "properties": {
        "proposal_id": "ink-line-407",
        "tile_id": "174-cheongyang-labels",
        "sheet_id": "174-cheongyang",
        "split": "development",
        "proposal_kind": "visible_linework_review_only",
        "backend": "archaeotrace_ink_v2_centerline",
        "upstream_commit": "7960acddb4e82855e2088fdfdd2244799b63775c",
        "pixel_length": 22.899,
        "point_count": 4,
        "confidence": 1.0,
        "review_status": "unreviewed"
      },
      "geometry": {
        "type": "LineString",
        "coordinates": [
          [
            126.82249815166345,
            36.43050718844992
          ],
          [
            126.82273425701331,
            36.43035368101778
          ],
          [
            126.82273425701331,
            36.430200173585625
          ],
          [
            126.82287592022323,
            36.42977802814722
          ]
        ]
      }
    },
    {
      "type": "Feature",
      "properties": {
        "proposal_id": "ink-line-408",
        "tile_id": "174-cheongyang-labels",
        "sheet_id": "174-cheongyang",
        "split": "development",
        "proposal_kind": "visible_linework_review_only",
        "backend": "archaeotrace_ink_v2_centerline",
        "upstream_commit": "7960acddb4e82855e2088fdfdd2244799b63775c",
        "pixel_length": 21.728,
        "point_count": 4,
        "confidence": 1.0,
        "review_status": "unreviewed"
      },
      "geometry": {
        "type": "LineString",
        "coordinates": [
          [
            126.82287592022323,
            36.4534949264141
          ],
          [
            126.823253688783,
            36.45341817269803
          ],
          [
            126.82348979413285,
            36.45330304212391
          ],
          [
            126.82367867841275,
            36.45311115783373
          ]
        ]
      }
    },
    {
      "type": "Feature",
      "properties": {
        "proposal_id": "ink-line-409",
        "tile_id": "174-cheongyang-labels",
        "sheet_id": "174-cheongyang",
        "split": "development",
        "proposal_kind": "visible_linework_review_only",
        "backend": "archaeotrace_ink_v2_centerline",
        "upstream_commit": "7960acddb4e82855e2088fdfdd2244799b63775c",
        "pixel_length": 34.556,
        "point_count": 7,
        "confidence": 1.0,
        "review_status": "unreviewed"
      },
      "geometry": {
        "type": "LineString",
        "coordinates": [
          [
            126.82287592022323,
            36.4282045769677
          ],
          [
            126.82282869915325,
            36.42808944639359
          ],
          [
            126.82287592022323,
            36.42785918524537
          ],
          [
            126.82301758343314,
            36.42774405467126
          ],
          [
            126.823253688783,
            36.427667300955186
          ],
          [
            126.82363145734277,
            36.42762892409715
          ],
          [
            126.82386756269263,
            36.42751379352303
          ]
        ]
      }
    },
    {
      "type": "Feature",
      "properties": {
        "proposal_id": "ink-line-410",
        "tile_id": "174-cheongyang-labels",
        "sheet_id": "174-cheongyang",
        "split": "development",
        "proposal_kind": "visible_linework_review_only",
        "backend": "archaeotrace_ink_v2_centerline",
        "upstream_commit": "7960acddb4e82855e2088fdfdd2244799b63775c",
        "pixel_length": 51.042,
        "point_count": 11,
        "confidence": 1.0,
        "review_status": "unreviewed"
      },
      "geometry": {
        "type": "LineString",
        "coordinates": [
          [
            126.82339535199291,
            36.432809799932144
          ],
          [
            126.82334813092294,
            36.43277142307411
          ],
          [
            126.82334813092294,
            36.43261791564196
          ],
          [
            126.82344257306288,
            36.43254116192588
          ],
          [
            126.82382034162265,
            36.43254116192588
          ],
          [
            126.82386756269263,
            36.43250278506785
          ],
          [
            126.8242453312524,
            36.43246440820981
          ],
          [
            126.82452865767223,
            36.432310900777665
          ],
          [
            126.8245758787422,
            36.432119016487476
          ],
          [
            126.82448143660226,
            36.43196550905533
          ],
          [
            126.8242453312524,
            36.43177362476514
          ]
        ]
      }
    },
    {
      "type": "Feature",
      "properties": {
        "proposal_id": "ink-line-411",
        "tile_id": "174-cheongyang-labels",
        "sheet_id": "174-cheongyang",
        "split": "development",
        "proposal_kind": "visible_linework_review_only",
        "backend": "archaeotrace_ink_v2_centerline",
        "upstream_commit": "7960acddb4e82855e2088fdfdd2244799b63775c",
        "pixel_length": 20.828,
        "point_count": 4,
        "confidence": 1.0,
        "review_status": "unreviewed"
      },
      "geometry": {
        "type": "LineString",
        "coordinates": [
          [
            126.82344257306288,
            36.45813852623658
          ],
          [
            126.82363145734277,
            36.45813852623658
          ],
          [
            126.82372589948271,
            36.458215279952654
          ],
          [
            126.82372589948271,
            36.45875255596517
          ]
        ]
      }
    },
    {
      "type": "Feature",
      "properties": {
        "proposal_id": "ink-line-412",
        "tile_id": "174-cheongyang-labels",
        "sheet_id": "174-cheongyang",
        "split": "development",
        "proposal_kind": "visible_linework_review_only",
        "backend": "archaeotrace_ink_v2_centerline",
        "upstream_commit": "7960acddb4e82855e2088fdfdd2244799b63775c",
        "pixel_length": 24.071,
        "point_count": 5,
        "confidence": 1.0,
        "review_status": "unreviewed"
      },
      "geometry": {
        "type": "LineString",
        "coordinates": [
          [
            126.82348979413285,
            36.43054556530796
          ],
          [
            126.8235842362728,
            36.43035368101778
          ],
          [
            126.82353701520283,
            36.43023855044366
          ],
          [
            126.82353701520283,
            36.42977802814722
          ],
          [
            126.82363145734277,
            36.429701274431146
          ]
        ]
      }
    },
    {
      "type": "Feature",
      "properties": {
        "proposal_id": "ink-line-413",
        "tile_id": "174-cheongyang-labels",
        "sheet_id": "174-cheongyang",
        "split": "development",
        "proposal_kind": "visible_linework_review_only",
        "backend": "archaeotrace_ink_v2_centerline",
        "upstream_commit": "7960acddb4e82855e2088fdfdd2244799b63775c",
        "pixel_length": 29.485,
        "point_count": 6,
        "confidence": 1.0,
        "review_status": "unreviewed"
      },
      "geometry": {
        "type": "LineString",
        "coordinates": [
          [
            126.82353701520283,
            36.448275673721064
          ],
          [
            126.82353701520283,
            36.44808378943088
          ],
          [
            126.82348979413285,
            36.448045412572846
          ],
          [
            126.8235842362728,
            36.44785352828266
          ],
          [
            126.82353701520283,
            36.44746975970229
          ],
          [
            126.82363145734277,
            36.44723949855407
          ]
        ]
      }
    },
    {
      "type": "Feature",
      "properties": {
        "proposal_id": "ink-line-414",
        "tile_id": "174-cheongyang-labels",
        "sheet_id": "174-cheongyang",
        "split": "development",
        "proposal_kind": "visible_linework_review_only",
        "backend": "archaeotrace_ink_v2_centerline",
        "upstream_commit": "7960acddb4e82855e2088fdfdd2244799b63775c",
        "pixel_length": 24.243,
        "point_count": 3,
        "confidence": 1.0,
        "review_status": "unreviewed"
      },
      "geometry": {
        "type": "LineString",
        "coordinates": [
          [
            126.8235842362728,
            36.4226015556943
          ],
          [
            126.82372589948271,
            36.42283181684252
          ],
          [
            126.82372589948271,
            36.42348422342915
          ]
        ]
      }
    },
    {
      "type": "Feature",
      "properties": {
        "proposal_id": "ink-line-415",
        "tile_id": "174-cheongyang-labels",
        "sheet_id": "174-cheongyang",
        "split": "development",
        "proposal_kind": "visible_linework_review_only",
        "backend": "archaeotrace_ink_v2_centerline",
        "upstream_commit": "7960acddb4e82855e2088fdfdd2244799b63775c",
        "pixel_length": 23.071,
        "point_count": 5,
        "confidence": 1.0,
        "review_status": "unreviewed"
      },
      "geometry": {
        "type": "LineString",
        "coordinates": [
          [
            126.82367867841275,
            36.42106648137282
          ],
          [
            126.82377312055269,
            36.421104858230855
          ],
          [
            126.82419811018242,
            36.42106648137282
          ],
          [
            126.82429255232238,
            36.420836220224594
          ],
          [
            126.8242453312524,
            36.42068271279245
          ]
        ]
      }
    },
    {
      "type": "Feature",
      "properties": {
        "proposal_id": "ink-line-416",
        "tile_id": "174-cheongyang-labels",
        "sheet_id": "174-cheongyang",
        "split": "development",
        "proposal_kind": "visible_linework_review_only",
        "backend": "archaeotrace_ink_v2_centerline",
        "upstream_commit": "7960acddb4e82855e2088fdfdd2244799b63775c",
        "pixel_length": 18.485,
        "point_count": 4,
        "confidence": 1.0,
        "review_status": "unreviewed"
      },
      "geometry": {
        "type": "LineString",
        "coordinates": [
          [
            126.82396200483257,
            36.4468557299737
          ],
          [
            126.82415088911246,
            36.44658709196744
          ],
          [
            126.82415088911246,
            36.446433584535285
          ],
          [
            126.8242453312524,
            36.4462417002451
          ]
        ]
      }
    },
    {
      "type": "Feature",
      "properties": {
        "proposal_id": "ink-line-417",
        "tile_id": "174-cheongyang-labels",
        "sheet_id": "174-cheongyang",
        "split": "development",
        "proposal_kind": "visible_linework_review_only",
        "backend": "archaeotrace_ink_v2_centerline",
        "upstream_commit": "7960acddb4e82855e2088fdfdd2244799b63775c",
        "pixel_length": 22.828,
        "point_count": 3,
        "confidence": 1.0,
        "review_status": "unreviewed"
      },
      "geometry": {
        "type": "LineString",
        "coordinates": [
          [
            126.82396200483257,
            36.422486425120184
          ],
          [
            126.8240564469725,
            36.42279343998448
          ],
          [
            126.8240564469725,
            36.423330715997004
          ]
        ]
      }
    },
    {
      "type": "Feature",
      "properties": {
        "proposal_id": "ink-line-418",
        "tile_id": "174-cheongyang-labels",
        "sheet_id": "174-cheongyang",
        "split": "development",
        "proposal_kind": "visible_linework_review_only",
        "backend": "archaeotrace_ink_v2_centerline",
        "upstream_commit": "7960acddb4e82855e2088fdfdd2244799b63775c",
        "pixel_length": 19.828,
        "point_count": 3,
        "confidence": 1.0,
        "review_status": "unreviewed"
      },
      "geometry": {
        "type": "LineString",
        "coordinates": [
          [
            126.82400922590254,
            36.42601709605959
          ],
          [
            126.8240564469725,
            36.42609384977567
          ],
          [
            126.82410366804248,
            36.42674625636229
          ]
        ]
      }
    },
    {
      "type": "Feature",
      "properties": {
        "proposal_id": "ink-line-419",
        "tile_id": "174-cheongyang-labels",
        "sheet_id": "174-cheongyang",
        "split": "development",
        "proposal_kind": "visible_linework_review_only",
        "backend": "archaeotrace_ink_v2_centerline",
        "upstream_commit": "7960acddb4e82855e2088fdfdd2244799b63775c",
        "pixel_length": 20.828,
        "point_count": 3,
        "confidence": 1.0,
        "review_status": "unreviewed"
      },
      "geometry": {
        "type": "LineString",
        "coordinates": [
          [
            126.8240564469725,
            36.45322628840784
          ],
          [
            126.82415088911246,
            36.453072780975695
          ],
          [
            126.82415088911246,
            36.4524587512471
          ]
        ]
      }
    },
    {
      "type": "Feature",
      "properties": {
        "proposal_id": "ink-line-420",
        "tile_id": "174-cheongyang-labels",
        "sheet_id": "174-cheongyang",
        "split": "development",
        "proposal_kind": "visible_linework_review_only",
        "backend": "archaeotrace_ink_v2_centerline",
        "upstream_commit": "7960acddb4e82855e2088fdfdd2244799b63775c",
        "pixel_length": 19.657,
        "point_count": 6,
        "confidence": 1.0,
        "review_status": "unreviewed"
      },
      "geometry": {
        "type": "LineString",
        "coordinates": [
          [
            126.8240564469725,
            36.42774405467126
          ],
          [
            126.82410366804248,
            36.42770567781322
          ],
          [
            126.82438699446232,
            36.42770567781322
          ],
          [
            126.82443421553228,
            36.42774405467126
          ],
          [
            126.82438699446232,
            36.42785918524537
          ],
          [
            126.82443421553228,
            36.42812782325163
          ]
        ]
      }
    },
    {
      "type": "Feature",
      "properties": {
        "proposal_id": "ink-line-421",
        "tile_id": "174-cheongyang-labels",
        "sheet_id": "174-cheongyang",
        "split": "development",
        "proposal_kind": "visible_linework_review_only",
        "backend": "archaeotrace_ink_v2_centerline",
        "upstream_commit": "7960acddb4e82855e2088fdfdd2244799b63775c",
        "pixel_length": 29.899,
        "point_count": 6,
        "confidence": 1.0,
        "review_status": "unreviewed"
      },
      "geometry": {
        "type": "LineString",
        "coordinates": [
          [
            126.82433977339234,
            36.43092933388833
          ],
          [
            126.82448143660226,
            36.43081420331422
          ],
          [
            126.8245758787422,
            36.430583942165995
          ],
          [
            126.8245758787422,
            36.43043043473385
          ],
          [
            126.82448143660226,
            36.430200173585625
          ],
          [
            126.82448143660226,
            36.429893158721335
          ]
        ]
      }
    },
    {
      "type": "Feature",
      "properties": {
        "proposal_id": "ink-line-422",
        "tile_id": "174-cheongyang-labels",
        "sheet_id": "174-cheongyang",
        "split": "development",
        "proposal_kind": "visible_linework_review_only",
        "backend": "archaeotrace_ink_v2_centerline",
        "upstream_commit": "7960acddb4e82855e2088fdfdd2244799b63775c",
        "pixel_length": 19.314,
        "point_count": 4,
        "confidence": 1.0,
        "review_status": "unreviewed"
      },
      "geometry": {
        "type": "LineString",
        "coordinates": [
          [
            126.82443421553228,
            36.42958614385704
          ],
          [
            126.82462309981217,
            36.429509390140964
          ],
          [
            126.824906426232,
            36.42927912899274
          ],
          [
            126.824906426232,
            36.429048867844514
          ]
        ]
      }
    },
    {
      "type": "Feature",
      "properties": {
        "proposal_id": "ink-line-423",
        "tile_id": "174-cheongyang-labels",
        "sheet_id": "174-cheongyang",
        "split": "development",
        "proposal_kind": "visible_linework_review_only",
        "backend": "archaeotrace_ink_v2_centerline",
        "upstream_commit": "7960acddb4e82855e2088fdfdd2244799b63775c",
        "pixel_length": 24.071,
        "point_count": 4,
        "confidence": 1.0,
        "review_status": "unreviewed"
      },
      "geometry": {
        "type": "LineString",
        "coordinates": [
          [
            126.82462309981217,
            36.429816405005255
          ],
          [
            126.82518975265182,
            36.429701274431146
          ],
          [
            126.8255675212116,
            36.429701274431146
          ],
          [
            126.82566196335154,
            36.42962452071507
          ]
        ]
      }
    },
    {
      "type": "Feature",
      "properties": {
        "proposal_id": "ink-line-424",
        "tile_id": "174-cheongyang-labels",
        "sheet_id": "174-cheongyang",
        "split": "development",
        "proposal_kind": "visible_linework_review_only",
        "backend": "archaeotrace_ink_v2_centerline",
        "upstream_commit": "7960acddb4e82855e2088fdfdd2244799b63775c",
        "pixel_length": 19.657,
        "point_count": 4,
        "confidence": 1.0,
        "review_status": "unreviewed"
      },
      "geometry": {
        "type": "LineString",
        "coordinates": [
          [
            126.82481198409205,
            36.44819892000499
          ],
          [
            126.82495364730197,
            36.448160543146955
          ],
          [
            126.82509531051188,
            36.44800703571481
          ],
          [
            126.82509531051188,
            36.447584890276396
          ]
        ]
      }
    },
    {
      "type": "Feature",
      "properties": {
        "proposal_id": "ink-line-425",
        "tile_id": "174-cheongyang-labels",
        "sheet_id": "174-cheongyang",
        "split": "development",
        "proposal_kind": "visible_linework_review_only",
        "backend": "archaeotrace_ink_v2_centerline",
        "upstream_commit": "7960acddb4e82855e2088fdfdd2244799b63775c",
        "pixel_length": 19.485,
        "point_count": 2,
        "confidence": 1.0,
        "review_status": "unreviewed"
      },
      "geometry": {
        "type": "LineString",
        "coordinates": [
          [
            126.82509531051188,
            36.43603345600725
          ],
          [
            126.82537863693172,
            36.43668586259388
          ]
        ]
      }
    },
    {
      "type": "Feature",
      "properties": {
        "proposal_id": "ink-line-426",
        "tile_id": "174-cheongyang-labels",
        "sheet_id": "174-cheongyang",
        "split": "development",
        "proposal_kind": "visible_linework_review_only",
        "backend": "archaeotrace_ink_v2_centerline",
        "upstream_commit": "7960acddb4e82855e2088fdfdd2244799b63775c",
        "pixel_length": 25.071,
        "point_count": 7,
        "confidence": 1.0,
        "review_status": "unreviewed"
      },
      "geometry": {
        "type": "LineString",
        "coordinates": [
          [
            126.82528419479178,
            36.43779879147696
          ],
          [
            126.82547307907166,
            36.43779879147696
          ],
          [
            126.82552030014163,
            36.43776041461892
          ],
          [
            126.82575640549149,
            36.43776041461892
          ],
          [
            126.82580362656145,
            36.43779879147696
          ],
          [
            126.82580362656145,
            36.43802905262518
          ],
          [
            126.82552030014163,
            36.43814418319929
          ]
        ]
      }
    },
    {
      "type": "Feature",
      "properties": {
        "proposal_id": "ink-line-427",
        "tile_id": "174-cheongyang-labels",
        "sheet_id": "174-cheongyang",
        "split": "development",
        "proposal_kind": "visible_linework_review_only",
        "backend": "archaeotrace_ink_v2_centerline",
        "upstream_commit": "7960acddb4e82855e2088fdfdd2244799b63775c",
        "pixel_length": 18.728,
        "point_count": 3,
        "confidence": 1.0,
        "review_status": "unreviewed"
      },
      "geometry": {
        "type": "LineString",
        "coordinates": [
          [
            126.82533141586174,
            36.435879948575106
          ],
          [
            126.8255675212116,
            36.43626371715548
          ],
          [
            126.82580362656145,
            36.43641722458762
          ]
        ]
      }
    },
    {
      "type": "Feature",
      "properties": {
        "proposal_id": "ink-line-428",
        "tile_id": "174-cheongyang-labels",
        "sheet_id": "174-cheongyang",
        "split": "development",
        "proposal_kind": "visible_linework_review_only",
        "backend": "archaeotrace_ink_v2_centerline",
        "upstream_commit": "7960acddb4e82855e2088fdfdd2244799b63775c",
        "pixel_length": 30.071,
        "point_count": 7,
        "confidence": 1.0,
        "review_status": "unreviewed"
      },
      "geometry": {
        "type": "LineString",
        "coordinates": [
          [
            126.82537863693172,
            36.45921307826162
          ],
          [
            126.82542585800168,
            36.45917470140358
          ],
          [
            126.82542585800168,
            36.458867686539286
          ],
          [
            126.82537863693172,
            36.45882930968125
          ],
          [
            126.82533141586174,
            36.4583687873848
          ],
          [
            126.82542585800168,
            36.45825365681069
          ],
          [
            126.82542585800168,
            36.45813852623658
          ]
        ]
      }
    },
    {
      "type": "Feature",
      "properties": {
        "proposal_id": "ink-line-429",
        "tile_id": "174-cheongyang-labels",
        "sheet_id": "174-cheongyang",
        "split": "development",
        "proposal_kind": "visible_linework_review_only",
        "backend": "archaeotrace_ink_v2_centerline",
        "upstream_commit": "7960acddb4e82855e2088fdfdd2244799b63775c",
        "pixel_length": 28.071,
        "point_count": 5,
        "confidence": 1.0,
        "review_status": "unreviewed"
      },
      "geometry": {
        "type": "LineString",
        "coordinates": [
          [
            126.82561474228157,
            36.444015842478954
          ],
          [
            126.82575640549149,
            36.44370882761466
          ],
          [
            126.82575640549149,
            36.443401812750366
          ],
          [
            126.82570918442151,
            36.44336343589233
          ],
          [
            126.82566196335154,
            36.443018044169996
          ]
        ]
      }
    },
    {
      "type": "Feature",
      "properties": {
        "proposal_id": "ink-line-430",
        "tile_id": "174-cheongyang-labels",
        "sheet_id": "174-cheongyang",
        "split": "development",
        "proposal_kind": "visible_linework_review_only",
        "backend": "archaeotrace_ink_v2_centerline",
        "upstream_commit": "7960acddb4e82855e2088fdfdd2244799b63775c",
        "pixel_length": 27.071,
        "point_count": 5,
        "confidence": 1.0,
        "review_status": "unreviewed"
      },
      "geometry": {
        "type": "LineString",
        "coordinates": [
          [
            126.82585084763143,
            36.426631125788184
          ],
          [
            126.8258980687014,
            36.42693814065248
          ],
          [
            126.82603973191131,
            36.427283532374815
          ],
          [
            126.82603973191131,
            36.42755217038107
          ],
          [
            126.82599251084135,
            36.42759054723911
          ]
        ]
      }
    },
    {
      "type": "Feature",
      "properties": {
        "proposal_id": "ink-line-431",
        "tile_id": "174-cheongyang-labels",
        "sheet_id": "174-cheongyang",
        "split": "development",
        "proposal_kind": "visible_linework_review_only",
        "backend": "archaeotrace_ink_v2_centerline",
        "upstream_commit": "7960acddb4e82855e2088fdfdd2244799b63775c",
        "pixel_length": 26.243,
        "point_count": 4,
        "confidence": 1.0,
        "review_status": "unreviewed"
      },
      "geometry": {
        "type": "LineString",
        "coordinates": [
          [
            126.82585084763143,
            36.423330715997004
          ],
          [
            126.8258980687014,
            36.423023701132706
          ],
          [
            126.82594528977137,
            36.42298532427467
          ],
          [
            126.82599251084135,
            36.422371294546075
          ]
        ]
      }
    },
    {
      "type": "Feature",
      "properties": {
        "proposal_id": "ink-line-432",
        "tile_id": "174-cheongyang-labels",
        "sheet_id": "174-cheongyang",
        "split": "development",
        "proposal_kind": "visible_linework_review_only",
        "backend": "archaeotrace_ink_v2_centerline",
        "upstream_commit": "7960acddb4e82855e2088fdfdd2244799b63775c",
        "pixel_length": 20.828,
        "point_count": 3,
        "confidence": 1.0,
        "review_status": "unreviewed"
      },
      "geometry": {
        "type": "LineString",
        "coordinates": [
          [
            126.82603973191131,
            36.453840318136436
          ],
          [
            126.82599251084135,
            36.45368681070428
          ],
          [
            126.82603973191131,
            36.453072780975695
          ]
        ]
      }
    },
    {
      "type": "Feature",
      "properties": {
        "proposal_id": "ink-line-433",
        "tile_id": "174-cheongyang-labels",
        "sheet_id": "174-cheongyang",
        "split": "development",
        "proposal_kind": "visible_linework_review_only",
        "backend": "archaeotrace_ink_v2_centerline",
        "upstream_commit": "7960acddb4e82855e2088fdfdd2244799b63775c",
        "pixel_length": 24.485,
        "point_count": 3,
        "confidence": 1.0,
        "review_status": "unreviewed"
      },
      "geometry": {
        "type": "LineString",
        "coordinates": [
          [
            126.8262286161912,
            36.43499728084026
          ],
          [
            126.82646472154106,
            36.435304295704555
          ],
          [
            126.82641750047108,
            36.43584157171707
          ]
        ]
      }
    },
    {
      "type": "Feature",
      "properties": {
        "proposal_id": "ink-line-434",
        "tile_id": "174-cheongyang-labels",
        "sheet_id": "174-cheongyang",
        "split": "development",
        "proposal_kind": "visible_linework_review_only",
        "backend": "archaeotrace_ink_v2_centerline",
        "upstream_commit": "7960acddb4e82855e2088fdfdd2244799b63775c",
        "pixel_length": 28.314,
        "point_count": 4,
        "confidence": 1.0,
        "review_status": "unreviewed"
      },
      "geometry": {
        "type": "LineString",
        "coordinates": [
          [
            126.8262286161912,
            36.42356097714522
          ],
          [
            126.82641750047108,
            36.423253962280924
          ],
          [
            126.82646472154106,
            36.42283181684252
          ],
          [
            126.82660638475097,
            36.4226015556943
          ]
        ]
      }
    },
    {
      "type": "Feature",
      "properties": {
        "proposal_id": "ink-line-435",
        "tile_id": "174-cheongyang-labels",
        "sheet_id": "174-cheongyang",
        "split": "development",
        "proposal_kind": "visible_linework_review_only",
        "backend": "archaeotrace_ink_v2_centerline",
        "upstream_commit": "7960acddb4e82855e2088fdfdd2244799b63775c",
        "pixel_length": 35.728,
        "point_count": 5,
        "confidence": 1.0,
        "review_status": "unreviewed"
      },
      "geometry": {
        "type": "LineString",
        "coordinates": [
          [
            126.82627583726118,
            36.42214103339785
          ],
          [
            126.82641750047108,
            36.42210265653981
          ],
          [
            126.82703137438071,
            36.42229454083
          ],
          [
            126.82750358508044,
            36.42229454083
          ],
          [
            126.82778691150025,
            36.42240967140411
          ]
        ]
      }
    },
    {
      "type": "Feature",
      "properties": {
        "proposal_id": "ink-line-436",
        "tile_id": "174-cheongyang-labels",
        "sheet_id": "174-cheongyang",
        "split": "development",
        "proposal_kind": "visible_linework_review_only",
        "backend": "archaeotrace_ink_v2_centerline",
        "upstream_commit": "7960acddb4e82855e2088fdfdd2244799b63775c",
        "pixel_length": 21.828,
        "point_count": 4,
        "confidence": 1.0,
        "review_status": "unreviewed"
      },
      "geometry": {
        "type": "LineString",
        "coordinates": [
          [
            126.826559163681,
            36.42521118204081
          ],
          [
            126.826559163681,
            36.424789036602405
          ],
          [
            126.82660638475097,
            36.42475065974437
          ],
          [
            126.826559163681,
            36.424405268022035
          ]
        ]
      }
    },
    {
      "type": "Feature",
      "properties": {
        "proposal_id": "ink-line-437",
        "tile_id": "174-cheongyang-labels",
        "sheet_id": "174-cheongyang",
        "split": "development",
        "proposal_kind": "visible_linework_review_only",
        "backend": "archaeotrace_ink_v2_centerline",
        "upstream_commit": "7960acddb4e82855e2088fdfdd2244799b63775c",
        "pixel_length": 18.243,
        "point_count": 6,
        "confidence": 1.0,
        "review_status": "unreviewed"
      },
      "geometry": {
        "type": "LineString",
        "coordinates": [
          [
            126.82660638475097,
            36.45372518756232
          ],
          [
            126.82665360582094,
            36.45368681070428
          ],
          [
            126.82665360582094,
            36.45341817269803
          ],
          [
            126.82670082689091,
            36.45337979583999
          ],
          [
            126.82670082689091,
            36.45314953469177
          ],
          [
            126.82660638475097,
            36.45311115783373
          ]
        ]
      }
    },
    {
      "type": "Feature",
      "properties": {
        "proposal_id": "ink-line-438",
        "tile_id": "174-cheongyang-labels",
        "sheet_id": "174-cheongyang",
        "split": "development",
        "proposal_kind": "visible_linework_review_only",
        "backend": "archaeotrace_ink_v2_centerline",
        "upstream_commit": "7960acddb4e82855e2088fdfdd2244799b63775c",
        "pixel_length": 25.485,
        "point_count": 6,
        "confidence": 1.0,
        "review_status": "unreviewed"
      },
      "geometry": {
        "type": "LineString",
        "coordinates": [
          [
            126.82679526903085,
            36.42927912899274
          ],
          [
            126.82698415331075,
            36.42935588270881
          ],
          [
            126.82731470080054,
            36.42935588270881
          ],
          [
            126.8275508061504,
            36.429432636424885
          ],
          [
            126.82773969043029,
            36.429432636424885
          ],
          [
            126.82788135364021,
            36.429509390140964
          ]
        ]
      }
    },
    {
      "type": "Feature",
      "properties": {
        "proposal_id": "ink-line-439",
        "tile_id": "174-cheongyang-labels",
        "sheet_id": "174-cheongyang",
        "split": "development",
        "proposal_kind": "visible_linework_review_only",
        "backend": "archaeotrace_ink_v2_centerline",
        "upstream_commit": "7960acddb4e82855e2088fdfdd2244799b63775c",
        "pixel_length": 26.071,
        "point_count": 3,
        "confidence": 1.0,
        "review_status": "unreviewed"
      },
      "geometry": {
        "type": "LineString",
        "coordinates": [
          [
            126.82698415331075,
            36.43323194537055
          ],
          [
            126.82717303759063,
            36.43365409080896
          ],
          [
            126.8272202586606,
            36.434152989963444
          ]
        ]
      }
    },
    {
      "type": "Feature",
      "properties": {
        "proposal_id": "ink-line-440",
        "tile_id": "174-cheongyang-labels",
        "sheet_id": "174-cheongyang",
        "split": "development",
        "proposal_kind": "visible_linework_review_only",
        "backend": "archaeotrace_ink_v2_centerline",
        "upstream_commit": "7960acddb4e82855e2088fdfdd2244799b63775c",
        "pixel_length": 19.243,
        "point_count": 4,
        "confidence": 1.0,
        "review_status": "unreviewed"
      },
      "geometry": {
        "type": "LineString",
        "coordinates": [
          [
            126.82717303759063,
            36.43188875533926
          ],
          [
            126.82726747973058,
            36.43215739334551
          ],
          [
            126.8272202586606,
            36.43223414706159
          ],
          [
            126.8272202586606,
            36.432579538783926
          ]
        ]
      }
    },
    {
      "type": "Feature",
      "properties": {
        "proposal_id": "ink-line-441",
        "tile_id": "174-cheongyang-labels",
        "sheet_id": "174-cheongyang",
        "split": "development",
        "proposal_kind": "visible_linework_review_only",
        "backend": "archaeotrace_ink_v2_centerline",
        "upstream_commit": "7960acddb4e82855e2088fdfdd2244799b63775c",
        "pixel_length": 22.243,
        "point_count": 5,
        "confidence": 1.0,
        "review_status": "unreviewed"
      },
      "geometry": {
        "type": "LineString",
        "coordinates": [
          [
            126.82745636401046,
            36.45326466526588
          ],
          [
            126.82745636401046,
            36.4538019412784
          ],
          [
            126.8275508061504,
            36.45387869499447
          ],
          [
            126.82773969043029,
            36.45387869499447
          ],
          [
            126.82778691150025,
            36.453840318136436
          ]
        ]
      }
    },
    {
      "type": "Feature",
      "properties": {
        "proposal_id": "ink-line-442",
        "tile_id": "174-cheongyang-labels",
        "sheet_id": "174-cheongyang",
        "split": "development",
        "proposal_kind": "visible_linework_review_only",
        "backend": "archaeotrace_ink_v2_centerline",
        "upstream_commit": "7960acddb4e82855e2088fdfdd2244799b63775c",
        "pixel_length": 19.899,
        "point_count": 4,
        "confidence": 1.0,
        "review_status": "unreviewed"
      },
      "geometry": {
        "type": "LineString",
        "coordinates": [
          [
            126.82759802722038,
            36.45575916103829
          ],
          [
            126.82773969043029,
            36.45568240732221
          ],
          [
            126.82797579578015,
            36.45564403046417
          ],
          [
            126.82816468006003,
            36.45529863874184
          ]
        ]
      }
    },
    {
      "type": "Feature",
      "properties": {
        "proposal_id": "ink-line-443",
        "tile_id": "174-cheongyang-labels",
        "sheet_id": "174-cheongyang",
        "split": "development",
        "proposal_kind": "visible_linework_review_only",
        "backend": "archaeotrace_ink_v2_centerline",
        "upstream_commit": "7960acddb4e82855e2088fdfdd2244799b63775c",
        "pixel_length": 20.657,
        "point_count": 3,
        "confidence": 1.0,
        "review_status": "unreviewed"
      },
      "geometry": {
        "type": "LineString",
        "coordinates": [
          [
            126.82783413257023,
            36.422486425120184
          ],
          [
            126.82792857471017,
            36.42306207799074
          ],
          [
            126.82802301685011,
            36.42321558542289
          ]
        ]
      }
    },
    {
      "type": "Feature",
      "properties": {
        "proposal_id": "ink-line-444",
        "tile_id": "174-cheongyang-labels",
        "sheet_id": "174-cheongyang",
        "split": "development",
        "proposal_kind": "visible_linework_review_only",
        "backend": "archaeotrace_ink_v2_centerline",
        "upstream_commit": "7960acddb4e82855e2088fdfdd2244799b63775c",
        "pixel_length": 38.728,
        "point_count": 6,
        "confidence": 1.0,
        "review_status": "unreviewed"
      },
      "geometry": {
        "type": "LineString",
        "coordinates": [
          [
            126.82792857471017,
            36.42455877545419
          ],
          [
            126.82788135364021,
            36.424597152312224
          ],
          [
            126.82788135364021,
            36.424865790318485
          ],
          [
            126.82802301685011,
            36.42513442832474
          ],
          [
            126.82807023792009,
            36.42544144318904
          ],
          [
            126.82825912219997,
            36.42590196548548
          ]
        ]
      }
    },
    {
      "type": "Feature",
      "properties": {
        "proposal_id": "ink-line-445",
        "tile_id": "174-cheongyang-labels",
        "sheet_id": "174-cheongyang",
        "split": "development",
        "proposal_kind": "visible_linework_review_only",
        "backend": "archaeotrace_ink_v2_centerline",
        "upstream_commit": "7960acddb4e82855e2088fdfdd2244799b63775c",
        "pixel_length": 22.728,
        "point_count": 6,
        "confidence": 1.0,
        "review_status": "unreviewed"
      },
      "geometry": {
        "type": "LineString",
        "coordinates": [
          [
            126.82797579578015,
            36.44416934991111
          ],
          [
            126.82816468006003,
            36.44409259619503
          ],
          [
            126.82840078540988,
            36.44416934991111
          ],
          [
            126.8285424486198,
            36.44432285734325
          ],
          [
            126.8285424486198,
            36.44443798791736
          ],
          [
            126.82844800647986,
            36.44455311849148
          ]
        ]
      }
    },
    {
      "type": "Feature",
      "properties": {
        "proposal_id": "ink-line-446",
        "tile_id": "174-cheongyang-labels",
        "sheet_id": "174-cheongyang",
        "split": "development",
        "proposal_kind": "visible_linework_review_only",
        "backend": "archaeotrace_ink_v2_centerline",
        "upstream_commit": "7960acddb4e82855e2088fdfdd2244799b63775c",
        "pixel_length": 19.071,
        "point_count": 6,
        "confidence": 1.0,
        "review_status": "unreviewed"
      },
      "geometry": {
        "type": "LineString",
        "coordinates": [
          [
            126.82830634326994,
            36.453187911549804
          ],
          [
            126.82840078540988,
            36.45330304212391
          ],
          [
            126.82840078540988,
            36.45353330327214
          ],
          [
            126.82835356433992,
            36.453571680130175
          ],
          [
            126.82840078540988,
            36.4538019412784
          ],
          [
            126.82835356433992,
            36.453840318136436
          ]
        ]
      }
    },
    {
      "type": "Feature",
      "properties": {
        "proposal_id": "ink-line-447",
        "tile_id": "174-cheongyang-labels",
        "sheet_id": "174-cheongyang",
        "split": "development",
        "proposal_kind": "visible_linework_review_only",
        "backend": "archaeotrace_ink_v2_centerline",
        "upstream_commit": "7960acddb4e82855e2088fdfdd2244799b63775c",
        "pixel_length": 22.657,
        "point_count": 4,
        "confidence": 1.0,
        "review_status": "unreviewed"
      },
      "geometry": {
        "type": "LineString",
        "coordinates": [
          [
            126.8285424486198,
            36.42168051110141
          ],
          [
            126.8285424486198,
            36.4215653805273
          ],
          [
            126.8287313328997,
            36.42129674252104
          ],
          [
            126.8287313328997,
            36.42087459708263
          ]
        ]
      }
    },
    {
      "type": "Feature",
      "properties": {
        "proposal_id": "ink-line-448",
        "tile_id": "174-cheongyang-labels",
        "sheet_id": "174-cheongyang",
        "split": "development",
        "proposal_kind": "visible_linework_review_only",
        "backend": "archaeotrace_ink_v2_centerline",
        "upstream_commit": "7960acddb4e82855e2088fdfdd2244799b63775c",
        "pixel_length": 19.243,
        "point_count": 4,
        "confidence": 1.0,
        "review_status": "unreviewed"
      },
      "geometry": {
        "type": "LineString",
        "coordinates": [
          [
            126.82858966968978,
            36.42471228288633
          ],
          [
            126.8287313328997,
            36.424789036602405
          ],
          [
            126.82934520680932,
            36.424789036602405
          ],
          [
            126.82943964894926,
            36.42482741346044
          ]
        ]
      }
    },
    {
      "type": "Feature",
      "properties": {
        "proposal_id": "ink-line-449",
        "tile_id": "174-cheongyang-labels",
        "sheet_id": "174-cheongyang",
        "split": "development",
        "proposal_kind": "visible_linework_review_only",
        "backend": "archaeotrace_ink_v2_centerline",
        "upstream_commit": "7960acddb4e82855e2088fdfdd2244799b63775c",
        "pixel_length": 21.899,
        "point_count": 6,
        "confidence": 1.0,
        "review_status": "unreviewed"
      },
      "geometry": {
        "type": "LineString",
        "coordinates": [
          [
            126.82868411182972,
            36.44347856646644
          ],
          [
            126.82868411182972,
            36.44359369704055
          ],
          [
            126.82849522754984,
            36.4437472044727
          ],
          [
            126.82844800647986,
            36.443900711904845
          ],
          [
            126.82863689075974,
            36.444015842478954
          ],
          [
            126.82877855396966,
            36.444015842478954
          ]
        ]
      }
    },
    {
      "type": "Feature",
      "properties": {
        "proposal_id": "ink-line-450",
        "tile_id": "174-cheongyang-labels",
        "sheet_id": "174-cheongyang",
        "split": "development",
        "proposal_kind": "visible_linework_review_only",
        "backend": "archaeotrace_ink_v2_centerline",
        "upstream_commit": "7960acddb4e82855e2088fdfdd2244799b63775c",
        "pixel_length": 28.213,
        "point_count": 5,
        "confidence": 1.0,
        "review_status": "unreviewed"
      },
      "geometry": {
        "type": "LineString",
        "coordinates": [
          [
            126.82892021717957,
            36.44731625227014
          ],
          [
            126.82887299610961,
            36.44746975970229
          ],
          [
            126.82896743824955,
            36.44762326713444
          ],
          [
            126.82915632252943,
            36.44785352828266
          ],
          [
            126.8295340910892,
            36.448160543146955
          ]
        ]
      }
    },
    {
      "type": "Feature",
      "properties": {
        "proposal_id": "ink-line-451",
        "tile_id": "174-cheongyang-labels",
        "sheet_id": "174-cheongyang",
        "split": "development",
        "proposal_kind": "visible_linework_review_only",
        "backend": "archaeotrace_ink_v2_centerline",
        "upstream_commit": "7960acddb4e82855e2088fdfdd2244799b63775c",
        "pixel_length": 24.828,
        "point_count": 3,
        "confidence": 1.0,
        "review_status": "unreviewed"
      },
      "geometry": {
        "type": "LineString",
        "coordinates": [
          [
            126.82892021717957,
            36.434728642833996
          ],
          [
            126.82896743824955,
            36.43457513540185
          ],
          [
            126.82892021717957,
            36.43380759824111
          ]
        ]
      }
    },
    {
      "type": "Feature",
      "properties": {
        "proposal_id": "ink-line-452",
        "tile_id": "174-cheongyang-labels",
        "sheet_id": "174-cheongyang",
        "split": "development",
        "proposal_kind": "visible_linework_review_only",
        "backend": "archaeotrace_ink_v2_centerline",
        "upstream_commit": "7960acddb4e82855e2088fdfdd2244799b63775c",
        "pixel_length": 18.243,
        "point_count": 3,
        "confidence": 1.0,
        "review_status": "unreviewed"
      },
      "geometry": {
        "type": "LineString",
        "coordinates": [
          [
            126.82892021717957,
            36.425940342343516
          ],
          [
            126.8292035435994,
            36.42601709605959
          ],
          [
            126.82915632252943,
            36.426439241498
          ]
        ]
      }
    },
    {
      "type": "Feature",
      "properties": {
        "proposal_id": "ink-line-453",
        "tile_id": "174-cheongyang-labels",
        "sheet_id": "174-cheongyang",
        "split": "development",
        "proposal_kind": "visible_linework_review_only",
        "backend": "archaeotrace_ink_v2_centerline",
        "upstream_commit": "7960acddb4e82855e2088fdfdd2244799b63775c",
        "pixel_length": 20.314,
        "point_count": 6,
        "confidence": 1.0,
        "review_status": "unreviewed"
      },
      "geometry": {
        "type": "LineString",
        "coordinates": [
          [
            126.82896743824955,
            36.421104858230855
          ],
          [
            126.82896743824955,
            36.42098972765674
          ],
          [
            126.82910910145947,
            36.42087459708263
          ],
          [
            126.82943964894926,
            36.42079784336656
          ],
          [
            126.82958131215918,
            36.42087459708263
          ],
          [
            126.82962853322914,
            36.420836220224594
          ]
        ]
      }
    },
    {
      "type": "Feature",
      "properties": {
        "proposal_id": "ink-line-454",
        "tile_id": "174-cheongyang-labels",
        "sheet_id": "174-cheongyang",
        "split": "development",
        "proposal_kind": "visible_linework_review_only",
        "backend": "archaeotrace_ink_v2_centerline",
        "upstream_commit": "7960acddb4e82855e2088fdfdd2244799b63775c",
        "pixel_length": 18.899,
        "point_count": 4,
        "confidence": 1.0,
        "review_status": "unreviewed"
      },
      "geometry": {
        "type": "LineString",
        "coordinates": [
          [
            126.82925076466937,
            36.4215653805273
          ],
          [
            126.82943964894926,
            36.42171888795944
          ],
          [
            126.8295340910892,
            36.421872395391595
          ],
          [
            126.82948687001924,
            36.42217941025589
          ]
        ]
      }
    },
    {
      "type": "Feature",
      "properties": {
        "proposal_id": "ink-line-455",
        "tile_id": "174-cheongyang-labels",
        "sheet_id": "174-cheongyang",
        "split": "development",
        "proposal_kind": "visible_linework_review_only",
        "backend": "archaeotrace_ink_v2_centerline",
        "upstream_commit": "7960acddb4e82855e2088fdfdd2244799b63775c",
        "pixel_length": 29.485,
        "point_count": 5,
        "confidence": 1.0,
        "review_status": "unreviewed"
      },
      "geometry": {
        "type": "LineString",
        "coordinates": [
          [
            126.82929798573934,
            36.43495890398222
          ],
          [
            126.82939242787928,
            36.434728642833996
          ],
          [
            126.82925076466937,
            36.43426812053755
          ],
          [
            126.82925076466937,
            36.433961105673255
          ],
          [
            126.82929798573934,
            36.43392272881522
          ]
        ]
      }
    },
    {
      "type": "Feature",
      "properties": {
        "proposal_id": "ink-line-456",
        "tile_id": "174-cheongyang-labels",
        "sheet_id": "174-cheongyang",
        "split": "development",
        "proposal_kind": "visible_linework_review_only",
        "backend": "archaeotrace_ink_v2_centerline",
        "upstream_commit": "7960acddb4e82855e2088fdfdd2244799b63775c",
        "pixel_length": 23.243,
        "point_count": 4,
        "confidence": 1.0,
        "review_status": "unreviewed"
      },
      "geometry": {
        "type": "LineString",
        "coordinates": [
          [
            126.82948687001924,
            36.45786988823032
          ],
          [
            126.83005352285889,
            36.45786988823032
          ],
          [
            126.8301951860688,
            36.457831511372284
          ],
          [
            126.83028962820875,
            36.458100149378545
          ]
        ]
      }
    },
    {
      "type": "Feature",
      "properties": {
        "proposal_id": "ink-line-457",
        "tile_id": "174-cheongyang-labels",
        "sheet_id": "174-cheongyang",
        "split": "development",
        "proposal_kind": "visible_linework_review_only",
        "backend": "archaeotrace_ink_v2_centerline",
        "upstream_commit": "7960acddb4e82855e2088fdfdd2244799b63775c",
        "pixel_length": 18.414,
        "point_count": 3,
        "confidence": 1.0,
        "review_status": "unreviewed"
      },
      "geometry": {
        "type": "LineString",
        "coordinates": [
          [
            126.82967575429912,
            36.4292407521347
          ],
          [
            126.8297229753691,
            36.42908724470255
          ],
          [
            126.8297229753691,
            36.428549968690035
          ]
        ]
      }
    },
    {
      "type": "Feature",
      "properties": {
        "proposal_id": "ink-line-458",
        "tile_id": "174-cheongyang-labels",
        "sheet_id": "174-cheongyang",
        "split": "development",
        "proposal_kind": "visible_linework_review_only",
        "backend": "archaeotrace_ink_v2_centerline",
        "upstream_commit": "7960acddb4e82855e2088fdfdd2244799b63775c",
        "pixel_length": 20.657,
        "point_count": 3,
        "confidence": 1.0,
        "review_status": "unreviewed"
      },
      "geometry": {
        "type": "LineString",
        "coordinates": [
          [
            126.82977019643906,
            36.42271668626841
          ],
          [
            126.82977019643906,
            36.422946947416634
          ],
          [
            126.82995908071895,
            36.42344584657111
          ]
        ]
      }
    },
    {
      "type": "Feature",
      "properties": {
        "proposal_id": "ink-line-459",
        "tile_id": "174-cheongyang-labels",
        "sheet_id": "174-cheongyang",
        "split": "development",
        "proposal_kind": "visible_linework_review_only",
        "backend": "archaeotrace_ink_v2_centerline",
        "upstream_commit": "7960acddb4e82855e2088fdfdd2244799b63775c",
        "pixel_length": 30.828,
        "point_count": 4,
        "confidence": 1.0,
        "review_status": "unreviewed"
      },
      "geometry": {
        "type": "LineString",
        "coordinates": [
          [
            126.82986463857901,
            36.429816405005255
          ],
          [
            126.82986463857901,
            36.429432636424885
          ],
          [
            126.82995908071895,
            36.429125621560594
          ],
          [
            126.82995908071895,
            36.428665099264144
          ]
        ]
      }
    }
  ]
}