{
  "type": "FeatureCollection",
  "name": "ink_candidate_proposals_177-nonsan-mountain",
  "crs": {
    "type": "name",
    "properties": {
      "name": "urn:ogc:def:crs:EPSG::5132"
    }
  },
  "features": [
    {
      "type": "Feature",
      "properties": {
        "proposal_id": "ink-line-1",
        "tile_id": "177-nonsan-mountain",
        "sheet_id": "177-nonsan",
        "split": "development",
        "proposal_kind": "visible_linework_review_only",
        "backend": "archaeotrace_ink_v2_centerline",
        "upstream_commit": "7960acddb4e82855e2088fdfdd2244799b63775c",
        "pixel_length": 28.657,
        "point_count": 3,
        "confidence": 1.0,
        "review_status": "unreviewed"
      },
      "geometry": {
        "type": "LineString",
        "coordinates": [
          [
            127.17118873625506,
            36.315079157438305
          ],
          [
            127.1711415569487,
            36.31504077546596
          ],
          [
            127.17118873625506,
            36.31404284418507
          ]
        ]
      }
    },
    {
      "type": "Feature",
      "properties": {
        "proposal_id": "ink-line-2",
        "tile_id": "177-nonsan-mountain",
        "sheet_id": "177-nonsan",
        "split": "development",
        "proposal_kind": "visible_linework_review_only",
        "backend": "archaeotrace_ink_v2_centerline",
        "upstream_commit": "7960acddb4e82855e2088fdfdd2244799b63775c",
        "pixel_length": 55.485,
        "point_count": 6,
        "confidence": 1.0,
        "review_status": "unreviewed"
      },
      "geometry": {
        "type": "LineString",
        "coordinates": [
          [
            127.17128309486777,
            36.32075968934493
          ],
          [
            127.17128309486777,
            36.320260723704486
          ],
          [
            127.17123591556141,
            36.32022234173214
          ],
          [
            127.17118873625506,
            36.31976175806404
          ],
          [
            127.17137745348049,
            36.319262792423594
          ],
          [
            127.17137745348049,
            36.3187254448108
          ]
        ]
      }
    },
    {
      "type": "Feature",
      "properties": {
        "proposal_id": "ink-line-3",
        "tile_id": "177-nonsan-mountain",
        "sheet_id": "177-nonsan",
        "split": "development",
        "proposal_kind": "visible_linework_review_only",
        "backend": "archaeotrace_ink_v2_centerline",
        "upstream_commit": "7960acddb4e82855e2088fdfdd2244799b63775c",
        "pixel_length": 26.243,
        "point_count": 2,
        "confidence": 1.0,
        "review_status": "unreviewed"
      },
      "geometry": {
        "type": "LineString",
        "coordinates": [
          [
            127.17161335001227,
            36.313620642489305
          ],
          [
            127.17175488793133,
            36.31266109318075
          ]
        ]
      }
    },
    {
      "type": "Feature",
      "properties": {
        "proposal_id": "ink-line-4",
        "tile_id": "177-nonsan-mountain",
        "sheet_id": "177-nonsan",
        "split": "development",
        "proposal_kind": "visible_linework_review_only",
        "backend": "archaeotrace_ink_v2_centerline",
        "upstream_commit": "7960acddb4e82855e2088fdfdd2244799b63775c",
        "pixel_length": 21.828,
        "point_count": 2,
        "confidence": 1.0,
        "review_status": "unreviewed"
      },
      "geometry": {
        "type": "LineString",
        "coordinates": [
          [
            127.17180206723769,
            36.305483664352785
          ],
          [
            127.1718964258504,
            36.3046776429336
          ]
        ]
      }
    },
    {
      "type": "Feature",
      "properties": {
        "proposal_id": "ink-line-5",
        "tile_id": "177-nonsan-mountain",
        "sheet_id": "177-nonsan",
        "split": "development",
        "proposal_kind": "visible_linework_review_only",
        "backend": "archaeotrace_ink_v2_centerline",
        "upstream_commit": "7960acddb4e82855e2088fdfdd2244799b63775c",
        "pixel_length": 21.243,
        "point_count": 4,
        "confidence": 1.0,
        "review_status": "unreviewed"
      },
      "geometry": {
        "type": "LineString",
        "coordinates": [
          [
            127.17213232238218,
            36.31841838903207
          ],
          [
            127.17236821891396,
            36.318341625087385
          ],
          [
            127.17236821891396,
            36.31784265944693
          ],
          [
            127.17241539822032,
            36.31776589550225
          ]
        ]
      }
    },
    {
      "type": "Feature",
      "properties": {
        "proposal_id": "ink-line-6",
        "tile_id": "177-nonsan-mountain",
        "sheet_id": "177-nonsan",
        "split": "development",
        "proposal_kind": "visible_linework_review_only",
        "backend": "archaeotrace_ink_v2_centerline",
        "upstream_commit": "7960acddb4e82855e2088fdfdd2244799b63775c",
        "pixel_length": 33.071,
        "point_count": 5,
        "confidence": 1.0,
        "review_status": "unreviewed"
      },
      "geometry": {
        "type": "LineString",
        "coordinates": [
          [
            127.17213232238218,
            36.31031979286789
          ],
          [
            127.17213232238218,
            36.31055008470194
          ],
          [
            127.17217950168853,
            36.31058846667428
          ],
          [
            127.17227386030125,
            36.311240960204096
          ],
          [
            127.17236821891396,
            36.31150963401049
          ]
        ]
      }
    },
    {
      "type": "Feature",
      "properties": {
        "proposal_id": "ink-line-7",
        "tile_id": "177-nonsan-mountain",
        "sheet_id": "177-nonsan",
        "split": "development",
        "proposal_kind": "visible_linework_review_only",
        "backend": "archaeotrace_ink_v2_centerline",
        "upstream_commit": "7960acddb4e82855e2088fdfdd2244799b63775c",
        "pixel_length": 19.657,
        "point_count": 3,
        "confidence": 1.0,
        "review_status": "unreviewed"
      },
      "geometry": {
        "type": "LineString",
        "coordinates": [
          [
            127.17255693613939,
            36.29584978929492
          ],
          [
            127.17312308781567,
            36.295888171267265
          ],
          [
            127.1734061636538,
            36.295773025350236
          ]
        ]
      }
    },
    {
      "type": "Feature",
      "properties": {
        "proposal_id": "ink-line-8",
        "tile_id": "177-nonsan-mountain",
        "sheet_id": "177-nonsan",
        "split": "development",
        "proposal_kind": "visible_linework_review_only",
        "backend": "archaeotrace_ink_v2_centerline",
        "upstream_commit": "7960acddb4e82855e2088fdfdd2244799b63775c",
        "pixel_length": 23.243,
        "point_count": 4,
        "confidence": 1.0,
        "review_status": "unreviewed"
      },
      "geometry": {
        "type": "LineString",
        "coordinates": [
          [
            127.17274565336481,
            36.30440896912721
          ],
          [
            127.17274565336481,
            36.30417867729315
          ],
          [
            127.17284001197753,
            36.3039483854591
          ],
          [
            127.17288719128388,
            36.303564565735684
          ]
        ]
      }
    },
    {
      "type": "Feature",
      "properties": {
        "proposal_id": "ink-line-9",
        "tile_id": "177-nonsan-mountain",
        "sheet_id": "177-nonsan",
        "split": "development",
        "proposal_kind": "visible_linework_review_only",
        "backend": "archaeotrace_ink_v2_centerline",
        "upstream_commit": "7960acddb4e82855e2088fdfdd2244799b63775c",
        "pixel_length": 22.071,
        "point_count": 4,
        "confidence": 1.0,
        "review_status": "unreviewed"
      },
      "geometry": {
        "type": "LineString",
        "coordinates": [
          [
            127.17284001197753,
            36.29504376787574
          ],
          [
            127.17288719128388,
            36.29469833012466
          ],
          [
            127.17302872920295,
            36.29446803829061
          ],
          [
            127.17298154989659,
            36.2942761284289
          ]
        ]
      }
    },
    {
      "type": "Feature",
      "properties": {
        "proposal_id": "ink-line-10",
        "tile_id": "177-nonsan-mountain",
        "sheet_id": "177-nonsan",
        "split": "development",
        "proposal_kind": "visible_linework_review_only",
        "backend": "archaeotrace_ink_v2_centerline",
        "upstream_commit": "7960acddb4e82855e2088fdfdd2244799b63775c",
        "pixel_length": 18.243,
        "point_count": 5,
        "confidence": 1.0,
        "review_status": "unreviewed"
      },
      "geometry": {
        "type": "LineString",
        "coordinates": [
          [
            127.17302872920295,
            36.31074199456365
          ],
          [
            127.17312308781567,
            36.310780376535995
          ],
          [
            127.17350052226651,
            36.31074199456365
          ],
          [
            127.17354770157287,
            36.310780376535995
          ],
          [
            127.17354770157287,
            36.311010668370045
          ]
        ]
      }
    },
    {
      "type": "Feature",
      "properties": {
        "proposal_id": "ink-line-11",
        "tile_id": "177-nonsan-mountain",
        "sheet_id": "177-nonsan",
        "split": "development",
        "proposal_kind": "visible_linework_review_only",
        "backend": "archaeotrace_ink_v2_centerline",
        "upstream_commit": "7960acddb4e82855e2088fdfdd2244799b63775c",
        "pixel_length": 26.657,
        "point_count": 4,
        "confidence": 1.0,
        "review_status": "unreviewed"
      },
      "geometry": {
        "type": "LineString",
        "coordinates": [
          [
            127.17321744642838,
            36.31930117439593
          ],
          [
            127.17335898434744,
            36.31895573664485
          ],
          [
            127.17335898434744,
            36.318456771004406
          ],
          [
            127.17331180504108,
            36.318341625087385
          ]
        ]
      }
    },
    {
      "type": "Feature",
      "properties": {
        "proposal_id": "ink-line-12",
        "tile_id": "177-nonsan-mountain",
        "sheet_id": "177-nonsan",
        "split": "development",
        "proposal_kind": "visible_linework_review_only",
        "backend": "archaeotrace_ink_v2_centerline",
        "upstream_commit": "7960acddb4e82855e2088fdfdd2244799b63775c",
        "pixel_length": 19.828,
        "point_count": 4,
        "confidence": 1.0,
        "review_status": "unreviewed"
      },
      "geometry": {
        "type": "LineString",
        "coordinates": [
          [
            127.17335898434744,
            36.32390701107698
          ],
          [
            127.17354770157287,
            36.32390701107698
          ],
          [
            127.17378359810465,
            36.3238302471323
          ],
          [
            127.17425539116822,
            36.3238302471323
          ]
        ]
      }
    },
    {
      "type": "Feature",
      "properties": {
        "proposal_id": "ink-line-13",
        "tile_id": "177-nonsan-mountain",
        "sheet_id": "177-nonsan",
        "split": "development",
        "proposal_kind": "visible_linework_review_only",
        "backend": "archaeotrace_ink_v2_centerline",
        "upstream_commit": "7960acddb4e82855e2088fdfdd2244799b63775c",
        "pixel_length": 20.071,
        "point_count": 2,
        "confidence": 1.0,
        "review_status": "unreviewed"
      },
      "geometry": {
        "type": "LineString",
        "coordinates": [
          [
            127.17335898434744,
            36.310434938784915
          ],
          [
            127.17420821186185,
            36.31062684864662
          ]
        ]
      }
    },
    {
      "type": "Feature",
      "properties": {
        "proposal_id": "ink-line-14",
        "tile_id": "177-nonsan-mountain",
        "sheet_id": "177-nonsan",
        "split": "development",
        "proposal_kind": "visible_linework_review_only",
        "backend": "archaeotrace_ink_v2_centerline",
        "upstream_commit": "7960acddb4e82855e2088fdfdd2244799b63775c",
        "pixel_length": 27.071,
        "point_count": 4,
        "confidence": 1.0,
        "review_status": "unreviewed"
      },
      "geometry": {
        "type": "LineString",
        "coordinates": [
          [
            127.1737364187983,
            36.31408122615741
          ],
          [
            127.17383077741101,
            36.31431151799146
          ],
          [
            127.17387795671736,
            36.31481048363191
          ],
          [
            127.17397231533008,
            36.31504077546596
          ]
        ]
      }
    },
    {
      "type": "Feature",
      "properties": {
        "proposal_id": "ink-line-15",
        "tile_id": "177-nonsan-mountain",
        "sheet_id": "177-nonsan",
        "split": "development",
        "proposal_kind": "visible_linework_review_only",
        "backend": "archaeotrace_ink_v2_centerline",
        "upstream_commit": "7960acddb4e82855e2088fdfdd2244799b63775c",
        "pixel_length": 19.314,
        "point_count": 4,
        "confidence": 1.0,
        "review_status": "unreviewed"
      },
      "geometry": {
        "type": "LineString",
        "coordinates": [
          [
            127.17383077741101,
            36.296233609018344
          ],
          [
            127.17387795671736,
            36.29627199099069
          ],
          [
            127.17425539116822,
            36.296233609018344
          ],
          [
            127.1745856463127,
            36.296003317184294
          ]
        ]
      }
    },
    {
      "type": "Feature",
      "properties": {
        "proposal_id": "ink-line-16",
        "tile_id": "177-nonsan-mountain",
        "sheet_id": "177-nonsan",
        "split": "development",
        "proposal_kind": "visible_linework_review_only",
        "backend": "archaeotrace_ink_v2_centerline",
        "upstream_commit": "7960acddb4e82855e2088fdfdd2244799b63775c",
        "pixel_length": 18.314,
        "point_count": 5,
        "confidence": 1.0,
        "review_status": "unreviewed"
      },
      "geometry": {
        "type": "LineString",
        "coordinates": [
          [
            127.17392513602371,
            36.295773025350236
          ],
          [
            127.17420821186185,
            36.29542758759916
          ],
          [
            127.17420821186185,
            36.29527405970979
          ],
          [
            127.17425539116822,
            36.29523567773745
          ],
          [
            127.17420821186185,
            36.29519729576511
          ]
        ]
      }
    },
    {
      "type": "Feature",
      "properties": {
        "proposal_id": "ink-line-17",
        "tile_id": "177-nonsan-mountain",
        "sheet_id": "177-nonsan",
        "split": "development",
        "proposal_kind": "visible_linework_review_only",
        "backend": "archaeotrace_ink_v2_centerline",
        "upstream_commit": "7960acddb4e82855e2088fdfdd2244799b63775c",
        "pixel_length": 19.899,
        "point_count": 5,
        "confidence": 1.0,
        "review_status": "unreviewed"
      },
      "geometry": {
        "type": "LineString",
        "coordinates": [
          [
            127.17430257047457,
            36.28878750638398
          ],
          [
            127.17439692908728,
            36.288902652301005
          ],
          [
            127.17439692908728,
            36.28909456216272
          ],
          [
            127.1744912877,
            36.289209708079746
          ],
          [
            127.17434974978093,
            36.289439999913796
          ]
        ]
      }
    },
    {
      "type": "Feature",
      "properties": {
        "proposal_id": "ink-line-18",
        "tile_id": "177-nonsan-mountain",
        "sheet_id": "177-nonsan",
        "split": "development",
        "proposal_kind": "visible_linework_review_only",
        "backend": "archaeotrace_ink_v2_centerline",
        "upstream_commit": "7960acddb4e82855e2088fdfdd2244799b63775c",
        "pixel_length": 30.071,
        "point_count": 6,
        "confidence": 1.0,
        "review_status": "unreviewed"
      },
      "geometry": {
        "type": "LineString",
        "coordinates": [
          [
            127.17477436353813,
            36.320375869621515
          ],
          [
            127.17486872215085,
            36.32052939751088
          ],
          [
            127.17486872215085,
            36.32075968934493
          ],
          [
            127.1749159014572,
            36.32079807131728
          ],
          [
            127.17486872215085,
            36.32087483526196
          ],
          [
            127.1749159014572,
            36.32145056484709
          ]
        ]
      }
    },
    {
      "type": "Feature",
      "properties": {
        "proposal_id": "ink-line-19",
        "tile_id": "177-nonsan-mountain",
        "sheet_id": "177-nonsan",
        "split": "development",
        "proposal_kind": "visible_linework_review_only",
        "backend": "archaeotrace_ink_v2_centerline",
        "upstream_commit": "7960acddb4e82855e2088fdfdd2244799b63775c",
        "pixel_length": 26.899,
        "point_count": 4,
        "confidence": 1.0,
        "review_status": "unreviewed"
      },
      "geometry": {
        "type": "LineString",
        "coordinates": [
          [
            127.17477436353813,
            36.28936323596911
          ],
          [
            127.17482154284448,
            36.289785437664875
          ],
          [
            127.17501026006991,
            36.29016925738829
          ],
          [
            127.1749159014572,
            36.29028440330532
          ]
        ]
      }
    },
    {
      "type": "Feature",
      "properties": {
        "proposal_id": "ink-line-20",
        "tile_id": "177-nonsan-mountain",
        "sheet_id": "177-nonsan",
        "split": "development",
        "proposal_kind": "visible_linework_review_only",
        "backend": "archaeotrace_ink_v2_centerline",
        "upstream_commit": "7960acddb4e82855e2088fdfdd2244799b63775c",
        "pixel_length": 22.899,
        "point_count": 4,
        "confidence": 1.0,
        "review_status": "unreviewed"
      },
      "geometry": {
        "type": "LineString",
        "coordinates": [
          [
            127.17486872215085,
            36.29339334306503
          ],
          [
            127.17519897729534,
            36.29323981517566
          ],
          [
            127.17557641174619,
            36.29323981517566
          ],
          [
            127.17571794966526,
            36.29304790531395
          ]
        ]
      }
    },
    {
      "type": "Feature",
      "properties": {
        "proposal_id": "ink-line-21",
        "tile_id": "177-nonsan-mountain",
        "sheet_id": "177-nonsan",
        "split": "development",
        "proposal_kind": "visible_linework_review_only",
        "backend": "archaeotrace_ink_v2_centerline",
        "upstream_commit": "7960acddb4e82855e2088fdfdd2244799b63775c",
        "pixel_length": 20.828,
        "point_count": 5,
        "confidence": 1.0,
        "review_status": "unreviewed"
      },
      "geometry": {
        "type": "LineString",
        "coordinates": [
          [
            127.17505743937627,
            36.31546297716172
          ],
          [
            127.17505743937627,
            36.315885178857485
          ],
          [
            127.17510461868262,
            36.31592356082983
          ],
          [
            127.17510461868262,
            36.316192234636226
          ],
          [
            127.17515179798897,
            36.316230616608564
          ]
        ]
      }
    },
    {
      "type": "Feature",
      "properties": {
        "proposal_id": "ink-line-22",
        "tile_id": "177-nonsan-mountain",
        "sheet_id": "177-nonsan",
        "split": "development",
        "proposal_kind": "visible_linework_review_only",
        "backend": "archaeotrace_ink_v2_centerline",
        "upstream_commit": "7960acddb4e82855e2088fdfdd2244799b63775c",
        "pixel_length": 22.071,
        "point_count": 4,
        "confidence": 1.0,
        "review_status": "unreviewed"
      },
      "geometry": {
        "type": "LineString",
        "coordinates": [
          [
            127.17505743937627,
            36.29684772057582
          ],
          [
            127.17515179798897,
            36.29688610254816
          ],
          [
            127.17548205313348,
            36.29688610254816
          ],
          [
            127.1760010255034,
            36.297039630437524
          ]
        ]
      }
    },
    {
      "type": "Feature",
      "properties": {
        "proposal_id": "ink-line-23",
        "tile_id": "177-nonsan-mountain",
        "sheet_id": "177-nonsan",
        "split": "development",
        "proposal_kind": "visible_linework_review_only",
        "backend": "archaeotrace_ink_v2_centerline",
        "upstream_commit": "7960acddb4e82855e2088fdfdd2244799b63775c",
        "pixel_length": 19.657,
        "point_count": 3,
        "confidence": 1.0,
        "review_status": "unreviewed"
      },
      "geometry": {
        "type": "LineString",
        "coordinates": [
          [
            127.17510461868262,
            36.301875758952626
          ],
          [
            127.17548205313348,
            36.30183737698029
          ],
          [
            127.17595384619703,
            36.30195252289732
          ]
        ]
      }
    },
    {
      "type": "Feature",
      "properties": {
        "proposal_id": "ink-line-24",
        "tile_id": "177-nonsan-mountain",
        "sheet_id": "177-nonsan",
        "split": "development",
        "proposal_kind": "visible_linework_review_only",
        "backend": "archaeotrace_ink_v2_centerline",
        "upstream_commit": "7960acddb4e82855e2088fdfdd2244799b63775c",
        "pixel_length": 20.071,
        "point_count": 5,
        "confidence": 1.0,
        "review_status": "unreviewed"
      },
      "geometry": {
        "type": "LineString",
        "coordinates": [
          [
            127.17538769452077,
            36.29746183213329
          ],
          [
            127.17581230827797,
            36.29750021410563
          ],
          [
            127.17604820480975,
            36.29742345016095
          ],
          [
            127.17614256342246,
            36.297346686216265
          ],
          [
            127.17614256342246,
            36.29726992227158
          ]
        ]
      }
    },
    {
      "type": "Feature",
      "properties": {
        "proposal_id": "ink-line-25",
        "tile_id": "177-nonsan-mountain",
        "sheet_id": "177-nonsan",
        "split": "development",
        "proposal_kind": "visible_linework_review_only",
        "backend": "archaeotrace_ink_v2_centerline",
        "upstream_commit": "7960acddb4e82855e2088fdfdd2244799b63775c",
        "pixel_length": 20.828,
        "point_count": 3,
        "confidence": 1.0,
        "review_status": "unreviewed"
      },
      "geometry": {
        "type": "LineString",
        "coordinates": [
          [
            127.17543487382711,
            36.29454480223529
          ],
          [
            127.17552923243983,
            36.29435289237358
          ],
          [
            127.17552923243983,
            36.29377716278845
          ]
        ]
      }
    },
    {
      "type": "Feature",
      "properties": {
        "proposal_id": "ink-line-26",
        "tile_id": "177-nonsan-mountain",
        "sheet_id": "177-nonsan",
        "split": "development",
        "proposal_kind": "visible_linework_review_only",
        "backend": "archaeotrace_ink_v2_centerline",
        "upstream_commit": "7960acddb4e82855e2088fdfdd2244799b63775c",
        "pixel_length": 19.899,
        "point_count": 6,
        "confidence": 1.0,
        "review_status": "unreviewed"
      },
      "geometry": {
        "type": "LineString",
        "coordinates": [
          [
            127.17548205313348,
            36.2887107424393
          ],
          [
            127.1756707703589,
            36.288672360466954
          ],
          [
            127.17562359105254,
            36.28851883257759
          ],
          [
            127.17571794966526,
            36.28840368666056
          ],
          [
            127.17557641174619,
            36.28828854074354
          ],
          [
            127.17548205313348,
            36.288326922715875
          ]
        ]
      }
    },
    {
      "type": "Feature",
      "properties": {
        "proposal_id": "ink-line-27",
        "tile_id": "177-nonsan-mountain",
        "sheet_id": "177-nonsan",
        "split": "development",
        "proposal_kind": "visible_linework_review_only",
        "backend": "archaeotrace_ink_v2_centerline",
        "upstream_commit": "7960acddb4e82855e2088fdfdd2244799b63775c",
        "pixel_length": 22.899,
        "point_count": 4,
        "confidence": 1.0,
        "review_status": "unreviewed"
      },
      "geometry": {
        "type": "LineString",
        "coordinates": [
          [
            127.17557641174619,
            36.30544528238044
          ],
          [
            127.17543487382711,
            36.305713956186835
          ],
          [
            127.17543487382711,
            36.30590586604855
          ],
          [
            127.17562359105254,
            36.30621292182728
          ]
        ]
      }
    },
    {
      "type": "Feature",
      "properties": {
        "proposal_id": "ink-line-28",
        "tile_id": "177-nonsan-mountain",
        "sheet_id": "177-nonsan",
        "split": "development",
        "proposal_kind": "visible_linework_review_only",
        "backend": "archaeotrace_ink_v2_centerline",
        "upstream_commit": "7960acddb4e82855e2088fdfdd2244799b63775c",
        "pixel_length": 27.899,
        "point_count": 4,
        "confidence": 1.0,
        "review_status": "unreviewed"
      },
      "geometry": {
        "type": "LineString",
        "coordinates": [
          [
            127.17581230827797,
            36.318802208755486
          ],
          [
            127.17590666689068,
            36.31887897270017
          ],
          [
            127.17609538411611,
            36.31933955636828
          ],
          [
            127.17614256342246,
            36.31976175806404
          ]
        ]
      }
    },
    {
      "type": "Feature",
      "properties": {
        "proposal_id": "ink-line-29",
        "tile_id": "177-nonsan-mountain",
        "sheet_id": "177-nonsan",
        "split": "development",
        "proposal_kind": "visible_linework_review_only",
        "backend": "archaeotrace_ink_v2_centerline",
        "upstream_commit": "7960acddb4e82855e2088fdfdd2244799b63775c",
        "pixel_length": 30.071,
        "point_count": 4,
        "confidence": 1.0,
        "review_status": "unreviewed"
      },
      "geometry": {
        "type": "LineString",
        "coordinates": [
          [
            127.17604820480975,
            36.31369740643399
          ],
          [
            127.17618974272882,
            36.313620642489305
          ],
          [
            127.17623692203517,
            36.313505496572276
          ],
          [
            127.17614256342246,
            36.31266109318075
          ]
        ]
      }
    },
    {
      "type": "Feature",
      "properties": {
        "proposal_id": "ink-line-30",
        "tile_id": "177-nonsan-mountain",
        "sheet_id": "177-nonsan",
        "split": "development",
        "proposal_kind": "visible_linework_review_only",
        "backend": "archaeotrace_ink_v2_centerline",
        "upstream_commit": "7960acddb4e82855e2088fdfdd2244799b63775c",
        "pixel_length": 43.243,
        "point_count": 3,
        "confidence": 1.0,
        "review_status": "unreviewed"
      },
      "geometry": {
        "type": "LineString",
        "coordinates": [
          [
            127.17614256342246,
            36.3201839597598
          ],
          [
            127.17609538411611,
            36.3216424747088
          ],
          [
            127.17618974272882,
            36.32179600259817
          ]
        ]
      }
    },
    {
      "type": "Feature",
      "properties": {
        "proposal_id": "ink-line-31",
        "tile_id": "177-nonsan-mountain",
        "sheet_id": "177-nonsan",
        "split": "development",
        "proposal_kind": "visible_linework_review_only",
        "backend": "archaeotrace_ink_v2_centerline",
        "upstream_commit": "7960acddb4e82855e2088fdfdd2244799b63775c",
        "pixel_length": 24.243,
        "point_count": 4,
        "confidence": 1.0,
        "review_status": "unreviewed"
      },
      "geometry": {
        "type": "LineString",
        "coordinates": [
          [
            127.17623692203517,
            36.32248687810033
          ],
          [
            127.17633128064789,
            36.322755551906724
          ],
          [
            127.17633128064789,
            36.32333128149185
          ],
          [
            127.17637845995424,
            36.32336966346419
          ]
        ]
      }
    },
    {
      "type": "Feature",
      "properties": {
        "proposal_id": "ink-line-32",
        "tile_id": "177-nonsan-mountain",
        "sheet_id": "177-nonsan",
        "split": "development",
        "proposal_kind": "visible_linework_review_only",
        "backend": "archaeotrace_ink_v2_centerline",
        "upstream_commit": "7960acddb4e82855e2088fdfdd2244799b63775c",
        "pixel_length": 19.657,
        "point_count": 2,
        "confidence": 1.0,
        "review_status": "unreviewed"
      },
      "geometry": {
        "type": "LineString",
        "coordinates": [
          [
            127.17651999787331,
            36.32463626855148
          ],
          [
            127.17670871509874,
            36.32532714405364
          ]
        ]
      }
    },
    {
      "type": "Feature",
      "properties": {
        "proposal_id": "ink-line-33",
        "tile_id": "177-nonsan-mountain",
        "sheet_id": "177-nonsan",
        "split": "development",
        "proposal_kind": "visible_linework_review_only",
        "backend": "archaeotrace_ink_v2_centerline",
        "upstream_commit": "7960acddb4e82855e2088fdfdd2244799b63775c",
        "pixel_length": 18.899,
        "point_count": 5,
        "confidence": 1.0,
        "review_status": "unreviewed"
      },
      "geometry": {
        "type": "LineString",
        "coordinates": [
          [
            127.17670871509874,
            36.297692123967344
          ],
          [
            127.17670871509874,
            36.297576978050316
          ],
          [
            127.17689743232417,
            36.29750021410563
          ],
          [
            127.17703897024323,
            36.29773050593968
          ],
          [
            127.17694461163052,
            36.29784565185671
          ]
        ]
      }
    },
    {
      "type": "Feature",
      "properties": {
        "proposal_id": "ink-line-34",
        "tile_id": "177-nonsan-mountain",
        "sheet_id": "177-nonsan",
        "split": "development",
        "proposal_kind": "visible_linework_review_only",
        "backend": "archaeotrace_ink_v2_centerline",
        "upstream_commit": "7960acddb4e82855e2088fdfdd2244799b63775c",
        "pixel_length": 26.314,
        "point_count": 6,
        "confidence": 1.0,
        "review_status": "unreviewed"
      },
      "geometry": {
        "type": "LineString",
        "coordinates": [
          [
            127.17670871509874,
            36.29051469513937
          ],
          [
            127.17670871509874,
            36.290361167250005
          ],
          [
            127.17680307371145,
            36.29028440330532
          ],
          [
            127.1768502530178,
            36.290130875415954
          ],
          [
            127.17722768746866,
            36.29005411147127
          ],
          [
            127.17746358400044,
            36.29016925738829
          ]
        ]
      }
    },
    {
      "type": "Feature",
      "properties": {
        "proposal_id": "ink-line-35",
        "tile_id": "177-nonsan-mountain",
        "sheet_id": "177-nonsan",
        "split": "development",
        "proposal_kind": "visible_linework_review_only",
        "backend": "archaeotrace_ink_v2_centerline",
        "upstream_commit": "7960acddb4e82855e2088fdfdd2244799b63775c",
        "pixel_length": 46.142,
        "point_count": 8,
        "confidence": 1.0,
        "review_status": "unreviewed"
      },
      "geometry": {
        "type": "LineString",
        "coordinates": [
          [
            127.17694461163052,
            36.30698056127412
          ],
          [
            127.1771805081623,
            36.306942179301785
          ],
          [
            127.17741640469409,
            36.30682703338476
          ],
          [
            127.17788819775764,
            36.30682703338476
          ],
          [
            127.17802973567672,
            36.30675026944007
          ],
          [
            127.1783599908212,
            36.306711887467735
          ],
          [
            127.17859588735298,
            36.306596741550706
          ],
          [
            127.17892614249747,
            36.306596741550706
          ]
        ]
      }
    },
    {
      "type": "Feature",
      "properties": {
        "proposal_id": "ink-line-36",
        "tile_id": "177-nonsan-mountain",
        "sheet_id": "177-nonsan",
        "split": "development",
        "proposal_kind": "visible_linework_review_only",
        "backend": "archaeotrace_ink_v2_centerline",
        "upstream_commit": "7960acddb4e82855e2088fdfdd2244799b63775c",
        "pixel_length": 22.485,
        "point_count": 3,
        "confidence": 1.0,
        "review_status": "unreviewed"
      },
      "geometry": {
        "type": "LineString",
        "coordinates": [
          [
            127.1771805081623,
            36.31177830781689
          ],
          [
            127.17769948053221,
            36.31162477992752
          ],
          [
            127.17812409428943,
            36.3117015438722
          ]
        ]
      }
    },
    {
      "type": "Feature",
      "properties": {
        "proposal_id": "ink-line-37",
        "tile_id": "177-nonsan-mountain",
        "sheet_id": "177-nonsan",
        "split": "development",
        "proposal_kind": "visible_linework_review_only",
        "backend": "archaeotrace_ink_v2_centerline",
        "upstream_commit": "7960acddb4e82855e2088fdfdd2244799b63775c",
        "pixel_length": 25.071,
        "point_count": 8,
        "confidence": 1.0,
        "review_status": "unreviewed"
      },
      "geometry": {
        "type": "LineString",
        "coordinates": [
          [
            127.17722768746866,
            36.29423774645655
          ],
          [
            127.17732204608137,
            36.29412260053953
          ],
          [
            127.17732204608137,
            36.293969072650164
          ],
          [
            127.17736922538772,
            36.29393069067782
          ],
          [
            127.17732204608137,
            36.29389230870548
          ],
          [
            127.17732204608137,
            36.293738780816106
          ],
          [
            127.17736922538772,
            36.29370039884377
          ],
          [
            127.17779383914493,
            36.29370039884377
          ]
        ]
      }
    },
    {
      "type": "Feature",
      "properties": {
        "proposal_id": "ink-line-38",
        "tile_id": "177-nonsan-mountain",
        "sheet_id": "177-nonsan",
        "split": "development",
        "proposal_kind": "visible_linework_review_only",
        "backend": "archaeotrace_ink_v2_centerline",
        "upstream_commit": "7960acddb4e82855e2088fdfdd2244799b63775c",
        "pixel_length": 21.657,
        "point_count": 3,
        "confidence": 1.0,
        "review_status": "unreviewed"
      },
      "geometry": {
        "type": "LineString",
        "coordinates": [
          [
            127.17727486677501,
            36.31592356082983
          ],
          [
            127.17784101845129,
            36.315961942802176
          ],
          [
            127.17821845290213,
            36.31584679688515
          ]
        ]
      }
    },
    {
      "type": "Feature",
      "properties": {
        "proposal_id": "ink-line-39",
        "tile_id": "177-nonsan-mountain",
        "sheet_id": "177-nonsan",
        "split": "development",
        "proposal_kind": "visible_linework_review_only",
        "backend": "archaeotrace_ink_v2_centerline",
        "upstream_commit": "7960acddb4e82855e2088fdfdd2244799b63775c",
        "pixel_length": 18.071,
        "point_count": 5,
        "confidence": 1.0,
        "review_status": "unreviewed"
      },
      "geometry": {
        "type": "LineString",
        "coordinates": [
          [
            127.17736922538772,
            36.28874912441164
          ],
          [
            127.17765230122586,
            36.28874912441164
          ],
          [
            127.17779383914493,
            36.28863397849461
          ],
          [
            127.17779383914493,
            36.288442068632904
          ],
          [
            127.17769948053221,
            36.28836530468822
          ]
        ]
      }
    },
    {
      "type": "Feature",
      "properties": {
        "proposal_id": "ink-line-40",
        "tile_id": "177-nonsan-mountain",
        "sheet_id": "177-nonsan",
        "split": "development",
        "proposal_kind": "visible_linework_review_only",
        "backend": "archaeotrace_ink_v2_centerline",
        "upstream_commit": "7960acddb4e82855e2088fdfdd2244799b63775c",
        "pixel_length": 25.071,
        "point_count": 7,
        "confidence": 1.0,
        "review_status": "unreviewed"
      },
      "geometry": {
        "type": "LineString",
        "coordinates": [
          [
            127.17788819775764,
            36.32325451754717
          ],
          [
            127.17779383914493,
            36.32333128149185
          ],
          [
            127.17779383914493,
            36.323446427408875
          ],
          [
            127.17788819775764,
            36.32352319135356
          ],
          [
            127.17821845290213,
            36.32352319135356
          ],
          [
            127.1782656322085,
            36.32348480938122
          ],
          [
            127.1782656322085,
            36.32317775360249
          ]
        ]
      }
    },
    {
      "type": "Feature",
      "properties": {
        "proposal_id": "ink-line-41",
        "tile_id": "177-nonsan-mountain",
        "sheet_id": "177-nonsan",
        "split": "development",
        "proposal_kind": "visible_linework_review_only",
        "backend": "archaeotrace_ink_v2_centerline",
        "upstream_commit": "7960acddb4e82855e2088fdfdd2244799b63775c",
        "pixel_length": 18.243,
        "point_count": 3,
        "confidence": 1.0,
        "review_status": "unreviewed"
      },
      "geometry": {
        "type": "LineString",
        "coordinates": [
          [
            127.17831281151484,
            36.30095459161642
          ],
          [
            127.17854870804663,
            36.300877827671734
          ],
          [
            127.1791148597229,
            36.300839445699395
          ]
        ]
      }
    },
    {
      "type": "Feature",
      "properties": {
        "proposal_id": "ink-line-42",
        "tile_id": "177-nonsan-mountain",
        "sheet_id": "177-nonsan",
        "split": "development",
        "proposal_kind": "visible_linework_review_only",
        "backend": "archaeotrace_ink_v2_centerline",
        "upstream_commit": "7960acddb4e82855e2088fdfdd2244799b63775c",
        "pixel_length": 19.899,
        "point_count": 5,
        "confidence": 1.0,
        "review_status": "unreviewed"
      },
      "geometry": {
        "type": "LineString",
        "coordinates": [
          [
            127.1783599908212,
            36.323791865159954
          ],
          [
            127.17859588735298,
            36.32390701107698
          ],
          [
            127.17883178388476,
            36.32394539304933
          ],
          [
            127.17887896319112,
            36.32386862910464
          ],
          [
            127.17878460457841,
            36.32367671924293
          ]
        ]
      }
    },
    {
      "type": "Feature",
      "properties": {
        "proposal_id": "ink-line-43",
        "tile_id": "177-nonsan-mountain",
        "sheet_id": "177-nonsan",
        "split": "development",
        "proposal_kind": "visible_linework_review_only",
        "backend": "archaeotrace_ink_v2_centerline",
        "upstream_commit": "7960acddb4e82855e2088fdfdd2244799b63775c",
        "pixel_length": 21.243,
        "point_count": 6,
        "confidence": 1.0,
        "review_status": "unreviewed"
      },
      "geometry": {
        "type": "LineString",
        "coordinates": [
          [
            127.17845434943392,
            36.32110512709601
          ],
          [
            127.17850152874027,
            36.32125865498538
          ],
          [
            127.17850152874027,
            36.32156571076412
          ],
          [
            127.17845434943392,
            36.32160409273646
          ],
          [
            127.17850152874027,
            36.3216424747088
          ],
          [
            127.17850152874027,
            36.32187276654285
          ]
        ]
      }
    },
    {
      "type": "Feature",
      "properties": {
        "proposal_id": "ink-line-44",
        "tile_id": "177-nonsan-mountain",
        "sheet_id": "177-nonsan",
        "split": "development",
        "proposal_kind": "visible_linework_review_only",
        "backend": "archaeotrace_ink_v2_centerline",
        "upstream_commit": "7960acddb4e82855e2088fdfdd2244799b63775c",
        "pixel_length": 35.971,
        "point_count": 5,
        "confidence": 1.0,
        "review_status": "unreviewed"
      },
      "geometry": {
        "type": "LineString",
        "coordinates": [
          [
            127.17864306665935,
            36.287444137352004
          ],
          [
            127.1786902459657,
            36.287175463545616
          ],
          [
            127.17845434943392,
            36.28675326184985
          ],
          [
            127.17845434943392,
            36.28656135198814
          ],
          [
            127.17873742527206,
            36.28625429620941
          ]
        ]
      }
    },
    {
      "type": "Feature",
      "properties": {
        "proposal_id": "ink-line-45",
        "tile_id": "177-nonsan-mountain",
        "sheet_id": "177-nonsan",
        "split": "development",
        "proposal_kind": "visible_linework_review_only",
        "backend": "archaeotrace_ink_v2_centerline",
        "upstream_commit": "7960acddb4e82855e2088fdfdd2244799b63775c",
        "pixel_length": 29.485,
        "point_count": 6,
        "confidence": 1.0,
        "review_status": "unreviewed"
      },
      "geometry": {
        "type": "LineString",
        "coordinates": [
          [
            127.1786902459657,
            36.29005411147127
          ],
          [
            127.17878460457841,
            36.28993896555424
          ],
          [
            127.17878460457841,
            36.28974705569253
          ],
          [
            127.17864306665935,
            36.28936323596911
          ],
          [
            127.17864306665935,
            36.28909456216272
          ],
          [
            127.1786902459657,
            36.28901779821803
          ]
        ]
      }
    },
    {
      "type": "Feature",
      "properties": {
        "proposal_id": "ink-line-46",
        "tile_id": "177-nonsan-mountain",
        "sheet_id": "177-nonsan",
        "split": "development",
        "proposal_kind": "visible_linework_review_only",
        "backend": "archaeotrace_ink_v2_centerline",
        "upstream_commit": "7960acddb4e82855e2088fdfdd2244799b63775c",
        "pixel_length": 25.243,
        "point_count": 4,
        "confidence": 1.0,
        "review_status": "unreviewed"
      },
      "geometry": {
        "type": "LineString",
        "coordinates": [
          [
            127.17902050111019,
            36.32336966346419
          ],
          [
            127.17902050111019,
            36.32290907979609
          ],
          [
            127.17920921833561,
            36.32279393387906
          ],
          [
            127.17958665278647,
            36.32279393387906
          ]
        ]
      }
    },
    {
      "type": "Feature",
      "properties": {
        "proposal_id": "ink-line-47",
        "tile_id": "177-nonsan-mountain",
        "sheet_id": "177-nonsan",
        "split": "development",
        "proposal_kind": "visible_linework_review_only",
        "backend": "archaeotrace_ink_v2_centerline",
        "upstream_commit": "7960acddb4e82855e2088fdfdd2244799b63775c",
        "pixel_length": 29.828,
        "point_count": 5,
        "confidence": 1.0,
        "review_status": "unreviewed"
      },
      "geometry": {
        "type": "LineString",
        "coordinates": [
          [
            127.17902050111019,
            36.31811133325333
          ],
          [
            127.17902050111019,
            36.31830324311504
          ],
          [
            127.17906768041655,
            36.318341625087385
          ],
          [
            127.17906768041655,
            36.319147646506565
          ],
          [
            127.1791148597229,
            36.31922441045125
          ]
        ]
      }
    },
    {
      "type": "Feature",
      "properties": {
        "proposal_id": "ink-line-48",
        "tile_id": "177-nonsan-mountain",
        "sheet_id": "177-nonsan",
        "split": "development",
        "proposal_kind": "visible_linework_review_only",
        "backend": "archaeotrace_ink_v2_centerline",
        "upstream_commit": "7960acddb4e82855e2088fdfdd2244799b63775c",
        "pixel_length": 20.243,
        "point_count": 4,
        "confidence": 1.0,
        "review_status": "unreviewed"
      },
      "geometry": {
        "type": "LineString",
        "coordinates": [
          [
            127.17963383209282,
            36.32010719581512
          ],
          [
            127.17963383209282,
            36.320260723704486
          ],
          [
            127.1797753700119,
            36.320606161455565
          ],
          [
            127.1797753700119,
            36.320836453289616
          ]
        ]
      }
    },
    {
      "type": "Feature",
      "properties": {
        "proposal_id": "ink-line-49",
        "tile_id": "177-nonsan-mountain",
        "sheet_id": "177-nonsan",
        "split": "development",
        "proposal_kind": "visible_linework_review_only",
        "backend": "archaeotrace_ink_v2_centerline",
        "upstream_commit": "7960acddb4e82855e2088fdfdd2244799b63775c",
        "pixel_length": 19.243,
        "point_count": 4,
        "confidence": 1.0,
        "review_status": "unreviewed"
      },
      "geometry": {
        "type": "LineString",
        "coordinates": [
          [
            127.17972819070553,
            36.289785437664875
          ],
          [
            127.17972819070553,
            36.289439999913796
          ],
          [
            127.17982254931825,
            36.28932485399677
          ],
          [
            127.17986972862461,
            36.28909456216272
          ]
        ]
      }
    },
    {
      "type": "Feature",
      "properties": {
        "proposal_id": "ink-line-50",
        "tile_id": "177-nonsan-mountain",
        "sheet_id": "177-nonsan",
        "split": "development",
        "proposal_kind": "visible_linework_review_only",
        "backend": "archaeotrace_ink_v2_centerline",
        "upstream_commit": "7960acddb4e82855e2088fdfdd2244799b63775c",
        "pixel_length": 36.485,
        "point_count": 7,
        "confidence": 1.0,
        "review_status": "unreviewed"
      },
      "geometry": {
        "type": "LineString",
        "coordinates": [
          [
            127.17996408723732,
            36.32075968934493
          ],
          [
            127.18001126654367,
            36.320491015538536
          ],
          [
            127.18015280446274,
            36.320260723704486
          ],
          [
            127.18015280446274,
            36.32010719581512
          ],
          [
            127.1801999837691,
            36.320068813842774
          ],
          [
            127.1801999837691,
            36.31956984820233
          ],
          [
            127.18024716307545,
            36.3194547022853
          ]
        ]
      }
    },
    {
      "type": "Feature",
      "properties": {
        "proposal_id": "ink-line-51",
        "tile_id": "177-nonsan-mountain",
        "sheet_id": "177-nonsan",
        "split": "development",
        "proposal_kind": "visible_linework_review_only",
        "backend": "archaeotrace_ink_v2_centerline",
        "upstream_commit": "7960acddb4e82855e2088fdfdd2244799b63775c",
        "pixel_length": 19.485,
        "point_count": 4,
        "confidence": 1.0,
        "review_status": "unreviewed"
      },
      "geometry": {
        "type": "LineString",
        "coordinates": [
          [
            127.18005844585002,
            36.28901779821803
          ],
          [
            127.18015280446274,
            36.28897941624569
          ],
          [
            127.18048305960724,
            36.28897941624569
          ],
          [
            127.18086049405808,
            36.2891713261074
          ]
        ]
      }
    },
    {
      "type": "Feature",
      "properties": {
        "proposal_id": "ink-line-52",
        "tile_id": "177-nonsan-mountain",
        "sheet_id": "177-nonsan",
        "split": "development",
        "proposal_kind": "visible_linework_review_only",
        "backend": "archaeotrace_ink_v2_centerline",
        "upstream_commit": "7960acddb4e82855e2088fdfdd2244799b63775c",
        "pixel_length": 29.899,
        "point_count": 6,
        "confidence": 1.0,
        "review_status": "unreviewed"
      },
      "geometry": {
        "type": "LineString",
        "coordinates": [
          [
            127.18010562515639,
            36.31772751352991
          ],
          [
            127.18010562515639,
            36.31788104141928
          ],
          [
            127.18001126654367,
            36.31811133325333
          ],
          [
            127.18001126654367,
            36.318456771004406
          ],
          [
            127.1801999837691,
            36.31864868086612
          ],
          [
            127.18034152168816,
            36.31868706283846
          ]
        ]
      }
    },
    {
      "type": "Feature",
      "properties": {
        "proposal_id": "ink-line-53",
        "tile_id": "177-nonsan-mountain",
        "sheet_id": "177-nonsan",
        "split": "development",
        "proposal_kind": "visible_linework_review_only",
        "backend": "archaeotrace_ink_v2_centerline",
        "upstream_commit": "7960acddb4e82855e2088fdfdd2244799b63775c",
        "pixel_length": 24.657,
        "point_count": 3,
        "confidence": 1.0,
        "review_status": "unreviewed"
      },
      "geometry": {
        "type": "LineString",
        "coordinates": [
          [
            127.18010562515639,
            36.317458839723514
          ],
          [
            127.18005844585002,
            36.31684472816604
          ],
          [
            127.1801999837691,
            36.31657605435964
          ]
        ]
      }
    },
    {
      "type": "Feature",
      "properties": {
        "proposal_id": "ink-line-54",
        "tile_id": "177-nonsan-mountain",
        "sheet_id": "177-nonsan",
        "split": "development",
        "proposal_kind": "visible_linework_review_only",
        "backend": "archaeotrace_ink_v2_centerline",
        "upstream_commit": "7960acddb4e82855e2088fdfdd2244799b63775c",
        "pixel_length": 29.071,
        "point_count": 5,
        "confidence": 1.0,
        "review_status": "unreviewed"
      },
      "geometry": {
        "type": "LineString",
        "coordinates": [
          [
            127.18024716307545,
            36.306366449716656
          ],
          [
            127.18053023891359,
            36.30632806774431
          ],
          [
            127.18114356989622,
            36.30644321366134
          ],
          [
            127.18147382504071,
            36.30644321366134
          ],
          [
            127.18152100434708,
            36.306404831688994
          ]
        ]
      }
    },
    {
      "type": "Feature",
      "properties": {
        "proposal_id": "ink-line-55",
        "tile_id": "177-nonsan-mountain",
        "sheet_id": "177-nonsan",
        "split": "development",
        "proposal_kind": "visible_linework_review_only",
        "backend": "archaeotrace_ink_v2_centerline",
        "upstream_commit": "7960acddb4e82855e2088fdfdd2244799b63775c",
        "pixel_length": 30.485,
        "point_count": 6,
        "confidence": 1.0,
        "review_status": "unreviewed"
      },
      "geometry": {
        "type": "LineString",
        "coordinates": [
          [
            127.18038870099453,
            36.3090531877806
          ],
          [
            127.18071895613902,
            36.30912995172528
          ],
          [
            127.18114356989622,
            36.30912995172528
          ],
          [
            127.18119074920259,
            36.30916833369763
          ],
          [
            127.18156818365343,
            36.30916833369763
          ],
          [
            127.1817097215725,
            36.3090531877806
          ]
        ]
      }
    },
    {
      "type": "Feature",
      "properties": {
        "proposal_id": "ink-line-56",
        "tile_id": "177-nonsan-mountain",
        "sheet_id": "177-nonsan",
        "split": "development",
        "proposal_kind": "visible_linework_review_only",
        "backend": "archaeotrace_ink_v2_centerline",
        "upstream_commit": "7960acddb4e82855e2088fdfdd2244799b63775c",
        "pixel_length": 23.071,
        "point_count": 5,
        "confidence": 1.0,
        "review_status": "unreviewed"
      },
      "geometry": {
        "type": "LineString",
        "coordinates": [
          [
            127.18053023891359,
            36.29834461749716
          ],
          [
            127.18071895613902,
            36.29834461749716
          ],
          [
            127.18076613544537,
            36.2983829994695
          ],
          [
            127.18123792850893,
            36.29834461749716
          ],
          [
            127.18152100434708,
            36.29822947158013
          ]
        ]
      }
    },
    {
      "type": "Feature",
      "properties": {
        "proposal_id": "ink-line-57",
        "tile_id": "177-nonsan-mountain",
        "sheet_id": "177-nonsan",
        "split": "development",
        "proposal_kind": "visible_linework_review_only",
        "backend": "archaeotrace_ink_v2_centerline",
        "upstream_commit": "7960acddb4e82855e2088fdfdd2244799b63775c",
        "pixel_length": 23.243,
        "point_count": 5,
        "confidence": 1.0,
        "review_status": "unreviewed"
      },
      "geometry": {
        "type": "LineString",
        "coordinates": [
          [
            127.18057741821995,
            36.3158084149128
          ],
          [
            127.1806245975263,
            36.31527106730002
          ],
          [
            127.18067177683265,
            36.31523268532767
          ],
          [
            127.1806245975263,
            36.315194303355334
          ],
          [
            127.1806245975263,
            36.314964011521276
          ]
        ]
      }
    },
    {
      "type": "Feature",
      "properties": {
        "proposal_id": "ink-line-58",
        "tile_id": "177-nonsan-mountain",
        "sheet_id": "177-nonsan",
        "split": "development",
        "proposal_kind": "visible_linework_review_only",
        "backend": "archaeotrace_ink_v2_centerline",
        "upstream_commit": "7960acddb4e82855e2088fdfdd2244799b63775c",
        "pixel_length": 19.828,
        "point_count": 4,
        "confidence": 1.0,
        "review_status": "unreviewed"
      },
      "geometry": {
        "type": "LineString",
        "coordinates": [
          [
            127.18057741821995,
            36.30678865141242
          ],
          [
            127.18104921128351,
            36.30678865141242
          ],
          [
            127.18109639058987,
            36.30682703338476
          ],
          [
            127.18147382504071,
            36.3068654153571
          ]
        ]
      }
    },
    {
      "type": "Feature",
      "properties": {
        "proposal_id": "ink-line-59",
        "tile_id": "177-nonsan-mountain",
        "sheet_id": "177-nonsan",
        "split": "development",
        "proposal_kind": "visible_linework_review_only",
        "backend": "archaeotrace_ink_v2_centerline",
        "upstream_commit": "7960acddb4e82855e2088fdfdd2244799b63775c",
        "pixel_length": 31.556,
        "point_count": 8,
        "confidence": 1.0,
        "review_status": "unreviewed"
      },
      "geometry": {
        "type": "LineString",
        "coordinates": [
          [
            127.18081331475173,
            36.31807295128099
          ],
          [
            127.1809548526708,
            36.318264861142694
          ],
          [
            127.18114356989622,
            36.318264861142694
          ],
          [
            127.1812851078153,
            36.31814971522567
          ],
          [
            127.18123792850893,
            36.31811133325333
          ],
          [
            127.18123792850893,
            36.31795780536396
          ],
          [
            127.18142664573436,
            36.317919423391615
          ],
          [
            127.18156818365343,
            36.31814971522567
          ]
        ]
      }
    },
    {
      "type": "Feature",
      "properties": {
        "proposal_id": "ink-line-60",
        "tile_id": "177-nonsan-mountain",
        "sheet_id": "177-nonsan",
        "split": "development",
        "proposal_kind": "visible_linework_review_only",
        "backend": "archaeotrace_ink_v2_centerline",
        "upstream_commit": "7960acddb4e82855e2088fdfdd2244799b63775c",
        "pixel_length": 24.828,
        "point_count": 4,
        "confidence": 1.0,
        "review_status": "unreviewed"
      },
      "geometry": {
        "type": "LineString",
        "coordinates": [
          [
            127.18100203197716,
            36.31603870674686
          ],
          [
            127.1809548526708,
            36.315885178857485
          ],
          [
            127.18100203197716,
            36.31577003294046
          ],
          [
            127.18100203197716,
            36.31511753941064
          ]
        ]
      }
    },
    {
      "type": "Feature",
      "properties": {
        "proposal_id": "ink-line-61",
        "tile_id": "177-nonsan-mountain",
        "sheet_id": "177-nonsan",
        "split": "development",
        "proposal_kind": "visible_linework_review_only",
        "backend": "archaeotrace_ink_v2_centerline",
        "upstream_commit": "7960acddb4e82855e2088fdfdd2244799b63775c",
        "pixel_length": 42.071,
        "point_count": 5,
        "confidence": 1.0,
        "review_status": "unreviewed"
      },
      "geometry": {
        "type": "LineString",
        "coordinates": [
          [
            127.181379466428,
            36.29446803829061
          ],
          [
            127.18152100434708,
            36.29481347604169
          ],
          [
            127.18152100434708,
            36.29558111548853
          ],
          [
            127.18147382504071,
            36.29561949746087
          ],
          [
            127.18142664573436,
            36.296003317184294
          ]
        ]
      }
    },
    {
      "type": "Feature",
      "properties": {
        "proposal_id": "ink-line-62",
        "tile_id": "177-nonsan-mountain",
        "sheet_id": "177-nonsan",
        "split": "development",
        "proposal_kind": "visible_linework_review_only",
        "backend": "archaeotrace_ink_v2_centerline",
        "upstream_commit": "7960acddb4e82855e2088fdfdd2244799b63775c",
        "pixel_length": 19.828,
        "point_count": 3,
        "confidence": 1.0,
        "review_status": "unreviewed"
      },
      "geometry": {
        "type": "LineString",
        "coordinates": [
          [
            127.1817097215725,
            36.29251055770116
          ],
          [
            127.1817097215725,
            36.29201159206072
          ],
          [
            127.18180408018522,
            36.29178130022666
          ]
        ]
      }
    },
    {
      "type": "Feature",
      "properties": {
        "proposal_id": "ink-line-63",
        "tile_id": "177-nonsan-mountain",
        "sheet_id": "177-nonsan",
        "split": "development",
        "proposal_kind": "visible_linework_review_only",
        "backend": "archaeotrace_ink_v2_centerline",
        "upstream_commit": "7960acddb4e82855e2088fdfdd2244799b63775c",
        "pixel_length": 19.657,
        "point_count": 3,
        "confidence": 1.0,
        "review_status": "unreviewed"
      },
      "geometry": {
        "type": "LineString",
        "coordinates": [
          [
            127.18227587324877,
            36.31438828193615
          ],
          [
            127.18293638353776,
            36.31446504588083
          ],
          [
            127.18312510076319,
            36.31454180982551
          ]
        ]
      }
    },
    {
      "type": "Feature",
      "properties": {
        "proposal_id": "ink-line-64",
        "tile_id": "177-nonsan-mountain",
        "sheet_id": "177-nonsan",
        "split": "development",
        "proposal_kind": "visible_linework_review_only",
        "backend": "archaeotrace_ink_v2_centerline",
        "upstream_commit": "7960acddb4e82855e2088fdfdd2244799b63775c",
        "pixel_length": 21.071,
        "point_count": 5,
        "confidence": 1.0,
        "review_status": "unreviewed"
      },
      "geometry": {
        "type": "LineString",
        "coordinates": [
          [
            127.18232305255513,
            36.29185806417135
          ],
          [
            127.18227587324877,
            36.29189644614369
          ],
          [
            127.18227587324877,
            36.292165119950084
          ],
          [
            127.18222869394242,
            36.29224188389477
          ],
          [
            127.18237023186148,
            36.29258732164585
          ]
        ]
      }
    },
    {
      "type": "Feature",
      "properties": {
        "proposal_id": "ink-line-65",
        "tile_id": "177-nonsan-mountain",
        "sheet_id": "177-nonsan",
        "split": "development",
        "proposal_kind": "visible_linework_review_only",
        "backend": "archaeotrace_ink_v2_centerline",
        "upstream_commit": "7960acddb4e82855e2088fdfdd2244799b63775c",
        "pixel_length": 18.485,
        "point_count": 3,
        "confidence": 1.0,
        "review_status": "unreviewed"
      },
      "geometry": {
        "type": "LineString",
        "coordinates": [
          [
            127.1824645904742,
            36.297001248465186
          ],
          [
            127.18265330769962,
            36.29696286649284
          ],
          [
            127.18321945937589,
            36.29715477635455
          ]
        ]
      }
    },
    {
      "type": "Feature",
      "properties": {
        "proposal_id": "ink-line-66",
        "tile_id": "177-nonsan-mountain",
        "sheet_id": "177-nonsan",
        "split": "development",
        "proposal_kind": "visible_linework_review_only",
        "backend": "archaeotrace_ink_v2_centerline",
        "upstream_commit": "7960acddb4e82855e2088fdfdd2244799b63775c",
        "pixel_length": 24.485,
        "point_count": 4,
        "confidence": 1.0,
        "review_status": "unreviewed"
      },
      "geometry": {
        "type": "LineString",
        "coordinates": [
          [
            127.18350253521403,
            36.32214144034925
          ],
          [
            127.1835497145204,
            36.32198791245988
          ],
          [
            127.18350253521403,
            36.3216424747088
          ],
          [
            127.18369125243946,
            36.32129703695772
          ]
        ]
      }
    },
    {
      "type": "Feature",
      "properties": {
        "proposal_id": "ink-line-67",
        "tile_id": "177-nonsan-mountain",
        "sheet_id": "177-nonsan",
        "split": "development",
        "proposal_kind": "visible_linework_review_only",
        "backend": "archaeotrace_ink_v2_centerline",
        "upstream_commit": "7960acddb4e82855e2088fdfdd2244799b63775c",
        "pixel_length": 25.899,
        "point_count": 5,
        "confidence": 1.0,
        "review_status": "unreviewed"
      },
      "geometry": {
        "type": "LineString",
        "coordinates": [
          [
            127.1835497145204,
            36.31649929041496
          ],
          [
            127.18345535590768,
            36.31638414449794
          ],
          [
            127.18340817660132,
            36.31592356082983
          ],
          [
            127.18345535590768,
            36.31577003294046
          ],
          [
            127.18359689382675,
            36.315616505051096
          ]
        ]
      }
    },
    {
      "type": "Feature",
      "properties": {
        "proposal_id": "ink-line-68",
        "tile_id": "177-nonsan-mountain",
        "sheet_id": "177-nonsan",
        "split": "development",
        "proposal_kind": "visible_linework_review_only",
        "backend": "archaeotrace_ink_v2_centerline",
        "upstream_commit": "7960acddb4e82855e2088fdfdd2244799b63775c",
        "pixel_length": 23.485,
        "point_count": 5,
        "confidence": 1.0,
        "review_status": "unreviewed"
      },
      "geometry": {
        "type": "LineString",
        "coordinates": [
          [
            127.18383279035852,
            36.294084218567185
          ],
          [
            127.1839743282776,
            36.294199364484214
          ],
          [
            127.1839743282776,
            36.29435289237358
          ],
          [
            127.18416304550303,
            36.29469833012466
          ],
          [
            127.18416304550303,
            36.29485185801403
          ]
        ]
      }
    },
    {
      "type": "Feature",
      "properties": {
        "proposal_id": "ink-line-69",
        "tile_id": "177-nonsan-mountain",
        "sheet_id": "177-nonsan",
        "split": "development",
        "proposal_kind": "visible_linework_review_only",
        "backend": "archaeotrace_ink_v2_centerline",
        "upstream_commit": "7960acddb4e82855e2088fdfdd2244799b63775c",
        "pixel_length": 18.243,
        "point_count": 4,
        "confidence": 1.0,
        "review_status": "unreviewed"
      },
      "geometry": {
        "type": "LineString",
        "coordinates": [
          [
            127.1839743282776,
            36.32052939751088
          ],
          [
            127.18416304550303,
            36.320606161455565
          ],
          [
            127.18463483856658,
            36.320606161455565
          ],
          [
            127.18477637648566,
            36.32056777948322
          ]
        ]
      }
    },
    {
      "type": "Feature",
      "properties": {
        "proposal_id": "ink-line-70",
        "tile_id": "177-nonsan-mountain",
        "sheet_id": "177-nonsan",
        "split": "development",
        "proposal_kind": "visible_linework_review_only",
        "backend": "archaeotrace_ink_v2_centerline",
        "upstream_commit": "7960acddb4e82855e2088fdfdd2244799b63775c",
        "pixel_length": 20.828,
        "point_count": 4,
        "confidence": 1.0,
        "review_status": "unreviewed"
      },
      "geometry": {
        "type": "LineString",
        "coordinates": [
          [
            127.18406868689031,
            36.30767143677628
          ],
          [
            127.18402150758395,
            36.30817040241673
          ],
          [
            127.18406868689031,
            36.30820878438907
          ],
          [
            127.18435176272845,
            36.30820878438907
          ]
        ]
      }
    },
    {
      "type": "Feature",
      "properties": {
        "proposal_id": "ink-line-71",
        "tile_id": "177-nonsan-mountain",
        "sheet_id": "177-nonsan",
        "split": "development",
        "proposal_kind": "visible_linework_review_only",
        "backend": "archaeotrace_ink_v2_centerline",
        "upstream_commit": "7960acddb4e82855e2088fdfdd2244799b63775c",
        "pixel_length": 21.657,
        "point_count": 3,
        "confidence": 1.0,
        "review_status": "unreviewed"
      },
      "geometry": {
        "type": "LineString",
        "coordinates": [
          [
            127.18416304550303,
            36.30241310656542
          ],
          [
            127.1847291971793,
            36.30245148853776
          ],
          [
            127.18510663163015,
            36.302336342620734
          ]
        ]
      }
    },
    {
      "type": "Feature",
      "properties": {
        "proposal_id": "ink-line-72",
        "tile_id": "177-nonsan-mountain",
        "sheet_id": "177-nonsan",
        "split": "development",
        "proposal_kind": "visible_linework_review_only",
        "backend": "archaeotrace_ink_v2_centerline",
        "upstream_commit": "7960acddb4e82855e2088fdfdd2244799b63775c",
        "pixel_length": 21.243,
        "point_count": 3,
        "confidence": 1.0,
        "review_status": "unreviewed"
      },
      "geometry": {
        "type": "LineString",
        "coordinates": [
          [
            127.18421022480938,
            36.29492862195871
          ],
          [
            127.18430458342209,
            36.295657879433215
          ],
          [
            127.18435176272845,
            36.29569626140555
          ]
        ]
      }
    },
    {
      "type": "Feature",
      "properties": {
        "proposal_id": "ink-line-73",
        "tile_id": "177-nonsan-mountain",
        "sheet_id": "177-nonsan",
        "split": "development",
        "proposal_kind": "visible_linework_review_only",
        "backend": "archaeotrace_ink_v2_centerline",
        "upstream_commit": "7960acddb4e82855e2088fdfdd2244799b63775c",
        "pixel_length": 34.071,
        "point_count": 5,
        "confidence": 1.0,
        "review_status": "unreviewed"
      },
      "geometry": {
        "type": "LineString",
        "coordinates": [
          [
            127.18430458342209,
            36.32102836315133
          ],
          [
            127.18468201787294,
            36.32098998117898
          ],
          [
            127.1847291971793,
            36.32102836315133
          ],
          [
            127.18543688677464,
            36.321066745123666
          ],
          [
            127.1858143212255,
            36.32114350906836
          ]
        ]
      }
    },
    {
      "type": "Feature",
      "properties": {
        "proposal_id": "ink-line-74",
        "tile_id": "177-nonsan-mountain",
        "sheet_id": "177-nonsan",
        "split": "development",
        "proposal_kind": "visible_linework_review_only",
        "backend": "archaeotrace_ink_v2_centerline",
        "upstream_commit": "7960acddb4e82855e2088fdfdd2244799b63775c",
        "pixel_length": 19.899,
        "point_count": 4,
        "confidence": 1.0,
        "review_status": "unreviewed"
      },
      "geometry": {
        "type": "LineString",
        "coordinates": [
          [
            127.18454047995387,
            36.29657904676942
          ],
          [
            127.1847291971793,
            36.29684772057582
          ],
          [
            127.1847291971793,
            36.29696286649284
          ],
          [
            127.18487073509837,
            36.29723154029924
          ]
        ]
      }
    },
    {
      "type": "Feature",
      "properties": {
        "proposal_id": "ink-line-75",
        "tile_id": "177-nonsan-mountain",
        "sheet_id": "177-nonsan",
        "split": "development",
        "proposal_kind": "visible_linework_review_only",
        "backend": "archaeotrace_ink_v2_centerline",
        "upstream_commit": "7960acddb4e82855e2088fdfdd2244799b63775c",
        "pixel_length": 21.485,
        "point_count": 3,
        "confidence": 1.0,
        "review_status": "unreviewed"
      },
      "geometry": {
        "type": "LineString",
        "coordinates": [
          [
            127.1847291971793,
            36.30417867729315
          ],
          [
            127.18505945232378,
            36.30414029532081
          ],
          [
            127.18562560400007,
            36.3039483854591
          ]
        ]
      }
    },
    {
      "type": "Feature",
      "properties": {
        "proposal_id": "ink-line-76",
        "tile_id": "177-nonsan-mountain",
        "sheet_id": "177-nonsan",
        "split": "development",
        "proposal_kind": "visible_linework_review_only",
        "backend": "archaeotrace_ink_v2_centerline",
        "upstream_commit": "7960acddb4e82855e2088fdfdd2244799b63775c",
        "pixel_length": 30.657,
        "point_count": 6,
        "confidence": 1.0,
        "review_status": "unreviewed"
      },
      "geometry": {
        "type": "LineString",
        "coordinates": [
          [
            127.18496509371109,
            36.310127883006174
          ],
          [
            127.18557842469372,
            36.310127883006174
          ],
          [
            127.18562560400007,
            36.310089501033836
          ],
          [
            127.1858143212255,
            36.310089501033836
          ],
          [
            127.18595585914456,
            36.31001273708915
          ],
          [
            127.18633329359541,
            36.30997435511681
          ]
        ]
      }
    },
    {
      "type": "Feature",
      "properties": {
        "proposal_id": "ink-line-77",
        "tile_id": "177-nonsan-mountain",
        "sheet_id": "177-nonsan",
        "split": "development",
        "proposal_kind": "visible_linework_review_only",
        "backend": "archaeotrace_ink_v2_centerline",
        "upstream_commit": "7960acddb4e82855e2088fdfdd2244799b63775c",
        "pixel_length": 37.971,
        "point_count": 7,
        "confidence": 1.0,
        "review_status": "unreviewed"
      },
      "geometry": {
        "type": "LineString",
        "coordinates": [
          [
            127.185484066081,
            36.3087845139742
          ],
          [
            127.18567278330642,
            36.30870775002952
          ],
          [
            127.1859086798382,
            36.30870775002952
          ],
          [
            127.18619175567635,
            36.308630986084836
          ],
          [
            127.18656919012719,
            36.308630986084836
          ],
          [
            127.18671072804626,
            36.30847745819547
          ],
          [
            127.18647483151447,
            36.30824716636141
          ]
        ]
      }
    },
    {
      "type": "Feature",
      "properties": {
        "proposal_id": "ink-line-78",
        "tile_id": "177-nonsan-mountain",
        "sheet_id": "177-nonsan",
        "split": "development",
        "proposal_kind": "visible_linework_review_only",
        "backend": "archaeotrace_ink_v2_centerline",
        "upstream_commit": "7960acddb4e82855e2088fdfdd2244799b63775c",
        "pixel_length": 22.657,
        "point_count": 4,
        "confidence": 1.0,
        "review_status": "unreviewed"
      },
      "geometry": {
        "type": "LineString",
        "coordinates": [
          [
            127.18553124538735,
            36.28763604721372
          ],
          [
            127.18557842469372,
            36.288211776798846
          ],
          [
            127.18562560400007,
            36.28836530468822
          ],
          [
            127.18571996261278,
            36.288442068632904
          ]
        ]
      }
    },
    {
      "type": "Feature",
      "properties": {
        "proposal_id": "ink-line-79",
        "tile_id": "177-nonsan-mountain",
        "sheet_id": "177-nonsan",
        "split": "development",
        "proposal_kind": "visible_linework_review_only",
        "backend": "archaeotrace_ink_v2_centerline",
        "upstream_commit": "7960acddb4e82855e2088fdfdd2244799b63775c",
        "pixel_length": 19.243,
        "point_count": 4,
        "confidence": 1.0,
        "review_status": "unreviewed"
      },
      "geometry": {
        "type": "LineString",
        "coordinates": [
          [
            127.18600303845092,
            36.29381554476079
          ],
          [
            127.18600303845092,
            36.29366201687142
          ],
          [
            127.18609739706363,
            36.29347010700972
          ],
          [
            127.18605021775727,
            36.29312466925864
          ]
        ]
      }
    },
    {
      "type": "Feature",
      "properties": {
        "proposal_id": "ink-line-80",
        "tile_id": "177-nonsan-mountain",
        "sheet_id": "177-nonsan",
        "split": "development",
        "proposal_kind": "visible_linework_review_only",
        "backend": "archaeotrace_ink_v2_centerline",
        "upstream_commit": "7960acddb4e82855e2088fdfdd2244799b63775c",
        "pixel_length": 44.142,
        "point_count": 6,
        "confidence": 1.0,
        "review_status": "unreviewed"
      },
      "geometry": {
        "type": "LineString",
        "coordinates": [
          [
            127.18609739706363,
            36.298267853552474
          ],
          [
            127.1870881624971,
            36.29853652735887
          ],
          [
            127.18737123833525,
            36.29853652735887
          ],
          [
            127.18741841764161,
            36.29857490933121
          ],
          [
            127.18793739001153,
            36.29853652735887
          ],
          [
            127.18798456931788,
            36.29857490933121
          ]
        ]
      }
    },
    {
      "type": "Feature",
      "properties": {
        "proposal_id": "ink-line-81",
        "tile_id": "177-nonsan-mountain",
        "sheet_id": "177-nonsan",
        "split": "development",
        "proposal_kind": "visible_linework_review_only",
        "backend": "archaeotrace_ink_v2_centerline",
        "upstream_commit": "7960acddb4e82855e2088fdfdd2244799b63775c",
        "pixel_length": 21.071,
        "point_count": 3,
        "confidence": 1.0,
        "review_status": "unreviewed"
      },
      "geometry": {
        "type": "LineString",
        "coordinates": [
          [
            127.18609739706363,
            36.29489023998637
          ],
          [
            127.18619175567635,
            36.295005385903394
          ],
          [
            127.18633329359541,
            36.29561949746087
          ]
        ]
      }
    },
    {
      "type": "Feature",
      "properties": {
        "proposal_id": "ink-line-82",
        "tile_id": "177-nonsan-mountain",
        "sheet_id": "177-nonsan",
        "split": "development",
        "proposal_kind": "visible_linework_review_only",
        "backend": "archaeotrace_ink_v2_centerline",
        "upstream_commit": "7960acddb4e82855e2088fdfdd2244799b63775c",
        "pixel_length": 44.071,
        "point_count": 4,
        "confidence": 1.0,
        "review_status": "unreviewed"
      },
      "geometry": {
        "type": "LineString",
        "coordinates": [
          [
            127.18628611428905,
            36.30406353137613
          ],
          [
            127.18704098319076,
            36.30398676743145
          ],
          [
            127.18741841764161,
            36.30406353137613
          ],
          [
            127.18826764515602,
            36.30410191334847
          ]
        ]
      }
    },
    {
      "type": "Feature",
      "properties": {
        "proposal_id": "ink-line-83",
        "tile_id": "177-nonsan-mountain",
        "sheet_id": "177-nonsan",
        "split": "development",
        "proposal_kind": "visible_linework_review_only",
        "backend": "archaeotrace_ink_v2_centerline",
        "upstream_commit": "7960acddb4e82855e2088fdfdd2244799b63775c",
        "pixel_length": 45.314,
        "point_count": 6,
        "confidence": 1.0,
        "review_status": "unreviewed"
      },
      "geometry": {
        "type": "LineString",
        "coordinates": [
          [
            127.18656919012719,
            36.30997435511681
          ],
          [
            127.18751277625431,
            36.30997435511681
          ],
          [
            127.18755995556067,
            36.30993597314447
          ],
          [
            127.1877486727861,
            36.30993597314447
          ],
          [
            127.18831482446237,
            36.30970568131041
          ],
          [
            127.18855072099416,
            36.309667299338074
          ]
        ]
      }
    },
    {
      "type": "Feature",
      "properties": {
        "proposal_id": "ink-line-84",
        "tile_id": "177-nonsan-mountain",
        "sheet_id": "177-nonsan",
        "split": "development",
        "proposal_kind": "visible_linework_review_only",
        "backend": "archaeotrace_ink_v2_centerline",
        "upstream_commit": "7960acddb4e82855e2088fdfdd2244799b63775c",
        "pixel_length": 22.071,
        "point_count": 4,
        "confidence": 1.0,
        "review_status": "unreviewed"
      },
      "geometry": {
        "type": "LineString",
        "coordinates": [
          [
            127.18675790735261,
            36.31074199456365
          ],
          [
            127.18727687972253,
            36.310703612591304
          ],
          [
            127.18751277625431,
            36.31062684864662
          ],
          [
            127.18770149347974,
            36.310703612591304
          ]
        ]
      }
    },
    {
      "type": "Feature",
      "properties": {
        "proposal_id": "ink-line-85",
        "tile_id": "177-nonsan-mountain",
        "sheet_id": "177-nonsan",
        "split": "development",
        "proposal_kind": "visible_linework_review_only",
        "backend": "archaeotrace_ink_v2_centerline",
        "upstream_commit": "7960acddb4e82855e2088fdfdd2244799b63775c",
        "pixel_length": 26.071,
        "point_count": 6,
        "confidence": 1.0,
        "review_status": "unreviewed"
      },
      "geometry": {
        "type": "LineString",
        "coordinates": [
          [
            127.18689944527168,
            36.315194303355334
          ],
          [
            127.1870881624971,
            36.315194303355334
          ],
          [
            127.18727687972253,
            36.31511753941064
          ],
          [
            127.18755995556067,
            36.31511753941064
          ],
          [
            127.1877486727861,
            36.31504077546596
          ],
          [
            127.18803174862424,
            36.31500239349362
          ]
        ]
      }
    },
    {
      "type": "Feature",
      "properties": {
        "proposal_id": "ink-line-86",
        "tile_id": "177-nonsan-mountain",
        "sheet_id": "177-nonsan",
        "split": "development",
        "proposal_kind": "visible_linework_review_only",
        "backend": "archaeotrace_ink_v2_centerline",
        "upstream_commit": "7960acddb4e82855e2088fdfdd2244799b63775c",
        "pixel_length": 19.657,
        "point_count": 4,
        "confidence": 1.0,
        "review_status": "unreviewed"
      },
      "geometry": {
        "type": "LineString",
        "coordinates": [
          [
            127.1870881624971,
            36.32313937163014
          ],
          [
            127.18713534180347,
            36.32336966346419
          ],
          [
            127.18727687972253,
            36.32359995529825
          ],
          [
            127.18727687972253,
            36.3238302471323
          ]
        ]
      }
    },
    {
      "type": "Feature",
      "properties": {
        "proposal_id": "ink-line-87",
        "tile_id": "177-nonsan-mountain",
        "sheet_id": "177-nonsan",
        "split": "development",
        "proposal_kind": "visible_linework_review_only",
        "backend": "archaeotrace_ink_v2_centerline",
        "upstream_commit": "7960acddb4e82855e2088fdfdd2244799b63775c",
        "pixel_length": 26.828,
        "point_count": 4,
        "confidence": 1.0,
        "review_status": "unreviewed"
      },
      "geometry": {
        "type": "LineString",
        "coordinates": [
          [
            127.1870881624971,
            36.30371809362505
          ],
          [
            127.18760713486702,
            36.30371809362505
          ],
          [
            127.18784303139881,
            36.303794857569734
          ],
          [
            127.18831482446237,
            36.303794857569734
          ]
        ]
      }
    },
    {
      "type": "Feature",
      "properties": {
        "proposal_id": "ink-line-88",
        "tile_id": "177-nonsan-mountain",
        "sheet_id": "177-nonsan",
        "split": "development",
        "proposal_kind": "visible_linework_review_only",
        "backend": "archaeotrace_ink_v2_centerline",
        "upstream_commit": "7960acddb4e82855e2088fdfdd2244799b63775c",
        "pixel_length": 20.243,
        "point_count": 4,
        "confidence": 1.0,
        "review_status": "unreviewed"
      },
      "geometry": {
        "type": "LineString",
        "coordinates": [
          [
            127.1870881624971,
            36.29258732164585
          ],
          [
            127.18765431417339,
            36.292625703618185
          ],
          [
            127.18779585209245,
            36.2925489396735
          ],
          [
            127.18798456931788,
            36.2925489396735
          ]
        ]
      }
    },
    {
      "type": "Feature",
      "properties": {
        "proposal_id": "ink-line-89",
        "tile_id": "177-nonsan-mountain",
        "sheet_id": "177-nonsan",
        "split": "development",
        "proposal_kind": "visible_linework_review_only",
        "backend": "archaeotrace_ink_v2_centerline",
        "upstream_commit": "7960acddb4e82855e2088fdfdd2244799b63775c",
        "pixel_length": 19.071,
        "point_count": 4,
        "confidence": 1.0,
        "review_status": "unreviewed"
      },
      "geometry": {
        "type": "LineString",
        "coordinates": [
          [
            127.18713534180347,
            36.29339334306503
          ],
          [
            127.18718252110982,
            36.29323981517566
          ],
          [
            127.18755995556067,
            36.293278197148005
          ],
          [
            127.18779585209245,
            36.29316305123098
          ]
        ]
      }
    },
    {
      "type": "Feature",
      "properties": {
        "proposal_id": "ink-line-90",
        "tile_id": "177-nonsan-mountain",
        "sheet_id": "177-nonsan",
        "split": "development",
        "proposal_kind": "visible_linework_review_only",
        "backend": "archaeotrace_ink_v2_centerline",
        "upstream_commit": "7960acddb4e82855e2088fdfdd2244799b63775c",
        "pixel_length": 22.071,
        "point_count": 7,
        "confidence": 1.0,
        "review_status": "unreviewed"
      },
      "geometry": {
        "type": "LineString",
        "coordinates": [
          [
            127.18718252110982,
            36.28905618019038
          ],
          [
            127.18722970041618,
            36.28909456216272
          ],
          [
            127.18755995556067,
            36.28909456216272
          ],
          [
            127.18760713486702,
            36.28905618019038
          ],
          [
            127.18793739001153,
            36.28905618019038
          ],
          [
            127.18798456931788,
            36.28901779821803
          ],
          [
            127.18812610723694,
            36.28909456216272
          ]
        ]
      }
    },
    {
      "type": "Feature",
      "properties": {
        "proposal_id": "ink-line-91",
        "tile_id": "177-nonsan-mountain",
        "sheet_id": "177-nonsan",
        "split": "development",
        "proposal_kind": "visible_linework_review_only",
        "backend": "archaeotrace_ink_v2_centerline",
        "upstream_commit": "7960acddb4e82855e2088fdfdd2244799b63775c",
        "pixel_length": 18.071,
        "point_count": 4,
        "confidence": 1.0,
        "review_status": "unreviewed"
      },
      "geometry": {
        "type": "LineString",
        "coordinates": [
          [
            127.18722970041618,
            36.32283231585141
          ],
          [
            127.18727687972253,
            36.32279393387906
          ],
          [
            127.18746559694796,
            36.32279393387906
          ],
          [
            127.18798456931788,
            36.32294746176843
          ]
        ]
      }
    },
    {
      "type": "Feature",
      "properties": {
        "proposal_id": "ink-line-92",
        "tile_id": "177-nonsan-mountain",
        "sheet_id": "177-nonsan",
        "split": "development",
        "proposal_kind": "visible_linework_review_only",
        "backend": "archaeotrace_ink_v2_centerline",
        "upstream_commit": "7960acddb4e82855e2088fdfdd2244799b63775c",
        "pixel_length": 19.657,
        "point_count": 3,
        "confidence": 1.0,
        "review_status": "unreviewed"
      },
      "geometry": {
        "type": "LineString",
        "coordinates": [
          [
            127.1873240590289,
            36.309552153421045
          ],
          [
            127.18765431417339,
            36.309552153421045
          ],
          [
            127.1881732865433,
            36.30939862553168
          ]
        ]
      }
    },
    {
      "type": "Feature",
      "properties": {
        "proposal_id": "ink-line-93",
        "tile_id": "177-nonsan-mountain",
        "sheet_id": "177-nonsan",
        "split": "development",
        "proposal_kind": "visible_linework_review_only",
        "backend": "archaeotrace_ink_v2_centerline",
        "upstream_commit": "7960acddb4e82855e2088fdfdd2244799b63775c",
        "pixel_length": 24.485,
        "point_count": 4,
        "confidence": 1.0,
        "review_status": "unreviewed"
      },
      "geometry": {
        "type": "LineString",
        "coordinates": [
          [
            127.18765431417339,
            36.290668223028746
          ],
          [
            127.18826764515602,
            36.290706605001084
          ],
          [
            127.18845636238144,
            36.29055307711172
          ],
          [
            127.18836200376873,
            36.29039954922235
          ]
        ]
      }
    },
    {
      "type": "Feature",
      "properties": {
        "proposal_id": "ink-line-94",
        "tile_id": "177-nonsan-mountain",
        "sheet_id": "177-nonsan",
        "split": "development",
        "proposal_kind": "visible_linework_review_only",
        "backend": "archaeotrace_ink_v2_centerline",
        "upstream_commit": "7960acddb4e82855e2088fdfdd2244799b63775c",
        "pixel_length": 18.485,
        "point_count": 4,
        "confidence": 1.0,
        "review_status": "unreviewed"
      },
      "geometry": {
        "type": "LineString",
        "coordinates": [
          [
            127.18793739001153,
            36.3124308013467
          ],
          [
            127.18812610723694,
            36.312507565291384
          ],
          [
            127.1885035416878,
            36.31254594726373
          ],
          [
            127.18869225891322,
            36.31266109318075
          ]
        ]
      }
    },
    {
      "type": "Feature",
      "properties": {
        "proposal_id": "ink-line-95",
        "tile_id": "177-nonsan-mountain",
        "sheet_id": "177-nonsan",
        "split": "development",
        "proposal_kind": "visible_linework_review_only",
        "backend": "archaeotrace_ink_v2_centerline",
        "upstream_commit": "7960acddb4e82855e2088fdfdd2244799b63775c",
        "pixel_length": 27.657,
        "point_count": 4,
        "confidence": 1.0,
        "review_status": "unreviewed"
      },
      "geometry": {
        "type": "LineString",
        "coordinates": [
          [
            127.18798456931788,
            36.322640405989695
          ],
          [
            127.18822046584965,
            36.322640405989695
          ],
          [
            127.18831482446237,
            36.32256364204501
          ],
          [
            127.18921123128314,
            36.322640405989695
          ]
        ]
      }
    },
    {
      "type": "Feature",
      "properties": {
        "proposal_id": "ink-line-96",
        "tile_id": "177-nonsan-mountain",
        "sheet_id": "177-nonsan",
        "split": "development",
        "proposal_kind": "visible_linework_review_only",
        "backend": "archaeotrace_ink_v2_centerline",
        "upstream_commit": "7960acddb4e82855e2088fdfdd2244799b63775c",
        "pixel_length": 22.071,
        "point_count": 5,
        "confidence": 1.0,
        "review_status": "unreviewed"
      },
      "geometry": {
        "type": "LineString",
        "coordinates": [
          [
            127.18812610723694,
            36.30149193922921
          ],
          [
            127.18822046584965,
            36.30149193922921
          ],
          [
            127.18831482446237,
            36.30156870317389
          ],
          [
            127.18883379683228,
            36.30160708514624
          ],
          [
            127.18906969336408,
            36.30168384909092
          ]
        ]
      }
    },
    {
      "type": "Feature",
      "properties": {
        "proposal_id": "ink-line-97",
        "tile_id": "177-nonsan-mountain",
        "sheet_id": "177-nonsan",
        "split": "development",
        "proposal_kind": "visible_linework_review_only",
        "backend": "archaeotrace_ink_v2_centerline",
        "upstream_commit": "7960acddb4e82855e2088fdfdd2244799b63775c",
        "pixel_length": 19.657,
        "point_count": 4,
        "confidence": 1.0,
        "review_status": "unreviewed"
      },
      "geometry": {
        "type": "LineString",
        "coordinates": [
          [
            127.1881732865433,
            36.29431451040124
          ],
          [
            127.18807892793059,
            36.29416098251187
          ],
          [
            127.18807892793059,
            36.29377716278845
          ],
          [
            127.1881732865433,
            36.293623634899085
          ]
        ]
      }
    },
    {
      "type": "Feature",
      "properties": {
        "proposal_id": "ink-line-98",
        "tile_id": "177-nonsan-mountain",
        "sheet_id": "177-nonsan",
        "split": "development",
        "proposal_kind": "visible_linework_review_only",
        "backend": "archaeotrace_ink_v2_centerline",
        "upstream_commit": "7960acddb4e82855e2088fdfdd2244799b63775c",
        "pixel_length": 36.899,
        "point_count": 6,
        "confidence": 1.0,
        "review_status": "unreviewed"
      },
      "geometry": {
        "type": "LineString",
        "coordinates": [
          [
            127.18845636238144,
            36.31868706283846
          ],
          [
            127.18869225891322,
            36.31861029889377
          ],
          [
            127.18954148642763,
            36.31864868086612
          ],
          [
            127.18963584504034,
            36.318571916921435
          ],
          [
            127.18963584504034,
            36.31841838903207
          ],
          [
            127.18954148642763,
            36.318226479170356
          ]
        ]
      }
    },
    {
      "type": "Feature",
      "properties": {
        "proposal_id": "ink-line-99",
        "tile_id": "177-nonsan-mountain",
        "sheet_id": "177-nonsan",
        "split": "development",
        "proposal_kind": "visible_linework_review_only",
        "backend": "archaeotrace_ink_v2_centerline",
        "upstream_commit": "7960acddb4e82855e2088fdfdd2244799b63775c",
        "pixel_length": 22.485,
        "point_count": 4,
        "confidence": 1.0,
        "review_status": "unreviewed"
      },
      "geometry": {
        "type": "LineString",
        "coordinates": [
          [
            127.18845636238144,
            36.315616505051096
          ],
          [
            127.18864507960687,
            36.315961942802176
          ],
          [
            127.18864507960687,
            36.31626899858091
          ],
          [
            127.18855072099416,
            36.31638414449794
          ]
        ]
      }
    },
    {
      "type": "Feature",
      "properties": {
        "proposal_id": "ink-line-100",
        "tile_id": "177-nonsan-mountain",
        "sheet_id": "177-nonsan",
        "split": "development",
        "proposal_kind": "visible_linework_review_only",
        "backend": "archaeotrace_ink_v2_centerline",
        "upstream_commit": "7960acddb4e82855e2088fdfdd2244799b63775c",
        "pixel_length": 26.071,
        "point_count": 6,
        "confidence": 1.0,
        "review_status": "unreviewed"
      },
      "geometry": {
        "type": "LineString",
        "coordinates": [
          [
            127.18845636238144,
            36.29450642026295
          ],
          [
            127.18883379683228,
            36.29450642026295
          ],
          [
            127.18888097613865,
            36.29454480223529
          ],
          [
            127.188928155445,
            36.29450642026295
          ],
          [
            127.1892584105895,
            36.29450642026295
          ],
          [
            127.189588665734,
            36.29462156617998
          ]
        ]
      }
    },
    {
      "type": "Feature",
      "properties": {
        "proposal_id": "ink-line-101",
        "tile_id": "177-nonsan-mountain",
        "sheet_id": "177-nonsan",
        "split": "development",
        "proposal_kind": "visible_linework_review_only",
        "backend": "archaeotrace_ink_v2_centerline",
        "upstream_commit": "7960acddb4e82855e2088fdfdd2244799b63775c",
        "pixel_length": 41.657,
        "point_count": 4,
        "confidence": 1.0,
        "review_status": "unreviewed"
      },
      "geometry": {
        "type": "LineString",
        "coordinates": [
          [
            127.1885035416878,
            36.32133541893006
          ],
          [
            127.18906969336408,
            36.32137380090241
          ],
          [
            127.18939994850857,
            36.32145056484709
          ],
          [
            127.19039071394205,
            36.321412182874745
          ]
        ]
      }
    },
    {
      "type": "Feature",
      "properties": {
        "proposal_id": "ink-line-102",
        "tile_id": "177-nonsan-mountain",
        "sheet_id": "177-nonsan",
        "split": "development",
        "proposal_kind": "visible_linework_review_only",
        "backend": "archaeotrace_ink_v2_centerline",
        "upstream_commit": "7960acddb4e82855e2088fdfdd2244799b63775c",
        "pixel_length": 20.314,
        "point_count": 4,
        "confidence": 1.0,
        "review_status": "unreviewed"
      },
      "geometry": {
        "type": "LineString",
        "coordinates": [
          [
            127.18855072099416,
            36.29335496109269
          ],
          [
            127.18902251405771,
            36.29320143320332
          ],
          [
            127.18916405197679,
            36.29308628728629
          ],
          [
            127.18911687267043,
            36.292932759396926
          ]
        ]
      }
    },
    {
      "type": "Feature",
      "properties": {
        "proposal_id": "ink-line-103",
        "tile_id": "177-nonsan-mountain",
        "sheet_id": "177-nonsan",
        "split": "development",
        "proposal_kind": "visible_linework_review_only",
        "backend": "archaeotrace_ink_v2_centerline",
        "upstream_commit": "7960acddb4e82855e2088fdfdd2244799b63775c",
        "pixel_length": 26.828,
        "point_count": 3,
        "confidence": 1.0,
        "review_status": "unreviewed"
      },
      "geometry": {
        "type": "LineString",
        "coordinates": [
          [
            127.18873943821957,
            36.31273785712544
          ],
          [
            127.18883379683228,
            36.313044912904175
          ],
          [
            127.18883379683228,
            36.31373578840633
          ]
        ]
      }
    },
    {
      "type": "Feature",
      "properties": {
        "proposal_id": "ink-line-104",
        "tile_id": "177-nonsan-mountain",
        "sheet_id": "177-nonsan",
        "split": "development",
        "proposal_kind": "visible_linework_review_only",
        "backend": "archaeotrace_ink_v2_centerline",
        "upstream_commit": "7960acddb4e82855e2088fdfdd2244799b63775c",
        "pixel_length": 18.899,
        "point_count": 5,
        "confidence": 1.0,
        "review_status": "unreviewed"
      },
      "geometry": {
        "type": "LineString",
        "coordinates": [
          [
            127.18878661752593,
            36.290898514862796
          ],
          [
            127.18902251405771,
            36.29078336894577
          ],
          [
            127.1893527692022,
            36.29074498697343
          ],
          [
            127.18944712781492,
            36.2906298410564
          ],
          [
            127.18939994850857,
            36.290591459084055
          ]
        ]
      }
    },
    {
      "type": "Feature",
      "properties": {
        "proposal_id": "ink-line-105",
        "tile_id": "177-nonsan-mountain",
        "sheet_id": "177-nonsan",
        "split": "development",
        "proposal_kind": "visible_linework_review_only",
        "backend": "archaeotrace_ink_v2_centerline",
        "upstream_commit": "7960acddb4e82855e2088fdfdd2244799b63775c",
        "pixel_length": 27.899,
        "point_count": 6,
        "confidence": 1.0,
        "review_status": "unreviewed"
      },
      "geometry": {
        "type": "LineString",
        "coordinates": [
          [
            127.18883379683228,
            36.30916833369763
          ],
          [
            127.18911687267043,
            36.30909156975294
          ],
          [
            127.18916405197679,
            36.30912995172528
          ],
          [
            127.1892584105895,
            36.30909156975294
          ],
          [
            127.18963584504034,
            36.30909156975294
          ],
          [
            127.1900132794912,
            36.309206715669966
          ]
        ]
      }
    },
    {
      "type": "Feature",
      "properties": {
        "proposal_id": "ink-line-106",
        "tile_id": "177-nonsan-mountain",
        "sheet_id": "177-nonsan",
        "split": "development",
        "proposal_kind": "visible_linework_review_only",
        "backend": "archaeotrace_ink_v2_centerline",
        "upstream_commit": "7960acddb4e82855e2088fdfdd2244799b63775c",
        "pixel_length": 18.071,
        "point_count": 6,
        "confidence": 1.0,
        "review_status": "unreviewed"
      },
      "geometry": {
        "type": "LineString",
        "coordinates": [
          [
            127.18897533475136,
            36.29661742874176
          ],
          [
            127.18916405197679,
            36.29669419268645
          ],
          [
            127.1892584105895,
            36.29665581071411
          ],
          [
            127.18930558989585,
            36.29650228282474
          ],
          [
            127.18930558989585,
            36.29631037296303
          ],
          [
            127.1892584105895,
            36.29627199099069
          ]
        ]
      }
    },
    {
      "type": "Feature",
      "properties": {
        "proposal_id": "ink-line-107",
        "tile_id": "177-nonsan-mountain",
        "sheet_id": "177-nonsan",
        "split": "development",
        "proposal_kind": "visible_linework_review_only",
        "backend": "archaeotrace_ink_v2_centerline",
        "upstream_commit": "7960acddb4e82855e2088fdfdd2244799b63775c",
        "pixel_length": 35.243,
        "point_count": 3,
        "confidence": 1.0,
        "review_status": "unreviewed"
      },
      "geometry": {
        "type": "LineString",
        "coordinates": [
          [
            127.18911687267043,
            36.32102836315133
          ],
          [
            127.1904378932484,
            36.32098998117898
          ],
          [
            127.19072096908654,
            36.321066745123666
          ]
        ]
      }
    },
    {
      "type": "Feature",
      "properties": {
        "proposal_id": "ink-line-108",
        "tile_id": "177-nonsan-mountain",
        "sheet_id": "177-nonsan",
        "split": "development",
        "proposal_kind": "visible_linework_review_only",
        "backend": "archaeotrace_ink_v2_centerline",
        "upstream_commit": "7960acddb4e82855e2088fdfdd2244799b63775c",
        "pixel_length": 26.142,
        "point_count": 5,
        "confidence": 1.0,
        "review_status": "unreviewed"
      },
      "geometry": {
        "type": "LineString",
        "coordinates": [
          [
            127.18916405197679,
            36.289670291747846
          ],
          [
            127.18902251405771,
            36.28982381963721
          ],
          [
            127.18902251405771,
            36.29016925738829
          ],
          [
            127.18911687267043,
            36.29032278527767
          ],
          [
            127.1893527692022,
            36.29051469513937
          ]
        ]
      }
    },
    {
      "type": "Feature",
      "properties": {
        "proposal_id": "ink-line-109",
        "tile_id": "177-nonsan-mountain",
        "sheet_id": "177-nonsan",
        "split": "development",
        "proposal_kind": "visible_linework_review_only",
        "backend": "archaeotrace_ink_v2_centerline",
        "upstream_commit": "7960acddb4e82855e2088fdfdd2244799b63775c",
        "pixel_length": 22.728,
        "point_count": 5,
        "confidence": 1.0,
        "review_status": "unreviewed"
      },
      "geometry": {
        "type": "LineString",
        "coordinates": [
          [
            127.1893527692022,
            36.32348480938122
          ],
          [
            127.189588665734,
            36.32348480938122
          ],
          [
            127.18991892087848,
            36.32317775360249
          ],
          [
            127.19006045879755,
            36.323100989657796
          ],
          [
            127.19020199671662,
            36.323100989657796
          ]
        ]
      }
    },
    {
      "type": "Feature",
      "properties": {
        "proposal_id": "ink-line-110",
        "tile_id": "177-nonsan-mountain",
        "sheet_id": "177-nonsan",
        "split": "development",
        "proposal_kind": "visible_linework_review_only",
        "backend": "archaeotrace_ink_v2_centerline",
        "upstream_commit": "7960acddb4e82855e2088fdfdd2244799b63775c",
        "pixel_length": 28.314,
        "point_count": 4,
        "confidence": 1.0,
        "review_status": "unreviewed"
      },
      "geometry": {
        "type": "LineString",
        "coordinates": [
          [
            127.18939994850857,
            36.311356106121124
          ],
          [
            127.19024917602297,
            36.31162477992752
          ],
          [
            127.19053225186111,
            36.31162477992752
          ],
          [
            127.19057943116748,
            36.311586397955175
          ]
        ]
      }
    },
    {
      "type": "Feature",
      "properties": {
        "proposal_id": "ink-line-111",
        "tile_id": "177-nonsan-mountain",
        "sheet_id": "177-nonsan",
        "split": "development",
        "proposal_kind": "visible_linework_review_only",
        "backend": "archaeotrace_ink_v2_centerline",
        "upstream_commit": "7960acddb4e82855e2088fdfdd2244799b63775c",
        "pixel_length": 19.657,
        "point_count": 4,
        "confidence": 1.0,
        "review_status": "unreviewed"
      },
      "geometry": {
        "type": "LineString",
        "coordinates": [
          [
            127.18963584504034,
            36.32267878796203
          ],
          [
            127.19006045879755,
            36.32256364204501
          ],
          [
            127.19010763810391,
            36.32260202401735
          ],
          [
            127.19048507255476,
            36.32260202401735
          ]
        ]
      }
    },
    {
      "type": "Feature",
      "properties": {
        "proposal_id": "ink-line-112",
        "tile_id": "177-nonsan-mountain",
        "sheet_id": "177-nonsan",
        "split": "development",
        "proposal_kind": "visible_linework_review_only",
        "backend": "archaeotrace_ink_v2_centerline",
        "upstream_commit": "7960acddb4e82855e2088fdfdd2244799b63775c",
        "pixel_length": 22.657,
        "point_count": 7,
        "confidence": 1.0,
        "review_status": "unreviewed"
      },
      "geometry": {
        "type": "LineString",
        "coordinates": [
          [
            127.18963584504034,
            36.298267853552474
          ],
          [
            127.1896830243467,
            36.29830623552482
          ],
          [
            127.1900132794912,
            36.29830623552482
          ],
          [
            127.19006045879755,
            36.298267853552474
          ],
          [
            127.19039071394205,
            36.29830623552482
          ],
          [
            127.1904378932484,
            36.298267853552474
          ],
          [
            127.1904378932484,
            36.29811432566311
          ]
        ]
      }
    },
    {
      "type": "Feature",
      "properties": {
        "proposal_id": "ink-line-113",
        "tile_id": "177-nonsan-mountain",
        "sheet_id": "177-nonsan",
        "split": "development",
        "proposal_kind": "visible_linework_review_only",
        "backend": "archaeotrace_ink_v2_centerline",
        "upstream_commit": "7960acddb4e82855e2088fdfdd2244799b63775c",
        "pixel_length": 22.899,
        "point_count": 5,
        "confidence": 1.0,
        "review_status": "unreviewed"
      },
      "geometry": {
        "type": "LineString",
        "coordinates": [
          [
            127.18977738295942,
            36.296425518880056
          ],
          [
            127.18973020365306,
            36.29650228282474
          ],
          [
            127.18977738295942,
            36.29665581071411
          ],
          [
            127.18973020365306,
            36.29684772057582
          ],
          [
            127.19015481741026,
            36.297001248465186
          ]
        ]
      }
    },
    {
      "type": "Feature",
      "properties": {
        "proposal_id": "ink-line-114",
        "tile_id": "177-nonsan-mountain",
        "sheet_id": "177-nonsan",
        "split": "development",
        "proposal_kind": "visible_linework_review_only",
        "backend": "archaeotrace_ink_v2_centerline",
        "upstream_commit": "7960acddb4e82855e2088fdfdd2244799b63775c",
        "pixel_length": 19.657,
        "point_count": 5,
        "confidence": 1.0,
        "review_status": "unreviewed"
      },
      "geometry": {
        "type": "LineString",
        "coordinates": [
          [
            127.18982456226577,
            36.324904942357875
          ],
          [
            127.18996610018483,
            36.32494332433022
          ],
          [
            127.19020199671662,
            36.32494332433022
          ],
          [
            127.1904378932484,
            36.32486656038554
          ],
          [
            127.19067378978018,
            36.324904942357875
          ]
        ]
      }
    },
    {
      "type": "Feature",
      "properties": {
        "proposal_id": "ink-line-115",
        "tile_id": "177-nonsan-mountain",
        "sheet_id": "177-nonsan",
        "split": "development",
        "proposal_kind": "visible_linework_review_only",
        "backend": "archaeotrace_ink_v2_centerline",
        "upstream_commit": "7960acddb4e82855e2088fdfdd2244799b63775c",
        "pixel_length": 21.657,
        "point_count": 4,
        "confidence": 1.0,
        "review_status": "unreviewed"
      },
      "geometry": {
        "type": "LineString",
        "coordinates": [
          [
            127.18991892087848,
            36.32294746176843
          ],
          [
            127.19015481741026,
            36.322870697823745
          ],
          [
            127.19062661047383,
            36.322870697823745
          ],
          [
            127.1908625070056,
            36.32294746176843
          ]
        ]
      }
    },
    {
      "type": "Feature",
      "properties": {
        "proposal_id": "ink-line-116",
        "tile_id": "177-nonsan-mountain",
        "sheet_id": "177-nonsan",
        "split": "development",
        "proposal_kind": "visible_linework_review_only",
        "backend": "archaeotrace_ink_v2_centerline",
        "upstream_commit": "7960acddb4e82855e2088fdfdd2244799b63775c",
        "pixel_length": 50.971,
        "point_count": 5,
        "confidence": 1.0,
        "review_status": "unreviewed"
      },
      "geometry": {
        "type": "LineString",
        "coordinates": [
          [
            127.18991892087848,
            36.317343693806485
          ],
          [
            127.19006045879755,
            36.31730531183415
          ],
          [
            127.1904378932484,
            36.317343693806485
          ],
          [
            127.19161737590731,
            36.31772751352991
          ],
          [
            127.19208916897087,
            36.31772751352991
          ]
        ]
      }
    },
    {
      "type": "Feature",
      "properties": {
        "proposal_id": "ink-line-117",
        "tile_id": "177-nonsan-mountain",
        "sheet_id": "177-nonsan",
        "split": "development",
        "proposal_kind": "visible_linework_review_only",
        "backend": "archaeotrace_ink_v2_centerline",
        "upstream_commit": "7960acddb4e82855e2088fdfdd2244799b63775c",
        "pixel_length": 22.828,
        "point_count": 2,
        "confidence": 1.0,
        "review_status": "unreviewed"
      },
      "geometry": {
        "type": "LineString",
        "coordinates": [
          [
            127.18991892087848,
            36.28732899143498
          ],
          [
            127.19095686561832,
            36.287405755379666
          ]
        ]
      }
    },
    {
      "type": "Feature",
      "properties": {
        "proposal_id": "ink-line-118",
        "tile_id": "177-nonsan-mountain",
        "sheet_id": "177-nonsan",
        "split": "development",
        "proposal_kind": "visible_linework_review_only",
        "backend": "archaeotrace_ink_v2_centerline",
        "upstream_commit": "7960acddb4e82855e2088fdfdd2244799b63775c",
        "pixel_length": 31.485,
        "point_count": 4,
        "confidence": 1.0,
        "review_status": "unreviewed"
      },
      "geometry": {
        "type": "LineString",
        "coordinates": [
          [
            127.1900132794912,
            36.29423774645655
          ],
          [
            127.19020199671662,
            36.29431451040124
          ],
          [
            127.19100404492468,
            36.29435289237358
          ],
          [
            127.19138147937552,
            36.29446803829061
          ]
        ]
      }
    },
    {
      "type": "Feature",
      "properties": {
        "proposal_id": "ink-line-119",
        "tile_id": "177-nonsan-mountain",
        "sheet_id": "177-nonsan",
        "split": "development",
        "proposal_kind": "visible_linework_review_only",
        "backend": "archaeotrace_ink_v2_centerline",
        "upstream_commit": "7960acddb4e82855e2088fdfdd2244799b63775c",
        "pixel_length": 23.899,
        "point_count": 6,
        "confidence": 1.0,
        "review_status": "unreviewed"
      },
      "geometry": {
        "type": "LineString",
        "coordinates": [
          [
            127.19010763810391,
            36.30790172861034
          ],
          [
            127.19039071394205,
            36.30801687452736
          ],
          [
            127.19062661047383,
            36.30801687452736
          ],
          [
            127.19067378978018,
            36.308055256499706
          ],
          [
            127.19100404492468,
            36.30801687452736
          ],
          [
            127.1910984035374,
            36.30794011058268
          ]
        ]
      }
    },
    {
      "type": "Feature",
      "properties": {
        "proposal_id": "ink-line-120",
        "tile_id": "177-nonsan-mountain",
        "sheet_id": "177-nonsan",
        "split": "development",
        "proposal_kind": "visible_linework_review_only",
        "backend": "archaeotrace_ink_v2_centerline",
        "upstream_commit": "7960acddb4e82855e2088fdfdd2244799b63775c",
        "pixel_length": 25.414,
        "point_count": 3,
        "confidence": 1.0,
        "review_status": "unreviewed"
      },
      "geometry": {
        "type": "LineString",
        "coordinates": [
          [
            127.19015481741026,
            36.31239241937436
          ],
          [
            127.19020199671662,
            36.312507565291384
          ],
          [
            127.19020199671662,
            36.31335196868291
          ]
        ]
      }
    },
    {
      "type": "Feature",
      "properties": {
        "proposal_id": "ink-line-121",
        "tile_id": "177-nonsan-mountain",
        "sheet_id": "177-nonsan",
        "split": "development",
        "proposal_kind": "visible_linework_review_only",
        "backend": "archaeotrace_ink_v2_centerline",
        "upstream_commit": "7960acddb4e82855e2088fdfdd2244799b63775c",
        "pixel_length": 58.627,
        "point_count": 9,
        "confidence": 1.0,
        "review_status": "unreviewed"
      },
      "geometry": {
        "type": "LineString",
        "coordinates": [
          [
            127.1904378932484,
            36.31626899858091
          ],
          [
            127.1904378932484,
            36.31611547069154
          ],
          [
            127.19076814839289,
            36.31592356082983
          ],
          [
            127.19105122423103,
            36.315961942802176
          ],
          [
            127.19147583798824,
            36.31611547069154
          ],
          [
            127.19199481035815,
            36.316230616608564
          ],
          [
            127.19241942411537,
            36.316230616608564
          ],
          [
            127.19246660342172,
            36.31615385266388
          ],
          [
            127.19237224480901,
            36.316000324774514
          ]
        ]
      }
    },
    {
      "type": "Feature",
      "properties": {
        "proposal_id": "ink-line-122",
        "tile_id": "177-nonsan-mountain",
        "sheet_id": "177-nonsan",
        "split": "development",
        "proposal_kind": "visible_linework_review_only",
        "backend": "archaeotrace_ink_v2_centerline",
        "upstream_commit": "7960acddb4e82855e2088fdfdd2244799b63775c",
        "pixel_length": 25.243,
        "point_count": 4,
        "confidence": 1.0,
        "review_status": "unreviewed"
      },
      "geometry": {
        "type": "LineString",
        "coordinates": [
          [
            127.1910984035374,
            36.291704536281976
          ],
          [
            127.19138147937552,
            36.29178130022666
          ],
          [
            127.19218352758358,
            36.29178130022666
          ],
          [
            127.19223070688994,
            36.291819682199005
          ]
        ]
      }
    },
    {
      "type": "Feature",
      "properties": {
        "proposal_id": "ink-line-123",
        "tile_id": "177-nonsan-mountain",
        "sheet_id": "177-nonsan",
        "split": "development",
        "proposal_kind": "visible_linework_review_only",
        "backend": "archaeotrace_ink_v2_centerline",
        "upstream_commit": "7960acddb4e82855e2088fdfdd2244799b63775c",
        "pixel_length": 27.728,
        "point_count": 5,
        "confidence": 1.0,
        "review_status": "unreviewed"
      },
      "geometry": {
        "type": "LineString",
        "coordinates": [
          [
            127.19119276215011,
            36.31365902446165
          ],
          [
            127.19105122423103,
            36.31342873262759
          ],
          [
            127.19105122423103,
            36.31308329487651
          ],
          [
            127.19119276215011,
            36.31285300304246
          ],
          [
            127.19133430006917,
            36.31273785712544
          ]
        ]
      }
    },
    {
      "type": "Feature",
      "properties": {
        "proposal_id": "ink-line-124",
        "tile_id": "177-nonsan-mountain",
        "sheet_id": "177-nonsan",
        "split": "development",
        "proposal_kind": "visible_linework_review_only",
        "backend": "archaeotrace_ink_v2_centerline",
        "upstream_commit": "7960acddb4e82855e2088fdfdd2244799b63775c",
        "pixel_length": 18.485,
        "point_count": 3,
        "confidence": 1.0,
        "review_status": "unreviewed"
      },
      "geometry": {
        "type": "LineString",
        "coordinates": [
          [
            127.19119276215011,
            36.296003317184294
          ],
          [
            127.19138147937552,
            36.29550435154385
          ],
          [
            127.19147583798824,
            36.29538920562682
          ]
        ]
      }
    },
    {
      "type": "Feature",
      "properties": {
        "proposal_id": "ink-line-125",
        "tile_id": "177-nonsan-mountain",
        "sheet_id": "177-nonsan",
        "split": "development",
        "proposal_kind": "visible_linework_review_only",
        "backend": "archaeotrace_ink_v2_centerline",
        "upstream_commit": "7960acddb4e82855e2088fdfdd2244799b63775c",
        "pixel_length": 20.899,
        "point_count": 3,
        "confidence": 1.0,
        "review_status": "unreviewed"
      },
      "geometry": {
        "type": "LineString",
        "coordinates": [
          [
            127.19128712076281,
            36.32475141446851
          ],
          [
            127.19175891382638,
            36.325020088274904
          ],
          [
            127.19213634827723,
            36.325020088274904
          ]
        ]
      }
    },
    {
      "type": "Feature",
      "properties": {
        "proposal_id": "ink-line-126",
        "tile_id": "177-nonsan-mountain",
        "sheet_id": "177-nonsan",
        "split": "development",
        "proposal_kind": "visible_linework_review_only",
        "backend": "archaeotrace_ink_v2_centerline",
        "upstream_commit": "7960acddb4e82855e2088fdfdd2244799b63775c",
        "pixel_length": 73.87,
        "point_count": 14,
        "confidence": 1.0,
        "review_status": "unreviewed"
      },
      "geometry": {
        "type": "LineString",
        "coordinates": [
          [
            127.19133430006917,
            36.308861277918886
          ],
          [
            127.19128712076281,
            36.308630986084836
          ],
          [
            127.19142865868189,
            36.30851584016781
          ],
          [
            127.19161737590731,
            36.308439076223124
          ],
          [
            127.19204198966452,
            36.308400694250786
          ],
          [
            127.19208916897087,
            36.30836231227844
          ],
          [
            127.19232506550266,
            36.308400694250786
          ],
          [
            127.19246660342172,
            36.30847745819547
          ],
          [
            127.1927024999535,
            36.30847745819547
          ],
          [
            127.19293839648529,
            36.30859260411249
          ],
          [
            127.19359890677427,
            36.30859260411249
          ],
          [
            127.19369326538698,
            36.308400694250786
          ],
          [
            127.19359890677427,
            36.30828554833376
          ],
          [
            127.1934573688552,
            36.30824716636141
          ]
        ]
      }
    },
    {
      "type": "Feature",
      "properties": {
        "proposal_id": "ink-line-127",
        "tile_id": "177-nonsan-mountain",
        "sheet_id": "177-nonsan",
        "split": "development",
        "proposal_kind": "visible_linework_review_only",
        "backend": "archaeotrace_ink_v2_centerline",
        "upstream_commit": "7960acddb4e82855e2088fdfdd2244799b63775c",
        "pixel_length": 25.728,
        "point_count": 6,
        "confidence": 1.0,
        "review_status": "unreviewed"
      },
      "geometry": {
        "type": "LineString",
        "coordinates": [
          [
            127.19166455521366,
            36.304332205182526
          ],
          [
            127.19175891382638,
            36.304255441237835
          ],
          [
            127.19185327243909,
            36.304255441237835
          ],
          [
            127.1919476310518,
            36.304332205182526
          ],
          [
            127.19213634827723,
            36.30479278885063
          ],
          [
            127.19208916897087,
            36.30494631673999
          ]
        ]
      }
    },
    {
      "type": "Feature",
      "properties": {
        "proposal_id": "ink-line-128",
        "tile_id": "177-nonsan-mountain",
        "sheet_id": "177-nonsan",
        "split": "development",
        "proposal_kind": "visible_linework_review_only",
        "backend": "archaeotrace_ink_v2_centerline",
        "upstream_commit": "7960acddb4e82855e2088fdfdd2244799b63775c",
        "pixel_length": 29.142,
        "point_count": 7,
        "confidence": 1.0,
        "review_status": "unreviewed"
      },
      "geometry": {
        "type": "LineString",
        "coordinates": [
          [
            127.19166455521366,
            36.295773025350236
          ],
          [
            127.19166455521366,
            36.29584978929492
          ],
          [
            127.19180609313274,
            36.29596493521195
          ],
          [
            127.19223070688994,
            36.29604169915663
          ],
          [
            127.19237224480901,
            36.29615684507366
          ],
          [
            127.19241942411537,
            36.296233609018344
          ],
          [
            127.19237224480901,
            36.296463900852395
          ]
        ]
      }
    },
    {
      "type": "Feature",
      "properties": {
        "proposal_id": "ink-line-129",
        "tile_id": "177-nonsan-mountain",
        "sheet_id": "177-nonsan",
        "split": "development",
        "proposal_kind": "visible_linework_review_only",
        "backend": "archaeotrace_ink_v2_centerline",
        "upstream_commit": "7960acddb4e82855e2088fdfdd2244799b63775c",
        "pixel_length": 27.485,
        "point_count": 7,
        "confidence": 1.0,
        "review_status": "unreviewed"
      },
      "geometry": {
        "type": "LineString",
        "coordinates": [
          [
            127.19175891382638,
            36.3102430289232
          ],
          [
            127.19171173452003,
            36.31020464695086
          ],
          [
            127.19171173452003,
            36.309897591172124
          ],
          [
            127.19175891382638,
            36.30974406328276
          ],
          [
            127.19185327243909,
            36.309667299338074
          ],
          [
            127.19185327243909,
            36.309437007504016
          ],
          [
            127.19175891382638,
            36.30928347961465
          ]
        ]
      }
    },
    {
      "type": "Feature",
      "properties": {
        "proposal_id": "ink-line-130",
        "tile_id": "177-nonsan-mountain",
        "sheet_id": "177-nonsan",
        "split": "development",
        "proposal_kind": "visible_linework_review_only",
        "backend": "archaeotrace_ink_v2_centerline",
        "upstream_commit": "7960acddb4e82855e2088fdfdd2244799b63775c",
        "pixel_length": 27.828,
        "point_count": 3,
        "confidence": 1.0,
        "review_status": "unreviewed"
      },
      "geometry": {
        "type": "LineString",
        "coordinates": [
          [
            127.19175891382638,
            36.30295045417821
          ],
          [
            127.1919476310518,
            36.302873690233525
          ],
          [
            127.193032755098,
            36.302873690233525
          ]
        ]
      }
    },
    {
      "type": "Feature",
      "properties": {
        "proposal_id": "ink-line-131",
        "tile_id": "177-nonsan-mountain",
        "sheet_id": "177-nonsan",
        "split": "development",
        "proposal_kind": "visible_linework_review_only",
        "backend": "archaeotrace_ink_v2_centerline",
        "upstream_commit": "7960acddb4e82855e2088fdfdd2244799b63775c",
        "pixel_length": 35.728,
        "point_count": 8,
        "confidence": 1.0,
        "review_status": "unreviewed"
      },
      "geometry": {
        "type": "LineString",
        "coordinates": [
          [
            127.19185327243909,
            36.29055307711172
          ],
          [
            127.19185327243909,
            36.29043793119469
          ],
          [
            127.19199481035815,
            36.290361167250005
          ],
          [
            127.1922778861963,
            36.29032278527767
          ],
          [
            127.19237224480901,
            36.29039954922235
          ],
          [
            127.1922778861963,
            36.290591459084055
          ],
          [
            127.1922778861963,
            36.29082175091811
          ],
          [
            127.19218352758358,
            36.29109042472451
          ]
        ]
      }
    },
    {
      "type": "Feature",
      "properties": {
        "proposal_id": "ink-line-132",
        "tile_id": "177-nonsan-mountain",
        "sheet_id": "177-nonsan",
        "split": "development",
        "proposal_kind": "visible_linework_review_only",
        "backend": "archaeotrace_ink_v2_centerline",
        "upstream_commit": "7960acddb4e82855e2088fdfdd2244799b63775c",
        "pixel_length": 27.485,
        "point_count": 4,
        "confidence": 1.0,
        "review_status": "unreviewed"
      },
      "geometry": {
        "type": "LineString",
        "coordinates": [
          [
            127.19190045174544,
            36.29918902088868
          ],
          [
            127.1922778861963,
            36.29922740286103
          ],
          [
            127.19279685856621,
            36.299073874971654
          ],
          [
            127.19307993440435,
            36.299112256944
          ]
        ]
      }
    },
    {
      "type": "Feature",
      "properties": {
        "proposal_id": "ink-line-133",
        "tile_id": "177-nonsan-mountain",
        "sheet_id": "177-nonsan",
        "split": "development",
        "proposal_kind": "visible_linework_review_only",
        "backend": "archaeotrace_ink_v2_centerline",
        "upstream_commit": "7960acddb4e82855e2088fdfdd2244799b63775c",
        "pixel_length": 20.243,
        "point_count": 4,
        "confidence": 1.0,
        "review_status": "unreviewed"
      },
      "geometry": {
        "type": "LineString",
        "coordinates": [
          [
            127.1919476310518,
            36.318456771004406
          ],
          [
            127.19199481035815,
            36.31841838903207
          ],
          [
            127.19251378272807,
            36.31841838903207
          ],
          [
            127.19284403787258,
            36.31849515297675
          ]
        ]
      }
    },
    {
      "type": "Feature",
      "properties": {
        "proposal_id": "ink-line-134",
        "tile_id": "177-nonsan-mountain",
        "sheet_id": "177-nonsan",
        "split": "development",
        "proposal_kind": "visible_linework_review_only",
        "backend": "archaeotrace_ink_v2_centerline",
        "upstream_commit": "7960acddb4e82855e2088fdfdd2244799b63775c",
        "pixel_length": 35.314,
        "point_count": 6,
        "confidence": 1.0,
        "review_status": "unreviewed"
      },
      "geometry": {
        "type": "LineString",
        "coordinates": [
          [
            127.19204198966452,
            36.310434938784915
          ],
          [
            127.19218352758358,
            36.310434938784915
          ],
          [
            127.19232506550266,
            36.31035817484023
          ],
          [
            127.19326865162978,
            36.31016626497852
          ],
          [
            127.19350454816156,
            36.31016626497852
          ],
          [
            127.19355172746792,
            36.31020464695086
          ]
        ]
      }
    },
    {
      "type": "Feature",
      "properties": {
        "proposal_id": "ink-line-135",
        "tile_id": "177-nonsan-mountain",
        "sheet_id": "177-nonsan",
        "split": "development",
        "proposal_kind": "visible_linework_review_only",
        "backend": "archaeotrace_ink_v2_centerline",
        "upstream_commit": "7960acddb4e82855e2088fdfdd2244799b63775c",
        "pixel_length": 24.828,
        "point_count": 5,
        "confidence": 1.0,
        "review_status": "unreviewed"
      },
      "geometry": {
        "type": "LineString",
        "coordinates": [
          [
            127.19218352758358,
            36.294199364484214
          ],
          [
            127.19274967925986,
            36.294199364484214
          ],
          [
            127.19279685856621,
            36.29416098251187
          ],
          [
            127.19326865162978,
            36.29416098251187
          ],
          [
            127.19331583093613,
            36.294199364484214
          ]
        ]
      }
    },
    {
      "type": "Feature",
      "properties": {
        "proposal_id": "ink-line-136",
        "tile_id": "177-nonsan-mountain",
        "sheet_id": "177-nonsan",
        "split": "development",
        "proposal_kind": "visible_linework_review_only",
        "backend": "archaeotrace_ink_v2_centerline",
        "upstream_commit": "7960acddb4e82855e2088fdfdd2244799b63775c",
        "pixel_length": 22.899,
        "point_count": 4,
        "confidence": 1.0,
        "review_status": "unreviewed"
      },
      "geometry": {
        "type": "LineString",
        "coordinates": [
          [
            127.19232506550266,
            36.3117015438722
          ],
          [
            127.19223070688994,
            36.311816689789225
          ],
          [
            127.19218352758358,
            36.312162127540304
          ],
          [
            127.19237224480901,
            36.312469183319045
          ]
        ]
      }
    },
    {
      "type": "Feature",
      "properties": {
        "proposal_id": "ink-line-137",
        "tile_id": "177-nonsan-mountain",
        "sheet_id": "177-nonsan",
        "split": "development",
        "proposal_kind": "visible_linework_review_only",
        "backend": "archaeotrace_ink_v2_centerline",
        "upstream_commit": "7960acddb4e82855e2088fdfdd2244799b63775c",
        "pixel_length": 23.485,
        "point_count": 6,
        "confidence": 1.0,
        "review_status": "unreviewed"
      },
      "geometry": {
        "type": "LineString",
        "coordinates": [
          [
            127.19232506550266,
            36.29542758759916
          ],
          [
            127.19241942411537,
            36.2954659695715
          ],
          [
            127.19260814134078,
            36.29542758759916
          ],
          [
            127.19265532064715,
            36.2954659695715
          ],
          [
            127.19298557579164,
            36.2954659695715
          ],
          [
            127.19331583093613,
            36.29535082365447
          ]
        ]
      }
    },
    {
      "type": "Feature",
      "properties": {
        "proposal_id": "ink-line-138",
        "tile_id": "177-nonsan-mountain",
        "sheet_id": "177-nonsan",
        "split": "development",
        "proposal_kind": "visible_linework_review_only",
        "backend": "archaeotrace_ink_v2_centerline",
        "upstream_commit": "7960acddb4e82855e2088fdfdd2244799b63775c",
        "pixel_length": 35.485,
        "point_count": 6,
        "confidence": 1.0,
        "review_status": "unreviewed"
      },
      "geometry": {
        "type": "LineString",
        "coordinates": [
          [
            127.19232506550266,
            36.293853926733135
          ],
          [
            127.19241942411537,
            36.29389230870548
          ],
          [
            127.19289121717892,
            36.29389230870548
          ],
          [
            127.19293839648529,
            36.293853926733135
          ],
          [
            127.19341018954884,
            36.29381554476079
          ],
          [
            127.19388198261241,
            36.29393069067782
          ]
        ]
      }
    },
    {
      "type": "Feature",
      "properties": {
        "proposal_id": "ink-line-139",
        "tile_id": "177-nonsan-mountain",
        "sheet_id": "177-nonsan",
        "split": "development",
        "proposal_kind": "visible_linework_review_only",
        "backend": "archaeotrace_ink_v2_centerline",
        "upstream_commit": "7960acddb4e82855e2088fdfdd2244799b63775c",
        "pixel_length": 33.485,
        "point_count": 8,
        "confidence": 1.0,
        "review_status": "unreviewed"
      },
      "geometry": {
        "type": "LineString",
        "coordinates": [
          [
            127.19237224480901,
            36.32340804543654
          ],
          [
            127.19241942411537,
            36.32336966346419
          ],
          [
            127.19241942411537,
            36.323100989657796
          ],
          [
            127.19232506550266,
            36.32294746176843
          ],
          [
            127.19232506550266,
            36.322755551906724
          ],
          [
            127.1922778861963,
            36.32271716993438
          ],
          [
            127.1922778861963,
            36.32244849612798
          ],
          [
            127.19237224480901,
            36.32221820429393
          ]
        ]
      }
    },
    {
      "type": "Feature",
      "properties": {
        "proposal_id": "ink-line-140",
        "tile_id": "177-nonsan-mountain",
        "sheet_id": "177-nonsan",
        "split": "development",
        "proposal_kind": "visible_linework_review_only",
        "backend": "archaeotrace_ink_v2_centerline",
        "upstream_commit": "7960acddb4e82855e2088fdfdd2244799b63775c",
        "pixel_length": 48.799,
        "point_count": 8,
        "confidence": 1.0,
        "review_status": "unreviewed"
      },
      "geometry": {
        "type": "LineString",
        "coordinates": [
          [
            127.19241942411537,
            36.31707502000009
          ],
          [
            127.19241942411537,
            36.31692149211072
          ],
          [
            127.19260814134078,
            36.3168063461937
          ],
          [
            127.19336301024249,
            36.31672958224902
          ],
          [
            127.19369326538698,
            36.31665281830433
          ],
          [
            127.19383480330605,
            36.316537672387305
          ],
          [
            127.19383480330605,
            36.31646090844262
          ],
          [
            127.19350454816156,
            36.31630738055325
          ]
        ]
      }
    },
    {
      "type": "Feature",
      "properties": {
        "proposal_id": "ink-line-141",
        "tile_id": "177-nonsan-mountain",
        "sheet_id": "177-nonsan",
        "split": "development",
        "proposal_kind": "visible_linework_review_only",
        "backend": "archaeotrace_ink_v2_centerline",
        "upstream_commit": "7960acddb4e82855e2088fdfdd2244799b63775c",
        "pixel_length": 30.485,
        "point_count": 4,
        "confidence": 1.0,
        "review_status": "unreviewed"
      },
      "geometry": {
        "type": "LineString",
        "coordinates": [
          [
            127.19246660342172,
            36.324789796440854
          ],
          [
            127.19256096203443,
            36.324674650523825
          ],
          [
            127.19251378272807,
            36.32386862910464
          ],
          [
            127.19265532064715,
            36.32371510121527
          ]
        ]
      }
    },
    {
      "type": "Feature",
      "properties": {
        "proposal_id": "ink-line-142",
        "tile_id": "177-nonsan-mountain",
        "sheet_id": "177-nonsan",
        "split": "development",
        "proposal_kind": "visible_linework_review_only",
        "backend": "archaeotrace_ink_v2_centerline",
        "upstream_commit": "7960acddb4e82855e2088fdfdd2244799b63775c",
        "pixel_length": 30.071,
        "point_count": 4,
        "confidence": 1.0,
        "review_status": "unreviewed"
      },
      "geometry": {
        "type": "LineString",
        "coordinates": [
          [
            127.19246660342172,
            36.31868706283846
          ],
          [
            127.19293839648529,
            36.3187254448108
          ],
          [
            127.19336301024249,
            36.31884059072783
          ],
          [
            127.1937876239997,
            36.31887897270017
          ]
        ]
      }
    },
    {
      "type": "Feature",
      "properties": {
        "proposal_id": "ink-line-143",
        "tile_id": "177-nonsan-mountain",
        "sheet_id": "177-nonsan",
        "split": "development",
        "proposal_kind": "visible_linework_review_only",
        "backend": "archaeotrace_ink_v2_centerline",
        "upstream_commit": "7960acddb4e82855e2088fdfdd2244799b63775c",
        "pixel_length": 22.071,
        "point_count": 4,
        "confidence": 1.0,
        "review_status": "unreviewed"
      },
      "geometry": {
        "type": "LineString",
        "coordinates": [
          [
            127.19265532064715,
            36.322410114155645
          ],
          [
            127.19256096203443,
            36.32260202401735
          ],
          [
            127.19256096203443,
            36.32279393387906
          ],
          [
            127.1927024999535,
            36.32317775360249
          ]
        ]
      }
    },
    {
      "type": "Feature",
      "properties": {
        "proposal_id": "ink-line-144",
        "tile_id": "177-nonsan-mountain",
        "sheet_id": "177-nonsan",
        "split": "development",
        "proposal_kind": "visible_linework_review_only",
        "backend": "archaeotrace_ink_v2_centerline",
        "upstream_commit": "7960acddb4e82855e2088fdfdd2244799b63775c",
        "pixel_length": 36.971,
        "point_count": 7,
        "confidence": 1.0,
        "review_status": "unreviewed"
      },
      "geometry": {
        "type": "LineString",
        "coordinates": [
          [
            127.19289121717892,
            36.318226479170356
          ],
          [
            127.19317429301707,
            36.318226479170356
          ],
          [
            127.19374044469333,
            36.31838000705972
          ],
          [
            127.19388198261241,
            36.31838000705972
          ],
          [
            127.19392916191876,
            36.318341625087385
          ],
          [
            127.19388198261241,
            36.318226479170356
          ],
          [
            127.19355172746792,
            36.317996187336306
          ]
        ]
      }
    },
    {
      "type": "Feature",
      "properties": {
        "proposal_id": "ink-line-145",
        "tile_id": "177-nonsan-mountain",
        "sheet_id": "177-nonsan",
        "split": "development",
        "proposal_kind": "visible_linework_review_only",
        "backend": "archaeotrace_ink_v2_centerline",
        "upstream_commit": "7960acddb4e82855e2088fdfdd2244799b63775c",
        "pixel_length": 21.243,
        "point_count": 4,
        "confidence": 1.0,
        "review_status": "unreviewed"
      },
      "geometry": {
        "type": "LineString",
        "coordinates": [
          [
            127.19293839648529,
            36.30736438099755
          ],
          [
            127.193032755098,
            36.307287617052864
          ],
          [
            127.19322147232342,
            36.30724923508052
          ],
          [
            127.19388198261241,
            36.30724923508052
          ]
        ]
      }
    },
    {
      "type": "Feature",
      "properties": {
        "proposal_id": "ink-line-146",
        "tile_id": "177-nonsan-mountain",
        "sheet_id": "177-nonsan",
        "split": "development",
        "proposal_kind": "visible_linework_review_only",
        "backend": "archaeotrace_ink_v2_centerline",
        "upstream_commit": "7960acddb4e82855e2088fdfdd2244799b63775c",
        "pixel_length": 22.071,
        "point_count": 5,
        "confidence": 1.0,
        "review_status": "unreviewed"
      },
      "geometry": {
        "type": "LineString",
        "coordinates": [
          [
            127.19293839648529,
            36.296003317184294
          ],
          [
            127.19284403787258,
            36.296118463101315
          ],
          [
            127.19284403787258,
            36.29627199099069
          ],
          [
            127.19293839648529,
            36.29634875493537
          ],
          [
            127.1934573688552,
            36.29638713690771
          ]
        ]
      }
    },
    {
      "type": "Feature",
      "properties": {
        "proposal_id": "ink-line-147",
        "tile_id": "177-nonsan-mountain",
        "sheet_id": "177-nonsan",
        "split": "development",
        "proposal_kind": "visible_linework_review_only",
        "backend": "archaeotrace_ink_v2_centerline",
        "upstream_commit": "7960acddb4e82855e2088fdfdd2244799b63775c",
        "pixel_length": 22.728,
        "point_count": 5,
        "confidence": 1.0,
        "review_status": "unreviewed"
      },
      "geometry": {
        "type": "LineString",
        "coordinates": [
          [
            127.19298557579164,
            36.29300952334161
          ],
          [
            127.19322147232342,
            36.292971141369264
          ],
          [
            127.1934573688552,
            36.2928176134799
          ],
          [
            127.19350454816156,
            36.29266408559053
          ],
          [
            127.19326865162978,
            36.2925489396735
          ]
        ]
      }
    },
    {
      "type": "Feature",
      "properties": {
        "proposal_id": "ink-line-148",
        "tile_id": "177-nonsan-mountain",
        "sheet_id": "177-nonsan",
        "split": "development",
        "proposal_kind": "visible_linework_review_only",
        "backend": "archaeotrace_ink_v2_centerline",
        "upstream_commit": "7960acddb4e82855e2088fdfdd2244799b63775c",
        "pixel_length": 35.728,
        "point_count": 4,
        "confidence": 1.0,
        "review_status": "unreviewed"
      },
      "geometry": {
        "type": "LineString",
        "coordinates": [
          [
            127.19307993440435,
            36.325135234191926
          ],
          [
            127.19322147232342,
            36.324904942357875
          ],
          [
            127.193032755098,
            36.324329212772746
          ],
          [
            127.1931271137107,
            36.32390701107698
          ]
        ]
      }
    },
    {
      "type": "Feature",
      "properties": {
        "proposal_id": "ink-line-149",
        "tile_id": "177-nonsan-mountain",
        "sheet_id": "177-nonsan",
        "split": "development",
        "proposal_kind": "visible_linework_review_only",
        "backend": "archaeotrace_ink_v2_centerline",
        "upstream_commit": "7960acddb4e82855e2088fdfdd2244799b63775c",
        "pixel_length": 22.071,
        "point_count": 4,
        "confidence": 1.0,
        "review_status": "unreviewed"
      },
      "geometry": {
        "type": "LineString",
        "coordinates": [
          [
            127.19307993440435,
            36.31266109318075
          ],
          [
            127.193032755098,
            36.31258432923607
          ],
          [
            127.193032755098,
            36.31208536359562
          ],
          [
            127.19322147232342,
            36.31189345373391
          ]
        ]
      }
    },
    {
      "type": "Feature",
      "properties": {
        "proposal_id": "ink-line-150",
        "tile_id": "177-nonsan-mountain",
        "sheet_id": "177-nonsan",
        "split": "development",
        "proposal_kind": "visible_linework_review_only",
        "backend": "archaeotrace_ink_v2_centerline",
        "upstream_commit": "7960acddb4e82855e2088fdfdd2244799b63775c",
        "pixel_length": 28.485,
        "point_count": 5,
        "confidence": 1.0,
        "review_status": "unreviewed"
      },
      "geometry": {
        "type": "LineString",
        "coordinates": [
          [
            127.1931271137107,
            36.30479278885063
          ],
          [
            127.19383480330605,
            36.30479278885063
          ],
          [
            127.19397634122512,
            36.30498469871234
          ],
          [
            127.19383480330605,
            36.305138226601706
          ],
          [
            127.19374044469333,
            36.305138226601706
          ]
        ]
      }
    },
    {
      "type": "Feature",
      "properties": {
        "proposal_id": "ink-line-151",
        "tile_id": "177-nonsan-mountain",
        "sheet_id": "177-nonsan",
        "split": "development",
        "proposal_kind": "visible_linework_review_only",
        "backend": "archaeotrace_ink_v2_centerline",
        "upstream_commit": "7960acddb4e82855e2088fdfdd2244799b63775c",
        "pixel_length": 20.243,
        "point_count": 4,
        "confidence": 1.0,
        "review_status": "unreviewed"
      },
      "geometry": {
        "type": "LineString",
        "coordinates": [
          [
            127.19322147232342,
            36.319147646506565
          ],
          [
            127.1934573688552,
            36.319147646506565
          ],
          [
            127.19369326538698,
            36.31922441045125
          ],
          [
            127.19411787914419,
            36.319262792423594
          ]
        ]
      }
    },
    {
      "type": "Feature",
      "properties": {
        "proposal_id": "ink-line-152",
        "tile_id": "177-nonsan-mountain",
        "sheet_id": "177-nonsan",
        "split": "development",
        "proposal_kind": "visible_linework_review_only",
        "backend": "archaeotrace_ink_v2_centerline",
        "upstream_commit": "7960acddb4e82855e2088fdfdd2244799b63775c",
        "pixel_length": 23.657,
        "point_count": 5,
        "confidence": 1.0,
        "review_status": "unreviewed"
      },
      "geometry": {
        "type": "LineString",
        "coordinates": [
          [
            127.19322147232342,
            36.30985920919978
          ],
          [
            127.19383480330605,
            36.30993597314447
          ],
          [
            127.19388198261241,
            36.30997435511681
          ],
          [
            127.1942122377569,
            36.30997435511681
          ],
          [
            127.19425941706326,
            36.31001273708915
          ]
        ]
      }
    },
    {
      "type": "Feature",
      "properties": {
        "proposal_id": "ink-line-153",
        "tile_id": "177-nonsan-mountain",
        "sheet_id": "177-nonsan",
        "split": "development",
        "proposal_kind": "visible_linework_review_only",
        "backend": "archaeotrace_ink_v2_centerline",
        "upstream_commit": "7960acddb4e82855e2088fdfdd2244799b63775c",
        "pixel_length": 22.314,
        "point_count": 5,
        "confidence": 1.0,
        "review_status": "unreviewed"
      },
      "geometry": {
        "type": "LineString",
        "coordinates": [
          [
            127.19322147232342,
            36.297116394382215
          ],
          [
            127.19341018954884,
            36.29715477635455
          ],
          [
            127.19359890677427,
            36.29730830424392
          ],
          [
            127.1937876239997,
            36.2973850681886
          ],
          [
            127.19411787914419,
            36.29742345016095
          ]
        ]
      }
    },
    {
      "type": "Feature",
      "properties": {
        "proposal_id": "ink-line-154",
        "tile_id": "177-nonsan-mountain",
        "sheet_id": "177-nonsan",
        "split": "development",
        "proposal_kind": "visible_linework_review_only",
        "backend": "archaeotrace_ink_v2_centerline",
        "upstream_commit": "7960acddb4e82855e2088fdfdd2244799b63775c",
        "pixel_length": 30.414,
        "point_count": 2,
        "confidence": 1.0,
        "review_status": "unreviewed"
      },
      "geometry": {
        "type": "LineString",
        "coordinates": [
          [
            127.19359890677427,
            36.3194547022853
          ],
          [
            127.19501428596496,
            36.31941632031296
          ]
        ]
      }
    },
    {
      "type": "Feature",
      "properties": {
        "proposal_id": "ink-line-155",
        "tile_id": "177-nonsan-mountain",
        "sheet_id": "177-nonsan",
        "split": "development",
        "proposal_kind": "visible_linework_review_only",
        "backend": "archaeotrace_ink_v2_centerline",
        "upstream_commit": "7960acddb4e82855e2088fdfdd2244799b63775c",
        "pixel_length": 34.071,
        "point_count": 10,
        "confidence": 1.0,
        "review_status": "unreviewed"
      },
      "geometry": {
        "type": "LineString",
        "coordinates": [
          [
            127.19364608608063,
            36.31864868086612
          ],
          [
            127.19388198261241,
            36.31864868086612
          ],
          [
            127.19392916191876,
            36.31868706283846
          ],
          [
            127.19435377567596,
            36.31868706283846
          ],
          [
            127.19440095498233,
            36.31864868086612
          ],
          [
            127.19468403082047,
            36.31868706283846
          ],
          [
            127.19473121012682,
            36.31864868086612
          ],
          [
            127.19491992735225,
            36.31864868086612
          ],
          [
            127.1949671066586,
            36.31868706283846
          ],
          [
            127.19515582388402,
            36.31868706283846
          ]
        ]
      }
    },
    {
      "type": "Feature",
      "properties": {
        "proposal_id": "ink-line-156",
        "tile_id": "177-nonsan-mountain",
        "sheet_id": "177-nonsan",
        "split": "development",
        "proposal_kind": "visible_linework_review_only",
        "backend": "archaeotrace_ink_v2_centerline",
        "upstream_commit": "7960acddb4e82855e2088fdfdd2244799b63775c",
        "pixel_length": 28.071,
        "point_count": 6,
        "confidence": 1.0,
        "review_status": "unreviewed"
      },
      "geometry": {
        "type": "LineString",
        "coordinates": [
          [
            127.19369326538698,
            36.30337265587397
          ],
          [
            127.19407069983784,
            36.30329589192929
          ],
          [
            127.1946368515141,
            36.303334273901626
          ],
          [
            127.19468403082047,
            36.30337265587397
          ],
          [
            127.1948727480459,
            36.30337265587397
          ],
          [
            127.19491992735225,
            36.303334273901626
          ]
        ]
      }
    },
    {
      "type": "Feature",
      "properties": {
        "proposal_id": "ink-line-157",
        "tile_id": "177-nonsan-mountain",
        "sheet_id": "177-nonsan",
        "split": "development",
        "proposal_kind": "visible_linework_review_only",
        "backend": "archaeotrace_ink_v2_centerline",
        "upstream_commit": "7960acddb4e82855e2088fdfdd2244799b63775c",
        "pixel_length": 18.243,
        "point_count": 4,
        "confidence": 1.0,
        "review_status": "unreviewed"
      },
      "geometry": {
        "type": "LineString",
        "coordinates": [
          [
            127.19369326538698,
            36.30195252289732
          ],
          [
            127.19397634122512,
            36.301875758952626
          ],
          [
            127.19444813428868,
            36.301875758952626
          ],
          [
            127.19449531359504,
            36.30191414092497
          ]
        ]
      }
    },
    {
      "type": "Feature",
      "properties": {
        "proposal_id": "ink-line-158",
        "tile_id": "177-nonsan-mountain",
        "sheet_id": "177-nonsan",
        "split": "development",
        "proposal_kind": "visible_linework_review_only",
        "backend": "archaeotrace_ink_v2_centerline",
        "upstream_commit": "7960acddb4e82855e2088fdfdd2244799b63775c",
        "pixel_length": 23.728,
        "point_count": 5,
        "confidence": 1.0,
        "review_status": "unreviewed"
      },
      "geometry": {
        "type": "LineString",
        "coordinates": [
          [
            127.19374044469333,
            36.32072130737259
          ],
          [
            127.19397634122512,
            36.32087483526196
          ],
          [
            127.19407069983784,
            36.32102836315133
          ],
          [
            127.19407069983784,
            36.32125865498538
          ],
          [
            127.19392916191876,
            36.32145056484709
          ]
        ]
      }
    },
    {
      "type": "Feature",
      "properties": {
        "proposal_id": "ink-line-159",
        "tile_id": "177-nonsan-mountain",
        "sheet_id": "177-nonsan",
        "split": "development",
        "proposal_kind": "visible_linework_review_only",
        "backend": "archaeotrace_ink_v2_centerline",
        "upstream_commit": "7960acddb4e82855e2088fdfdd2244799b63775c",
        "pixel_length": 22.485,
        "point_count": 5,
        "confidence": 1.0,
        "review_status": "unreviewed"
      },
      "geometry": {
        "type": "LineString",
        "coordinates": [
          [
            127.19374044469333,
            36.292971141369264
          ],
          [
            127.19388198261241,
            36.2928176134799
          ],
          [
            127.19388198261241,
            36.292625703618185
          ],
          [
            127.19374044469333,
            36.2923570298118
          ],
          [
            127.19374044469333,
            36.29220350192242
          ]
        ]
      }
    },
    {
      "type": "Feature",
      "properties": {
        "proposal_id": "ink-line-160",
        "tile_id": "177-nonsan-mountain",
        "sheet_id": "177-nonsan",
        "split": "development",
        "proposal_kind": "visible_linework_review_only",
        "backend": "archaeotrace_ink_v2_centerline",
        "upstream_commit": "7960acddb4e82855e2088fdfdd2244799b63775c",
        "pixel_length": 26.485,
        "point_count": 6,
        "confidence": 1.0,
        "review_status": "unreviewed"
      },
      "geometry": {
        "type": "LineString",
        "coordinates": [
          [
            127.1937876239997,
            36.312814621070125
          ],
          [
            127.19392916191876,
            36.31308329487651
          ],
          [
            127.19392916191876,
            36.31319844079354
          ],
          [
            127.19383480330605,
            36.31335196868291
          ],
          [
            127.19383480330605,
            36.31365902446165
          ],
          [
            127.19388198261241,
            36.31373578840633
          ]
        ]
      }
    },
    {
      "type": "Feature",
      "properties": {
        "proposal_id": "ink-line-161",
        "tile_id": "177-nonsan-mountain",
        "sheet_id": "177-nonsan",
        "split": "development",
        "proposal_kind": "visible_linework_review_only",
        "backend": "archaeotrace_ink_v2_centerline",
        "upstream_commit": "7960acddb4e82855e2088fdfdd2244799b63775c",
        "pixel_length": 20.071,
        "point_count": 7,
        "confidence": 1.0,
        "review_status": "unreviewed"
      },
      "geometry": {
        "type": "LineString",
        "coordinates": [
          [
            127.1937876239997,
            36.29957284061211
          ],
          [
            127.1937876239997,
            36.299380930750395
          ],
          [
            127.19388198261241,
            36.29930416680571
          ],
          [
            127.19397634122512,
            36.29930416680571
          ],
          [
            127.19407069983784,
            36.299380930750395
          ],
          [
            127.19407069983784,
            36.299611222584446
          ],
          [
            127.19402352053147,
            36.29964960455679
          ]
        ]
      }
    },
    {
      "type": "Feature",
      "properties": {
        "proposal_id": "ink-line-162",
        "tile_id": "177-nonsan-mountain",
        "sheet_id": "177-nonsan",
        "split": "development",
        "proposal_kind": "visible_linework_review_only",
        "backend": "archaeotrace_ink_v2_centerline",
        "upstream_commit": "7960acddb4e82855e2088fdfdd2244799b63775c",
        "pixel_length": 29.414,
        "point_count": 4,
        "confidence": 1.0,
        "review_status": "unreviewed"
      },
      "geometry": {
        "type": "LineString",
        "coordinates": [
          [
            127.19388198261241,
            36.318917354672514
          ],
          [
            127.19411787914419,
            36.318917354672514
          ],
          [
            127.19416505845055,
            36.31895573664485
          ],
          [
            127.19525018249674,
            36.31895573664485
          ]
        ]
      }
    },
    {
      "type": "Feature",
      "properties": {
        "proposal_id": "ink-line-163",
        "tile_id": "177-nonsan-mountain",
        "sheet_id": "177-nonsan",
        "split": "development",
        "proposal_kind": "visible_linework_review_only",
        "backend": "archaeotrace_ink_v2_centerline",
        "upstream_commit": "7960acddb4e82855e2088fdfdd2244799b63775c",
        "pixel_length": 22.314,
        "point_count": 8,
        "confidence": 1.0,
        "review_status": "unreviewed"
      },
      "geometry": {
        "type": "LineString",
        "coordinates": [
          [
            127.19397634122512,
            36.317996187336306
          ],
          [
            127.19411787914419,
            36.31811133325333
          ],
          [
            127.19430659636961,
            36.31814971522567
          ],
          [
            127.19449531359504,
            36.31814971522567
          ],
          [
            127.19454249290139,
            36.31818809719801
          ],
          [
            127.1946368515141,
            36.31814971522567
          ],
          [
            127.19482556873953,
            36.31818809719801
          ],
          [
            127.1948727480459,
            36.31814971522567
          ]
        ]
      }
    },
    {
      "type": "Feature",
      "properties": {
        "proposal_id": "ink-line-164",
        "tile_id": "177-nonsan-mountain",
        "sheet_id": "177-nonsan",
        "split": "development",
        "proposal_kind": "visible_linework_review_only",
        "backend": "archaeotrace_ink_v2_centerline",
        "upstream_commit": "7960acddb4e82855e2088fdfdd2244799b63775c",
        "pixel_length": 25.243,
        "point_count": 6,
        "confidence": 1.0,
        "review_status": "unreviewed"
      },
      "geometry": {
        "type": "LineString",
        "coordinates": [
          [
            127.19416505845055,
            36.29389230870548
          ],
          [
            127.1942122377569,
            36.293969072650164
          ],
          [
            127.1942122377569,
            36.29412260053953
          ],
          [
            127.19416505845055,
            36.29416098251187
          ],
          [
            127.19416505845055,
            36.294736712097006
          ],
          [
            127.1942122377569,
            36.29481347604169
          ]
        ]
      }
    },
    {
      "type": "Feature",
      "properties": {
        "proposal_id": "ink-line-165",
        "tile_id": "177-nonsan-mountain",
        "sheet_id": "177-nonsan",
        "split": "development",
        "proposal_kind": "visible_linework_review_only",
        "backend": "archaeotrace_ink_v2_centerline",
        "upstream_commit": "7960acddb4e82855e2088fdfdd2244799b63775c",
        "pixel_length": 19.243,
        "point_count": 5,
        "confidence": 1.0,
        "review_status": "unreviewed"
      },
      "geometry": {
        "type": "LineString",
        "coordinates": [
          [
            127.19425941706326,
            36.3242908308004
          ],
          [
            127.19425941706326,
            36.32440597671743
          ],
          [
            127.19435377567596,
            36.324559504606796
          ],
          [
            127.19435377567596,
            36.324904942357875
          ],
          [
            127.19430659636961,
            36.32498170630256
          ]
        ]
      }
    },
    {
      "type": "Feature",
      "properties": {
        "proposal_id": "ink-line-166",
        "tile_id": "177-nonsan-mountain",
        "sheet_id": "177-nonsan",
        "split": "development",
        "proposal_kind": "visible_linework_review_only",
        "backend": "archaeotrace_ink_v2_centerline",
        "upstream_commit": "7960acddb4e82855e2088fdfdd2244799b63775c",
        "pixel_length": 37.142,
        "point_count": 6,
        "confidence": 1.0,
        "review_status": "unreviewed"
      },
      "geometry": {
        "type": "LineString",
        "coordinates": [
          [
            127.19430659636961,
            36.29489023998637
          ],
          [
            127.19440095498233,
            36.294775094069344
          ],
          [
            127.19440095498233,
            36.29446803829061
          ],
          [
            127.19458967220775,
            36.2940074546225
          ],
          [
            127.19454249290139,
            36.29377716278845
          ],
          [
            127.19435377567596,
            36.29366201687142
          ]
        ]
      }
    },
    {
      "type": "Feature",
      "properties": {
        "proposal_id": "ink-line-167",
        "tile_id": "177-nonsan-mountain",
        "sheet_id": "177-nonsan",
        "split": "development",
        "proposal_kind": "visible_linework_review_only",
        "backend": "archaeotrace_ink_v2_centerline",
        "upstream_commit": "7960acddb4e82855e2088fdfdd2244799b63775c",
        "pixel_length": 32.728,
        "point_count": 4,
        "confidence": 1.0,
        "review_status": "unreviewed"
      },
      "geometry": {
        "type": "LineString",
        "coordinates": [
          [
            127.19435377567596,
            36.319723376091694
          ],
          [
            127.19501428596496,
            36.319684994119356
          ],
          [
            127.1952973618031,
            36.31976175806404
          ],
          [
            127.1957219755603,
            36.31999204989809
          ]
        ]
      }
    },
    {
      "type": "Feature",
      "properties": {
        "proposal_id": "ink-line-168",
        "tile_id": "177-nonsan-mountain",
        "sheet_id": "177-nonsan",
        "split": "development",
        "proposal_kind": "visible_linework_review_only",
        "backend": "archaeotrace_ink_v2_centerline",
        "upstream_commit": "7960acddb4e82855e2088fdfdd2244799b63775c",
        "pixel_length": 20.142,
        "point_count": 3,
        "confidence": 1.0,
        "review_status": "unreviewed"
      },
      "geometry": {
        "type": "LineString",
        "coordinates": [
          [
            127.19435377567596,
            36.29312466925864
          ],
          [
            127.19440095498233,
            36.29335496109269
          ],
          [
            127.19482556873953,
            36.293738780816106
          ]
        ]
      }
    },
    {
      "type": "Feature",
      "properties": {
        "proposal_id": "ink-line-169",
        "tile_id": "177-nonsan-mountain",
        "sheet_id": "177-nonsan",
        "split": "development",
        "proposal_kind": "visible_linework_review_only",
        "backend": "archaeotrace_ink_v2_centerline",
        "upstream_commit": "7960acddb4e82855e2088fdfdd2244799b63775c",
        "pixel_length": 20.899,
        "point_count": 3,
        "confidence": 1.0,
        "review_status": "unreviewed"
      },
      "geometry": {
        "type": "LineString",
        "coordinates": [
          [
            127.19435377567596,
            36.290361167250005
          ],
          [
            127.19458967220775,
            36.29082175091811
          ],
          [
            127.19449531359504,
            36.29105204275216
          ]
        ]
      }
    },
    {
      "type": "Feature",
      "properties": {
        "proposal_id": "ink-line-170",
        "tile_id": "177-nonsan-mountain",
        "sheet_id": "177-nonsan",
        "split": "development",
        "proposal_kind": "visible_linework_review_only",
        "backend": "archaeotrace_ink_v2_centerline",
        "upstream_commit": "7960acddb4e82855e2088fdfdd2244799b63775c",
        "pixel_length": 18.657,
        "point_count": 3,
        "confidence": 1.0,
        "review_status": "unreviewed"
      },
      "geometry": {
        "type": "LineString",
        "coordinates": [
          [
            127.19440095498233,
            36.29304790531395
          ],
          [
            127.19458967220775,
            36.29277923150756
          ],
          [
            127.19458967220775,
            36.292395411784135
          ]
        ]
      }
    },
    {
      "type": "Feature",
      "properties": {
        "proposal_id": "ink-line-171",
        "tile_id": "177-nonsan-mountain",
        "sheet_id": "177-nonsan",
        "split": "development",
        "proposal_kind": "visible_linework_review_only",
        "backend": "archaeotrace_ink_v2_centerline",
        "upstream_commit": "7960acddb4e82855e2088fdfdd2244799b63775c",
        "pixel_length": 21.828,
        "point_count": 3,
        "confidence": 1.0,
        "review_status": "unreviewed"
      },
      "geometry": {
        "type": "LineString",
        "coordinates": [
          [
            127.19454249290139,
            36.325211998136616
          ],
          [
            127.1946368515141,
            36.32505847024724
          ],
          [
            127.1946368515141,
            36.32440597671743
          ]
        ]
      }
    },
    {
      "type": "Feature",
      "properties": {
        "proposal_id": "ink-line-172",
        "tile_id": "177-nonsan-mountain",
        "sheet_id": "177-nonsan",
        "split": "development",
        "proposal_kind": "visible_linework_review_only",
        "backend": "archaeotrace_ink_v2_centerline",
        "upstream_commit": "7960acddb4e82855e2088fdfdd2244799b63775c",
        "pixel_length": 28.728,
        "point_count": 7,
        "confidence": 1.0,
        "review_status": "unreviewed"
      },
      "geometry": {
        "type": "LineString",
        "coordinates": [
          [
            127.19458967220775,
            36.30072429978237
          ],
          [
            127.19458967220775,
            36.30080106372705
          ],
          [
            127.19468403082047,
            36.300877827671734
          ],
          [
            127.19520300319039,
            36.300877827671734
          ],
          [
            127.1952973618031,
            36.30091620964408
          ],
          [
            127.19539172041581,
            36.3010313555611
          ],
          [
            127.19515582388402,
            36.301184883450475
          ]
        ]
      }
    },
    {
      "type": "Feature",
      "properties": {
        "proposal_id": "ink-line-173",
        "tile_id": "177-nonsan-mountain",
        "sheet_id": "177-nonsan",
        "split": "development",
        "proposal_kind": "visible_linework_review_only",
        "backend": "archaeotrace_ink_v2_centerline",
        "upstream_commit": "7960acddb4e82855e2088fdfdd2244799b63775c",
        "pixel_length": 19.485,
        "point_count": 5,
        "confidence": 1.0,
        "review_status": "unreviewed"
      },
      "geometry": {
        "type": "LineString",
        "coordinates": [
          [
            127.19458967220775,
            36.29968798652913
          ],
          [
            127.1948727480459,
            36.29976475047381
          ],
          [
            127.19506146527131,
            36.29976475047381
          ],
          [
            127.19520300319039,
            36.29987989639084
          ],
          [
            127.19515582388402,
            36.30003342428021
          ]
        ]
      }
    },
    {
      "type": "Feature",
      "properties": {
        "proposal_id": "ink-line-174",
        "tile_id": "177-nonsan-mountain",
        "sheet_id": "177-nonsan",
        "split": "development",
        "proposal_kind": "visible_linework_review_only",
        "backend": "archaeotrace_ink_v2_centerline",
        "upstream_commit": "7960acddb4e82855e2088fdfdd2244799b63775c",
        "pixel_length": 34.243,
        "point_count": 4,
        "confidence": 1.0,
        "review_status": "unreviewed"
      },
      "geometry": {
        "type": "LineString",
        "coordinates": [
          [
            127.1946368515141,
            36.31784265944693
          ],
          [
            127.1948727480459,
            36.317919423391615
          ],
          [
            127.19600505139844,
            36.317919423391615
          ],
          [
            127.19619376862386,
            36.31795780536396
          ]
        ]
      }
    },
    {
      "type": "Feature",
      "properties": {
        "proposal_id": "ink-line-175",
        "tile_id": "177-nonsan-mountain",
        "sheet_id": "177-nonsan",
        "split": "development",
        "proposal_kind": "visible_linework_review_only",
        "backend": "archaeotrace_ink_v2_centerline",
        "upstream_commit": "7960acddb4e82855e2088fdfdd2244799b63775c",
        "pixel_length": 23.314,
        "point_count": 6,
        "confidence": 1.0,
        "review_status": "unreviewed"
      },
      "geometry": {
        "type": "LineString",
        "coordinates": [
          [
            127.1946368515141,
            36.286062386347695
          ],
          [
            127.19468403082047,
            36.28621591423706
          ],
          [
            127.19482556873953,
            36.28633106015409
          ],
          [
            127.19491992735225,
            36.28656135198814
          ],
          [
            127.19491992735225,
            36.28671487987751
          ],
          [
            127.19482556873953,
            36.286830025794536
          ]
        ]
      }
    },
    {
      "type": "Feature",
      "properties": {
        "proposal_id": "ink-line-176",
        "tile_id": "177-nonsan-mountain",
        "sheet_id": "177-nonsan",
        "split": "development",
        "proposal_kind": "visible_linework_review_only",
        "backend": "archaeotrace_ink_v2_centerline",
        "upstream_commit": "7960acddb4e82855e2088fdfdd2244799b63775c",
        "pixel_length": 29.314,
        "point_count": 7,
        "confidence": 1.0,
        "review_status": "unreviewed"
      },
      "geometry": {
        "type": "LineString",
        "coordinates": [
          [
            127.19482556873953,
            36.31665281830433
          ],
          [
            127.1948727480459,
            36.31661443633199
          ],
          [
            127.19562761694759,
            36.31657605435964
          ],
          [
            127.1957219755603,
            36.316537672387305
          ],
          [
            127.19576915486665,
            36.31649929041496
          ],
          [
            127.1957219755603,
            36.31642252647028
          ],
          [
            127.19553325833488,
            36.31630738055325
          ]
        ]
      }
    },
    {
      "type": "Feature",
      "properties": {
        "proposal_id": "ink-line-177",
        "tile_id": "177-nonsan-mountain",
        "sheet_id": "177-nonsan",
        "split": "development",
        "proposal_kind": "visible_linework_review_only",
        "backend": "archaeotrace_ink_v2_centerline",
        "upstream_commit": "7960acddb4e82855e2088fdfdd2244799b63775c",
        "pixel_length": 22.071,
        "point_count": 5,
        "confidence": 1.0,
        "review_status": "unreviewed"
      },
      "geometry": {
        "type": "LineString",
        "coordinates": [
          [
            127.1948727480459,
            36.29615684507366
          ],
          [
            127.1949671066586,
            36.296118463101315
          ],
          [
            127.19525018249674,
            36.296118463101315
          ],
          [
            127.1952973618031,
            36.29615684507366
          ],
          [
            127.19515582388402,
            36.29657904676942
          ]
        ]
      }
    },
    {
      "type": "Feature",
      "properties": {
        "proposal_id": "ink-line-178",
        "tile_id": "177-nonsan-mountain",
        "sheet_id": "177-nonsan",
        "split": "development",
        "proposal_kind": "visible_linework_review_only",
        "backend": "archaeotrace_ink_v2_centerline",
        "upstream_commit": "7960acddb4e82855e2088fdfdd2244799b63775c",
        "pixel_length": 27.243,
        "point_count": 4,
        "confidence": 1.0,
        "review_status": "unreviewed"
      },
      "geometry": {
        "type": "LineString",
        "coordinates": [
          [
            127.19491992735225,
            36.317650749585226
          ],
          [
            127.19510864457767,
            36.31772751352991
          ],
          [
            127.1960522307048,
            36.31772751352991
          ],
          [
            127.19614658931751,
            36.31776589550225
          ]
        ]
      }
    },
    {
      "type": "Feature",
      "properties": {
        "proposal_id": "ink-line-179",
        "tile_id": "177-nonsan-mountain",
        "sheet_id": "177-nonsan",
        "split": "development",
        "proposal_kind": "visible_linework_review_only",
        "backend": "archaeotrace_ink_v2_centerline",
        "upstream_commit": "7960acddb4e82855e2088fdfdd2244799b63775c",
        "pixel_length": 34.142,
        "point_count": 8,
        "confidence": 1.0,
        "review_status": "unreviewed"
      },
      "geometry": {
        "type": "LineString",
        "coordinates": [
          [
            127.19491992735225,
            36.29343172503737
          ],
          [
            127.19515582388402,
            36.29366201687142
          ],
          [
            127.19515582388402,
            36.29381554476079
          ],
          [
            127.19501428596496,
            36.29404583659485
          ],
          [
            127.19501428596496,
            36.294199364484214
          ],
          [
            127.1949671066586,
            36.29423774645655
          ],
          [
            127.1949671066586,
            36.29454480223529
          ],
          [
            127.19501428596496,
            36.29458318420763
          ]
        ]
      }
    },
    {
      "type": "Feature",
      "properties": {
        "proposal_id": "ink-line-180",
        "tile_id": "177-nonsan-mountain",
        "sheet_id": "177-nonsan",
        "split": "development",
        "proposal_kind": "visible_linework_review_only",
        "backend": "archaeotrace_ink_v2_centerline",
        "upstream_commit": "7960acddb4e82855e2088fdfdd2244799b63775c",
        "pixel_length": 22.899,
        "point_count": 4,
        "confidence": 1.0,
        "review_status": "unreviewed"
      },
      "geometry": {
        "type": "LineString",
        "coordinates": [
          [
            127.19491992735225,
            36.28982381963721
          ],
          [
            127.19515582388402,
            36.28970867372019
          ],
          [
            127.19562761694759,
            36.289670291747846
          ],
          [
            127.19586351347937,
            36.289555145830825
          ]
        ]
      }
    },
    {
      "type": "Feature",
      "properties": {
        "proposal_id": "ink-line-181",
        "tile_id": "177-nonsan-mountain",
        "sheet_id": "177-nonsan",
        "split": "development",
        "proposal_kind": "visible_linework_review_only",
        "backend": "archaeotrace_ink_v2_centerline",
        "upstream_commit": "7960acddb4e82855e2088fdfdd2244799b63775c",
        "pixel_length": 18.071,
        "point_count": 5,
        "confidence": 1.0,
        "review_status": "unreviewed"
      },
      "geometry": {
        "type": "LineString",
        "coordinates": [
          [
            127.19501428596496,
            36.320068813842774
          ],
          [
            127.19506146527131,
            36.320030431870435
          ],
          [
            127.19534454110945,
            36.320030431870435
          ],
          [
            127.19567479625394,
            36.3201839597598
          ],
          [
            127.19576915486665,
            36.3201839597598
          ]
        ]
      }
    },
    {
      "type": "Feature",
      "properties": {
        "proposal_id": "ink-line-182",
        "tile_id": "177-nonsan-mountain",
        "sheet_id": "177-nonsan",
        "split": "development",
        "proposal_kind": "visible_linework_review_only",
        "backend": "archaeotrace_ink_v2_centerline",
        "upstream_commit": "7960acddb4e82855e2088fdfdd2244799b63775c",
        "pixel_length": 30.485,
        "point_count": 4,
        "confidence": 1.0,
        "review_status": "unreviewed"
      },
      "geometry": {
        "type": "LineString",
        "coordinates": [
          [
            127.19501428596496,
            36.304255441237835
          ],
          [
            127.19543889972216,
            36.304370587154864
          ],
          [
            127.19600505139844,
            36.304370587154864
          ],
          [
            127.19633530654293,
            36.30448573307189
          ]
        ]
      }
    },
    {
      "type": "Feature",
      "properties": {
        "proposal_id": "ink-line-183",
        "tile_id": "177-nonsan-mountain",
        "sheet_id": "177-nonsan",
        "split": "development",
        "proposal_kind": "visible_linework_review_only",
        "backend": "archaeotrace_ink_v2_centerline",
        "upstream_commit": "7960acddb4e82855e2088fdfdd2244799b63775c",
        "pixel_length": 26.485,
        "point_count": 7,
        "confidence": 1.0,
        "review_status": "unreviewed"
      },
      "geometry": {
        "type": "LineString",
        "coordinates": [
          [
            127.19501428596496,
            36.291474244447926
          ],
          [
            127.1949671066586,
            36.29120557064153
          ],
          [
            127.19501428596496,
            36.29116718866919
          ],
          [
            127.19501428596496,
            36.29097527880748
          ],
          [
            127.19510864457767,
            36.29082175091811
          ],
          [
            127.19510864457767,
            36.290706605001084
          ],
          [
            127.19501428596496,
            36.29055307711172
          ]
        ]
      }
    },
    {
      "type": "Feature",
      "properties": {
        "proposal_id": "ink-line-184",
        "tile_id": "177-nonsan-mountain",
        "sheet_id": "177-nonsan",
        "split": "development",
        "proposal_kind": "visible_linework_review_only",
        "backend": "archaeotrace_ink_v2_centerline",
        "upstream_commit": "7960acddb4e82855e2088fdfdd2244799b63775c",
        "pixel_length": 31.556,
        "point_count": 4,
        "confidence": 1.0,
        "review_status": "unreviewed"
      },
      "geometry": {
        "type": "LineString",
        "coordinates": [
          [
            127.19515582388402,
            36.316000324774514
          ],
          [
            127.1952973618031,
            36.316000324774514
          ],
          [
            127.19581633417302,
            36.31615385266388
          ],
          [
            127.19642966515565,
            36.31642252647028
          ]
        ]
      }
    },
    {
      "type": "Feature",
      "properties": {
        "proposal_id": "ink-line-185",
        "tile_id": "177-nonsan-mountain",
        "sheet_id": "177-nonsan",
        "split": "development",
        "proposal_kind": "visible_linework_review_only",
        "backend": "archaeotrace_ink_v2_centerline",
        "upstream_commit": "7960acddb4e82855e2088fdfdd2244799b63775c",
        "pixel_length": 19.728,
        "point_count": 4,
        "confidence": 1.0,
        "review_status": "unreviewed"
      },
      "geometry": {
        "type": "LineString",
        "coordinates": [
          [
            127.19520300319039,
            36.32087483526196
          ],
          [
            127.1952973618031,
            36.320951599206644
          ],
          [
            127.19539172041581,
            36.32122027301304
          ],
          [
            127.19562761694759,
            36.32148894681943
          ]
        ]
      }
    },
    {
      "type": "Feature",
      "properties": {
        "proposal_id": "ink-line-186",
        "tile_id": "177-nonsan-mountain",
        "sheet_id": "177-nonsan",
        "split": "development",
        "proposal_kind": "visible_linework_review_only",
        "backend": "archaeotrace_ink_v2_centerline",
        "upstream_commit": "7960acddb4e82855e2088fdfdd2244799b63775c",
        "pixel_length": 36.485,
        "point_count": 6,
        "confidence": 1.0,
        "review_status": "unreviewed"
      },
      "geometry": {
        "type": "LineString",
        "coordinates": [
          [
            127.19520300319039,
            36.31707502000009
          ],
          [
            127.19548607902853,
            36.316998256055406
          ],
          [
            127.1957219755603,
            36.316998256055406
          ],
          [
            127.19628812723657,
            36.317113401972435
          ],
          [
            127.19675992030014,
            36.317113401972435
          ],
          [
            127.19680709960649,
            36.31707502000009
          ]
        ]
      }
    },
    {
      "type": "Feature",
      "properties": {
        "proposal_id": "ink-line-187",
        "tile_id": "177-nonsan-mountain",
        "sheet_id": "177-nonsan",
        "split": "development",
        "proposal_kind": "visible_linework_review_only",
        "backend": "archaeotrace_ink_v2_centerline",
        "upstream_commit": "7960acddb4e82855e2088fdfdd2244799b63775c",
        "pixel_length": 28.657,
        "point_count": 5,
        "confidence": 1.0,
        "review_status": "unreviewed"
      },
      "geometry": {
        "type": "LineString",
        "coordinates": [
          [
            127.19525018249674,
            36.31749722169585
          ],
          [
            127.19543889972216,
            36.31749722169585
          ],
          [
            127.19548607902853,
            36.3175356036682
          ],
          [
            127.19624094793022,
            36.31749722169585
          ],
          [
            127.19652402376836,
            36.31757398564054
          ]
        ]
      }
    },
    {
      "type": "Feature",
      "properties": {
        "proposal_id": "ink-line-188",
        "tile_id": "177-nonsan-mountain",
        "sheet_id": "177-nonsan",
        "split": "development",
        "proposal_kind": "visible_linework_review_only",
        "backend": "archaeotrace_ink_v2_centerline",
        "upstream_commit": "7960acddb4e82855e2088fdfdd2244799b63775c",
        "pixel_length": 19.728,
        "point_count": 4,
        "confidence": 1.0,
        "review_status": "unreviewed"
      },
      "geometry": {
        "type": "LineString",
        "coordinates": [
          [
            127.19525018249674,
            36.294084218567185
          ],
          [
            127.19534454110945,
            36.29435289237358
          ],
          [
            127.19558043764123,
            36.29454480223529
          ],
          [
            127.19576915486665,
            36.29462156617998
          ]
        ]
      }
    },
    {
      "type": "Feature",
      "properties": {
        "proposal_id": "ink-line-189",
        "tile_id": "177-nonsan-mountain",
        "sheet_id": "177-nonsan",
        "split": "development",
        "proposal_kind": "visible_linework_review_only",
        "backend": "archaeotrace_ink_v2_centerline",
        "upstream_commit": "7960acddb4e82855e2088fdfdd2244799b63775c",
        "pixel_length": 24.142,
        "point_count": 4,
        "confidence": 1.0,
        "review_status": "unreviewed"
      },
      "geometry": {
        "type": "LineString",
        "coordinates": [
          [
            127.19562761694759,
            36.3189941186172
          ],
          [
            127.19628812723657,
            36.31930117439593
          ],
          [
            127.19642966515565,
            36.319262792423594
          ],
          [
            127.196476844462,
            36.319147646506565
          ]
        ]
      }
    },
    {
      "type": "Feature",
      "properties": {
        "proposal_id": "ink-line-190",
        "tile_id": "177-nonsan-mountain",
        "sheet_id": "177-nonsan",
        "split": "development",
        "proposal_kind": "visible_linework_review_only",
        "backend": "archaeotrace_ink_v2_centerline",
        "upstream_commit": "7960acddb4e82855e2088fdfdd2244799b63775c",
        "pixel_length": 20.071,
        "point_count": 4,
        "confidence": 1.0,
        "review_status": "unreviewed"
      },
      "geometry": {
        "type": "LineString",
        "coordinates": [
          [
            127.19567479625394,
            36.32390701107698
          ],
          [
            127.19581633417302,
            36.32367671924293
          ],
          [
            127.19581633417302,
            36.32329289951951
          ],
          [
            127.19591069278573,
            36.323216135574825
          ]
        ]
      }
    },
    {
      "type": "Feature",
      "properties": {
        "proposal_id": "ink-line-191",
        "tile_id": "177-nonsan-mountain",
        "sheet_id": "177-nonsan",
        "split": "development",
        "proposal_kind": "visible_linework_review_only",
        "backend": "archaeotrace_ink_v2_centerline",
        "upstream_commit": "7960acddb4e82855e2088fdfdd2244799b63775c",
        "pixel_length": 22.243,
        "point_count": 2,
        "confidence": 1.0,
        "review_status": "unreviewed"
      },
      "geometry": {
        "type": "LineString",
        "coordinates": [
          [
            127.19567479625394,
            36.316767964221356
          ],
          [
            127.19666556168742,
            36.316883110138384
          ]
        ]
      }
    },
    {
      "type": "Feature",
      "properties": {
        "proposal_id": "ink-line-192",
        "tile_id": "177-nonsan-mountain",
        "sheet_id": "177-nonsan",
        "split": "development",
        "proposal_kind": "visible_linework_review_only",
        "backend": "archaeotrace_ink_v2_centerline",
        "upstream_commit": "7960acddb4e82855e2088fdfdd2244799b63775c",
        "pixel_length": 29.485,
        "point_count": 4,
        "confidence": 1.0,
        "review_status": "unreviewed"
      },
      "geometry": {
        "type": "LineString",
        "coordinates": [
          [
            127.1957219755603,
            36.291282334586214
          ],
          [
            127.19586351347937,
            36.29105204275216
          ],
          [
            127.1957219755603,
            36.29055307711172
          ],
          [
            127.1957219755603,
            36.290246021332976
          ]
        ]
      }
    },
    {
      "type": "Feature",
      "properties": {
        "proposal_id": "ink-line-193",
        "tile_id": "177-nonsan-mountain",
        "sheet_id": "177-nonsan",
        "split": "development",
        "proposal_kind": "visible_linework_review_only",
        "backend": "archaeotrace_ink_v2_centerline",
        "upstream_commit": "7960acddb4e82855e2088fdfdd2244799b63775c",
        "pixel_length": 21.828,
        "point_count": 5,
        "confidence": 1.0,
        "review_status": "unreviewed"
      },
      "geometry": {
        "type": "LineString",
        "coordinates": [
          [
            127.19576915486665,
            36.28648458804346
          ],
          [
            127.1957219755603,
            36.28656135198814
          ],
          [
            127.1957219755603,
            36.28702193565624
          ],
          [
            127.19576915486665,
            36.28706031762859
          ],
          [
            127.1960522307048,
            36.28706031762859
          ]
        ]
      }
    },
    {
      "type": "Feature",
      "properties": {
        "proposal_id": "ink-line-194",
        "tile_id": "177-nonsan-mountain",
        "sheet_id": "177-nonsan",
        "split": "development",
        "proposal_kind": "visible_linework_review_only",
        "backend": "archaeotrace_ink_v2_centerline",
        "upstream_commit": "7960acddb4e82855e2088fdfdd2244799b63775c",
        "pixel_length": 18.485,
        "point_count": 3,
        "confidence": 1.0,
        "review_status": "unreviewed"
      },
      "geometry": {
        "type": "LineString",
        "coordinates": [
          [
            127.19581633417302,
            36.320030431870435
          ],
          [
            127.19624094793022,
            36.32022234173214
          ],
          [
            127.19657120307471,
            36.320260723704486
          ]
        ]
      }
    },
    {
      "type": "Feature",
      "properties": {
        "proposal_id": "ink-line-195",
        "tile_id": "177-nonsan-mountain",
        "sheet_id": "177-nonsan",
        "split": "development",
        "proposal_kind": "visible_linework_review_only",
        "backend": "archaeotrace_ink_v2_centerline",
        "upstream_commit": "7960acddb4e82855e2088fdfdd2244799b63775c",
        "pixel_length": 21.657,
        "point_count": 4,
        "confidence": 1.0,
        "review_status": "unreviewed"
      },
      "geometry": {
        "type": "LineString",
        "coordinates": [
          [
            127.19581633417302,
            36.292740849535214
          ],
          [
            127.19586351347937,
            36.29304790531395
          ],
          [
            127.19600505139844,
            36.293316579120344
          ],
          [
            127.19600505139844,
            36.293508488982056
          ]
        ]
      }
    },
    {
      "type": "Feature",
      "properties": {
        "proposal_id": "ink-line-196",
        "tile_id": "177-nonsan-mountain",
        "sheet_id": "177-nonsan",
        "split": "development",
        "proposal_kind": "visible_linework_review_only",
        "backend": "archaeotrace_ink_v2_centerline",
        "upstream_commit": "7960acddb4e82855e2088fdfdd2244799b63775c",
        "pixel_length": 20.414,
        "point_count": 2,
        "confidence": 1.0,
        "review_status": "unreviewed"
      },
      "geometry": {
        "type": "LineString",
        "coordinates": [
          [
            127.19586351347937,
            36.320606161455565
          ],
          [
            127.19680709960649,
            36.3206445434279
          ]
        ]
      }
    },
    {
      "type": "Feature",
      "properties": {
        "proposal_id": "ink-line-197",
        "tile_id": "177-nonsan-mountain",
        "sheet_id": "177-nonsan",
        "split": "development",
        "proposal_kind": "visible_linework_review_only",
        "backend": "archaeotrace_ink_v2_centerline",
        "upstream_commit": "7960acddb4e82855e2088fdfdd2244799b63775c",
        "pixel_length": 21.243,
        "point_count": 3,
        "confidence": 1.0,
        "review_status": "unreviewed"
      },
      "geometry": {
        "type": "LineString",
        "coordinates": [
          [
            127.19600505139844,
            36.32398377502167
          ],
          [
            127.19614658931751,
            36.32367671924293
          ],
          [
            127.19614658931751,
            36.323216135574825
          ]
        ]
      }
    },
    {
      "type": "Feature",
      "properties": {
        "proposal_id": "ink-line-198",
        "tile_id": "177-nonsan-mountain",
        "sheet_id": "177-nonsan",
        "split": "development",
        "proposal_kind": "visible_linework_review_only",
        "backend": "archaeotrace_ink_v2_centerline",
        "upstream_commit": "7960acddb4e82855e2088fdfdd2244799b63775c",
        "pixel_length": 21.657,
        "point_count": 3,
        "confidence": 1.0,
        "review_status": "unreviewed"
      },
      "geometry": {
        "type": "LineString",
        "coordinates": [
          [
            127.19600505139844,
            36.2913590985309
          ],
          [
            127.19609941001116,
            36.29112880669685
          ],
          [
            127.19600505139844,
            36.290591459084055
          ]
        ]
      }
    },
    {
      "type": "Feature",
      "properties": {
        "proposal_id": "ink-line-199",
        "tile_id": "177-nonsan-mountain",
        "sheet_id": "177-nonsan",
        "split": "development",
        "proposal_kind": "visible_linework_review_only",
        "backend": "archaeotrace_ink_v2_centerline",
        "upstream_commit": "7960acddb4e82855e2088fdfdd2244799b63775c",
        "pixel_length": 44.799,
        "point_count": 6,
        "confidence": 1.0,
        "review_status": "unreviewed"
      },
      "geometry": {
        "type": "LineString",
        "coordinates": [
          [
            127.19609941001116,
            36.3158084149128
          ],
          [
            127.19624094793022,
            36.31592356082983
          ],
          [
            127.19666556168742,
            36.3160770887192
          ],
          [
            127.19709017544463,
            36.3160770887192
          ],
          [
            127.19770350642726,
            36.31584679688515
          ],
          [
            127.19793940295905,
            36.3158084149128
          ]
        ]
      }
    },
    {
      "type": "Feature",
      "properties": {
        "proposal_id": "ink-line-200",
        "tile_id": "177-nonsan-mountain",
        "sheet_id": "177-nonsan",
        "split": "development",
        "proposal_kind": "visible_linework_review_only",
        "backend": "archaeotrace_ink_v2_centerline",
        "upstream_commit": "7960acddb4e82855e2088fdfdd2244799b63775c",
        "pixel_length": 34.728,
        "point_count": 5,
        "confidence": 1.0,
        "review_status": "unreviewed"
      },
      "geometry": {
        "type": "LineString",
        "coordinates": [
          [
            127.19609941001116,
            36.29446803829061
          ],
          [
            127.19652402376836,
            36.29450642026295
          ],
          [
            127.19727889267006,
            36.2942761284289
          ],
          [
            127.19742043058912,
            36.2942761284289
          ],
          [
            127.1975619685082,
            36.29435289237358
          ]
        ]
      }
    },
    {
      "type": "Feature",
      "properties": {
        "proposal_id": "ink-line-201",
        "tile_id": "177-nonsan-mountain",
        "sheet_id": "177-nonsan",
        "split": "development",
        "proposal_kind": "visible_linework_review_only",
        "backend": "archaeotrace_ink_v2_centerline",
        "upstream_commit": "7960acddb4e82855e2088fdfdd2244799b63775c",
        "pixel_length": 22.657,
        "point_count": 3,
        "confidence": 1.0,
        "review_status": "unreviewed"
      },
      "geometry": {
        "type": "LineString",
        "coordinates": [
          [
            127.19619376862386,
            36.32087483526196
          ],
          [
            127.19614658931751,
            36.321412182874745
          ],
          [
            127.19628812723657,
            36.32168085668114
          ]
        ]
      }
    },
    {
      "type": "Feature",
      "properties": {
        "proposal_id": "ink-line-202",
        "tile_id": "177-nonsan-mountain",
        "sheet_id": "177-nonsan",
        "split": "development",
        "proposal_kind": "visible_linework_review_only",
        "backend": "archaeotrace_ink_v2_centerline",
        "upstream_commit": "7960acddb4e82855e2088fdfdd2244799b63775c",
        "pixel_length": 18.657,
        "point_count": 5,
        "confidence": 1.0,
        "review_status": "unreviewed"
      },
      "geometry": {
        "type": "LineString",
        "coordinates": [
          [
            127.19628812723657,
            36.309897591172124
          ],
          [
            127.19652402376836,
            36.30997435511681
          ],
          [
            127.19675992030014,
            36.30997435511681
          ],
          [
            127.19685427891285,
            36.30985920919978
          ],
          [
            127.19685427891285,
            36.30970568131041
          ]
        ]
      }
    },
    {
      "type": "Feature",
      "properties": {
        "proposal_id": "ink-line-203",
        "tile_id": "177-nonsan-mountain",
        "sheet_id": "177-nonsan",
        "split": "development",
        "proposal_kind": "visible_linework_review_only",
        "backend": "archaeotrace_ink_v2_centerline",
        "upstream_commit": "7960acddb4e82855e2088fdfdd2244799b63775c",
        "pixel_length": 21.071,
        "point_count": 5,
        "confidence": 1.0,
        "review_status": "unreviewed"
      },
      "geometry": {
        "type": "LineString",
        "coordinates": [
          [
            127.19628812723657,
            36.28909456216272
          ],
          [
            127.19633530654293,
            36.28940161794145
          ],
          [
            127.19642966515565,
            36.28959352780316
          ],
          [
            127.19642966515565,
            36.28974705569253
          ],
          [
            127.19633530654293,
            36.28982381963721
          ]
        ]
      }
    },
    {
      "type": "Feature",
      "properties": {
        "proposal_id": "ink-line-204",
        "tile_id": "177-nonsan-mountain",
        "sheet_id": "177-nonsan",
        "split": "development",
        "proposal_kind": "visible_linework_review_only",
        "backend": "archaeotrace_ink_v2_centerline",
        "upstream_commit": "7960acddb4e82855e2088fdfdd2244799b63775c",
        "pixel_length": 20.142,
        "point_count": 4,
        "confidence": 1.0,
        "review_status": "unreviewed"
      },
      "geometry": {
        "type": "LineString",
        "coordinates": [
          [
            127.19638248584928,
            36.29895872905463
          ],
          [
            127.19671274099379,
            36.29876681919292
          ],
          [
            127.19699581683192,
            36.29869005524824
          ],
          [
            127.19713735475099,
            36.29857490933121
          ]
        ]
      }
    },
    {
      "type": "Feature",
      "properties": {
        "proposal_id": "ink-line-205",
        "tile_id": "177-nonsan-mountain",
        "sheet_id": "177-nonsan",
        "split": "development",
        "proposal_kind": "visible_linework_review_only",
        "backend": "archaeotrace_ink_v2_centerline",
        "upstream_commit": "7960acddb4e82855e2088fdfdd2244799b63775c",
        "pixel_length": 19.071,
        "point_count": 3,
        "confidence": 1.0,
        "review_status": "unreviewed"
      },
      "geometry": {
        "type": "LineString",
        "coordinates": [
          [
            127.19642966515565,
            36.31573165096812
          ],
          [
            127.19671274099379,
            36.315885178857485
          ],
          [
            127.1972317133637,
            36.31584679688515
          ]
        ]
      }
    },
    {
      "type": "Feature",
      "properties": {
        "proposal_id": "ink-line-206",
        "tile_id": "177-nonsan-mountain",
        "sheet_id": "177-nonsan",
        "split": "development",
        "proposal_kind": "visible_linework_review_only",
        "backend": "archaeotrace_ink_v2_centerline",
        "upstream_commit": "7960acddb4e82855e2088fdfdd2244799b63775c",
        "pixel_length": 34.899,
        "point_count": 5,
        "confidence": 1.0,
        "review_status": "unreviewed"
      },
      "geometry": {
        "type": "LineString",
        "coordinates": [
          [
            127.19642966515565,
            36.293853926733135
          ],
          [
            127.19699581683192,
            36.29381554476079
          ],
          [
            127.19751478920183,
            36.29366201687142
          ],
          [
            127.19784504434634,
            36.29366201687142
          ],
          [
            127.19793940295905,
            36.293738780816106
          ]
        ]
      }
    },
    {
      "type": "Feature",
      "properties": {
        "proposal_id": "ink-line-207",
        "tile_id": "177-nonsan-mountain",
        "sheet_id": "177-nonsan",
        "split": "development",
        "proposal_kind": "visible_linework_review_only",
        "backend": "archaeotrace_ink_v2_centerline",
        "upstream_commit": "7960acddb4e82855e2088fdfdd2244799b63775c",
        "pixel_length": 18.243,
        "point_count": 4,
        "confidence": 1.0,
        "review_status": "unreviewed"
      },
      "geometry": {
        "type": "LineString",
        "coordinates": [
          [
            127.19657120307471,
            36.31646090844262
          ],
          [
            127.19709017544463,
            36.31646090844262
          ],
          [
            127.19713735475099,
            36.31657605435964
          ],
          [
            127.19704299613828,
            36.31669120027667
          ]
        ]
      }
    },
    {
      "type": "Feature",
      "properties": {
        "proposal_id": "ink-line-208",
        "tile_id": "177-nonsan-mountain",
        "sheet_id": "177-nonsan",
        "split": "development",
        "proposal_kind": "visible_linework_review_only",
        "backend": "archaeotrace_ink_v2_centerline",
        "upstream_commit": "7960acddb4e82855e2088fdfdd2244799b63775c",
        "pixel_length": 18.243,
        "point_count": 4,
        "confidence": 1.0,
        "review_status": "unreviewed"
      },
      "geometry": {
        "type": "LineString",
        "coordinates": [
          [
            127.19661838238108,
            36.30014857019724
          ],
          [
            127.19671274099379,
            36.300186952169575
          ],
          [
            127.19704299613828,
            36.300186952169575
          ],
          [
            127.19742043058912,
            36.30011018822489
          ]
        ]
      }
    },
    {
      "type": "Feature",
      "properties": {
        "proposal_id": "ink-line-209",
        "tile_id": "177-nonsan-mountain",
        "sheet_id": "177-nonsan",
        "split": "development",
        "proposal_kind": "visible_linework_review_only",
        "backend": "archaeotrace_ink_v2_centerline",
        "upstream_commit": "7960acddb4e82855e2088fdfdd2244799b63775c",
        "pixel_length": 58.213,
        "point_count": 10,
        "confidence": 1.0,
        "review_status": "unreviewed"
      },
      "geometry": {
        "type": "LineString",
        "coordinates": [
          [
            127.19661838238108,
            36.29320143320332
          ],
          [
            127.19661838238108,
            36.29343172503737
          ],
          [
            127.19685427891285,
            36.29358525292674
          ],
          [
            127.19737325128277,
            36.293508488982056
          ],
          [
            127.19760914781455,
            36.29339334306503
          ],
          [
            127.19803376157175,
            36.29335496109269
          ],
          [
            127.19812812018446,
            36.29343172503737
          ],
          [
            127.19817529949083,
            36.293623634899085
          ],
          [
            127.19826965810354,
            36.293738780816106
          ],
          [
            127.19826965810354,
            36.293969072650164
          ]
        ]
      }
    },
    {
      "type": "Feature",
      "properties": {
        "proposal_id": "ink-line-210",
        "tile_id": "177-nonsan-mountain",
        "sheet_id": "177-nonsan",
        "split": "development",
        "proposal_kind": "visible_linework_review_only",
        "backend": "archaeotrace_ink_v2_centerline",
        "upstream_commit": "7960acddb4e82855e2088fdfdd2244799b63775c",
        "pixel_length": 22.899,
        "point_count": 5,
        "confidence": 1.0,
        "review_status": "unreviewed"
      },
      "geometry": {
        "type": "LineString",
        "coordinates": [
          [
            127.19661838238108,
            36.288211776798846
          ],
          [
            127.19652402376836,
            36.28801986693714
          ],
          [
            127.19671274099379,
            36.287866339047774
          ],
          [
            127.19704299613828,
            36.287866339047774
          ],
          [
            127.19718453405734,
            36.28794310299246
          ]
        ]
      }
    },
    {
      "type": "Feature",
      "properties": {
        "proposal_id": "ink-line-211",
        "tile_id": "177-nonsan-mountain",
        "sheet_id": "177-nonsan",
        "split": "development",
        "proposal_kind": "visible_linework_review_only",
        "backend": "archaeotrace_ink_v2_centerline",
        "upstream_commit": "7960acddb4e82855e2088fdfdd2244799b63775c",
        "pixel_length": 30.142,
        "point_count": 5,
        "confidence": 1.0,
        "review_status": "unreviewed"
      },
      "geometry": {
        "type": "LineString",
        "coordinates": [
          [
            127.19666556168742,
            36.289900583581904
          ],
          [
            127.19671274099379,
            36.28970867372019
          ],
          [
            127.19652402376836,
            36.28932485399677
          ],
          [
            127.19652402376836,
            36.2891713261074
          ],
          [
            127.19675992030014,
            36.288902652301005
          ]
        ]
      }
    },
    {
      "type": "Feature",
      "properties": {
        "proposal_id": "ink-line-212",
        "tile_id": "177-nonsan-mountain",
        "sheet_id": "177-nonsan",
        "split": "development",
        "proposal_kind": "visible_linework_review_only",
        "backend": "archaeotrace_ink_v2_centerline",
        "upstream_commit": "7960acddb4e82855e2088fdfdd2244799b63775c",
        "pixel_length": 24.556,
        "point_count": 5,
        "confidence": 1.0,
        "review_status": "unreviewed"
      },
      "geometry": {
        "type": "LineString",
        "coordinates": [
          [
            127.19685427891285,
            36.320299105676824
          ],
          [
            127.19699581683192,
            36.320260723704486
          ],
          [
            127.19713735475099,
            36.32014557778746
          ],
          [
            127.19727889267006,
            36.31980014003638
          ],
          [
            127.19751478920183,
            36.31964661214701
          ]
        ]
      }
    },
    {
      "type": "Feature",
      "properties": {
        "proposal_id": "ink-line-213",
        "tile_id": "177-nonsan-mountain",
        "sheet_id": "177-nonsan",
        "split": "development",
        "proposal_kind": "visible_linework_review_only",
        "backend": "archaeotrace_ink_v2_centerline",
        "upstream_commit": "7960acddb4e82855e2088fdfdd2244799b63775c",
        "pixel_length": 36.899,
        "point_count": 6,
        "confidence": 1.0,
        "review_status": "unreviewed"
      },
      "geometry": {
        "type": "LineString",
        "coordinates": [
          [
            127.19685427891285,
            36.30149193922921
          ],
          [
            127.1969014582192,
            36.301415175284525
          ],
          [
            127.19713735475099,
            36.30133841133984
          ],
          [
            127.1975619685082,
            36.30133841133984
          ],
          [
            127.19808094087811,
            36.30149193922921
          ],
          [
            127.1984111960226,
            36.30149193922921
          ]
        ]
      }
    },
    {
      "type": "Feature",
      "properties": {
        "proposal_id": "ink-line-214",
        "tile_id": "177-nonsan-mountain",
        "sheet_id": "177-nonsan",
        "split": "development",
        "proposal_kind": "visible_linework_review_only",
        "backend": "archaeotrace_ink_v2_centerline",
        "upstream_commit": "7960acddb4e82855e2088fdfdd2244799b63775c",
        "pixel_length": 19.657,
        "point_count": 6,
        "confidence": 1.0,
        "review_status": "unreviewed"
      },
      "geometry": {
        "type": "LineString",
        "coordinates": [
          [
            127.19699581683192,
            36.291474244447926
          ],
          [
            127.19704299613828,
            36.29139748050324
          ],
          [
            127.19704299613828,
            36.29101366077982
          ],
          [
            127.19699581683192,
            36.29097527880748
          ],
          [
            127.19704299613828,
            36.29086013289045
          ],
          [
            127.19699581683192,
            36.29078336894577
          ]
        ]
      }
    },
    {
      "type": "Feature",
      "properties": {
        "proposal_id": "ink-line-215",
        "tile_id": "177-nonsan-mountain",
        "sheet_id": "177-nonsan",
        "split": "development",
        "proposal_kind": "visible_linework_review_only",
        "backend": "archaeotrace_ink_v2_centerline",
        "upstream_commit": "7960acddb4e82855e2088fdfdd2244799b63775c",
        "pixel_length": 26.657,
        "point_count": 5,
        "confidence": 1.0,
        "review_status": "unreviewed"
      },
      "geometry": {
        "type": "LineString",
        "coordinates": [
          [
            127.19704299613828,
            36.32486656038554
          ],
          [
            127.19699581683192,
            36.32482817841319
          ],
          [
            127.19699581683192,
            36.32440597671743
          ],
          [
            127.19709017544463,
            36.32421406685572
          ],
          [
            127.19713735475099,
            36.32390701107698
          ]
        ]
      }
    },
    {
      "type": "Feature",
      "properties": {
        "proposal_id": "ink-line-216",
        "tile_id": "177-nonsan-mountain",
        "sheet_id": "177-nonsan",
        "split": "development",
        "proposal_kind": "visible_linework_review_only",
        "backend": "archaeotrace_ink_v2_centerline",
        "upstream_commit": "7960acddb4e82855e2088fdfdd2244799b63775c",
        "pixel_length": 18.071,
        "point_count": 4,
        "confidence": 1.0,
        "review_status": "unreviewed"
      },
      "geometry": {
        "type": "LineString",
        "coordinates": [
          [
            127.19704299613828,
            36.31626899858091
          ],
          [
            127.19737325128277,
            36.316192234636226
          ],
          [
            127.19760914781455,
            36.3160770887192
          ],
          [
            127.19779786503997,
            36.3160770887192
          ]
        ]
      }
    },
    {
      "type": "Feature",
      "properties": {
        "proposal_id": "ink-line-217",
        "tile_id": "177-nonsan-mountain",
        "sheet_id": "177-nonsan",
        "split": "development",
        "proposal_kind": "visible_linework_review_only",
        "backend": "archaeotrace_ink_v2_centerline",
        "upstream_commit": "7960acddb4e82855e2088fdfdd2244799b63775c",
        "pixel_length": 19.414,
        "point_count": 3,
        "confidence": 1.0,
        "review_status": "unreviewed"
      },
      "geometry": {
        "type": "LineString",
        "coordinates": [
          [
            127.19727889267006,
            36.32156571076412
          ],
          [
            127.19732607197642,
            36.321527328791774
          ],
          [
            127.19817529949083,
            36.321527328791774
          ]
        ]
      }
    },
    {
      "type": "Feature",
      "properties": {
        "proposal_id": "ink-line-218",
        "tile_id": "177-nonsan-mountain",
        "sheet_id": "177-nonsan",
        "split": "development",
        "proposal_kind": "visible_linework_review_only",
        "backend": "archaeotrace_ink_v2_centerline",
        "upstream_commit": "7960acddb4e82855e2088fdfdd2244799b63775c",
        "pixel_length": 27.385,
        "point_count": 5,
        "confidence": 1.0,
        "review_status": "unreviewed"
      },
      "geometry": {
        "type": "LineString",
        "coordinates": [
          [
            127.19727889267006,
            36.31235403740202
          ],
          [
            127.19713735475099,
            36.312469183319045
          ],
          [
            127.19713735475099,
            36.31273785712544
          ],
          [
            127.19727889267006,
            36.312929766987146
          ],
          [
            127.19760914781455,
            36.31319844079354
          ]
        ]
      }
    },
    {
      "type": "Feature",
      "properties": {
        "proposal_id": "ink-line-219",
        "tile_id": "177-nonsan-mountain",
        "sheet_id": "177-nonsan",
        "split": "development",
        "proposal_kind": "visible_linework_review_only",
        "backend": "archaeotrace_ink_v2_centerline",
        "upstream_commit": "7960acddb4e82855e2088fdfdd2244799b63775c",
        "pixel_length": 19.243,
        "point_count": 5,
        "confidence": 1.0,
        "review_status": "unreviewed"
      },
      "geometry": {
        "type": "LineString",
        "coordinates": [
          [
            127.19727889267006,
            36.29527405970979
          ],
          [
            127.19732607197642,
            36.29489023998637
          ],
          [
            127.19737325128277,
            36.29485185801403
          ],
          [
            127.19737325128277,
            36.29462156617998
          ],
          [
            127.19732607197642,
            36.29458318420763
          ]
        ]
      }
    },
    {
      "type": "Feature",
      "properties": {
        "proposal_id": "ink-line-220",
        "tile_id": "177-nonsan-mountain",
        "sheet_id": "177-nonsan",
        "split": "development",
        "proposal_kind": "visible_linework_review_only",
        "backend": "archaeotrace_ink_v2_centerline",
        "upstream_commit": "7960acddb4e82855e2088fdfdd2244799b63775c",
        "pixel_length": 30.243,
        "point_count": 5,
        "confidence": 1.0,
        "review_status": "unreviewed"
      },
      "geometry": {
        "type": "LineString",
        "coordinates": [
          [
            127.19727889267006,
            36.29201159206072
          ],
          [
            127.19727889267006,
            36.29162777233729
          ],
          [
            127.19737325128277,
            36.291474244447926
          ],
          [
            127.19737325128277,
            36.29097527880748
          ],
          [
            127.19742043058912,
            36.290898514862796
          ]
        ]
      }
    },
    {
      "type": "Feature",
      "properties": {
        "proposal_id": "ink-line-221",
        "tile_id": "177-nonsan-mountain",
        "sheet_id": "177-nonsan",
        "split": "development",
        "proposal_kind": "visible_linework_review_only",
        "backend": "archaeotrace_ink_v2_centerline",
        "upstream_commit": "7960acddb4e82855e2088fdfdd2244799b63775c",
        "pixel_length": 29.314,
        "point_count": 6,
        "confidence": 1.0,
        "review_status": "unreviewed"
      },
      "geometry": {
        "type": "LineString",
        "coordinates": [
          [
            127.19732607197642,
            36.31553974110641
          ],
          [
            127.1975619685082,
            36.31550135913407
          ],
          [
            127.19765632712091,
            36.315424595189384
          ],
          [
            127.19784504434634,
            36.315424595189384
          ],
          [
            127.19822247879718,
            36.31523268532767
          ],
          [
            127.19855273394168,
            36.31523268532767
          ]
        ]
      }
    },
    {
      "type": "Feature",
      "properties": {
        "proposal_id": "ink-line-222",
        "tile_id": "177-nonsan-mountain",
        "sheet_id": "177-nonsan",
        "split": "development",
        "proposal_kind": "visible_linework_review_only",
        "backend": "archaeotrace_ink_v2_centerline",
        "upstream_commit": "7960acddb4e82855e2088fdfdd2244799b63775c",
        "pixel_length": 27.243,
        "point_count": 6,
        "confidence": 1.0,
        "review_status": "unreviewed"
      },
      "geometry": {
        "type": "LineString",
        "coordinates": [
          [
            127.19737325128277,
            36.30813202044439
          ],
          [
            127.19746760989548,
            36.308093638472045
          ],
          [
            127.19831683740989,
            36.308093638472045
          ],
          [
            127.19836401671625,
            36.308055256499706
          ],
          [
            127.19836401671625,
            36.30790172861034
          ],
          [
            127.19831683740989,
            36.307863346637994
          ]
        ]
      }
    },
    {
      "type": "Feature",
      "properties": {
        "proposal_id": "ink-line-223",
        "tile_id": "177-nonsan-mountain",
        "sheet_id": "177-nonsan",
        "split": "development",
        "proposal_kind": "visible_linework_review_only",
        "backend": "archaeotrace_ink_v2_centerline",
        "upstream_commit": "7960acddb4e82855e2088fdfdd2244799b63775c",
        "pixel_length": 36.899,
        "point_count": 4,
        "confidence": 1.0,
        "review_status": "unreviewed"
      },
      "geometry": {
        "type": "LineString",
        "coordinates": [
          [
            127.1975619685082,
            36.3056755742145
          ],
          [
            127.19775068573362,
            36.305598810269814
          ],
          [
            127.19888298908617,
            36.30556042829747
          ],
          [
            127.19916606492431,
            36.305483664352785
          ]
        ]
      }
    },
    {
      "type": "Feature",
      "properties": {
        "proposal_id": "ink-line-224",
        "tile_id": "177-nonsan-mountain",
        "sheet_id": "177-nonsan",
        "split": "development",
        "proposal_kind": "visible_linework_review_only",
        "backend": "archaeotrace_ink_v2_centerline",
        "upstream_commit": "7960acddb4e82855e2088fdfdd2244799b63775c",
        "pixel_length": 22.556,
        "point_count": 3,
        "confidence": 1.0,
        "review_status": "unreviewed"
      },
      "geometry": {
        "type": "LineString",
        "coordinates": [
          [
            127.1975619685082,
            36.291282334586214
          ],
          [
            127.19765632712091,
            36.29097527880748
          ],
          [
            127.19812812018446,
            36.2906298410564
          ]
        ]
      }
    },
    {
      "type": "Feature",
      "properties": {
        "proposal_id": "ink-line-225",
        "tile_id": "177-nonsan-mountain",
        "sheet_id": "177-nonsan",
        "split": "development",
        "proposal_kind": "visible_linework_review_only",
        "backend": "archaeotrace_ink_v2_centerline",
        "upstream_commit": "7960acddb4e82855e2088fdfdd2244799b63775c",
        "pixel_length": 26.899,
        "point_count": 6,
        "confidence": 1.0,
        "review_status": "unreviewed"
      },
      "geometry": {
        "type": "LineString",
        "coordinates": [
          [
            127.19760914781455,
            36.29439127434593
          ],
          [
            127.19765632712091,
            36.294429656318265
          ],
          [
            127.19765632712091,
            36.294659948152315
          ],
          [
            127.1975619685082,
            36.294775094069344
          ],
          [
            127.19751478920183,
            36.29515891379277
          ],
          [
            127.19765632712091,
            36.295312441682135
          ]
        ]
      }
    },
    {
      "type": "Feature",
      "properties": {
        "proposal_id": "ink-line-226",
        "tile_id": "177-nonsan-mountain",
        "sheet_id": "177-nonsan",
        "split": "development",
        "proposal_kind": "visible_linework_review_only",
        "backend": "archaeotrace_ink_v2_centerline",
        "upstream_commit": "7960acddb4e82855e2088fdfdd2244799b63775c",
        "pixel_length": 27.899,
        "point_count": 5,
        "confidence": 1.0,
        "review_status": "unreviewed"
      },
      "geometry": {
        "type": "LineString",
        "coordinates": [
          [
            127.19770350642726,
            36.315616505051096
          ],
          [
            127.19812812018446,
            36.31550135913407
          ],
          [
            127.19855273394168,
            36.31550135913407
          ],
          [
            127.19869427186075,
            36.31553974110641
          ],
          [
            127.19883580977981,
            36.31569326899578
          ]
        ]
      }
    },
    {
      "type": "Feature",
      "properties": {
        "proposal_id": "ink-line-227",
        "tile_id": "177-nonsan-mountain",
        "sheet_id": "177-nonsan",
        "split": "development",
        "proposal_kind": "visible_linework_review_only",
        "backend": "archaeotrace_ink_v2_centerline",
        "upstream_commit": "7960acddb4e82855e2088fdfdd2244799b63775c",
        "pixel_length": 20.314,
        "point_count": 6,
        "confidence": 1.0,
        "review_status": "unreviewed"
      },
      "geometry": {
        "type": "LineString",
        "coordinates": [
          [
            127.19775068573362,
            36.311010668370045
          ],
          [
            127.19784504434634,
            36.31093390442536
          ],
          [
            127.19793940295905,
            36.31093390442536
          ],
          [
            127.19817529949083,
            36.31081875850833
          ],
          [
            127.19831683740989,
            36.31081875850833
          ],
          [
            127.19855273394168,
            36.310703612591304
          ]
        ]
      }
    },
    {
      "type": "Feature",
      "properties": {
        "proposal_id": "ink-line-228",
        "tile_id": "177-nonsan-mountain",
        "sheet_id": "177-nonsan",
        "split": "development",
        "proposal_kind": "visible_linework_review_only",
        "backend": "archaeotrace_ink_v2_centerline",
        "upstream_commit": "7960acddb4e82855e2088fdfdd2244799b63775c",
        "pixel_length": 20.142,
        "point_count": 4,
        "confidence": 1.0,
        "review_status": "unreviewed"
      },
      "geometry": {
        "type": "LineString",
        "coordinates": [
          [
            127.19784504434634,
            36.31742045775117
          ],
          [
            127.19812812018446,
            36.317650749585226
          ],
          [
            127.19822247879718,
            36.31780427747459
          ],
          [
            127.19812812018446,
            36.318034569308644
          ]
        ]
      }
    },
    {
      "type": "Feature",
      "properties": {
        "proposal_id": "ink-line-229",
        "tile_id": "177-nonsan-mountain",
        "sheet_id": "177-nonsan",
        "split": "development",
        "proposal_kind": "visible_linework_review_only",
        "backend": "archaeotrace_ink_v2_centerline",
        "upstream_commit": "7960acddb4e82855e2088fdfdd2244799b63775c",
        "pixel_length": 19.828,
        "point_count": 3,
        "confidence": 1.0,
        "review_status": "unreviewed"
      },
      "geometry": {
        "type": "LineString",
        "coordinates": [
          [
            127.19784504434634,
            36.290476313167034
          ],
          [
            127.19789222365269,
            36.29043793119469
          ],
          [
            127.19784504434634,
            36.28974705569253
          ]
        ]
      }
    },
    {
      "type": "Feature",
      "properties": {
        "proposal_id": "ink-line-230",
        "tile_id": "177-nonsan-mountain",
        "sheet_id": "177-nonsan",
        "split": "development",
        "proposal_kind": "visible_linework_review_only",
        "backend": "archaeotrace_ink_v2_centerline",
        "upstream_commit": "7960acddb4e82855e2088fdfdd2244799b63775c",
        "pixel_length": 21.556,
        "point_count": 5,
        "confidence": 1.0,
        "review_status": "unreviewed"
      },
      "geometry": {
        "type": "LineString",
        "coordinates": [
          [
            127.19793940295905,
            36.31312167684886
          ],
          [
            127.19831683740989,
            36.31342873262759
          ],
          [
            127.19836401671625,
            36.31358226051697
          ],
          [
            127.19831683740989,
            36.31373578840633
          ],
          [
            127.19836401671625,
            36.31377417037867
          ]
        ]
      }
    },
    {
      "type": "Feature",
      "properties": {
        "proposal_id": "ink-line-231",
        "tile_id": "177-nonsan-mountain",
        "sheet_id": "177-nonsan",
        "split": "development",
        "proposal_kind": "visible_linework_review_only",
        "backend": "archaeotrace_ink_v2_centerline",
        "upstream_commit": "7960acddb4e82855e2088fdfdd2244799b63775c",
        "pixel_length": 46.071,
        "point_count": 4,
        "confidence": 1.0,
        "review_status": "unreviewed"
      },
      "geometry": {
        "type": "LineString",
        "coordinates": [
          [
            127.1979865822654,
            36.32363833727059
          ],
          [
            127.19803376157175,
            36.323753483187616
          ],
          [
            127.1979865822654,
            36.32498170630256
          ],
          [
            127.19812812018446,
            36.32532714405364
          ]
        ]
      }
    },
    {
      "type": "Feature",
      "properties": {
        "proposal_id": "ink-line-232",
        "tile_id": "177-nonsan-mountain",
        "sheet_id": "177-nonsan",
        "split": "development",
        "proposal_kind": "visible_linework_review_only",
        "backend": "archaeotrace_ink_v2_centerline",
        "upstream_commit": "7960acddb4e82855e2088fdfdd2244799b63775c",
        "pixel_length": 20.485,
        "point_count": 4,
        "confidence": 1.0,
        "review_status": "unreviewed"
      },
      "geometry": {
        "type": "LineString",
        "coordinates": [
          [
            127.1979865822654,
            36.322333350210954
          ],
          [
            127.19808094087811,
            36.32217982232159
          ],
          [
            127.19850555463532,
            36.32217982232159
          ],
          [
            127.1987414511671,
            36.32202629443222
          ]
        ]
      }
    },
    {
      "type": "Feature",
      "properties": {
        "proposal_id": "ink-line-233",
        "tile_id": "177-nonsan-mountain",
        "sheet_id": "177-nonsan",
        "split": "development",
        "proposal_kind": "visible_linework_review_only",
        "backend": "archaeotrace_ink_v2_centerline",
        "upstream_commit": "7960acddb4e82855e2088fdfdd2244799b63775c",
        "pixel_length": 23.071,
        "point_count": 6,
        "confidence": 1.0,
        "review_status": "unreviewed"
      },
      "geometry": {
        "type": "LineString",
        "coordinates": [
          [
            127.19803376157175,
            36.32122027301304
          ],
          [
            127.19812812018446,
            36.32110512709601
          ],
          [
            127.19812812018446,
            36.32075968934493
          ],
          [
            127.19817529949083,
            36.32072130737259
          ],
          [
            127.19817529949083,
            36.32052939751088
          ],
          [
            127.19826965810354,
            36.32041425159385
          ]
        ]
      }
    },
    {
      "type": "Feature",
      "properties": {
        "proposal_id": "ink-line-234",
        "tile_id": "177-nonsan-mountain",
        "sheet_id": "177-nonsan",
        "split": "development",
        "proposal_kind": "visible_linework_review_only",
        "backend": "archaeotrace_ink_v2_centerline",
        "upstream_commit": "7960acddb4e82855e2088fdfdd2244799b63775c",
        "pixel_length": 35.142,
        "point_count": 5,
        "confidence": 1.0,
        "review_status": "unreviewed"
      },
      "geometry": {
        "type": "LineString",
        "coordinates": [
          [
            127.19808094087811,
            36.31991528595341
          ],
          [
            127.19826965810354,
            36.31987690398106
          ],
          [
            127.19845837532897,
            36.31956984820233
          ],
          [
            127.19845837532897,
            36.319262792423594
          ],
          [
            127.19822247879718,
            36.31884059072783
          ]
        ]
      }
    },
    {
      "type": "Feature",
      "properties": {
        "proposal_id": "ink-line-235",
        "tile_id": "177-nonsan-mountain",
        "sheet_id": "177-nonsan",
        "split": "development",
        "proposal_kind": "visible_linework_review_only",
        "backend": "archaeotrace_ink_v2_centerline",
        "upstream_commit": "7960acddb4e82855e2088fdfdd2244799b63775c",
        "pixel_length": 22.485,
        "point_count": 4,
        "confidence": 1.0,
        "review_status": "unreviewed"
      },
      "geometry": {
        "type": "LineString",
        "coordinates": [
          [
            127.19808094087811,
            36.3039483854591
          ],
          [
            127.19817529949083,
            36.30375647559739
          ],
          [
            127.19817529949083,
            36.30352618376334
          ],
          [
            127.19836401671625,
            36.30318074601226
          ]
        ]
      }
    },
    {
      "type": "Feature",
      "properties": {
        "proposal_id": "ink-line-236",
        "tile_id": "177-nonsan-mountain",
        "sheet_id": "177-nonsan",
        "split": "development",
        "proposal_kind": "visible_linework_review_only",
        "backend": "archaeotrace_ink_v2_centerline",
        "upstream_commit": "7960acddb4e82855e2088fdfdd2244799b63775c",
        "pixel_length": 22.657,
        "point_count": 3,
        "confidence": 1.0,
        "review_status": "unreviewed"
      },
      "geometry": {
        "type": "LineString",
        "coordinates": [
          [
            127.19817529949083,
            36.3087845139742
          ],
          [
            127.19817529949083,
            36.30912995172528
          ],
          [
            127.19836401671625,
            36.30959053539339
          ]
        ]
      }
    },
    {
      "type": "Feature",
      "properties": {
        "proposal_id": "ink-line-237",
        "tile_id": "177-nonsan-mountain",
        "sheet_id": "177-nonsan",
        "split": "development",
        "proposal_kind": "visible_linework_review_only",
        "backend": "archaeotrace_ink_v2_centerline",
        "upstream_commit": "7960acddb4e82855e2088fdfdd2244799b63775c",
        "pixel_length": 18.899,
        "point_count": 4,
        "confidence": 1.0,
        "review_status": "unreviewed"
      },
      "geometry": {
        "type": "LineString",
        "coordinates": [
          [
            127.19817529949083,
            36.29538920562682
          ],
          [
            127.19845837532897,
            36.295542733516186
          ],
          [
            127.19878863047346,
            36.295542733516186
          ],
          [
            127.19893016839252,
            36.29542758759916
          ]
        ]
      }
    },
    {
      "type": "Feature",
      "properties": {
        "proposal_id": "ink-line-238",
        "tile_id": "177-nonsan-mountain",
        "sheet_id": "177-nonsan",
        "split": "development",
        "proposal_kind": "visible_linework_review_only",
        "backend": "archaeotrace_ink_v2_centerline",
        "upstream_commit": "7960acddb4e82855e2088fdfdd2244799b63775c",
        "pixel_length": 23.485,
        "point_count": 8,
        "confidence": 1.0,
        "review_status": "unreviewed"
      },
      "geometry": {
        "type": "LineString",
        "coordinates": [
          [
            127.19831683740989,
            36.32448274066211
          ],
          [
            127.19826965810354,
            36.32463626855148
          ],
          [
            127.19826965810354,
            36.324789796440854
          ],
          [
            127.19831683740989,
            36.32482817841319
          ],
          [
            127.19826965810354,
            36.324904942357875
          ],
          [
            127.19831683740989,
            36.32494332433022
          ],
          [
            127.19831683740989,
            36.325135234191926
          ],
          [
            127.1984111960226,
            36.3252887620813
          ]
        ]
      }
    },
    {
      "type": "Feature",
      "properties": {
        "proposal_id": "ink-line-239",
        "tile_id": "177-nonsan-mountain",
        "sheet_id": "177-nonsan",
        "split": "development",
        "proposal_kind": "visible_linework_review_only",
        "backend": "archaeotrace_ink_v2_centerline",
        "upstream_commit": "7960acddb4e82855e2088fdfdd2244799b63775c",
        "pixel_length": 39.385,
        "point_count": 5,
        "confidence": 1.0,
        "review_status": "unreviewed"
      },
      "geometry": {
        "type": "LineString",
        "coordinates": [
          [
            127.19831683740989,
            36.32014557778746
          ],
          [
            127.19859991324803,
            36.31995366792575
          ],
          [
            127.1987414511671,
            36.31960823017467
          ],
          [
            127.19869427186075,
            36.31918602847891
          ],
          [
            127.19850555463532,
            36.31887897270017
          ]
        ]
      }
    },
    {
      "type": "Feature",
      "properties": {
        "proposal_id": "ink-line-240",
        "tile_id": "177-nonsan-mountain",
        "sheet_id": "177-nonsan",
        "split": "development",
        "proposal_kind": "visible_linework_review_only",
        "backend": "archaeotrace_ink_v2_centerline",
        "upstream_commit": "7960acddb4e82855e2088fdfdd2244799b63775c",
        "pixel_length": 22.657,
        "point_count": 3,
        "confidence": 1.0,
        "review_status": "unreviewed"
      },
      "geometry": {
        "type": "LineString",
        "coordinates": [
          [
            127.19836401671625,
            36.32440597671743
          ],
          [
            127.19855273394168,
            36.323791865159954
          ],
          [
            127.19855273394168,
            36.32359995529825
          ]
        ]
      }
    },
    {
      "type": "Feature",
      "properties": {
        "proposal_id": "ink-line-241",
        "tile_id": "177-nonsan-mountain",
        "sheet_id": "177-nonsan",
        "split": "development",
        "proposal_kind": "visible_linework_review_only",
        "backend": "archaeotrace_ink_v2_centerline",
        "upstream_commit": "7960acddb4e82855e2088fdfdd2244799b63775c",
        "pixel_length": 24.899,
        "point_count": 5,
        "confidence": 1.0,
        "review_status": "unreviewed"
      },
      "geometry": {
        "type": "LineString",
        "coordinates": [
          [
            127.19836401671625,
            36.2973850681886
          ],
          [
            127.19855273394168,
            36.29746183213329
          ],
          [
            127.19869427186075,
            36.29773050593968
          ],
          [
            127.19869427186075,
            36.297922415801395
          ],
          [
            127.19859991324803,
            36.298152707635445
          ]
        ]
      }
    },
    {
      "type": "Feature",
      "properties": {
        "proposal_id": "ink-line-242",
        "tile_id": "177-nonsan-mountain",
        "sheet_id": "177-nonsan",
        "split": "development",
        "proposal_kind": "visible_linework_review_only",
        "backend": "archaeotrace_ink_v2_centerline",
        "upstream_commit": "7960acddb4e82855e2088fdfdd2244799b63775c",
        "pixel_length": 25.071,
        "point_count": 5,
        "confidence": 1.0,
        "review_status": "unreviewed"
      },
      "geometry": {
        "type": "LineString",
        "coordinates": [
          [
            127.19845837532897,
            36.30429382321018
          ],
          [
            127.19859991324803,
            36.3042170592655
          ],
          [
            127.19878863047346,
            36.3042170592655
          ],
          [
            127.19897734769889,
            36.30414029532081
          ],
          [
            127.19954349937515,
            36.30410191334847
          ]
        ]
      }
    },
    {
      "type": "Feature",
      "properties": {
        "proposal_id": "ink-line-243",
        "tile_id": "177-nonsan-mountain",
        "sheet_id": "177-nonsan",
        "split": "development",
        "proposal_kind": "visible_linework_review_only",
        "backend": "archaeotrace_ink_v2_centerline",
        "upstream_commit": "7960acddb4e82855e2088fdfdd2244799b63775c",
        "pixel_length": 35.899,
        "point_count": 9,
        "confidence": 1.0,
        "review_status": "unreviewed"
      },
      "geometry": {
        "type": "LineString",
        "coordinates": [
          [
            127.19855273394168,
            36.29822947158013
          ],
          [
            127.19859991324803,
            36.29857490933121
          ],
          [
            127.19864709255438,
            36.29861329130355
          ],
          [
            127.19859991324803,
            36.29892034708229
          ],
          [
            127.19855273394168,
            36.29895872905463
          ],
          [
            127.19855273394168,
            36.29918902088868
          ],
          [
            127.19859991324803,
            36.29922740286103
          ],
          [
            127.19859991324803,
            36.299380930750395
          ],
          [
            127.19869427186075,
            36.299496076667424
          ]
        ]
      }
    },
    {
      "type": "Feature",
      "properties": {
        "proposal_id": "ink-line-244",
        "tile_id": "177-nonsan-mountain",
        "sheet_id": "177-nonsan",
        "split": "development",
        "proposal_kind": "visible_linework_review_only",
        "backend": "archaeotrace_ink_v2_centerline",
        "upstream_commit": "7960acddb4e82855e2088fdfdd2244799b63775c",
        "pixel_length": 27.657,
        "point_count": 7,
        "confidence": 1.0,
        "review_status": "unreviewed"
      },
      "geometry": {
        "type": "LineString",
        "coordinates": [
          [
            127.19864709255438,
            36.324904942357875
          ],
          [
            127.1987414511671,
            36.32459788657914
          ],
          [
            127.1987414511671,
            36.32440597671743
          ],
          [
            127.19878863047346,
            36.32436759474509
          ],
          [
            127.19878863047346,
            36.32417568488338
          ],
          [
            127.19883580977981,
            36.32413730291103
          ],
          [
            127.19883580977981,
            36.32390701107698
          ]
        ]
      }
    },
    {
      "type": "Feature",
      "properties": {
        "proposal_id": "ink-line-245",
        "tile_id": "177-nonsan-mountain",
        "sheet_id": "177-nonsan",
        "split": "development",
        "proposal_kind": "visible_linework_review_only",
        "backend": "archaeotrace_ink_v2_centerline",
        "upstream_commit": "7960acddb4e82855e2088fdfdd2244799b63775c",
        "pixel_length": 22.899,
        "point_count": 5,
        "confidence": 1.0,
        "review_status": "unreviewed"
      },
      "geometry": {
        "type": "LineString",
        "coordinates": [
          [
            127.19869427186075,
            36.297116394382215
          ],
          [
            127.19878863047346,
            36.29723154029924
          ],
          [
            127.19878863047346,
            36.297346686216265
          ],
          [
            127.19902452700524,
            36.297653741995
          ],
          [
            127.19902452700524,
            36.29788403382906
          ]
        ]
      }
    },
    {
      "type": "Feature",
      "properties": {
        "proposal_id": "ink-line-246",
        "tile_id": "177-nonsan-mountain",
        "sheet_id": "177-nonsan",
        "split": "development",
        "proposal_kind": "visible_linework_review_only",
        "backend": "archaeotrace_ink_v2_centerline",
        "upstream_commit": "7960acddb4e82855e2088fdfdd2244799b63775c",
        "pixel_length": 21.071,
        "point_count": 6,
        "confidence": 1.0,
        "review_status": "unreviewed"
      },
      "geometry": {
        "type": "LineString",
        "coordinates": [
          [
            127.19869427186075,
            36.287405755379666
          ],
          [
            127.19869427186075,
            36.28755928326903
          ],
          [
            127.19878863047346,
            36.28767442918606
          ],
          [
            127.19883580977981,
            36.287981484964796
          ],
          [
            127.19888298908617,
            36.28801986693714
          ],
          [
            127.19883580977981,
            36.28813501285416
          ]
        ]
      }
    },
    {
      "type": "Feature",
      "properties": {
        "proposal_id": "ink-line-247",
        "tile_id": "177-nonsan-mountain",
        "sheet_id": "177-nonsan",
        "split": "development",
        "proposal_kind": "visible_linework_review_only",
        "backend": "archaeotrace_ink_v2_centerline",
        "upstream_commit": "7960acddb4e82855e2088fdfdd2244799b63775c",
        "pixel_length": 27.556,
        "point_count": 5,
        "confidence": 1.0,
        "review_status": "unreviewed"
      },
      "geometry": {
        "type": "LineString",
        "coordinates": [
          [
            127.1987414511671,
            36.31511753941064
          ],
          [
            127.1990717063116,
            36.31523268532767
          ],
          [
            127.19940196145609,
            36.31546297716172
          ],
          [
            127.19944914076244,
            36.31553974110641
          ],
          [
            127.19940196145609,
            36.3158084149128
          ]
        ]
      }
    },
    {
      "type": "Feature",
      "properties": {
        "proposal_id": "ink-line-248",
        "tile_id": "177-nonsan-mountain",
        "sheet_id": "177-nonsan",
        "split": "development",
        "proposal_kind": "visible_linework_review_only",
        "backend": "archaeotrace_ink_v2_centerline",
        "upstream_commit": "7960acddb4e82855e2088fdfdd2244799b63775c",
        "pixel_length": 19.243,
        "point_count": 2,
        "confidence": 1.0,
        "review_status": "unreviewed"
      },
      "geometry": {
        "type": "LineString",
        "coordinates": [
          [
            127.19878863047346,
            36.32194953048754
          ],
          [
            127.19893016839252,
            36.32125865498538
          ]
        ]
      }
    },
    {
      "type": "Feature",
      "properties": {
        "proposal_id": "ink-line-249",
        "tile_id": "177-nonsan-mountain",
        "sheet_id": "177-nonsan",
        "split": "development",
        "proposal_kind": "visible_linework_review_only",
        "backend": "archaeotrace_ink_v2_centerline",
        "upstream_commit": "7960acddb4e82855e2088fdfdd2244799b63775c",
        "pixel_length": 21.728,
        "point_count": 6,
        "confidence": 1.0,
        "review_status": "unreviewed"
      },
      "geometry": {
        "type": "LineString",
        "coordinates": [
          [
            127.19878863047346,
            36.30709570719115
          ],
          [
            127.19864709255438,
            36.307287617052864
          ],
          [
            127.19864709255438,
            36.30744114494223
          ],
          [
            127.1987414511671,
            36.307517908886915
          ],
          [
            127.19878863047346,
            36.30767143677628
          ],
          [
            127.19893016839252,
            36.30778658269331
          ]
        ]
      }
    },
    {
      "type": "Feature",
      "properties": {
        "proposal_id": "ink-line-250",
        "tile_id": "177-nonsan-mountain",
        "sheet_id": "177-nonsan",
        "split": "development",
        "proposal_kind": "visible_linework_review_only",
        "backend": "archaeotrace_ink_v2_centerline",
        "upstream_commit": "7960acddb4e82855e2088fdfdd2244799b63775c",
        "pixel_length": 18.899,
        "point_count": 4,
        "confidence": 1.0,
        "review_status": "unreviewed"
      },
      "geometry": {
        "type": "LineString",
        "coordinates": [
          [
            127.19883580977981,
            36.322333350210954
          ],
          [
            127.19897734769889,
            36.32221820429393
          ],
          [
            127.19911888561795,
            36.32198791245988
          ],
          [
            127.19916606492431,
            36.321719238653486
          ]
        ]
      }
    },
    {
      "type": "Feature",
      "properties": {
        "proposal_id": "ink-line-251",
        "tile_id": "177-nonsan-mountain",
        "sheet_id": "177-nonsan",
        "split": "development",
        "proposal_kind": "visible_linework_review_only",
        "backend": "archaeotrace_ink_v2_centerline",
        "upstream_commit": "7960acddb4e82855e2088fdfdd2244799b63775c",
        "pixel_length": 31.142,
        "point_count": 4,
        "confidence": 1.0,
        "review_status": "unreviewed"
      },
      "geometry": {
        "type": "LineString",
        "coordinates": [
          [
            127.19888298908617,
            36.3117015438722
          ],
          [
            127.19935478214973,
            36.311471252038146
          ],
          [
            127.19954349937515,
            36.31131772414878
          ],
          [
            127.19954349937515,
            36.31081875850833
          ]
        ]
      }
    },
    {
      "type": "Feature",
      "properties": {
        "proposal_id": "ink-line-252",
        "tile_id": "177-nonsan-mountain",
        "sheet_id": "177-nonsan",
        "split": "development",
        "proposal_kind": "visible_linework_review_only",
        "backend": "archaeotrace_ink_v2_centerline",
        "upstream_commit": "7960acddb4e82855e2088fdfdd2244799b63775c",
        "pixel_length": 20.657,
        "point_count": 5,
        "confidence": 1.0,
        "review_status": "unreviewed"
      },
      "geometry": {
        "type": "LineString",
        "coordinates": [
          [
            127.19893016839252,
            36.29634875493537
          ],
          [
            127.19911888561795,
            36.29631037296303
          ],
          [
            127.19921324423066,
            36.29638713690771
          ],
          [
            127.19921324423066,
            36.296770956631136
          ],
          [
            127.19916606492431,
            36.29688610254816
          ]
        ]
      }
    },
    {
      "type": "Feature",
      "properties": {
        "proposal_id": "ink-line-253",
        "tile_id": "177-nonsan-mountain",
        "sheet_id": "177-nonsan",
        "split": "development",
        "proposal_kind": "visible_linework_review_only",
        "backend": "archaeotrace_ink_v2_centerline",
        "upstream_commit": "7960acddb4e82855e2088fdfdd2244799b63775c",
        "pixel_length": 21.657,
        "point_count": 4,
        "confidence": 1.0,
        "review_status": "unreviewed"
      },
      "geometry": {
        "type": "LineString",
        "coordinates": [
          [
            127.1990717063116,
            36.29320143320332
          ],
          [
            127.19916606492431,
            36.29323981517566
          ],
          [
            127.19977939590694,
            36.29320143320332
          ],
          [
            127.20001529243872,
            36.293278197148005
          ]
        ]
      }
    },
    {
      "type": "Feature",
      "properties": {
        "proposal_id": "ink-line-254",
        "tile_id": "177-nonsan-mountain",
        "sheet_id": "177-nonsan",
        "split": "development",
        "proposal_kind": "visible_linework_review_only",
        "backend": "archaeotrace_ink_v2_centerline",
        "upstream_commit": "7960acddb4e82855e2088fdfdd2244799b63775c",
        "pixel_length": 18.899,
        "point_count": 4,
        "confidence": 1.0,
        "review_status": "unreviewed"
      },
      "geometry": {
        "type": "LineString",
        "coordinates": [
          [
            127.1990717063116,
            36.29251055770116
          ],
          [
            127.19940196145609,
            36.29266408559053
          ],
          [
            127.19959067868152,
            36.29266408559053
          ],
          [
            127.1998265752133,
            36.2925489396735
          ]
        ]
      }
    },
    {
      "type": "Feature",
      "properties": {
        "proposal_id": "ink-line-255",
        "tile_id": "177-nonsan-mountain",
        "sheet_id": "177-nonsan",
        "split": "development",
        "proposal_kind": "visible_linework_review_only",
        "backend": "archaeotrace_ink_v2_centerline",
        "upstream_commit": "7960acddb4e82855e2088fdfdd2244799b63775c",
        "pixel_length": 18.828,
        "point_count": 2,
        "confidence": 1.0,
        "review_status": "unreviewed"
      },
      "geometry": {
        "type": "LineString",
        "coordinates": [
          [
            127.19911888561795,
            36.324789796440854
          ],
          [
            127.19921324423066,
            36.324098920938695
          ]
        ]
      }
    },
    {
      "type": "Feature",
      "properties": {
        "proposal_id": "ink-line-256",
        "tile_id": "177-nonsan-mountain",
        "sheet_id": "177-nonsan",
        "split": "development",
        "proposal_kind": "visible_linework_review_only",
        "backend": "archaeotrace_ink_v2_centerline",
        "upstream_commit": "7960acddb4e82855e2088fdfdd2244799b63775c",
        "pixel_length": 29.971,
        "point_count": 6,
        "confidence": 1.0,
        "review_status": "unreviewed"
      },
      "geometry": {
        "type": "LineString",
        "coordinates": [
          [
            127.19916606492431,
            36.30724923508052
          ],
          [
            127.19940196145609,
            36.30705732521881
          ],
          [
            127.19968503729423,
            36.306942179301785
          ],
          [
            127.19992093382601,
            36.30690379732944
          ],
          [
            127.20006247174507,
            36.30678865141242
          ],
          [
            127.20006247174507,
            36.30655835957836
          ]
        ]
      }
    },
    {
      "type": "Feature",
      "properties": {
        "proposal_id": "ink-line-257",
        "tile_id": "177-nonsan-mountain",
        "sheet_id": "177-nonsan",
        "split": "development",
        "proposal_kind": "visible_linework_review_only",
        "backend": "archaeotrace_ink_v2_centerline",
        "upstream_commit": "7960acddb4e82855e2088fdfdd2244799b63775c",
        "pixel_length": 21.142,
        "point_count": 5,
        "confidence": 1.0,
        "review_status": "unreviewed"
      },
      "geometry": {
        "type": "LineString",
        "coordinates": [
          [
            127.19916606492431,
            36.304907934767655
          ],
          [
            127.19888298908617,
            36.30471602490594
          ],
          [
            127.19883580977981,
            36.304600878988914
          ],
          [
            127.19897734769889,
            36.30448573307189
          ],
          [
            127.19921324423066,
            36.30444735109955
          ]
        ]
      }
    },
    {
      "type": "Feature",
      "properties": {
        "proposal_id": "ink-line-258",
        "tile_id": "177-nonsan-mountain",
        "sheet_id": "177-nonsan",
        "split": "development",
        "proposal_kind": "visible_linework_review_only",
        "backend": "archaeotrace_ink_v2_centerline",
        "upstream_commit": "7960acddb4e82855e2088fdfdd2244799b63775c",
        "pixel_length": 18.828,
        "point_count": 4,
        "confidence": 1.0,
        "review_status": "unreviewed"
      },
      "geometry": {
        "type": "LineString",
        "coordinates": [
          [
            127.19921324423066,
            36.32306260768546
          ],
          [
            127.19940196145609,
            36.32306260768546
          ],
          [
            127.19968503729423,
            36.32313937163014
          ],
          [
            127.20006247174507,
            36.32313937163014
          ]
        ]
      }
    },
    {
      "type": "Feature",
      "properties": {
        "proposal_id": "ink-line-259",
        "tile_id": "177-nonsan-mountain",
        "sheet_id": "177-nonsan",
        "split": "development",
        "proposal_kind": "visible_linework_review_only",
        "backend": "archaeotrace_ink_v2_centerline",
        "upstream_commit": "7960acddb4e82855e2088fdfdd2244799b63775c",
        "pixel_length": 22.899,
        "point_count": 5,
        "confidence": 1.0,
        "review_status": "unreviewed"
      },
      "geometry": {
        "type": "LineString",
        "coordinates": [
          [
            127.19926042353701,
            36.32267878796203
          ],
          [
            127.19944914076244,
            36.32283231585141
          ],
          [
            127.19959067868152,
            36.322870697823745
          ],
          [
            127.20006247174507,
            36.322870697823745
          ],
          [
            127.20020400966415,
            36.32279393387906
          ]
        ]
      }
    },
    {
      "type": "Feature",
      "properties": {
        "proposal_id": "ink-line-260",
        "tile_id": "177-nonsan-mountain",
        "sheet_id": "177-nonsan",
        "split": "development",
        "proposal_kind": "visible_linework_review_only",
        "backend": "archaeotrace_ink_v2_centerline",
        "upstream_commit": "7960acddb4e82855e2088fdfdd2244799b63775c",
        "pixel_length": 18.728,
        "point_count": 3,
        "confidence": 1.0,
        "review_status": "unreviewed"
      },
      "geometry": {
        "type": "LineString",
        "coordinates": [
          [
            127.19930760284338,
            36.32137380090241
          ],
          [
            127.19944914076244,
            36.32110512709601
          ],
          [
            127.19973221660058,
            36.32079807131728
          ]
        ]
      }
    },
    {
      "type": "Feature",
      "properties": {
        "proposal_id": "ink-line-261",
        "tile_id": "177-nonsan-mountain",
        "sheet_id": "177-nonsan",
        "split": "development",
        "proposal_kind": "visible_linework_review_only",
        "backend": "archaeotrace_ink_v2_centerline",
        "upstream_commit": "7960acddb4e82855e2088fdfdd2244799b63775c",
        "pixel_length": 21.485,
        "point_count": 3,
        "confidence": 1.0,
        "review_status": "unreviewed"
      },
      "geometry": {
        "type": "LineString",
        "coordinates": [
          [
            127.19935478214973,
            36.31703663802775
          ],
          [
            127.19935478214973,
            36.31669120027667
          ],
          [
            127.19963785798787,
            36.31630738055325
          ]
        ]
      }
    },
    {
      "type": "Feature",
      "properties": {
        "proposal_id": "ink-line-262",
        "tile_id": "177-nonsan-mountain",
        "sheet_id": "177-nonsan",
        "split": "development",
        "proposal_kind": "visible_linework_review_only",
        "backend": "archaeotrace_ink_v2_centerline",
        "upstream_commit": "7960acddb4e82855e2088fdfdd2244799b63775c",
        "pixel_length": 21.485,
        "point_count": 5,
        "confidence": 1.0,
        "review_status": "unreviewed"
      },
      "geometry": {
        "type": "LineString",
        "coordinates": [
          [
            127.19940196145609,
            36.302912072205864
          ],
          [
            127.19963785798787,
            36.30298883615055
          ],
          [
            127.19987375451964,
            36.30298883615055
          ],
          [
            127.20006247174507,
            36.30283530826118
          ],
          [
            127.20001529243872,
            36.30268178037181
          ]
        ]
      }
    },
    {
      "type": "Feature",
      "properties": {
        "proposal_id": "ink-line-263",
        "tile_id": "177-nonsan-mountain",
        "sheet_id": "177-nonsan",
        "split": "development",
        "proposal_kind": "visible_linework_review_only",
        "backend": "archaeotrace_ink_v2_centerline",
        "upstream_commit": "7960acddb4e82855e2088fdfdd2244799b63775c",
        "pixel_length": 23.243,
        "point_count": 4,
        "confidence": 1.0,
        "review_status": "unreviewed"
      },
      "geometry": {
        "type": "LineString",
        "coordinates": [
          [
            127.19940196145609,
            36.29097527880748
          ],
          [
            127.1994963200688,
            36.29082175091811
          ],
          [
            127.1994963200688,
            36.29020763936064
          ],
          [
            127.19954349937515,
            36.290130875415954
          ]
        ]
      }
    },
    {
      "type": "Feature",
      "properties": {
        "proposal_id": "ink-line-264",
        "tile_id": "177-nonsan-mountain",
        "sheet_id": "177-nonsan",
        "split": "development",
        "proposal_kind": "visible_linework_review_only",
        "backend": "archaeotrace_ink_v2_centerline",
        "upstream_commit": "7960acddb4e82855e2088fdfdd2244799b63775c",
        "pixel_length": 24.142,
        "point_count": 5,
        "confidence": 1.0,
        "review_status": "unreviewed"
      },
      "geometry": {
        "type": "LineString",
        "coordinates": [
          [
            127.1994963200688,
            36.287520901296695
          ],
          [
            127.19963785798787,
            36.287405755379666
          ],
          [
            127.19968503729423,
            36.287175463545616
          ],
          [
            127.19987375451964,
            36.286830025794536
          ],
          [
            127.19996811313236,
            36.28675326184985
          ]
        ]
      }
    },
    {
      "type": "Feature",
      "properties": {
        "proposal_id": "ink-line-265",
        "tile_id": "177-nonsan-mountain",
        "sheet_id": "177-nonsan",
        "split": "development",
        "proposal_kind": "visible_linework_review_only",
        "backend": "archaeotrace_ink_v2_centerline",
        "upstream_commit": "7960acddb4e82855e2088fdfdd2244799b63775c",
        "pixel_length": 33.899,
        "point_count": 5,
        "confidence": 1.0,
        "review_status": "unreviewed"
      },
      "geometry": {
        "type": "LineString",
        "coordinates": [
          [
            127.19959067868152,
            36.32052939751088
          ],
          [
            127.19963785798787,
            36.320299105676824
          ],
          [
            127.19987375451964,
            36.31983852200872
          ],
          [
            127.19987375451964,
            36.31941632031296
          ],
          [
            127.1998265752133,
            36.31933955636828
          ]
        ]
      }
    },
    {
      "type": "Feature",
      "properties": {
        "proposal_id": "ink-line-266",
        "tile_id": "177-nonsan-mountain",
        "sheet_id": "177-nonsan",
        "split": "development",
        "proposal_kind": "visible_linework_review_only",
        "backend": "archaeotrace_ink_v2_centerline",
        "upstream_commit": "7960acddb4e82855e2088fdfdd2244799b63775c",
        "pixel_length": 18.071,
        "point_count": 3,
        "confidence": 1.0,
        "review_status": "unreviewed"
      },
      "geometry": {
        "type": "LineString",
        "coordinates": [
          [
            127.19959067868152,
            36.31703663802775
          ],
          [
            127.19959067868152,
            36.31669120027667
          ],
          [
            127.1998265752133,
            36.31642252647028
          ]
        ]
      }
    },
    {
      "type": "Feature",
      "properties": {
        "proposal_id": "ink-line-267",
        "tile_id": "177-nonsan-mountain",
        "sheet_id": "177-nonsan",
        "split": "development",
        "proposal_kind": "visible_linework_review_only",
        "backend": "archaeotrace_ink_v2_centerline",
        "upstream_commit": "7960acddb4e82855e2088fdfdd2244799b63775c",
        "pixel_length": 22.314,
        "point_count": 4,
        "confidence": 1.0,
        "review_status": "unreviewed"
      },
      "geometry": {
        "type": "LineString",
        "coordinates": [
          [
            127.19959067868152,
            36.30801687452736
          ],
          [
            127.19940196145609,
            36.307748200720965
          ],
          [
            127.19940196145609,
            36.30747952691457
          ],
          [
            127.19959067868152,
            36.307287617052864
          ]
        ]
      }
    },
    {
      "type": "Feature",
      "properties": {
        "proposal_id": "ink-line-268",
        "tile_id": "177-nonsan-mountain",
        "sheet_id": "177-nonsan",
        "split": "development",
        "proposal_kind": "visible_linework_review_only",
        "backend": "archaeotrace_ink_v2_centerline",
        "upstream_commit": "7960acddb4e82855e2088fdfdd2244799b63775c",
        "pixel_length": 24.485,
        "point_count": 5,
        "confidence": 1.0,
        "review_status": "unreviewed"
      },
      "geometry": {
        "type": "LineString",
        "coordinates": [
          [
            127.19959067868152,
            36.303449419818655
          ],
          [
            127.19954349937515,
            36.30329589192929
          ],
          [
            127.19963785798787,
            36.303219127984605
          ],
          [
            127.20001529243872,
            36.30314236403992
          ],
          [
            127.20039272688958,
            36.30318074601226
          ]
        ]
      }
    },
    {
      "type": "Feature",
      "properties": {
        "proposal_id": "ink-line-269",
        "tile_id": "177-nonsan-mountain",
        "sheet_id": "177-nonsan",
        "split": "development",
        "proposal_kind": "visible_linework_review_only",
        "backend": "archaeotrace_ink_v2_centerline",
        "upstream_commit": "7960acddb4e82855e2088fdfdd2244799b63775c",
        "pixel_length": 18.657,
        "point_count": 5,
        "confidence": 1.0,
        "review_status": "unreviewed"
      },
      "geometry": {
        "type": "LineString",
        "coordinates": [
          [
            127.19959067868152,
            36.29485185801403
          ],
          [
            127.19977939590694,
            36.29485185801403
          ],
          [
            127.1998265752133,
            36.29489023998637
          ],
          [
            127.1998265752133,
            36.29504376787574
          ],
          [
            127.19996811313236,
            36.29535082365447
          ]
        ]
      }
    },
    {
      "type": "Feature",
      "properties": {
        "proposal_id": "ink-line-270",
        "tile_id": "177-nonsan-mountain",
        "sheet_id": "177-nonsan",
        "split": "development",
        "proposal_kind": "visible_linework_review_only",
        "backend": "archaeotrace_ink_v2_centerline",
        "upstream_commit": "7960acddb4e82855e2088fdfdd2244799b63775c",
        "pixel_length": 32.556,
        "point_count": 5,
        "confidence": 1.0,
        "review_status": "unreviewed"
      },
      "geometry": {
        "type": "LineString",
        "coordinates": [
          [
            127.19968503729423,
            36.31830324311504
          ],
          [
            127.19968503729423,
            36.318226479170356
          ],
          [
            127.19996811313236,
            36.31788104141928
          ],
          [
            127.19992093382601,
            36.31749722169585
          ],
          [
            127.19973221660058,
            36.317228547889464
          ]
        ]
      }
    },
    {
      "type": "Feature",
      "properties": {
        "proposal_id": "ink-line-271",
        "tile_id": "177-nonsan-mountain",
        "sheet_id": "177-nonsan",
        "split": "development",
        "proposal_kind": "visible_linework_review_only",
        "backend": "archaeotrace_ink_v2_centerline",
        "upstream_commit": "7960acddb4e82855e2088fdfdd2244799b63775c",
        "pixel_length": 35.485,
        "point_count": 4,
        "confidence": 1.0,
        "review_status": "unreviewed"
      },
      "geometry": {
        "type": "LineString",
        "coordinates": [
          [
            127.19973221660058,
            36.311471252038146
          ],
          [
            127.1998265752133,
            36.31074199456365
          ],
          [
            127.19996811313236,
            36.3105117027296
          ],
          [
            127.20001529243872,
            36.31020464695086
          ]
        ]
      }
    },
    {
      "type": "Feature",
      "properties": {
        "proposal_id": "ink-line-272",
        "tile_id": "177-nonsan-mountain",
        "sheet_id": "177-nonsan",
        "split": "development",
        "proposal_kind": "visible_linework_review_only",
        "backend": "archaeotrace_ink_v2_centerline",
        "upstream_commit": "7960acddb4e82855e2088fdfdd2244799b63775c",
        "pixel_length": 22.899,
        "point_count": 4,
        "confidence": 1.0,
        "review_status": "unreviewed"
      },
      "geometry": {
        "type": "LineString",
        "coordinates": [
          [
            127.19977939590694,
            36.32075968934493
          ],
          [
            127.19992093382601,
            36.320606161455565
          ],
          [
            127.19996811313236,
            36.32022234173214
          ],
          [
            127.20010965105143,
            36.31999204989809
          ]
        ]
      }
    },
    {
      "type": "Feature",
      "properties": {
        "proposal_id": "ink-line-273",
        "tile_id": "177-nonsan-mountain",
        "sheet_id": "177-nonsan",
        "split": "development",
        "proposal_kind": "visible_linework_review_only",
        "backend": "archaeotrace_ink_v2_centerline",
        "upstream_commit": "7960acddb4e82855e2088fdfdd2244799b63775c",
        "pixel_length": 21.243,
        "point_count": 5,
        "confidence": 1.0,
        "review_status": "unreviewed"
      },
      "geometry": {
        "type": "LineString",
        "coordinates": [
          [
            127.19977939590694,
            36.31365902446165
          ],
          [
            127.1998265752133,
            36.31354387854462
          ],
          [
            127.1998265752133,
            36.313275204738225
          ],
          [
            127.19977939590694,
            36.31323682276589
          ],
          [
            127.1998265752133,
            36.31289138501481
          ]
        ]
      }
    },
    {
      "type": "Feature",
      "properties": {
        "proposal_id": "ink-line-274",
        "tile_id": "177-nonsan-mountain",
        "sheet_id": "177-nonsan",
        "split": "development",
        "proposal_kind": "visible_linework_review_only",
        "backend": "archaeotrace_ink_v2_centerline",
        "upstream_commit": "7960acddb4e82855e2088fdfdd2244799b63775c",
        "pixel_length": 18.828,
        "point_count": 3,
        "confidence": 1.0,
        "review_status": "unreviewed"
      },
      "geometry": {
        "type": "LineString",
        "coordinates": [
          [
            127.1998265752133,
            36.30068591781003
          ],
          [
            127.1998265752133,
            36.300186952169575
          ],
          [
            127.19992093382601,
            36.29999504230787
          ]
        ]
      }
    },
    {
      "type": "Feature",
      "properties": {
        "proposal_id": "ink-line-275",
        "tile_id": "177-nonsan-mountain",
        "sheet_id": "177-nonsan",
        "split": "development",
        "proposal_kind": "visible_linework_review_only",
        "backend": "archaeotrace_ink_v2_centerline",
        "upstream_commit": "7960acddb4e82855e2088fdfdd2244799b63775c",
        "pixel_length": 20.899,
        "point_count": 4,
        "confidence": 1.0,
        "review_status": "unreviewed"
      },
      "geometry": {
        "type": "LineString",
        "coordinates": [
          [
            127.1998265752133,
            36.287520901296695
          ],
          [
            127.19996811313236,
            36.28736737340732
          ],
          [
            127.19996811313236,
            36.287175463545616
          ],
          [
            127.20015683035778,
            36.286830025794536
          ]
        ]
      }
    },
    {
      "type": "Feature",
      "properties": {
        "proposal_id": "ink-line-276",
        "tile_id": "177-nonsan-mountain",
        "sheet_id": "177-nonsan",
        "split": "development",
        "proposal_kind": "visible_linework_review_only",
        "backend": "archaeotrace_ink_v2_centerline",
        "upstream_commit": "7960acddb4e82855e2088fdfdd2244799b63775c",
        "pixel_length": 23.314,
        "point_count": 4,
        "confidence": 1.0,
        "review_status": "unreviewed"
      },
      "geometry": {
        "type": "LineString",
        "coordinates": [
          [
            127.19992093382601,
            36.31707502000009
          ],
          [
            127.19996811313236,
            36.317228547889464
          ],
          [
            127.20029836827686,
            36.31761236761288
          ],
          [
            127.20029836827686,
            36.31784265944693
          ]
        ]
      }
    },
    {
      "type": "Feature",
      "properties": {
        "proposal_id": "ink-line-277",
        "tile_id": "177-nonsan-mountain",
        "sheet_id": "177-nonsan",
        "split": "development",
        "proposal_kind": "visible_linework_review_only",
        "backend": "archaeotrace_ink_v2_centerline",
        "upstream_commit": "7960acddb4e82855e2088fdfdd2244799b63775c",
        "pixel_length": 28.485,
        "point_count": 5,
        "confidence": 1.0,
        "review_status": "unreviewed"
      },
      "geometry": {
        "type": "LineString",
        "coordinates": [
          [
            127.19992093382601,
            36.296770956631136
          ],
          [
            127.19987375451964,
            36.296463900852395
          ],
          [
            127.20001529243872,
            36.29615684507366
          ],
          [
            127.20001529243872,
            36.295888171267265
          ],
          [
            127.19992093382601,
            36.295773025350236
          ]
        ]
      }
    },
    {
      "type": "Feature",
      "properties": {
        "proposal_id": "ink-line-278",
        "tile_id": "177-nonsan-mountain",
        "sheet_id": "177-nonsan",
        "split": "development",
        "proposal_kind": "visible_linework_review_only",
        "backend": "archaeotrace_ink_v2_centerline",
        "upstream_commit": "7960acddb4e82855e2088fdfdd2244799b63775c",
        "pixel_length": 33.728,
        "point_count": 5,
        "confidence": 1.0,
        "review_status": "unreviewed"
      },
      "geometry": {
        "type": "LineString",
        "coordinates": [
          [
            127.19996811313236,
            36.30947538947636
          ],
          [
            127.19996811313236,
            36.30962891736573
          ],
          [
            127.20006247174507,
            36.30985920919978
          ],
          [
            127.20034554758321,
            36.31028141089554
          ],
          [
            127.20029836827686,
            36.31062684864662
          ]
        ]
      }
    },
    {
      "type": "Feature",
      "properties": {
        "proposal_id": "ink-line-279",
        "tile_id": "177-nonsan-mountain",
        "sheet_id": "177-nonsan",
        "split": "development",
        "proposal_kind": "visible_linework_review_only",
        "backend": "archaeotrace_ink_v2_centerline",
        "upstream_commit": "7960acddb4e82855e2088fdfdd2244799b63775c",
        "pixel_length": 19.071,
        "point_count": 4,
        "confidence": 1.0,
        "review_status": "unreviewed"
      },
      "geometry": {
        "type": "LineString",
        "coordinates": [
          [
            127.20006247174507,
            36.32191114851519
          ],
          [
            127.20001529243872,
            36.32187276654285
          ],
          [
            127.20001529243872,
            36.321527328791774
          ],
          [
            127.20020400966415,
            36.32125865498538
          ]
        ]
      }
    },
    {
      "type": "Feature",
      "properties": {
        "proposal_id": "ink-line-280",
        "tile_id": "177-nonsan-mountain",
        "sheet_id": "177-nonsan",
        "split": "development",
        "proposal_kind": "visible_linework_review_only",
        "backend": "archaeotrace_ink_v2_centerline",
        "upstream_commit": "7960acddb4e82855e2088fdfdd2244799b63775c",
        "pixel_length": 19.728,
        "point_count": 2,
        "confidence": 1.0,
        "review_status": "unreviewed"
      },
      "geometry": {
        "type": "LineString",
        "coordinates": [
          [
            127.20006247174507,
            36.318571916921435
          ],
          [
            127.20048708550229,
            36.31795780536396
          ]
        ]
      }
    },
    {
      "type": "Feature",
      "properties": {
        "proposal_id": "ink-line-281",
        "tile_id": "177-nonsan-mountain",
        "sheet_id": "177-nonsan",
        "split": "development",
        "proposal_kind": "visible_linework_review_only",
        "backend": "archaeotrace_ink_v2_centerline",
        "upstream_commit": "7960acddb4e82855e2088fdfdd2244799b63775c",
        "pixel_length": 29.657,
        "point_count": 6,
        "confidence": 1.0,
        "review_status": "unreviewed"
      },
      "geometry": {
        "type": "LineString",
        "coordinates": [
          [
            127.20006247174507,
            36.31377417037867
          ],
          [
            127.20006247174507,
            36.313620642489305
          ],
          [
            127.20015683035778,
            36.313390350655254
          ],
          [
            127.20010965105143,
            36.313275204738225
          ],
          [
            127.20010965105143,
            36.31277623909778
          ],
          [
            127.20015683035778,
            36.312699475153096
          ]
        ]
      }
    },
    {
      "type": "Feature",
      "properties": {
        "proposal_id": "ink-line-282",
        "tile_id": "177-nonsan-mountain",
        "sheet_id": "177-nonsan",
        "split": "development",
        "proposal_kind": "visible_linework_review_only",
        "backend": "archaeotrace_ink_v2_centerline",
        "upstream_commit": "7960acddb4e82855e2088fdfdd2244799b63775c",
        "pixel_length": 20.485,
        "point_count": 3,
        "confidence": 1.0,
        "review_status": "unreviewed"
      },
      "geometry": {
        "type": "LineString",
        "coordinates": [
          [
            127.2002511889705,
            36.3168063461937
          ],
          [
            127.20020400966415,
            36.31703663802775
          ],
          [
            127.20043990619592,
            36.31749722169585
          ]
        ]
      }
    },
    {
      "type": "Feature",
      "properties": {
        "proposal_id": "ink-line-283",
        "tile_id": "177-nonsan-mountain",
        "sheet_id": "177-nonsan",
        "split": "development",
        "proposal_kind": "visible_linework_review_only",
        "backend": "archaeotrace_ink_v2_centerline",
        "upstream_commit": "7960acddb4e82855e2088fdfdd2244799b63775c",
        "pixel_length": 46.799,
        "point_count": 6,
        "confidence": 1.0,
        "review_status": "unreviewed"
      },
      "geometry": {
        "type": "LineString",
        "coordinates": [
          [
            127.20034554758321,
            36.31434989996381
          ],
          [
            127.20034554758321,
            36.31446504588083
          ],
          [
            127.20077016134042,
            36.31481048363191
          ],
          [
            127.20086451995313,
            36.31504077546596
          ],
          [
            127.20086451995313,
            36.315424595189384
          ],
          [
            127.2010060578722,
            36.31592356082983
          ]
        ]
      }
    },
    {
      "type": "Feature",
      "properties": {
        "proposal_id": "ink-line-284",
        "tile_id": "177-nonsan-mountain",
        "sheet_id": "177-nonsan",
        "split": "development",
        "proposal_kind": "visible_linework_review_only",
        "backend": "archaeotrace_ink_v2_centerline",
        "upstream_commit": "7960acddb4e82855e2088fdfdd2244799b63775c",
        "pixel_length": 22.071,
        "point_count": 4,
        "confidence": 1.0,
        "review_status": "unreviewed"
      },
      "geometry": {
        "type": "LineString",
        "coordinates": [
          [
            127.20034554758321,
            36.3061361578826
          ],
          [
            127.20029836827686,
            36.30648159563368
          ],
          [
            127.20043990619592,
            36.30675026944007
          ],
          [
            127.20039272688958,
            36.30690379732944
          ]
        ]
      }
    },
    {
      "type": "Feature",
      "properties": {
        "proposal_id": "ink-line-285",
        "tile_id": "177-nonsan-mountain",
        "sheet_id": "177-nonsan",
        "split": "development",
        "proposal_kind": "visible_linework_review_only",
        "backend": "archaeotrace_ink_v2_centerline",
        "upstream_commit": "7960acddb4e82855e2088fdfdd2244799b63775c",
        "pixel_length": 21.657,
        "point_count": 3,
        "confidence": 1.0,
        "review_status": "unreviewed"
      },
      "geometry": {
        "type": "LineString",
        "coordinates": [
          [
            127.20043990619592,
            36.29550435154385
          ],
          [
            127.20062862342135,
            36.29569626140555
          ],
          [
            127.20062862342135,
            36.29627199099069
          ]
        ]
      }
    },
    {
      "type": "Feature",
      "properties": {
        "proposal_id": "ink-line-286",
        "tile_id": "177-nonsan-mountain",
        "sheet_id": "177-nonsan",
        "split": "development",
        "proposal_kind": "visible_linework_review_only",
        "backend": "archaeotrace_ink_v2_centerline",
        "upstream_commit": "7960acddb4e82855e2088fdfdd2244799b63775c",
        "pixel_length": 21.899,
        "point_count": 5,
        "confidence": 1.0,
        "review_status": "unreviewed"
      },
      "geometry": {
        "type": "LineString",
        "coordinates": [
          [
            127.20058144411499,
            36.28755928326903
          ],
          [
            127.20053426480864,
            36.28729060946264
          ],
          [
            127.20062862342135,
            36.28713708157327
          ],
          [
            127.20062862342135,
            36.28702193565624
          ],
          [
            127.20081734064678,
            36.286830025794536
          ]
        ]
      }
    },
    {
      "type": "Feature",
      "properties": {
        "proposal_id": "ink-line-287",
        "tile_id": "177-nonsan-mountain",
        "sheet_id": "177-nonsan",
        "split": "development",
        "proposal_kind": "visible_linework_review_only",
        "backend": "archaeotrace_ink_v2_centerline",
        "upstream_commit": "7960acddb4e82855e2088fdfdd2244799b63775c",
        "pixel_length": 18.243,
        "point_count": 5,
        "confidence": 1.0,
        "review_status": "unreviewed"
      },
      "geometry": {
        "type": "LineString",
        "coordinates": [
          [
            127.20062862342135,
            36.306366449716656
          ],
          [
            127.20062862342135,
            36.30655835957836
          ],
          [
            127.20072298203407,
            36.30675026944007
          ],
          [
            127.20072298203407,
            36.30698056127412
          ],
          [
            127.2006758027277,
            36.30701894324647
          ]
        ]
      }
    },
    {
      "type": "Feature",
      "properties": {
        "proposal_id": "ink-line-288",
        "tile_id": "177-nonsan-mountain",
        "sheet_id": "177-nonsan",
        "split": "development",
        "proposal_kind": "visible_linework_review_only",
        "backend": "archaeotrace_ink_v2_centerline",
        "upstream_commit": "7960acddb4e82855e2088fdfdd2244799b63775c",
        "pixel_length": 55.385,
        "point_count": 9,
        "confidence": 1.0,
        "review_status": "unreviewed"
      },
      "geometry": {
        "type": "LineString",
        "coordinates": [
          [
            127.20077016134042,
            36.319262792423594
          ],
          [
            127.20077016134042,
            36.318917354672514
          ],
          [
            127.20081734064678,
            36.31887897270017
          ],
          [
            127.20086451995313,
            36.318571916921435
          ],
          [
            127.2010060578722,
            36.31830324311504
          ],
          [
            127.20128913371033,
            36.31795780536396
          ],
          [
            127.20128913371033,
            36.31761236761288
          ],
          [
            127.20119477509762,
            36.317458839723514
          ],
          [
            127.20119477509762,
            36.317343693806485
          ]
        ]
      }
    },
    {
      "type": "Feature",
      "properties": {
        "proposal_id": "ink-line-289",
        "tile_id": "177-nonsan-mountain",
        "sheet_id": "177-nonsan",
        "split": "development",
        "proposal_kind": "visible_linework_review_only",
        "backend": "archaeotrace_ink_v2_centerline",
        "upstream_commit": "7960acddb4e82855e2088fdfdd2244799b63775c",
        "pixel_length": 19.243,
        "point_count": 4,
        "confidence": 1.0,
        "review_status": "unreviewed"
      },
      "geometry": {
        "type": "LineString",
        "coordinates": [
          [
            127.20081734064678,
            36.31933955636828
          ],
          [
            127.20091169925949,
            36.31964661214701
          ],
          [
            127.20091169925949,
            36.31995366792575
          ],
          [
            127.20086451995313,
            36.320030431870435
          ]
        ]
      }
    },
    {
      "type": "Feature",
      "properties": {
        "proposal_id": "ink-line-290",
        "tile_id": "177-nonsan-mountain",
        "sheet_id": "177-nonsan",
        "split": "development",
        "proposal_kind": "visible_linework_review_only",
        "backend": "archaeotrace_ink_v2_centerline",
        "upstream_commit": "7960acddb4e82855e2088fdfdd2244799b63775c",
        "pixel_length": 25.485,
        "point_count": 4,
        "confidence": 1.0,
        "review_status": "unreviewed"
      },
      "geometry": {
        "type": "LineString",
        "coordinates": [
          [
            127.20081734064678,
            36.312699475153096
          ],
          [
            127.2010060578722,
            36.31239241937436
          ],
          [
            127.20105323717856,
            36.31185507176157
          ],
          [
            127.20110041648492,
            36.311816689789225
          ]
        ]
      }
    },
    {
      "type": "Feature",
      "properties": {
        "proposal_id": "ink-line-291",
        "tile_id": "177-nonsan-mountain",
        "sheet_id": "177-nonsan",
        "split": "development",
        "proposal_kind": "visible_linework_review_only",
        "backend": "archaeotrace_ink_v2_centerline",
        "upstream_commit": "7960acddb4e82855e2088fdfdd2244799b63775c",
        "pixel_length": 31.971,
        "point_count": 4,
        "confidence": 1.0,
        "review_status": "unreviewed"
      },
      "geometry": {
        "type": "LineString",
        "coordinates": [
          [
            127.20086451995313,
            36.314196372074434
          ],
          [
            127.20128913371033,
            36.31454180982551
          ],
          [
            127.20143067162941,
            36.31477210165957
          ],
          [
            127.20143067162941,
            36.31523268532767
          ]
        ]
      }
    },
    {
      "type": "Feature",
      "properties": {
        "proposal_id": "ink-line-292",
        "tile_id": "177-nonsan-mountain",
        "sheet_id": "177-nonsan",
        "split": "development",
        "proposal_kind": "visible_linework_review_only",
        "backend": "archaeotrace_ink_v2_centerline",
        "upstream_commit": "7960acddb4e82855e2088fdfdd2244799b63775c",
        "pixel_length": 21.071,
        "point_count": 3,
        "confidence": 1.0,
        "review_status": "unreviewed"
      },
      "geometry": {
        "type": "LineString",
        "coordinates": [
          [
            127.20091169925949,
            36.3146185737702
          ],
          [
            127.20114759579127,
            36.31488724757659
          ],
          [
            127.20114759579127,
            36.3153478312447
          ]
        ]
      }
    },
    {
      "type": "Feature",
      "properties": {
        "proposal_id": "ink-line-293",
        "tile_id": "177-nonsan-mountain",
        "sheet_id": "177-nonsan",
        "split": "development",
        "proposal_kind": "visible_linework_review_only",
        "backend": "archaeotrace_ink_v2_centerline",
        "upstream_commit": "7960acddb4e82855e2088fdfdd2244799b63775c",
        "pixel_length": 21.657,
        "point_count": 3,
        "confidence": 1.0,
        "review_status": "unreviewed"
      },
      "geometry": {
        "type": "LineString",
        "coordinates": [
          [
            127.20114759579127,
            36.312699475153096
          ],
          [
            127.20128913371033,
            36.31254594726373
          ],
          [
            127.2013363130167,
            36.311931835706254
          ]
        ]
      }
    },
    {
      "type": "Feature",
      "properties": {
        "proposal_id": "ink-line-294",
        "tile_id": "177-nonsan-mountain",
        "sheet_id": "177-nonsan",
        "split": "development",
        "proposal_kind": "visible_linework_review_only",
        "backend": "archaeotrace_ink_v2_centerline",
        "upstream_commit": "7960acddb4e82855e2088fdfdd2244799b63775c",
        "pixel_length": 19.243,
        "point_count": 3,
        "confidence": 1.0,
        "review_status": "unreviewed"
      },
      "geometry": {
        "type": "LineString",
        "coordinates": [
          [
            127.20114759579127,
            36.303449419818655
          ],
          [
            127.20124195440398,
            36.303334273901626
          ],
          [
            127.20119477509762,
            36.3027585443165
          ]
        ]
      }
    },
    {
      "type": "Feature",
      "properties": {
        "proposal_id": "ink-line-295",
        "tile_id": "177-nonsan-mountain",
        "sheet_id": "177-nonsan",
        "split": "development",
        "proposal_kind": "visible_linework_review_only",
        "backend": "archaeotrace_ink_v2_centerline",
        "upstream_commit": "7960acddb4e82855e2088fdfdd2244799b63775c",
        "pixel_length": 18.657,
        "point_count": 3,
        "confidence": 1.0,
        "review_status": "unreviewed"
      },
      "geometry": {
        "type": "LineString",
        "coordinates": [
          [
            127.20119477509762,
            36.31657605435964
          ],
          [
            127.20138349232305,
            36.316192234636226
          ],
          [
            127.20138349232305,
            36.31592356082983
          ]
        ]
      }
    },
    {
      "type": "Feature",
      "properties": {
        "proposal_id": "ink-line-296",
        "tile_id": "177-nonsan-mountain",
        "sheet_id": "177-nonsan",
        "split": "development",
        "proposal_kind": "visible_linework_review_only",
        "backend": "archaeotrace_ink_v2_centerline",
        "upstream_commit": "7960acddb4e82855e2088fdfdd2244799b63775c",
        "pixel_length": 27.485,
        "point_count": 4,
        "confidence": 1.0,
        "review_status": "unreviewed"
      },
      "geometry": {
        "type": "LineString",
        "coordinates": [
          [
            127.20138349232305,
            36.29523567773745
          ],
          [
            127.20157220954847,
            36.29550435154385
          ],
          [
            127.20157220954847,
            36.29592655323961
          ],
          [
            127.20166656816119,
            36.296195227046
          ]
        ]
      }
    },
    {
      "type": "Feature",
      "properties": {
        "proposal_id": "ink-line-297",
        "tile_id": "177-nonsan-mountain",
        "sheet_id": "177-nonsan",
        "split": "development",
        "proposal_kind": "visible_linework_review_only",
        "backend": "archaeotrace_ink_v2_centerline",
        "upstream_commit": "7960acddb4e82855e2088fdfdd2244799b63775c",
        "pixel_length": 27.657,
        "point_count": 5,
        "confidence": 1.0,
        "review_status": "unreviewed"
      },
      "geometry": {
        "type": "LineString",
        "coordinates": [
          [
            127.20147785093576,
            36.31730531183415
          ],
          [
            127.20143067162941,
            36.31684472816604
          ],
          [
            127.20147785093576,
            36.3168063461937
          ],
          [
            127.20147785093576,
            36.31657605435964
          ],
          [
            127.20157220954847,
            36.31630738055325
          ]
        ]
      }
    },
    {
      "type": "Feature",
      "properties": {
        "proposal_id": "ink-line-298",
        "tile_id": "177-nonsan-mountain",
        "sheet_id": "177-nonsan",
        "split": "development",
        "proposal_kind": "visible_linework_review_only",
        "backend": "archaeotrace_ink_v2_centerline",
        "upstream_commit": "7960acddb4e82855e2088fdfdd2244799b63775c",
        "pixel_length": 22.071,
        "point_count": 3,
        "confidence": 1.0,
        "review_status": "unreviewed"
      },
      "geometry": {
        "type": "LineString",
        "coordinates": [
          [
            127.20147785093576,
            36.31546297716172
          ],
          [
            127.20166656816119,
            36.31603870674686
          ],
          [
            127.20161938885484,
            36.316230616608564
          ]
        ]
      }
    },
    {
      "type": "Feature",
      "properties": {
        "proposal_id": "ink-line-299",
        "tile_id": "177-nonsan-mountain",
        "sheet_id": "177-nonsan",
        "split": "development",
        "proposal_kind": "visible_linework_review_only",
        "backend": "archaeotrace_ink_v2_centerline",
        "upstream_commit": "7960acddb4e82855e2088fdfdd2244799b63775c",
        "pixel_length": 18.728,
        "point_count": 3,
        "confidence": 1.0,
        "review_status": "unreviewed"
      },
      "geometry": {
        "type": "LineString",
        "coordinates": [
          [
            127.20166656816119,
            36.32463626855148
          ],
          [
            127.20204400261204,
            36.32440597671743
          ],
          [
            127.20237425775653,
            36.3242908308004
          ]
        ]
      }
    },
    {
      "type": "Feature",
      "properties": {
        "proposal_id": "ink-line-300",
        "tile_id": "177-nonsan-mountain",
        "sheet_id": "177-nonsan",
        "split": "development",
        "proposal_kind": "visible_linework_review_only",
        "backend": "archaeotrace_ink_v2_centerline",
        "upstream_commit": "7960acddb4e82855e2088fdfdd2244799b63775c",
        "pixel_length": 33.142,
        "point_count": 6,
        "confidence": 1.0,
        "review_status": "unreviewed"
      },
      "geometry": {
        "type": "LineString",
        "coordinates": [
          [
            127.20166656816119,
            36.300532389920654
          ],
          [
            127.20161938885484,
            36.30022533414192
          ],
          [
            127.20171374746755,
            36.300071806252554
          ],
          [
            127.20171374746755,
            36.299956660335525
          ],
          [
            127.20190246469296,
            36.299726368501474
          ],
          [
            127.20204400261204,
            36.29941931272273
          ]
        ]
      }
    },
    {
      "type": "Feature",
      "properties": {
        "proposal_id": "ink-line-301",
        "tile_id": "177-nonsan-mountain",
        "sheet_id": "177-nonsan",
        "split": "development",
        "proposal_kind": "visible_linework_review_only",
        "backend": "archaeotrace_ink_v2_centerline",
        "upstream_commit": "7960acddb4e82855e2088fdfdd2244799b63775c",
        "pixel_length": 24.485,
        "point_count": 4,
        "confidence": 1.0,
        "review_status": "unreviewed"
      },
      "geometry": {
        "type": "LineString",
        "coordinates": [
          [
            127.20166656816119,
            36.29519729576511
          ],
          [
            127.20180810608025,
            36.295312441682135
          ],
          [
            127.20185528538661,
            36.295773025350236
          ],
          [
            127.20194964399933,
            36.29604169915663
          ]
        ]
      }
    },
    {
      "type": "Feature",
      "properties": {
        "proposal_id": "ink-line-302",
        "tile_id": "177-nonsan-mountain",
        "sheet_id": "177-nonsan",
        "split": "development",
        "proposal_kind": "visible_linework_review_only",
        "backend": "archaeotrace_ink_v2_centerline",
        "upstream_commit": "7960acddb4e82855e2088fdfdd2244799b63775c",
        "pixel_length": 19.657,
        "point_count": 4,
        "confidence": 1.0,
        "review_status": "unreviewed"
      },
      "geometry": {
        "type": "LineString",
        "coordinates": [
          [
            127.2017609267739,
            36.316767964221356
          ],
          [
            127.20180810608025,
            36.31646090844262
          ],
          [
            127.20194964399933,
            36.316192234636226
          ],
          [
            127.20194964399933,
            36.3160770887192
          ]
        ]
      }
    },
    {
      "type": "Feature",
      "properties": {
        "proposal_id": "ink-line-303",
        "tile_id": "177-nonsan-mountain",
        "sheet_id": "177-nonsan",
        "split": "development",
        "proposal_kind": "visible_linework_review_only",
        "backend": "archaeotrace_ink_v2_centerline",
        "upstream_commit": "7960acddb4e82855e2088fdfdd2244799b63775c",
        "pixel_length": 19.243,
        "point_count": 4,
        "confidence": 1.0,
        "review_status": "unreviewed"
      },
      "geometry": {
        "type": "LineString",
        "coordinates": [
          [
            127.2017609267739,
            36.3090531877806
          ],
          [
            127.20185528538661,
            36.30889965989123
          ],
          [
            127.20185528538661,
            36.30847745819547
          ],
          [
            127.20180810608025,
            36.30836231227844
          ]
        ]
      }
    },
    {
      "type": "Feature",
      "properties": {
        "proposal_id": "ink-line-304",
        "tile_id": "177-nonsan-mountain",
        "sheet_id": "177-nonsan",
        "split": "development",
        "proposal_kind": "visible_linework_review_only",
        "backend": "archaeotrace_ink_v2_centerline",
        "upstream_commit": "7960acddb4e82855e2088fdfdd2244799b63775c",
        "pixel_length": 18.899,
        "point_count": 4,
        "confidence": 1.0,
        "review_status": "unreviewed"
      },
      "geometry": {
        "type": "LineString",
        "coordinates": [
          [
            127.20180810608025,
            36.31423475404678
          ],
          [
            127.20180810608025,
            36.31434989996381
          ],
          [
            127.20194964399933,
            36.31446504588083
          ],
          [
            127.20213836122475,
            36.314848865604255
          ]
        ]
      }
    },
    {
      "type": "Feature",
      "properties": {
        "proposal_id": "ink-line-305",
        "tile_id": "177-nonsan-mountain",
        "sheet_id": "177-nonsan",
        "split": "development",
        "proposal_kind": "visible_linework_review_only",
        "backend": "archaeotrace_ink_v2_centerline",
        "upstream_commit": "7960acddb4e82855e2088fdfdd2244799b63775c",
        "pixel_length": 20.071,
        "point_count": 3,
        "confidence": 1.0,
        "review_status": "unreviewed"
      },
      "geometry": {
        "type": "LineString",
        "coordinates": [
          [
            127.20180810608025,
            36.306021011965576
          ],
          [
            127.20199682330568,
            36.3058674840762
          ],
          [
            127.20194964399933,
            36.30533013646342
          ]
        ]
      }
    },
    {
      "type": "Feature",
      "properties": {
        "proposal_id": "ink-line-306",
        "tile_id": "177-nonsan-mountain",
        "sheet_id": "177-nonsan",
        "split": "development",
        "proposal_kind": "visible_linework_review_only",
        "backend": "archaeotrace_ink_v2_centerline",
        "upstream_commit": "7960acddb4e82855e2088fdfdd2244799b63775c",
        "pixel_length": 20.828,
        "point_count": 5,
        "confidence": 1.0,
        "review_status": "unreviewed"
      },
      "geometry": {
        "type": "LineString",
        "coordinates": [
          [
            127.20180810608025,
            36.29776888791203
          ],
          [
            127.20180810608025,
            36.2973850681886
          ],
          [
            127.20185528538661,
            36.297346686216265
          ],
          [
            127.20185528538661,
            36.297039630437524
          ],
          [
            127.20180810608025,
            36.297001248465186
          ]
        ]
      }
    },
    {
      "type": "Feature",
      "properties": {
        "proposal_id": "ink-line-307",
        "tile_id": "177-nonsan-mountain",
        "sheet_id": "177-nonsan",
        "split": "development",
        "proposal_kind": "visible_linework_review_only",
        "backend": "archaeotrace_ink_v2_centerline",
        "upstream_commit": "7960acddb4e82855e2088fdfdd2244799b63775c",
        "pixel_length": 25.485,
        "point_count": 4,
        "confidence": 1.0,
        "review_status": "unreviewed"
      },
      "geometry": {
        "type": "LineString",
        "coordinates": [
          [
            127.20185528538661,
            36.32179600259817
          ],
          [
            127.20213836122475,
            36.32168085668114
          ],
          [
            127.20261015428831,
            36.32168085668114
          ],
          [
            127.20294040943281,
            36.32156571076412
          ]
        ]
      }
    },
    {
      "type": "Feature",
      "properties": {
        "proposal_id": "ink-line-308",
        "tile_id": "177-nonsan-mountain",
        "sheet_id": "177-nonsan",
        "split": "development",
        "proposal_kind": "visible_linework_review_only",
        "backend": "archaeotrace_ink_v2_centerline",
        "upstream_commit": "7960acddb4e82855e2088fdfdd2244799b63775c",
        "pixel_length": 28.899,
        "point_count": 5,
        "confidence": 1.0,
        "review_status": "unreviewed"
      },
      "geometry": {
        "type": "LineString",
        "coordinates": [
          [
            127.20190246469296,
            36.32267878796203
          ],
          [
            127.20223271983747,
            36.32248687810033
          ],
          [
            127.20265733359467,
            36.32244849612798
          ],
          [
            127.20270451290102,
            36.322410114155645
          ],
          [
            127.20312912665823,
            36.322410114155645
          ]
        ]
      }
    },
    {
      "type": "Feature",
      "properties": {
        "proposal_id": "ink-line-309",
        "tile_id": "177-nonsan-mountain",
        "sheet_id": "177-nonsan",
        "split": "development",
        "proposal_kind": "visible_linework_review_only",
        "backend": "archaeotrace_ink_v2_centerline",
        "upstream_commit": "7960acddb4e82855e2088fdfdd2244799b63775c",
        "pixel_length": 22.657,
        "point_count": 3,
        "confidence": 1.0,
        "review_status": "unreviewed"
      },
      "geometry": {
        "type": "LineString",
        "coordinates": [
          [
            127.20199682330568,
            36.30364132968037
          ],
          [
            127.20194964399933,
            36.3039483854591
          ],
          [
            127.20209118191839,
            36.30444735109955
          ]
        ]
      }
    },
    {
      "type": "Feature",
      "properties": {
        "proposal_id": "ink-line-310",
        "tile_id": "177-nonsan-mountain",
        "sheet_id": "177-nonsan",
        "split": "development",
        "proposal_kind": "visible_linework_review_only",
        "backend": "archaeotrace_ink_v2_centerline",
        "upstream_commit": "7960acddb4e82855e2088fdfdd2244799b63775c",
        "pixel_length": 40.728,
        "point_count": 6,
        "confidence": 1.0,
        "review_status": "unreviewed"
      },
      "geometry": {
        "type": "LineString",
        "coordinates": [
          [
            127.20199682330568,
            36.294775094069344
          ],
          [
            127.20199682330568,
            36.29512053182042
          ],
          [
            127.20213836122475,
            36.29535082365447
          ],
          [
            127.2021855405311,
            36.295773025350236
          ],
          [
            127.20227989914382,
            36.29604169915663
          ],
          [
            127.20242143706288,
            36.296195227046
          ]
        ]
      }
    },
    {
      "type": "Feature",
      "properties": {
        "proposal_id": "ink-line-311",
        "tile_id": "177-nonsan-mountain",
        "sheet_id": "177-nonsan",
        "split": "development",
        "proposal_kind": "visible_linework_review_only",
        "backend": "archaeotrace_ink_v2_centerline",
        "upstream_commit": "7960acddb4e82855e2088fdfdd2244799b63775c",
        "pixel_length": 19.657,
        "point_count": 3,
        "confidence": 1.0,
        "review_status": "unreviewed"
      },
      "geometry": {
        "type": "LineString",
        "coordinates": [
          [
            127.20204400261204,
            36.31028141089554
          ],
          [
            127.20199682330568,
            36.31005111906149
          ],
          [
            127.20213836122475,
            36.30959053539339
          ]
        ]
      }
    },
    {
      "type": "Feature",
      "properties": {
        "proposal_id": "ink-line-312",
        "tile_id": "177-nonsan-mountain",
        "sheet_id": "177-nonsan",
        "split": "development",
        "proposal_kind": "visible_linework_review_only",
        "backend": "archaeotrace_ink_v2_centerline",
        "upstream_commit": "7960acddb4e82855e2088fdfdd2244799b63775c",
        "pixel_length": 18.657,
        "point_count": 4,
        "confidence": 1.0,
        "review_status": "unreviewed"
      },
      "geometry": {
        "type": "LineString",
        "coordinates": [
          [
            127.20204400261204,
            36.30797849255502
          ],
          [
            127.20199682330568,
            36.30824716636141
          ],
          [
            127.20213836122475,
            36.30851584016781
          ],
          [
            127.20213836122475,
            36.308630986084836
          ]
        ]
      }
    },
    {
      "type": "Feature",
      "properties": {
        "proposal_id": "ink-line-313",
        "tile_id": "177-nonsan-mountain",
        "sheet_id": "177-nonsan",
        "split": "development",
        "proposal_kind": "visible_linework_review_only",
        "backend": "archaeotrace_ink_v2_centerline",
        "upstream_commit": "7960acddb4e82855e2088fdfdd2244799b63775c",
        "pixel_length": 27.314,
        "point_count": 4,
        "confidence": 1.0,
        "review_status": "unreviewed"
      },
      "geometry": {
        "type": "LineString",
        "coordinates": [
          [
            127.20209118191839,
            36.32471303249616
          ],
          [
            127.20223271983747,
            36.32459788657914
          ],
          [
            127.2025157956756,
            36.32448274066211
          ],
          [
            127.20322348527094,
            36.32440597671743
          ]
        ]
      }
    },
    {
      "type": "Feature",
      "properties": {
        "proposal_id": "ink-line-314",
        "tile_id": "177-nonsan-mountain",
        "sheet_id": "177-nonsan",
        "split": "development",
        "proposal_kind": "visible_linework_review_only",
        "backend": "archaeotrace_ink_v2_centerline",
        "upstream_commit": "7960acddb4e82855e2088fdfdd2244799b63775c",
        "pixel_length": 32.142,
        "point_count": 7,
        "confidence": 1.0,
        "review_status": "unreviewed"
      },
      "geometry": {
        "type": "LineString",
        "coordinates": [
          [
            127.20213836122475,
            36.30736438099755
          ],
          [
            127.20223271983747,
            36.3071340891635
          ],
          [
            127.20223271983747,
            36.30698056127412
          ],
          [
            127.2021855405311,
            36.306942179301785
          ],
          [
            127.20223271983747,
            36.306596741550706
          ],
          [
            127.20232707845018,
            36.30644321366134
          ],
          [
            127.2025157956756,
            36.306289685771965
          ]
        ]
      }
    },
    {
      "type": "Feature",
      "properties": {
        "proposal_id": "ink-line-315",
        "tile_id": "177-nonsan-mountain",
        "sheet_id": "177-nonsan",
        "split": "development",
        "proposal_kind": "visible_linework_review_only",
        "backend": "archaeotrace_ink_v2_centerline",
        "upstream_commit": "7960acddb4e82855e2088fdfdd2244799b63775c",
        "pixel_length": 23.071,
        "point_count": 4,
        "confidence": 1.0,
        "review_status": "unreviewed"
      },
      "geometry": {
        "type": "LineString",
        "coordinates": [
          [
            127.2021855405311,
            36.32194953048754
          ],
          [
            127.20232707845018,
            36.32187276654285
          ],
          [
            127.20289323012645,
            36.32187276654285
          ],
          [
            127.20317630596459,
            36.321757620625824
          ]
        ]
      }
    },
    {
      "type": "Feature",
      "properties": {
        "proposal_id": "ink-line-316",
        "tile_id": "177-nonsan-mountain",
        "sheet_id": "177-nonsan",
        "split": "development",
        "proposal_kind": "visible_linework_review_only",
        "backend": "archaeotrace_ink_v2_centerline",
        "upstream_commit": "7960acddb4e82855e2088fdfdd2244799b63775c",
        "pixel_length": 26.899,
        "point_count": 7,
        "confidence": 1.0,
        "review_status": "unreviewed"
      },
      "geometry": {
        "type": "LineString",
        "coordinates": [
          [
            127.2021855405311,
            36.286638115932824
          ],
          [
            127.20237425775653,
            36.28659973396048
          ],
          [
            127.20246861636925,
            36.28667649790517
          ],
          [
            127.2025157956756,
            36.286830025794536
          ],
          [
            127.2025157956756,
            36.28713708157327
          ],
          [
            127.20242143706288,
            36.28729060946264
          ],
          [
            127.20246861636925,
            36.28736737340732
          ]
        ]
      }
    },
    {
      "type": "Feature",
      "properties": {
        "proposal_id": "ink-line-317",
        "tile_id": "177-nonsan-mountain",
        "sheet_id": "177-nonsan",
        "split": "development",
        "proposal_kind": "visible_linework_review_only",
        "backend": "archaeotrace_ink_v2_centerline",
        "upstream_commit": "7960acddb4e82855e2088fdfdd2244799b63775c",
        "pixel_length": 19.243,
        "point_count": 3,
        "confidence": 1.0,
        "review_status": "unreviewed"
      },
      "geometry": {
        "type": "LineString",
        "coordinates": [
          [
            127.20223271983747,
            36.30594424802089
          ],
          [
            127.20232707845018,
            36.30579072013152
          ],
          [
            127.20227989914382,
            36.305253372518735
          ]
        ]
      }
    },
    {
      "type": "Feature",
      "properties": {
        "proposal_id": "ink-line-318",
        "tile_id": "177-nonsan-mountain",
        "sheet_id": "177-nonsan",
        "split": "development",
        "proposal_kind": "visible_linework_review_only",
        "backend": "archaeotrace_ink_v2_centerline",
        "upstream_commit": "7960acddb4e82855e2088fdfdd2244799b63775c",
        "pixel_length": 42.385,
        "point_count": 6,
        "confidence": 1.0,
        "review_status": "unreviewed"
      },
      "geometry": {
        "type": "LineString",
        "coordinates": [
          [
            127.20237425775653,
            36.29650228282474
          ],
          [
            127.20275169220739,
            36.296809338603474
          ],
          [
            127.20279887151374,
            36.2969244845205
          ],
          [
            127.20279887151374,
            36.29761536002266
          ],
          [
            127.2028460508201,
            36.29776888791203
          ],
          [
            127.20298758873916,
            36.297922415801395
          ]
        ]
      }
    },
    {
      "type": "Feature",
      "properties": {
        "proposal_id": "ink-line-319",
        "tile_id": "177-nonsan-mountain",
        "sheet_id": "177-nonsan",
        "split": "development",
        "proposal_kind": "visible_linework_review_only",
        "backend": "archaeotrace_ink_v2_centerline",
        "upstream_commit": "7960acddb4e82855e2088fdfdd2244799b63775c",
        "pixel_length": 23.485,
        "point_count": 3,
        "confidence": 1.0,
        "review_status": "unreviewed"
      },
      "geometry": {
        "type": "LineString",
        "coordinates": [
          [
            127.20242143706288,
            36.30609777591026
          ],
          [
            127.20265733359467,
            36.3058674840762
          ],
          [
            127.20261015428831,
            36.30529175449107
          ]
        ]
      }
    },
    {
      "type": "Feature",
      "properties": {
        "proposal_id": "ink-line-320",
        "tile_id": "177-nonsan-mountain",
        "sheet_id": "177-nonsan",
        "split": "development",
        "proposal_kind": "visible_linework_review_only",
        "backend": "archaeotrace_ink_v2_centerline",
        "upstream_commit": "7960acddb4e82855e2088fdfdd2244799b63775c",
        "pixel_length": 21.485,
        "point_count": 5,
        "confidence": 1.0,
        "review_status": "unreviewed"
      },
      "geometry": {
        "type": "LineString",
        "coordinates": [
          [
            127.2025157956756,
            36.30352618376334
          ],
          [
            127.20261015428831,
            36.30360294770802
          ],
          [
            127.2025157956756,
            36.30391000348676
          ],
          [
            127.2025157956756,
            36.30414029532081
          ],
          [
            127.20261015428831,
            36.304255441237835
          ]
        ]
      }
    },
    {
      "type": "Feature",
      "properties": {
        "proposal_id": "ink-line-321",
        "tile_id": "177-nonsan-mountain",
        "sheet_id": "177-nonsan",
        "split": "development",
        "proposal_kind": "visible_linework_review_only",
        "backend": "archaeotrace_ink_v2_centerline",
        "upstream_commit": "7960acddb4e82855e2088fdfdd2244799b63775c",
        "pixel_length": 28.899,
        "point_count": 4,
        "confidence": 1.0,
        "review_status": "unreviewed"
      },
      "geometry": {
        "type": "LineString",
        "coordinates": [
          [
            127.20256297498196,
            36.2928176134799
          ],
          [
            127.20279887151374,
            36.29335496109269
          ],
          [
            127.20279887151374,
            36.293623634899085
          ],
          [
            127.20270451290102,
            36.29381554476079
          ]
        ]
      }
    },
    {
      "type": "Feature",
      "properties": {
        "proposal_id": "ink-line-322",
        "tile_id": "177-nonsan-mountain",
        "sheet_id": "177-nonsan",
        "split": "development",
        "proposal_kind": "visible_linework_review_only",
        "backend": "archaeotrace_ink_v2_centerline",
        "upstream_commit": "7960acddb4e82855e2088fdfdd2244799b63775c",
        "pixel_length": 24.899,
        "point_count": 5,
        "confidence": 1.0,
        "review_status": "unreviewed"
      },
      "geometry": {
        "type": "LineString",
        "coordinates": [
          [
            127.20265733359467,
            36.3209132172343
          ],
          [
            127.2028460508201,
            36.32068292540025
          ],
          [
            127.2028460508201,
            36.32052939751088
          ],
          [
            127.20294040943281,
            36.320375869621515
          ],
          [
            127.20289323012645,
            36.320068813842774
          ]
        ]
      }
    },
    {
      "type": "Feature",
      "properties": {
        "proposal_id": "ink-line-323",
        "tile_id": "177-nonsan-mountain",
        "sheet_id": "177-nonsan",
        "split": "development",
        "proposal_kind": "visible_linework_review_only",
        "backend": "archaeotrace_ink_v2_centerline",
        "upstream_commit": "7960acddb4e82855e2088fdfdd2244799b63775c",
        "pixel_length": 21.657,
        "point_count": 3,
        "confidence": 1.0,
        "review_status": "unreviewed"
      },
      "geometry": {
        "type": "LineString",
        "coordinates": [
          [
            127.20275169220739,
            36.32290907979609
          ],
          [
            127.20303476804551,
            36.32283231585141
          ],
          [
            127.20369527833451,
            36.322755551906724
          ]
        ]
      }
    },
    {
      "type": "Feature",
      "properties": {
        "proposal_id": "ink-line-324",
        "tile_id": "177-nonsan-mountain",
        "sheet_id": "177-nonsan",
        "split": "development",
        "proposal_kind": "visible_linework_review_only",
        "backend": "archaeotrace_ink_v2_centerline",
        "upstream_commit": "7960acddb4e82855e2088fdfdd2244799b63775c",
        "pixel_length": 22.243,
        "point_count": 5,
        "confidence": 1.0,
        "review_status": "unreviewed"
      },
      "geometry": {
        "type": "LineString",
        "coordinates": [
          [
            127.20279887151374,
            36.31749722169585
          ],
          [
            127.20289323012645,
            36.31738207577883
          ],
          [
            127.20289323012645,
            36.317228547889464
          ],
          [
            127.20294040943281,
            36.31719016591712
          ],
          [
            127.20294040943281,
            36.31669120027667
          ]
        ]
      }
    },
    {
      "type": "Feature",
      "properties": {
        "proposal_id": "ink-line-325",
        "tile_id": "177-nonsan-mountain",
        "sheet_id": "177-nonsan",
        "split": "development",
        "proposal_kind": "visible_linework_review_only",
        "backend": "archaeotrace_ink_v2_centerline",
        "upstream_commit": "7960acddb4e82855e2088fdfdd2244799b63775c",
        "pixel_length": 22.485,
        "point_count": 4,
        "confidence": 1.0,
        "review_status": "unreviewed"
      },
      "geometry": {
        "type": "LineString",
        "coordinates": [
          [
            127.2028460508201,
            36.32505847024724
          ],
          [
            127.20341220249637,
            36.325135234191926
          ],
          [
            127.2036009197218,
            36.325020088274904
          ],
          [
            127.20364809902814,
            36.32486656038554
          ]
        ]
      }
    },
    {
      "type": "Feature",
      "properties": {
        "proposal_id": "ink-line-326",
        "tile_id": "177-nonsan-mountain",
        "sheet_id": "177-nonsan",
        "split": "development",
        "proposal_kind": "visible_linework_review_only",
        "backend": "archaeotrace_ink_v2_centerline",
        "upstream_commit": "7960acddb4e82855e2088fdfdd2244799b63775c",
        "pixel_length": 18.657,
        "point_count": 2,
        "confidence": 1.0,
        "review_status": "unreviewed"
      },
      "geometry": {
        "type": "LineString",
        "coordinates": [
          [
            127.2028460508201,
            36.32325451754717
          ],
          [
            127.20364809902814,
            36.323100989657796
          ]
        ]
      }
    },
    {
      "type": "Feature",
      "properties": {
        "proposal_id": "ink-line-327",
        "tile_id": "177-nonsan-mountain",
        "sheet_id": "177-nonsan",
        "split": "development",
        "proposal_kind": "visible_linework_review_only",
        "backend": "archaeotrace_ink_v2_centerline",
        "upstream_commit": "7960acddb4e82855e2088fdfdd2244799b63775c",
        "pixel_length": 21.485,
        "point_count": 4,
        "confidence": 1.0,
        "review_status": "unreviewed"
      },
      "geometry": {
        "type": "LineString",
        "coordinates": [
          [
            127.2028460508201,
            36.30375647559739
          ],
          [
            127.20289323012645,
            36.303564565735684
          ],
          [
            127.20308194735188,
            36.303334273901626
          ],
          [
            127.20312912665823,
            36.30302721812289
          ]
        ]
      }
    },
    {
      "type": "Feature",
      "properties": {
        "proposal_id": "ink-line-328",
        "tile_id": "177-nonsan-mountain",
        "sheet_id": "177-nonsan",
        "split": "development",
        "proposal_kind": "visible_linework_review_only",
        "backend": "archaeotrace_ink_v2_centerline",
        "upstream_commit": "7960acddb4e82855e2088fdfdd2244799b63775c",
        "pixel_length": 19.828,
        "point_count": 3,
        "confidence": 1.0,
        "review_status": "unreviewed"
      },
      "geometry": {
        "type": "LineString",
        "coordinates": [
          [
            127.20294040943281,
            36.30855422214015
          ],
          [
            127.20294040943281,
            36.30813202044439
          ],
          [
            127.20303476804551,
            36.30782496466565
          ]
        ]
      }
    },
    {
      "type": "Feature",
      "properties": {
        "proposal_id": "ink-line-329",
        "tile_id": "177-nonsan-mountain",
        "sheet_id": "177-nonsan",
        "split": "development",
        "proposal_kind": "visible_linework_review_only",
        "backend": "archaeotrace_ink_v2_centerline",
        "upstream_commit": "7960acddb4e82855e2088fdfdd2244799b63775c",
        "pixel_length": 19.828,
        "point_count": 4,
        "confidence": 1.0,
        "review_status": "unreviewed"
      },
      "geometry": {
        "type": "LineString",
        "coordinates": [
          [
            127.20294040943281,
            36.30590586604855
          ],
          [
            127.20294040943281,
            36.305598810269814
          ],
          [
            127.20289323012645,
            36.30556042829747
          ],
          [
            127.20294040943281,
            36.30517660857405
          ]
        ]
      }
    },
    {
      "type": "Feature",
      "properties": {
        "proposal_id": "ink-line-330",
        "tile_id": "177-nonsan-mountain",
        "sheet_id": "177-nonsan",
        "split": "development",
        "proposal_kind": "visible_linework_review_only",
        "backend": "archaeotrace_ink_v2_centerline",
        "upstream_commit": "7960acddb4e82855e2088fdfdd2244799b63775c",
        "pixel_length": 33.314,
        "point_count": 6,
        "confidence": 1.0,
        "review_status": "unreviewed"
      },
      "geometry": {
        "type": "LineString",
        "coordinates": [
          [
            127.20308194735188,
            36.30494631673999
          ],
          [
            127.2032706645773,
            36.304562497016576
          ],
          [
            127.20322348527094,
            36.30414029532081
          ],
          [
            127.20317630596459,
            36.30410191334847
          ],
          [
            127.20317630596459,
            36.3039483854591
          ],
          [
            127.2032706645773,
            36.303794857569734
          ]
        ]
      }
    },
    {
      "type": "Feature",
      "properties": {
        "proposal_id": "ink-line-331",
        "tile_id": "177-nonsan-mountain",
        "sheet_id": "177-nonsan",
        "split": "development",
        "proposal_kind": "visible_linework_review_only",
        "backend": "archaeotrace_ink_v2_centerline",
        "upstream_commit": "7960acddb4e82855e2088fdfdd2244799b63775c",
        "pixel_length": 20.728,
        "point_count": 3,
        "confidence": 1.0,
        "review_status": "unreviewed"
      },
      "geometry": {
        "type": "LineString",
        "coordinates": [
          [
            127.20322348527094,
            36.29761536002266
          ],
          [
            127.20331784388365,
            36.29788403382906
          ],
          [
            127.20364809902814,
            36.298267853552474
          ]
        ]
      }
    },
    {
      "type": "Feature",
      "properties": {
        "proposal_id": "ink-line-332",
        "tile_id": "177-nonsan-mountain",
        "sheet_id": "177-nonsan",
        "split": "development",
        "proposal_kind": "visible_linework_review_only",
        "backend": "archaeotrace_ink_v2_centerline",
        "upstream_commit": "7960acddb4e82855e2088fdfdd2244799b63775c",
        "pixel_length": 23.243,
        "point_count": 3,
        "confidence": 1.0,
        "review_status": "unreviewed"
      },
      "geometry": {
        "type": "LineString",
        "coordinates": [
          [
            127.2032706645773,
            36.31523268532767
          ],
          [
            127.2032706645773,
            36.315654887023435
          ],
          [
            127.20341220249637,
            36.3160770887192
          ]
        ]
      }
    },
    {
      "type": "Feature",
      "properties": {
        "proposal_id": "ink-line-333",
        "tile_id": "177-nonsan-mountain",
        "sheet_id": "177-nonsan",
        "split": "development",
        "proposal_kind": "visible_linework_review_only",
        "backend": "archaeotrace_ink_v2_centerline",
        "upstream_commit": "7960acddb4e82855e2088fdfdd2244799b63775c",
        "pixel_length": 18.414,
        "point_count": 3,
        "confidence": 1.0,
        "review_status": "unreviewed"
      },
      "geometry": {
        "type": "LineString",
        "coordinates": [
          [
            127.2032706645773,
            36.293508488982056
          ],
          [
            127.2032706645773,
            36.29416098251187
          ],
          [
            127.20331784388365,
            36.294199364484214
          ]
        ]
      }
    },
    {
      "type": "Feature",
      "properties": {
        "proposal_id": "ink-line-334",
        "tile_id": "177-nonsan-mountain",
        "sheet_id": "177-nonsan",
        "split": "development",
        "proposal_kind": "visible_linework_review_only",
        "backend": "archaeotrace_ink_v2_centerline",
        "upstream_commit": "7960acddb4e82855e2088fdfdd2244799b63775c",
        "pixel_length": 20.071,
        "point_count": 5,
        "confidence": 1.0,
        "review_status": "unreviewed"
      },
      "geometry": {
        "type": "LineString",
        "coordinates": [
          [
            127.20331784388365,
            36.298805201165266
          ],
          [
            127.20345938180273,
            36.29895872905463
          ],
          [
            127.20345938180273,
            36.299112256944
          ],
          [
            127.20350656110908,
            36.299150638916345
          ],
          [
            127.20345938180273,
            36.299496076667424
          ]
        ]
      }
    },
    {
      "type": "Feature",
      "properties": {
        "proposal_id": "ink-line-335",
        "tile_id": "177-nonsan-mountain",
        "sheet_id": "177-nonsan",
        "split": "development",
        "proposal_kind": "visible_linework_review_only",
        "backend": "archaeotrace_ink_v2_centerline",
        "upstream_commit": "7960acddb4e82855e2088fdfdd2244799b63775c",
        "pixel_length": 25.243,
        "point_count": 4,
        "confidence": 1.0,
        "review_status": "unreviewed"
      },
      "geometry": {
        "type": "LineString",
        "coordinates": [
          [
            127.20336502319002,
            36.31120257823176
          ],
          [
            127.20341220249637,
            36.31154801598284
          ],
          [
            127.20345938180273,
            36.311586397955175
          ],
          [
            127.20341220249637,
            36.312123745567966
          ]
        ]
      }
    },
    {
      "type": "Feature",
      "properties": {
        "proposal_id": "ink-line-336",
        "tile_id": "177-nonsan-mountain",
        "sheet_id": "177-nonsan",
        "split": "development",
        "proposal_kind": "visible_linework_review_only",
        "backend": "archaeotrace_ink_v2_centerline",
        "upstream_commit": "7960acddb4e82855e2088fdfdd2244799b63775c",
        "pixel_length": 22.657,
        "point_count": 5,
        "confidence": 1.0,
        "review_status": "unreviewed"
      },
      "geometry": {
        "type": "LineString",
        "coordinates": [
          [
            127.20336502319002,
            36.30352618376334
          ],
          [
            127.20336502319002,
            36.30341103784631
          ],
          [
            127.20345938180273,
            36.30325750995694
          ],
          [
            127.20341220249637,
            36.303219127984605
          ],
          [
            127.20345938180273,
            36.30272016234416
          ]
        ]
      }
    },
    {
      "type": "Feature",
      "properties": {
        "proposal_id": "ink-line-337",
        "tile_id": "177-nonsan-mountain",
        "sheet_id": "177-nonsan",
        "split": "development",
        "proposal_kind": "visible_linework_review_only",
        "backend": "archaeotrace_ink_v2_centerline",
        "upstream_commit": "7960acddb4e82855e2088fdfdd2244799b63775c",
        "pixel_length": 20.485,
        "point_count": 7,
        "confidence": 1.0,
        "review_status": "unreviewed"
      },
      "geometry": {
        "type": "LineString",
        "coordinates": [
          [
            127.20336502319002,
            36.30241310656542
          ],
          [
            127.20341220249637,
            36.30237472459308
          ],
          [
            127.20336502319002,
            36.302336342620734
          ],
          [
            127.20336502319002,
            36.30218281473137
          ],
          [
            127.20350656110908,
            36.30195252289732
          ],
          [
            127.20350656110908,
            36.301760613035604
          ],
          [
            127.20355374041544,
            36.30172223106326
          ]
        ]
      }
    },
    {
      "type": "Feature",
      "properties": {
        "proposal_id": "ink-line-338",
        "tile_id": "177-nonsan-mountain",
        "sheet_id": "177-nonsan",
        "split": "development",
        "proposal_kind": "visible_linework_review_only",
        "backend": "archaeotrace_ink_v2_centerline",
        "upstream_commit": "7960acddb4e82855e2088fdfdd2244799b63775c",
        "pixel_length": 28.314,
        "point_count": 6,
        "confidence": 1.0,
        "review_status": "unreviewed"
      },
      "geometry": {
        "type": "LineString",
        "coordinates": [
          [
            127.20336502319002,
            36.29584978929492
          ],
          [
            127.20350656110908,
            36.295773025350236
          ],
          [
            127.2036009197218,
            36.2954659695715
          ],
          [
            127.20355374041544,
            36.29538920562682
          ],
          [
            127.2036009197218,
            36.29512053182042
          ],
          [
            127.20350656110908,
            36.29492862195871
          ]
        ]
      }
    },
    {
      "type": "Feature",
      "properties": {
        "proposal_id": "ink-line-339",
        "tile_id": "177-nonsan-mountain",
        "sheet_id": "177-nonsan",
        "split": "development",
        "proposal_kind": "visible_linework_review_only",
        "backend": "archaeotrace_ink_v2_centerline",
        "upstream_commit": "7960acddb4e82855e2088fdfdd2244799b63775c",
        "pixel_length": 24.657,
        "point_count": 5,
        "confidence": 1.0,
        "review_status": "unreviewed"
      },
      "geometry": {
        "type": "LineString",
        "coordinates": [
          [
            127.20341220249637,
            36.29657904676942
          ],
          [
            127.20350656110908,
            36.29688610254816
          ],
          [
            127.20345938180273,
            36.29696286649284
          ],
          [
            127.20345938180273,
            36.29742345016095
          ],
          [
            127.20350656110908,
            36.29746183213329
          ]
        ]
      }
    },
    {
      "type": "Feature",
      "properties": {
        "proposal_id": "ink-line-340",
        "tile_id": "177-nonsan-mountain",
        "sheet_id": "177-nonsan",
        "split": "development",
        "proposal_kind": "visible_linework_review_only",
        "backend": "archaeotrace_ink_v2_centerline",
        "upstream_commit": "7960acddb4e82855e2088fdfdd2244799b63775c",
        "pixel_length": 23.071,
        "point_count": 4,
        "confidence": 1.0,
        "review_status": "unreviewed"
      },
      "geometry": {
        "type": "LineString",
        "coordinates": [
          [
            127.20355374041544,
            36.30790172861034
          ],
          [
            127.20345938180273,
            36.308055256499706
          ],
          [
            127.20345938180273,
            36.30851584016781
          ],
          [
            127.20364809902814,
            36.308669368057174
          ]
        ]
      }
    },
    {
      "type": "Feature",
      "properties": {
        "proposal_id": "ink-line-341",
        "tile_id": "177-nonsan-mountain",
        "sheet_id": "177-nonsan",
        "split": "development",
        "proposal_kind": "visible_linework_review_only",
        "backend": "archaeotrace_ink_v2_centerline",
        "upstream_commit": "7960acddb4e82855e2088fdfdd2244799b63775c",
        "pixel_length": 29.071,
        "point_count": 5,
        "confidence": 1.0,
        "review_status": "unreviewed"
      },
      "geometry": {
        "type": "LineString",
        "coordinates": [
          [
            127.20355374041544,
            36.30475440687829
          ],
          [
            127.2036009197218,
            36.30463926096126
          ],
          [
            127.20355374041544,
            36.304562497016576
          ],
          [
            127.20355374041544,
            36.304025149403785
          ],
          [
            127.20369527833451,
            36.30371809362505
          ]
        ]
      }
    },
    {
      "type": "Feature",
      "properties": {
        "proposal_id": "ink-line-342",
        "tile_id": "177-nonsan-mountain",
        "sheet_id": "177-nonsan",
        "split": "development",
        "proposal_kind": "visible_linework_review_only",
        "backend": "archaeotrace_ink_v2_centerline",
        "upstream_commit": "7960acddb4e82855e2088fdfdd2244799b63775c",
        "pixel_length": 24.828,
        "point_count": 3,
        "confidence": 1.0,
        "review_status": "unreviewed"
      },
      "geometry": {
        "type": "LineString",
        "coordinates": [
          [
            127.20355374041544,
            36.29304790531395
          ],
          [
            127.20364809902814,
            36.29320143320332
          ],
          [
            127.20364809902814,
            36.293969072650164
          ]
        ]
      }
    },
    {
      "type": "Feature",
      "properties": {
        "proposal_id": "ink-line-343",
        "tile_id": "177-nonsan-mountain",
        "sheet_id": "177-nonsan",
        "split": "development",
        "proposal_kind": "visible_linework_review_only",
        "backend": "archaeotrace_ink_v2_centerline",
        "upstream_commit": "7960acddb4e82855e2088fdfdd2244799b63775c",
        "pixel_length": 42.485,
        "point_count": 9,
        "confidence": 1.0,
        "review_status": "unreviewed"
      },
      "geometry": {
        "type": "LineString",
        "coordinates": [
          [
            127.20369527833451,
            36.31742045775117
          ],
          [
            127.20369527833451,
            36.31719016591712
          ],
          [
            127.2036009197218,
            36.31695987408307
          ],
          [
            127.2036009197218,
            36.3168063461937
          ],
          [
            127.20369527833451,
            36.31657605435964
          ],
          [
            127.20369527833451,
            36.31615385266388
          ],
          [
            127.20374245764086,
            36.31611547069154
          ],
          [
            127.20374245764086,
            36.31592356082983
          ],
          [
            127.20369527833451,
            36.315885178857485
          ]
        ]
      }
    },
    {
      "type": "Feature",
      "properties": {
        "proposal_id": "ink-line-344",
        "tile_id": "177-nonsan-mountain",
        "sheet_id": "177-nonsan",
        "split": "development",
        "proposal_kind": "visible_linework_review_only",
        "backend": "archaeotrace_ink_v2_centerline",
        "upstream_commit": "7960acddb4e82855e2088fdfdd2244799b63775c",
        "pixel_length": 23.828,
        "point_count": 5,
        "confidence": 1.0,
        "review_status": "unreviewed"
      },
      "geometry": {
        "type": "LineString",
        "coordinates": [
          [
            127.20378963694722,
            36.312123745567966
          ],
          [
            127.20378963694722,
            36.311816689789225
          ],
          [
            127.20383681625357,
            36.31177830781689
          ],
          [
            127.20383681625357,
            36.311356106121124
          ],
          [
            127.20378963694722,
            36.311240960204096
          ]
        ]
      }
    },
    {
      "type": "Feature",
      "properties": {
        "proposal_id": "ink-line-345",
        "tile_id": "177-nonsan-mountain",
        "sheet_id": "177-nonsan",
        "split": "development",
        "proposal_kind": "visible_linework_review_only",
        "backend": "archaeotrace_ink_v2_centerline",
        "upstream_commit": "7960acddb4e82855e2088fdfdd2244799b63775c",
        "pixel_length": 38.485,
        "point_count": 6,
        "confidence": 1.0,
        "review_status": "unreviewed"
      },
      "geometry": {
        "type": "LineString",
        "coordinates": [
          [
            127.20378963694722,
            36.29581140732258
          ],
          [
            127.20388399555993,
            36.295312441682135
          ],
          [
            127.20393117486628,
            36.29527405970979
          ],
          [
            127.20388399555993,
            36.29485185801403
          ],
          [
            127.20397835417265,
            36.29469833012466
          ],
          [
            127.20397835417265,
            36.294429656318265
          ]
        ]
      }
    },
    {
      "type": "Feature",
      "properties": {
        "proposal_id": "ink-line-346",
        "tile_id": "177-nonsan-mountain",
        "sheet_id": "177-nonsan",
        "split": "development",
        "proposal_kind": "visible_linework_review_only",
        "backend": "archaeotrace_ink_v2_centerline",
        "upstream_commit": "7960acddb4e82855e2088fdfdd2244799b63775c",
        "pixel_length": 20.314,
        "point_count": 3,
        "confidence": 1.0,
        "review_status": "unreviewed"
      },
      "geometry": {
        "type": "LineString",
        "coordinates": [
          [
            127.20388399555993,
            36.320836453289616
          ],
          [
            127.20388399555993,
            36.32072130737259
          ],
          [
            127.20426143001077,
            36.3201839597598
          ]
        ]
      }
    },
    {
      "type": "Feature",
      "properties": {
        "proposal_id": "ink-line-347",
        "tile_id": "177-nonsan-mountain",
        "sheet_id": "177-nonsan",
        "split": "development",
        "proposal_kind": "visible_linework_review_only",
        "backend": "archaeotrace_ink_v2_centerline",
        "upstream_commit": "7960acddb4e82855e2088fdfdd2244799b63775c",
        "pixel_length": 19.314,
        "point_count": 5,
        "confidence": 1.0,
        "review_status": "unreviewed"
      },
      "geometry": {
        "type": "LineString",
        "coordinates": [
          [
            127.20393117486628,
            36.30801687452736
          ],
          [
            127.20383681625357,
            36.30817040241673
          ],
          [
            127.20383681625357,
            36.3083239303061
          ],
          [
            127.20393117486628,
            36.30847745819547
          ],
          [
            127.20411989209171,
            36.308630986084836
          ]
        ]
      }
    },
    {
      "type": "Feature",
      "properties": {
        "proposal_id": "ink-line-348",
        "tile_id": "177-nonsan-mountain",
        "sheet_id": "177-nonsan",
        "split": "development",
        "proposal_kind": "visible_linework_review_only",
        "backend": "archaeotrace_ink_v2_centerline",
        "upstream_commit": "7960acddb4e82855e2088fdfdd2244799b63775c",
        "pixel_length": 31.556,
        "point_count": 3,
        "confidence": 1.0,
        "review_status": "unreviewed"
      },
      "geometry": {
        "type": "LineString",
        "coordinates": [
          [
            127.20397835417265,
            36.32145056484709
          ],
          [
            127.20421425070442,
            36.32075968934493
          ],
          [
            127.20449732654257,
            36.32041425159385
          ]
        ]
      }
    },
    {
      "type": "Feature",
      "properties": {
        "proposal_id": "ink-line-349",
        "tile_id": "177-nonsan-mountain",
        "sheet_id": "177-nonsan",
        "split": "development",
        "proposal_kind": "visible_linework_review_only",
        "backend": "archaeotrace_ink_v2_centerline",
        "upstream_commit": "7960acddb4e82855e2088fdfdd2244799b63775c",
        "pixel_length": 27.657,
        "point_count": 5,
        "confidence": 1.0,
        "review_status": "unreviewed"
      },
      "geometry": {
        "type": "LineString",
        "coordinates": [
          [
            127.20397835417265,
            36.30794011058268
          ],
          [
            127.20407271278536,
            36.30767143677628
          ],
          [
            127.20407271278536,
            36.307287617052864
          ],
          [
            127.204025533479,
            36.30724923508052
          ],
          [
            127.20407271278536,
            36.306942179301785
          ]
        ]
      }
    },
    {
      "type": "Feature",
      "properties": {
        "proposal_id": "ink-line-350",
        "tile_id": "177-nonsan-mountain",
        "sheet_id": "177-nonsan",
        "split": "development",
        "proposal_kind": "visible_linework_review_only",
        "backend": "archaeotrace_ink_v2_centerline",
        "upstream_commit": "7960acddb4e82855e2088fdfdd2244799b63775c",
        "pixel_length": 27.485,
        "point_count": 4,
        "confidence": 1.0,
        "review_status": "unreviewed"
      },
      "geometry": {
        "type": "LineString",
        "coordinates": [
          [
            127.20397835417265,
            36.29320143320332
          ],
          [
            127.204025533479,
            36.293623634899085
          ],
          [
            127.20393117486628,
            36.29393069067782
          ],
          [
            127.20407271278536,
            36.29416098251187
          ]
        ]
      }
    },
    {
      "type": "Feature",
      "properties": {
        "proposal_id": "ink-line-351",
        "tile_id": "177-nonsan-mountain",
        "sheet_id": "177-nonsan",
        "split": "development",
        "proposal_kind": "visible_linework_review_only",
        "backend": "archaeotrace_ink_v2_centerline",
        "upstream_commit": "7960acddb4e82855e2088fdfdd2244799b63775c",
        "pixel_length": 23.243,
        "point_count": 4,
        "confidence": 1.0,
        "review_status": "unreviewed"
      },
      "geometry": {
        "type": "LineString",
        "coordinates": [
          [
            127.20407271278536,
            36.299496076667424
          ],
          [
            127.204025533479,
            36.299611222584446
          ],
          [
            127.204025533479,
            36.300186952169575
          ],
          [
            127.20411989209171,
            36.30034048005895
          ]
        ]
      }
    },
    {
      "type": "Feature",
      "properties": {
        "proposal_id": "ink-line-352",
        "tile_id": "177-nonsan-mountain",
        "sheet_id": "177-nonsan",
        "split": "development",
        "proposal_kind": "visible_linework_review_only",
        "backend": "archaeotrace_ink_v2_centerline",
        "upstream_commit": "7960acddb4e82855e2088fdfdd2244799b63775c",
        "pixel_length": 20.828,
        "point_count": 5,
        "confidence": 1.0,
        "review_status": "unreviewed"
      },
      "geometry": {
        "type": "LineString",
        "coordinates": [
          [
            127.20407271278536,
            36.28851883257759
          ],
          [
            127.20407271278536,
            36.28825015877119
          ],
          [
            127.20411989209171,
            36.288211776798846
          ],
          [
            127.20407271278536,
            36.28813501285416
          ],
          [
            127.20407271278536,
            36.287751193130745
          ]
        ]
      }
    },
    {
      "type": "Feature",
      "properties": {
        "proposal_id": "ink-line-353",
        "tile_id": "177-nonsan-mountain",
        "sheet_id": "177-nonsan",
        "split": "development",
        "proposal_kind": "visible_linework_review_only",
        "backend": "archaeotrace_ink_v2_centerline",
        "upstream_commit": "7960acddb4e82855e2088fdfdd2244799b63775c",
        "pixel_length": 30.728,
        "point_count": 5,
        "confidence": 1.0,
        "review_status": "unreviewed"
      },
      "geometry": {
        "type": "LineString",
        "coordinates": [
          [
            127.20411989209171,
            36.32187276654285
          ],
          [
            127.20430860931714,
            36.3216424747088
          ],
          [
            127.20440296792985,
            36.321412182874745
          ],
          [
            127.20440296792985,
            36.321181891040695
          ],
          [
            127.20454450584892,
            36.320836453289616
          ]
        ]
      }
    },
    {
      "type": "Feature",
      "properties": {
        "proposal_id": "ink-line-354",
        "tile_id": "177-nonsan-mountain",
        "sheet_id": "177-nonsan",
        "split": "development",
        "proposal_kind": "visible_linework_review_only",
        "backend": "archaeotrace_ink_v2_centerline",
        "upstream_commit": "7960acddb4e82855e2088fdfdd2244799b63775c",
        "pixel_length": 47.87,
        "point_count": 7,
        "confidence": 1.0,
        "review_status": "unreviewed"
      },
      "geometry": {
        "type": "LineString",
        "coordinates": [
          [
            127.20421425070442,
            36.3252887620813
          ],
          [
            127.20426143001077,
            36.32498170630256
          ],
          [
            127.20435578862349,
            36.32482817841319
          ],
          [
            127.20463886446163,
            36.32459788657914
          ],
          [
            127.20506347821883,
            36.32440597671743
          ],
          [
            127.20520501613791,
            36.32440597671743
          ],
          [
            127.20567680920146,
            36.32421406685572
          ]
        ]
      }
    },
    {
      "type": "Feature",
      "properties": {
        "proposal_id": "ink-line-355",
        "tile_id": "177-nonsan-mountain",
        "sheet_id": "177-nonsan",
        "split": "development",
        "proposal_kind": "visible_linework_review_only",
        "backend": "archaeotrace_ink_v2_centerline",
        "upstream_commit": "7960acddb4e82855e2088fdfdd2244799b63775c",
        "pixel_length": 31.243,
        "point_count": 5,
        "confidence": 1.0,
        "review_status": "unreviewed"
      },
      "geometry": {
        "type": "LineString",
        "coordinates": [
          [
            127.20426143001077,
            36.31692149211072
          ],
          [
            127.20426143001077,
            36.31661443633199
          ],
          [
            127.20430860931714,
            36.31657605435964
          ],
          [
            127.20426143001077,
            36.3158084149128
          ],
          [
            127.20430860931714,
            36.31577003294046
          ]
        ]
      }
    },
    {
      "type": "Feature",
      "properties": {
        "proposal_id": "ink-line-356",
        "tile_id": "177-nonsan-mountain",
        "sheet_id": "177-nonsan",
        "split": "development",
        "proposal_kind": "visible_linework_review_only",
        "backend": "archaeotrace_ink_v2_centerline",
        "upstream_commit": "7960acddb4e82855e2088fdfdd2244799b63775c",
        "pixel_length": 18.142,
        "point_count": 3,
        "confidence": 1.0,
        "review_status": "unreviewed"
      },
      "geometry": {
        "type": "LineString",
        "coordinates": [
          [
            127.20435578862349,
            36.3153478312447
          ],
          [
            127.20468604376799,
            36.315194303355334
          ],
          [
            127.20496911960612,
            36.31492562954894
          ]
        ]
      }
    },
    {
      "type": "Feature",
      "properties": {
        "proposal_id": "ink-line-357",
        "tile_id": "177-nonsan-mountain",
        "sheet_id": "177-nonsan",
        "split": "development",
        "proposal_kind": "visible_linework_review_only",
        "backend": "archaeotrace_ink_v2_centerline",
        "upstream_commit": "7960acddb4e82855e2088fdfdd2244799b63775c",
        "pixel_length": 28.243,
        "point_count": 3,
        "confidence": 1.0,
        "review_status": "unreviewed"
      },
      "geometry": {
        "type": "LineString",
        "coordinates": [
          [
            127.20435578862349,
            36.30533013646342
          ],
          [
            127.20449732654257,
            36.30502308068468
          ],
          [
            127.20449732654257,
            36.30429382321018
          ]
        ]
      }
    },
    {
      "type": "Feature",
      "properties": {
        "proposal_id": "ink-line-358",
        "tile_id": "177-nonsan-mountain",
        "sheet_id": "177-nonsan",
        "split": "development",
        "proposal_kind": "visible_linework_review_only",
        "backend": "archaeotrace_ink_v2_centerline",
        "upstream_commit": "7960acddb4e82855e2088fdfdd2244799b63775c",
        "pixel_length": 18.657,
        "point_count": 5,
        "confidence": 1.0,
        "review_status": "unreviewed"
      },
      "geometry": {
        "type": "LineString",
        "coordinates": [
          [
            127.2044501472362,
            36.30970568131041
          ],
          [
            127.20449732654257,
            36.30962891736573
          ],
          [
            127.20449732654257,
            36.30936024355933
          ],
          [
            127.20454450584892,
            36.309321861586994
          ],
          [
            127.2044501472362,
            36.3090531877806
          ]
        ]
      }
    },
    {
      "type": "Feature",
      "properties": {
        "proposal_id": "ink-line-359",
        "tile_id": "177-nonsan-mountain",
        "sheet_id": "177-nonsan",
        "split": "development",
        "proposal_kind": "visible_linework_review_only",
        "backend": "archaeotrace_ink_v2_centerline",
        "upstream_commit": "7960acddb4e82855e2088fdfdd2244799b63775c",
        "pixel_length": 23.728,
        "point_count": 4,
        "confidence": 1.0,
        "review_status": "unreviewed"
      },
      "geometry": {
        "type": "LineString",
        "coordinates": [
          [
            127.2044501472362,
            36.29561949746087
          ],
          [
            127.2044501472362,
            36.29542758759916
          ],
          [
            127.2047804023807,
            36.295082149848085
          ],
          [
            127.2048747609934,
            36.29485185801403
          ]
        ]
      }
    },
    {
      "type": "Feature",
      "properties": {
        "proposal_id": "ink-line-360",
        "tile_id": "177-nonsan-mountain",
        "sheet_id": "177-nonsan",
        "split": "development",
        "proposal_kind": "visible_linework_review_only",
        "backend": "archaeotrace_ink_v2_centerline",
        "upstream_commit": "7960acddb4e82855e2088fdfdd2244799b63775c",
        "pixel_length": 31.899,
        "point_count": 3,
        "confidence": 1.0,
        "review_status": "unreviewed"
      },
      "geometry": {
        "type": "LineString",
        "coordinates": [
          [
            127.20454450584892,
            36.3042170592655
          ],
          [
            127.2047804023807,
            36.303679711652705
          ],
          [
            127.20468604376799,
            36.303103982067576
          ]
        ]
      }
    },
    {
      "type": "Feature",
      "properties": {
        "proposal_id": "ink-line-361",
        "tile_id": "177-nonsan-mountain",
        "sheet_id": "177-nonsan",
        "split": "development",
        "proposal_kind": "visible_linework_review_only",
        "backend": "archaeotrace_ink_v2_centerline",
        "upstream_commit": "7960acddb4e82855e2088fdfdd2244799b63775c",
        "pixel_length": 23.414,
        "point_count": 2,
        "confidence": 1.0,
        "review_status": "unreviewed"
      },
      "geometry": {
        "type": "LineString",
        "coordinates": [
          [
            127.20454450584892,
            36.28874912441164
          ],
          [
            127.20459168515528,
            36.287866339047774
          ]
        ]
      }
    },
    {
      "type": "Feature",
      "properties": {
        "proposal_id": "ink-line-362",
        "tile_id": "177-nonsan-mountain",
        "sheet_id": "177-nonsan",
        "split": "development",
        "proposal_kind": "visible_linework_review_only",
        "backend": "archaeotrace_ink_v2_centerline",
        "upstream_commit": "7960acddb4e82855e2088fdfdd2244799b63775c",
        "pixel_length": 18.657,
        "point_count": 4,
        "confidence": 1.0,
        "review_status": "unreviewed"
      },
      "geometry": {
        "type": "LineString",
        "coordinates": [
          [
            127.20459168515528,
            36.31039655681257
          ],
          [
            127.20454450584892,
            36.310473320757254
          ],
          [
            127.20454450584892,
            36.31081875850833
          ],
          [
            127.20468604376799,
            36.31104905034238
          ]
        ]
      }
    },
    {
      "type": "Feature",
      "properties": {
        "proposal_id": "ink-line-363",
        "tile_id": "177-nonsan-mountain",
        "sheet_id": "177-nonsan",
        "split": "development",
        "proposal_kind": "visible_linework_review_only",
        "backend": "archaeotrace_ink_v2_centerline",
        "upstream_commit": "7960acddb4e82855e2088fdfdd2244799b63775c",
        "pixel_length": 24.657,
        "point_count": 5,
        "confidence": 1.0,
        "review_status": "unreviewed"
      },
      "geometry": {
        "type": "LineString",
        "coordinates": [
          [
            127.20459168515528,
            36.30782496466565
          ],
          [
            127.20459168515528,
            36.30755629085926
          ],
          [
            127.20449732654257,
            36.30736438099755
          ],
          [
            127.20449732654257,
            36.30705732521881
          ],
          [
            127.20459168515528,
            36.306942179301785
          ]
        ]
      }
    },
    {
      "type": "Feature",
      "properties": {
        "proposal_id": "ink-line-364",
        "tile_id": "177-nonsan-mountain",
        "sheet_id": "177-nonsan",
        "split": "development",
        "proposal_kind": "visible_linework_review_only",
        "backend": "archaeotrace_ink_v2_centerline",
        "upstream_commit": "7960acddb4e82855e2088fdfdd2244799b63775c",
        "pixel_length": 25.556,
        "point_count": 4,
        "confidence": 1.0,
        "review_status": "unreviewed"
      },
      "geometry": {
        "type": "LineString",
        "coordinates": [
          [
            127.20463886446163,
            36.32498170630256
          ],
          [
            127.20473322307434,
            36.32482817841319
          ],
          [
            127.20492194029977,
            36.324674650523825
          ],
          [
            127.2055352712824,
            36.32448274066211
          ]
        ]
      }
    },
    {
      "type": "Feature",
      "properties": {
        "proposal_id": "ink-line-365",
        "tile_id": "177-nonsan-mountain",
        "sheet_id": "177-nonsan",
        "split": "development",
        "proposal_kind": "visible_linework_review_only",
        "backend": "archaeotrace_ink_v2_centerline",
        "upstream_commit": "7960acddb4e82855e2088fdfdd2244799b63775c",
        "pixel_length": 25.071,
        "point_count": 3,
        "confidence": 1.0,
        "review_status": "unreviewed"
      },
      "geometry": {
        "type": "LineString",
        "coordinates": [
          [
            127.2047804023807,
            36.32198791245988
          ],
          [
            127.20492194029977,
            36.321757620625824
          ],
          [
            127.20501629891248,
            36.32110512709601
          ]
        ]
      }
    },
    {
      "type": "Feature",
      "properties": {
        "proposal_id": "ink-line-366",
        "tile_id": "177-nonsan-mountain",
        "sheet_id": "177-nonsan",
        "split": "development",
        "proposal_kind": "visible_linework_review_only",
        "backend": "archaeotrace_ink_v2_centerline",
        "upstream_commit": "7960acddb4e82855e2088fdfdd2244799b63775c",
        "pixel_length": 55.899,
        "point_count": 6,
        "confidence": 1.0,
        "review_status": "unreviewed"
      },
      "geometry": {
        "type": "LineString",
        "coordinates": [
          [
            127.2048747609934,
            36.30644321366134
          ],
          [
            127.2048747609934,
            36.306059393937915
          ],
          [
            127.2047804023807,
            36.305829102103864
          ],
          [
            127.2047804023807,
            36.30544528238044
          ],
          [
            127.20492194029977,
            36.305138226601706
          ],
          [
            127.20501629891248,
            36.30440896912721
          ]
        ]
      }
    },
    {
      "type": "Feature",
      "properties": {
        "proposal_id": "ink-line-367",
        "tile_id": "177-nonsan-mountain",
        "sheet_id": "177-nonsan",
        "split": "development",
        "proposal_kind": "visible_linework_review_only",
        "backend": "archaeotrace_ink_v2_centerline",
        "upstream_commit": "7960acddb4e82855e2088fdfdd2244799b63775c",
        "pixel_length": 20.243,
        "point_count": 3,
        "confidence": 1.0,
        "review_status": "unreviewed"
      },
      "geometry": {
        "type": "LineString",
        "coordinates": [
          [
            127.20492194029977,
            36.316230616608564
          ],
          [
            127.20492194029977,
            36.31672958224902
          ],
          [
            127.20506347821883,
            36.31695987408307
          ]
        ]
      }
    },
    {
      "type": "Feature",
      "properties": {
        "proposal_id": "ink-line-368",
        "tile_id": "177-nonsan-mountain",
        "sheet_id": "177-nonsan",
        "split": "development",
        "proposal_kind": "visible_linework_review_only",
        "backend": "archaeotrace_ink_v2_centerline",
        "upstream_commit": "7960acddb4e82855e2088fdfdd2244799b63775c",
        "pixel_length": 22.485,
        "point_count": 3,
        "confidence": 1.0,
        "review_status": "unreviewed"
      },
      "geometry": {
        "type": "LineString",
        "coordinates": [
          [
            127.20496911960612,
            36.32221820429393
          ],
          [
            127.20515783683155,
            36.32187276654285
          ],
          [
            127.20525219544426,
            36.32145056484709
          ]
        ]
      }
    },
    {
      "type": "Feature",
      "properties": {
        "proposal_id": "ink-line-369",
        "tile_id": "177-nonsan-mountain",
        "sheet_id": "177-nonsan",
        "split": "development",
        "proposal_kind": "visible_linework_review_only",
        "backend": "archaeotrace_ink_v2_centerline",
        "upstream_commit": "7960acddb4e82855e2088fdfdd2244799b63775c",
        "pixel_length": 18.243,
        "point_count": 4,
        "confidence": 1.0,
        "review_status": "unreviewed"
      },
      "geometry": {
        "type": "LineString",
        "coordinates": [
          [
            127.20496911960612,
            36.3071340891635
          ],
          [
            127.20496911960612,
            36.30724923508052
          ],
          [
            127.20506347821883,
            36.307402762969886
          ],
          [
            127.20501629891248,
            36.30778658269331
          ]
        ]
      }
    },
    {
      "type": "Feature",
      "properties": {
        "proposal_id": "ink-line-370",
        "tile_id": "177-nonsan-mountain",
        "sheet_id": "177-nonsan",
        "split": "development",
        "proposal_kind": "visible_linework_review_only",
        "backend": "archaeotrace_ink_v2_centerline",
        "upstream_commit": "7960acddb4e82855e2088fdfdd2244799b63775c",
        "pixel_length": 21.314,
        "point_count": 4,
        "confidence": 1.0,
        "review_status": "unreviewed"
      },
      "geometry": {
        "type": "LineString",
        "coordinates": [
          [
            127.20501629891248,
            36.32421406685572
          ],
          [
            127.20520501613791,
            36.32413730291103
          ],
          [
            127.20534655405697,
            36.32413730291103
          ],
          [
            127.20586552642689,
            36.32390701107698
          ]
        ]
      }
    },
    {
      "type": "Feature",
      "properties": {
        "proposal_id": "ink-line-371",
        "tile_id": "177-nonsan-mountain",
        "sheet_id": "177-nonsan",
        "split": "development",
        "proposal_kind": "visible_linework_review_only",
        "backend": "archaeotrace_ink_v2_centerline",
        "upstream_commit": "7960acddb4e82855e2088fdfdd2244799b63775c",
        "pixel_length": 19.385,
        "point_count": 2,
        "confidence": 1.0,
        "review_status": "unreviewed"
      },
      "geometry": {
        "type": "LineString",
        "coordinates": [
          [
            127.20506347821883,
            36.32325451754717
          ],
          [
            127.20567680920146,
            36.32271716993438
          ]
        ]
      }
    },
    {
      "type": "Feature",
      "properties": {
        "proposal_id": "ink-line-372",
        "tile_id": "177-nonsan-mountain",
        "sheet_id": "177-nonsan",
        "split": "development",
        "proposal_kind": "visible_linework_review_only",
        "backend": "archaeotrace_ink_v2_centerline",
        "upstream_commit": "7960acddb4e82855e2088fdfdd2244799b63775c",
        "pixel_length": 22.657,
        "point_count": 5,
        "confidence": 1.0,
        "review_status": "unreviewed"
      },
      "geometry": {
        "type": "LineString",
        "coordinates": [
          [
            127.20506347821883,
            36.30306560009523
          ],
          [
            127.20515783683155,
            36.30325750995694
          ],
          [
            127.20515783683155,
            36.30341103784631
          ],
          [
            127.20525219544426,
            36.30352618376334
          ],
          [
            127.20525219544426,
            36.30387162151442
          ]
        ]
      }
    },
    {
      "type": "Feature",
      "properties": {
        "proposal_id": "ink-line-373",
        "tile_id": "177-nonsan-mountain",
        "sheet_id": "177-nonsan",
        "split": "development",
        "proposal_kind": "visible_linework_review_only",
        "backend": "archaeotrace_ink_v2_centerline",
        "upstream_commit": "7960acddb4e82855e2088fdfdd2244799b63775c",
        "pixel_length": 18.414,
        "point_count": 2,
        "confidence": 1.0,
        "review_status": "unreviewed"
      },
      "geometry": {
        "type": "LineString",
        "coordinates": [
          [
            127.20506347821883,
            36.28851883257759
          ],
          [
            127.2051106575252,
            36.28782795707543
          ]
        ]
      }
    },
    {
      "type": "Feature",
      "properties": {
        "proposal_id": "ink-line-374",
        "tile_id": "177-nonsan-mountain",
        "sheet_id": "177-nonsan",
        "split": "development",
        "proposal_kind": "visible_linework_review_only",
        "backend": "archaeotrace_ink_v2_centerline",
        "upstream_commit": "7960acddb4e82855e2088fdfdd2244799b63775c",
        "pixel_length": 28.243,
        "point_count": 5,
        "confidence": 1.0,
        "review_status": "unreviewed"
      },
      "geometry": {
        "type": "LineString",
        "coordinates": [
          [
            127.2051106575252,
            36.287175463545616
          ],
          [
            127.20520501613791,
            36.28706031762859
          ],
          [
            127.20520501613791,
            36.28690678973922
          ],
          [
            127.20525219544426,
            36.286868407766875
          ],
          [
            127.20525219544426,
            36.28613915029238
          ]
        ]
      }
    },
    {
      "type": "Feature",
      "properties": {
        "proposal_id": "ink-line-375",
        "tile_id": "177-nonsan-mountain",
        "sheet_id": "177-nonsan",
        "split": "development",
        "proposal_kind": "visible_linework_review_only",
        "backend": "archaeotrace_ink_v2_centerline",
        "upstream_commit": "7960acddb4e82855e2088fdfdd2244799b63775c",
        "pixel_length": 30.314,
        "point_count": 7,
        "confidence": 1.0,
        "review_status": "unreviewed"
      },
      "geometry": {
        "type": "LineString",
        "coordinates": [
          [
            127.20534655405697,
            36.31423475404678
          ],
          [
            127.20525219544426,
            36.31408122615741
          ],
          [
            127.20525219544426,
            36.313966080240384
          ],
          [
            127.20529937475062,
            36.313927698268046
          ],
          [
            127.20529937475062,
            36.31377417037867
          ],
          [
            127.20548809197604,
            36.31346711459994
          ],
          [
            127.20544091266969,
            36.31319844079354
          ]
        ]
      }
    },
    {
      "type": "Feature",
      "properties": {
        "proposal_id": "ink-line-376",
        "tile_id": "177-nonsan-mountain",
        "sheet_id": "177-nonsan",
        "split": "development",
        "proposal_kind": "visible_linework_review_only",
        "backend": "archaeotrace_ink_v2_centerline",
        "upstream_commit": "7960acddb4e82855e2088fdfdd2244799b63775c",
        "pixel_length": 29.657,
        "point_count": 3,
        "confidence": 1.0,
        "review_status": "unreviewed"
      },
      "geometry": {
        "type": "LineString",
        "coordinates": [
          [
            127.20534655405697,
            36.300839445699395
          ],
          [
            127.20544091266969,
            36.30068591781003
          ],
          [
            127.2055352712824,
            36.29976475047381
          ]
        ]
      }
    },
    {
      "type": "Feature",
      "properties": {
        "proposal_id": "ink-line-377",
        "tile_id": "177-nonsan-mountain",
        "sheet_id": "177-nonsan",
        "split": "development",
        "proposal_kind": "visible_linework_review_only",
        "backend": "archaeotrace_ink_v2_centerline",
        "upstream_commit": "7960acddb4e82855e2088fdfdd2244799b63775c",
        "pixel_length": 19.485,
        "point_count": 4,
        "confidence": 1.0,
        "review_status": "unreviewed"
      },
      "geometry": {
        "type": "LineString",
        "coordinates": [
          [
            127.20544091266969,
            36.324789796440854
          ],
          [
            127.20581834712054,
            36.324674650523825
          ],
          [
            127.20600706434597,
            36.324674650523825
          ],
          [
            127.20624296087774,
            36.324559504606796
          ]
        ]
      }
    },
    {
      "type": "Feature",
      "properties": {
        "proposal_id": "ink-line-378",
        "tile_id": "177-nonsan-mountain",
        "sheet_id": "177-nonsan",
        "split": "development",
        "proposal_kind": "visible_linework_review_only",
        "backend": "archaeotrace_ink_v2_centerline",
        "upstream_commit": "7960acddb4e82855e2088fdfdd2244799b63775c",
        "pixel_length": 24.243,
        "point_count": 4,
        "confidence": 1.0,
        "review_status": "unreviewed"
      },
      "geometry": {
        "type": "LineString",
        "coordinates": [
          [
            127.20544091266969,
            36.30417867729315
          ],
          [
            127.20548809197604,
            36.303794857569734
          ],
          [
            127.2055352712824,
            36.30375647559739
          ],
          [
            127.20548809197604,
            36.30329589192929
          ]
        ]
      }
    },
    {
      "type": "Feature",
      "properties": {
        "proposal_id": "ink-line-379",
        "tile_id": "177-nonsan-mountain",
        "sheet_id": "177-nonsan",
        "split": "development",
        "proposal_kind": "visible_linework_review_only",
        "backend": "archaeotrace_ink_v2_centerline",
        "upstream_commit": "7960acddb4e82855e2088fdfdd2244799b63775c",
        "pixel_length": 35.071,
        "point_count": 6,
        "confidence": 1.0,
        "review_status": "unreviewed"
      },
      "geometry": {
        "type": "LineString",
        "coordinates": [
          [
            127.20548809197604,
            36.30506146265702
          ],
          [
            127.20558245058875,
            36.30517660857405
          ],
          [
            127.20558245058875,
            36.30563719224215
          ],
          [
            127.20562962989511,
            36.3056755742145
          ],
          [
            127.20562962989511,
            36.30617453985494
          ],
          [
            127.2055352712824,
            36.30632806774431
          ]
        ]
      }
    },
    {
      "type": "Feature",
      "properties": {
        "proposal_id": "ink-line-380",
        "tile_id": "177-nonsan-mountain",
        "sheet_id": "177-nonsan",
        "split": "development",
        "proposal_kind": "visible_linework_review_only",
        "backend": "archaeotrace_ink_v2_centerline",
        "upstream_commit": "7960acddb4e82855e2088fdfdd2244799b63775c",
        "pixel_length": 20.899,
        "point_count": 6,
        "confidence": 1.0,
        "review_status": "unreviewed"
      },
      "geometry": {
        "type": "LineString",
        "coordinates": [
          [
            127.20577116781418,
            36.312929766987146
          ],
          [
            127.20586552642689,
            36.31300653093183
          ],
          [
            127.2059598850396,
            36.31331358671057
          ],
          [
            127.20591270573325,
            36.31335196868291
          ],
          [
            127.20591270573325,
            36.313505496572276
          ],
          [
            127.20581834712054,
            36.313620642489305
          ]
        ]
      }
    },
    {
      "type": "Feature",
      "properties": {
        "proposal_id": "ink-line-381",
        "tile_id": "177-nonsan-mountain",
        "sheet_id": "177-nonsan",
        "split": "development",
        "proposal_kind": "visible_linework_review_only",
        "backend": "archaeotrace_ink_v2_centerline",
        "upstream_commit": "7960acddb4e82855e2088fdfdd2244799b63775c",
        "pixel_length": 23.899,
        "point_count": 4,
        "confidence": 1.0,
        "review_status": "unreviewed"
      },
      "geometry": {
        "type": "LineString",
        "coordinates": [
          [
            127.20586552642689,
            36.3201839597598
          ],
          [
            127.20605424365232,
            36.319723376091694
          ],
          [
            127.20605424365232,
            36.31956984820233
          ],
          [
            127.20591270573325,
            36.319377938340615
          ]
        ]
      }
    },
    {
      "type": "Feature",
      "properties": {
        "proposal_id": "ink-line-382",
        "tile_id": "177-nonsan-mountain",
        "sheet_id": "177-nonsan",
        "split": "development",
        "proposal_kind": "visible_linework_review_only",
        "backend": "archaeotrace_ink_v2_centerline",
        "upstream_commit": "7960acddb4e82855e2088fdfdd2244799b63775c",
        "pixel_length": 28.728,
        "point_count": 4,
        "confidence": 1.0,
        "review_status": "unreviewed"
      },
      "geometry": {
        "type": "LineString",
        "coordinates": [
          [
            127.20600706434597,
            36.31028141089554
          ],
          [
            127.20633731949046,
            36.30993597314447
          ],
          [
            127.20638449879681,
            36.309782445255095
          ],
          [
            127.20633731949046,
            36.309321861586994
          ]
        ]
      }
    },
    {
      "type": "Feature",
      "properties": {
        "proposal_id": "ink-line-383",
        "tile_id": "177-nonsan-mountain",
        "sheet_id": "177-nonsan",
        "split": "development",
        "proposal_kind": "visible_linework_review_only",
        "backend": "archaeotrace_ink_v2_centerline",
        "upstream_commit": "7960acddb4e82855e2088fdfdd2244799b63775c",
        "pixel_length": 21.971,
        "point_count": 3,
        "confidence": 1.0,
        "review_status": "unreviewed"
      },
      "geometry": {
        "type": "LineString",
        "coordinates": [
          [
            127.20605424365232,
            36.322985843740774
          ],
          [
            127.2062901401841,
            36.32279393387906
          ],
          [
            127.20685629186038,
            36.322525260072666
          ]
        ]
      }
    },
    {
      "type": "Feature",
      "properties": {
        "proposal_id": "ink-line-384",
        "tile_id": "177-nonsan-mountain",
        "sheet_id": "177-nonsan",
        "split": "development",
        "proposal_kind": "visible_linework_review_only",
        "backend": "archaeotrace_ink_v2_centerline",
        "upstream_commit": "7960acddb4e82855e2088fdfdd2244799b63775c",
        "pixel_length": 37.556,
        "point_count": 6,
        "confidence": 1.0,
        "review_status": "unreviewed"
      },
      "geometry": {
        "type": "LineString",
        "coordinates": [
          [
            127.20619578157138,
            36.31907088256188
          ],
          [
            127.20638449879681,
            36.319147646506565
          ],
          [
            127.20652603671589,
            36.31933955636828
          ],
          [
            127.20652603671589,
            36.31976175806404
          ],
          [
            127.20638449879681,
            36.32010719581512
          ],
          [
            127.20624296087774,
            36.320260723704486
          ]
        ]
      }
    },
    {
      "type": "Feature",
      "properties": {
        "proposal_id": "ink-line-385",
        "tile_id": "177-nonsan-mountain",
        "sheet_id": "177-nonsan",
        "split": "development",
        "proposal_kind": "visible_linework_review_only",
        "backend": "archaeotrace_ink_v2_centerline",
        "upstream_commit": "7960acddb4e82855e2088fdfdd2244799b63775c",
        "pixel_length": 37.728,
        "point_count": 9,
        "confidence": 1.0,
        "review_status": "unreviewed"
      },
      "geometry": {
        "type": "LineString",
        "coordinates": [
          [
            127.2062901401841,
            36.2891713261074
          ],
          [
            127.2062901401841,
            36.28947838188614
          ],
          [
            127.20633731949046,
            36.289555145830825
          ],
          [
            127.2062901401841,
            36.28959352780316
          ],
          [
            127.2062901401841,
            36.28986220160956
          ],
          [
            127.20619578157138,
            36.290015729498926
          ],
          [
            127.20633731949046,
            36.290130875415954
          ],
          [
            127.2067147539413,
            36.29009249344361
          ],
          [
            127.20676193324766,
            36.29005411147127
          ]
        ]
      }
    },
    {
      "type": "Feature",
      "properties": {
        "proposal_id": "ink-line-386",
        "tile_id": "177-nonsan-mountain",
        "sheet_id": "177-nonsan",
        "split": "development",
        "proposal_kind": "visible_linework_review_only",
        "backend": "archaeotrace_ink_v2_centerline",
        "upstream_commit": "7960acddb4e82855e2088fdfdd2244799b63775c",
        "pixel_length": 21.243,
        "point_count": 3,
        "confidence": 1.0,
        "review_status": "unreviewed"
      },
      "geometry": {
        "type": "LineString",
        "coordinates": [
          [
            127.20633731949046,
            36.3039483854591
          ],
          [
            127.20643167810317,
            36.30364132968037
          ],
          [
            127.20638449879681,
            36.30318074601226
          ]
        ]
      }
    },
    {
      "type": "Feature",
      "properties": {
        "proposal_id": "ink-line-387",
        "tile_id": "177-nonsan-mountain",
        "sheet_id": "177-nonsan",
        "split": "development",
        "proposal_kind": "visible_linework_review_only",
        "backend": "archaeotrace_ink_v2_centerline",
        "upstream_commit": "7960acddb4e82855e2088fdfdd2244799b63775c",
        "pixel_length": 20.071,
        "point_count": 3,
        "confidence": 1.0,
        "review_status": "unreviewed"
      },
      "geometry": {
        "type": "LineString",
        "coordinates": [
          [
            127.20652603671589,
            36.296770956631136
          ],
          [
            127.20676193324766,
            36.296425518880056
          ],
          [
            127.20676193324766,
            36.29608008112898
          ]
        ]
      }
    },
    {
      "type": "Feature",
      "properties": {
        "proposal_id": "ink-line-388",
        "tile_id": "177-nonsan-mountain",
        "sheet_id": "177-nonsan",
        "split": "development",
        "proposal_kind": "visible_linework_review_only",
        "backend": "archaeotrace_ink_v2_centerline",
        "upstream_commit": "7960acddb4e82855e2088fdfdd2244799b63775c",
        "pixel_length": 24.314,
        "point_count": 4,
        "confidence": 1.0,
        "review_status": "unreviewed"
      },
      "geometry": {
        "type": "LineString",
        "coordinates": [
          [
            127.20652603671589,
            36.290668223028746
          ],
          [
            127.2066203953286,
            36.290668223028746
          ],
          [
            127.20699782977944,
            36.290476313167034
          ],
          [
            127.20751680214936,
            36.290361167250005
          ]
        ]
      }
    },
    {
      "type": "Feature",
      "properties": {
        "proposal_id": "ink-line-389",
        "tile_id": "177-nonsan-mountain",
        "sheet_id": "177-nonsan",
        "split": "development",
        "proposal_kind": "visible_linework_review_only",
        "backend": "archaeotrace_ink_v2_centerline",
        "upstream_commit": "7960acddb4e82855e2088fdfdd2244799b63775c",
        "pixel_length": 24.971,
        "point_count": 5,
        "confidence": 1.0,
        "review_status": "unreviewed"
      },
      "geometry": {
        "type": "LineString",
        "coordinates": [
          [
            127.2066203953286,
            36.31166316189986
          ],
          [
            127.20633731949046,
            36.31189345373391
          ],
          [
            127.20633731949046,
            36.312123745567966
          ],
          [
            127.20652603671589,
            36.31227727345733
          ],
          [
            127.2067147539413,
            36.31235403740202
          ]
        ]
      }
    },
    {
      "type": "Feature",
      "properties": {
        "proposal_id": "ink-line-390",
        "tile_id": "177-nonsan-mountain",
        "sheet_id": "177-nonsan",
        "split": "development",
        "proposal_kind": "visible_linework_review_only",
        "backend": "archaeotrace_ink_v2_centerline",
        "upstream_commit": "7960acddb4e82855e2088fdfdd2244799b63775c",
        "pixel_length": 26.728,
        "point_count": 6,
        "confidence": 1.0,
        "review_status": "unreviewed"
      },
      "geometry": {
        "type": "LineString",
        "coordinates": [
          [
            127.2066203953286,
            36.293278197148005
          ],
          [
            127.20666757463495,
            36.293508488982056
          ],
          [
            127.20657321602224,
            36.293623634899085
          ],
          [
            127.20652603671589,
            36.293853926733135
          ],
          [
            127.2067147539413,
            36.29404583659485
          ],
          [
            127.20685629186038,
            36.294084218567185
          ]
        ]
      }
    },
    {
      "type": "Feature",
      "properties": {
        "proposal_id": "ink-line-391",
        "tile_id": "177-nonsan-mountain",
        "sheet_id": "177-nonsan",
        "split": "development",
        "proposal_kind": "visible_linework_review_only",
        "backend": "archaeotrace_ink_v2_centerline",
        "upstream_commit": "7960acddb4e82855e2088fdfdd2244799b63775c",
        "pixel_length": 21.243,
        "point_count": 3,
        "confidence": 1.0,
        "review_status": "unreviewed"
      },
      "geometry": {
        "type": "LineString",
        "coordinates": [
          [
            127.2067147539413,
            36.3189941186172
          ],
          [
            127.20680911255401,
            36.319147646506565
          ],
          [
            127.20676193324766,
            36.31976175806404
          ]
        ]
      }
    },
    {
      "type": "Feature",
      "properties": {
        "proposal_id": "ink-line-392",
        "tile_id": "177-nonsan-mountain",
        "sheet_id": "177-nonsan",
        "split": "development",
        "proposal_kind": "visible_linework_review_only",
        "backend": "archaeotrace_ink_v2_centerline",
        "upstream_commit": "7960acddb4e82855e2088fdfdd2244799b63775c",
        "pixel_length": 25.243,
        "point_count": 3,
        "confidence": 1.0,
        "review_status": "unreviewed"
      },
      "geometry": {
        "type": "LineString",
        "coordinates": [
          [
            127.20676193324766,
            36.30414029532081
          ],
          [
            127.20685629186038,
            36.30383323954207
          ],
          [
            127.20680911255401,
            36.303219127984605
          ]
        ]
      }
    },
    {
      "type": "Feature",
      "properties": {
        "proposal_id": "ink-line-393",
        "tile_id": "177-nonsan-mountain",
        "sheet_id": "177-nonsan",
        "split": "development",
        "proposal_kind": "visible_linework_review_only",
        "backend": "archaeotrace_ink_v2_centerline",
        "upstream_commit": "7960acddb4e82855e2088fdfdd2244799b63775c",
        "pixel_length": 46.899,
        "point_count": 7,
        "confidence": 1.0,
        "review_status": "unreviewed"
      },
      "geometry": {
        "type": "LineString",
        "coordinates": [
          [
            127.20680911255401,
            36.306366449716656
          ],
          [
            127.20680911255401,
            36.306711887467735
          ],
          [
            127.2067147539413,
            36.3068654153571
          ],
          [
            127.2067147539413,
            36.30709570719115
          ],
          [
            127.20690347116673,
            36.30755629085926
          ],
          [
            127.20690347116673,
            36.30794011058268
          ],
          [
            127.20685629186038,
            36.308055256499706
          ]
        ]
      }
    },
    {
      "type": "Feature",
      "properties": {
        "proposal_id": "ink-line-394",
        "tile_id": "177-nonsan-mountain",
        "sheet_id": "177-nonsan",
        "split": "development",
        "proposal_kind": "visible_linework_review_only",
        "backend": "archaeotrace_ink_v2_centerline",
        "upstream_commit": "7960acddb4e82855e2088fdfdd2244799b63775c",
        "pixel_length": 21.414,
        "point_count": 3,
        "confidence": 1.0,
        "review_status": "unreviewed"
      },
      "geometry": {
        "type": "LineString",
        "coordinates": [
          [
            127.20685629186038,
            36.30579072013152
          ],
          [
            127.20685629186038,
            36.30502308068468
          ],
          [
            127.20690347116673,
            36.30498469871234
          ]
        ]
      }
    },
    {
      "type": "Feature",
      "properties": {
        "proposal_id": "ink-line-395",
        "tile_id": "177-nonsan-mountain",
        "sheet_id": "177-nonsan",
        "split": "development",
        "proposal_kind": "visible_linework_review_only",
        "backend": "archaeotrace_ink_v2_centerline",
        "upstream_commit": "7960acddb4e82855e2088fdfdd2244799b63775c",
        "pixel_length": 28.071,
        "point_count": 4,
        "confidence": 1.0,
        "review_status": "unreviewed"
      },
      "geometry": {
        "type": "LineString",
        "coordinates": [
          [
            127.20690347116673,
            36.315194303355334
          ],
          [
            127.2070450090858,
            36.314964011521276
          ],
          [
            127.2070450090858,
            36.314503427853175
          ],
          [
            127.20695065047309,
            36.314196372074434
          ]
        ]
      }
    },
    {
      "type": "Feature",
      "properties": {
        "proposal_id": "ink-line-396",
        "tile_id": "177-nonsan-mountain",
        "sheet_id": "177-nonsan",
        "split": "development",
        "proposal_kind": "visible_linework_review_only",
        "backend": "archaeotrace_ink_v2_centerline",
        "upstream_commit": "7960acddb4e82855e2088fdfdd2244799b63775c",
        "pixel_length": 18.243,
        "point_count": 4,
        "confidence": 1.0,
        "review_status": "unreviewed"
      },
      "geometry": {
        "type": "LineString",
        "coordinates": [
          [
            127.20713936769852,
            36.30997435511681
          ],
          [
            127.20723372631123,
            36.30974406328276
          ],
          [
            127.20723372631123,
            36.30939862553168
          ],
          [
            127.20718654700487,
            36.309321861586994
          ]
        ]
      }
    },
    {
      "type": "Feature",
      "properties": {
        "proposal_id": "ink-line-397",
        "tile_id": "177-nonsan-mountain",
        "sheet_id": "177-nonsan",
        "split": "development",
        "proposal_kind": "visible_linework_review_only",
        "backend": "archaeotrace_ink_v2_centerline",
        "upstream_commit": "7960acddb4e82855e2088fdfdd2244799b63775c",
        "pixel_length": 70.556,
        "point_count": 6,
        "confidence": 1.0,
        "review_status": "unreviewed"
      },
      "geometry": {
        "type": "LineString",
        "coordinates": [
          [
            127.20718654700487,
            36.30452411504423
          ],
          [
            127.2073752642303,
            36.30398676743145
          ],
          [
            127.20728090561758,
            36.30325750995694
          ],
          [
            127.2073752642303,
            36.30306560009523
          ],
          [
            127.20732808492393,
            36.30214443275902
          ],
          [
            127.20742244353664,
            36.301990904869655
          ]
        ]
      }
    },
    {
      "type": "Feature",
      "properties": {
        "proposal_id": "ink-line-398",
        "tile_id": "177-nonsan-mountain",
        "sheet_id": "177-nonsan",
        "split": "development",
        "proposal_kind": "visible_linework_review_only",
        "backend": "archaeotrace_ink_v2_centerline",
        "upstream_commit": "7960acddb4e82855e2088fdfdd2244799b63775c",
        "pixel_length": 25.971,
        "point_count": 3,
        "confidence": 1.0,
        "review_status": "unreviewed"
      },
      "geometry": {
        "type": "LineString",
        "coordinates": [
          [
            127.20723372631123,
            36.323791865159954
          ],
          [
            127.20761116076207,
            36.32371510121527
          ],
          [
            127.2082244917447,
            36.32333128149185
          ]
        ]
      }
    },
    {
      "type": "Feature",
      "properties": {
        "proposal_id": "ink-line-399",
        "tile_id": "177-nonsan-mountain",
        "sheet_id": "177-nonsan",
        "split": "development",
        "proposal_kind": "visible_linework_review_only",
        "backend": "archaeotrace_ink_v2_centerline",
        "upstream_commit": "7960acddb4e82855e2088fdfdd2244799b63775c",
        "pixel_length": 22.657,
        "point_count": 3,
        "confidence": 1.0,
        "review_status": "unreviewed"
      },
      "geometry": {
        "type": "LineString",
        "coordinates": [
          [
            127.20723372631123,
            36.29980313244616
          ],
          [
            127.20723372631123,
            36.30014857019724
          ],
          [
            127.20742244353664,
            36.30060915386534
          ]
        ]
      }
    },
    {
      "type": "Feature",
      "properties": {
        "proposal_id": "ink-line-400",
        "tile_id": "177-nonsan-mountain",
        "sheet_id": "177-nonsan",
        "split": "development",
        "proposal_kind": "visible_linework_review_only",
        "backend": "archaeotrace_ink_v2_centerline",
        "upstream_commit": "7960acddb4e82855e2088fdfdd2244799b63775c",
        "pixel_length": 19.657,
        "point_count": 4,
        "confidence": 1.0,
        "review_status": "unreviewed"
      },
      "geometry": {
        "type": "LineString",
        "coordinates": [
          [
            127.20723372631123,
            36.29726992227158
          ],
          [
            127.2073752642303,
            36.29746183213329
          ],
          [
            127.2073752642303,
            36.29784565185671
          ],
          [
            127.20732808492393,
            36.29796079777374
          ]
        ]
      }
    },
    {
      "type": "Feature",
      "properties": {
        "proposal_id": "ink-line-401",
        "tile_id": "177-nonsan-mountain",
        "sheet_id": "177-nonsan",
        "split": "development",
        "proposal_kind": "visible_linework_review_only",
        "backend": "archaeotrace_ink_v2_centerline",
        "upstream_commit": "7960acddb4e82855e2088fdfdd2244799b63775c",
        "pixel_length": 23.071,
        "point_count": 3,
        "confidence": 1.0,
        "review_status": "unreviewed"
      },
      "geometry": {
        "type": "LineString",
        "coordinates": [
          [
            127.207469622843,
            36.3204526335662
          ],
          [
            127.20765834006843,
            36.32010719581512
          ],
          [
            127.20770551937478,
            36.31964661214701
          ]
        ]
      }
    },
    {
      "type": "Feature",
      "properties": {
        "proposal_id": "ink-line-402",
        "tile_id": "177-nonsan-mountain",
        "sheet_id": "177-nonsan",
        "split": "development",
        "proposal_kind": "visible_linework_review_only",
        "backend": "archaeotrace_ink_v2_centerline",
        "upstream_commit": "7960acddb4e82855e2088fdfdd2244799b63775c",
        "pixel_length": 34.485,
        "point_count": 3,
        "confidence": 1.0,
        "review_status": "unreviewed"
      },
      "geometry": {
        "type": "LineString",
        "coordinates": [
          [
            127.20756398145572,
            36.30463926096126
          ],
          [
            127.2077998779875,
            36.30414029532081
          ],
          [
            127.20784705729386,
            36.30341103784631
          ]
        ]
      }
    },
    {
      "type": "Feature",
      "properties": {
        "proposal_id": "ink-line-403",
        "tile_id": "177-nonsan-mountain",
        "sheet_id": "177-nonsan",
        "split": "development",
        "proposal_kind": "visible_linework_review_only",
        "backend": "archaeotrace_ink_v2_centerline",
        "upstream_commit": "7960acddb4e82855e2088fdfdd2244799b63775c",
        "pixel_length": 28.314,
        "point_count": 5,
        "confidence": 1.0,
        "review_status": "unreviewed"
      },
      "geometry": {
        "type": "LineString",
        "coordinates": [
          [
            127.20765834006843,
            36.30893804186357
          ],
          [
            127.20784705729386,
            36.3090531877806
          ],
          [
            127.20794141590656,
            36.30936024355933
          ],
          [
            127.20789423660021,
            36.30970568131041
          ],
          [
            127.2077998779875,
            36.30985920919978
          ]
        ]
      }
    },
    {
      "type": "Feature",
      "properties": {
        "proposal_id": "ink-line-404",
        "tile_id": "177-nonsan-mountain",
        "sheet_id": "177-nonsan",
        "split": "development",
        "proposal_kind": "visible_linework_review_only",
        "backend": "archaeotrace_ink_v2_centerline",
        "upstream_commit": "7960acddb4e82855e2088fdfdd2244799b63775c",
        "pixel_length": 30.071,
        "point_count": 5,
        "confidence": 1.0,
        "review_status": "unreviewed"
      },
      "geometry": {
        "type": "LineString",
        "coordinates": [
          [
            127.20770551937478,
            36.30678865141242
          ],
          [
            127.20765834006843,
            36.30682703338476
          ],
          [
            127.20765834006843,
            36.3071340891635
          ],
          [
            127.2077998779875,
            36.307517908886915
          ],
          [
            127.20775269868115,
            36.307863346637994
          ]
        ]
      }
    },
    {
      "type": "Feature",
      "properties": {
        "proposal_id": "ink-line-405",
        "tile_id": "177-nonsan-mountain",
        "sheet_id": "177-nonsan",
        "split": "development",
        "proposal_kind": "visible_linework_review_only",
        "backend": "archaeotrace_ink_v2_centerline",
        "upstream_commit": "7960acddb4e82855e2088fdfdd2244799b63775c",
        "pixel_length": 19.485,
        "point_count": 3,
        "confidence": 1.0,
        "review_status": "unreviewed"
      },
      "geometry": {
        "type": "LineString",
        "coordinates": [
          [
            127.2077998779875,
            36.29485185801403
          ],
          [
            127.20794141590656,
            36.29454480223529
          ],
          [
            127.2077998779875,
            36.294199364484214
          ]
        ]
      }
    },
    {
      "type": "Feature",
      "properties": {
        "proposal_id": "ink-line-406",
        "tile_id": "177-nonsan-mountain",
        "sheet_id": "177-nonsan",
        "split": "development",
        "proposal_kind": "visible_linework_review_only",
        "backend": "archaeotrace_ink_v2_centerline",
        "upstream_commit": "7960acddb4e82855e2088fdfdd2244799b63775c",
        "pixel_length": 20.899,
        "point_count": 5,
        "confidence": 1.0,
        "review_status": "unreviewed"
      },
      "geometry": {
        "type": "LineString",
        "coordinates": [
          [
            127.20794141590656,
            36.290898514862796
          ],
          [
            127.20803577451927,
            36.29082175091811
          ],
          [
            127.2082244917447,
            36.29043793119469
          ],
          [
            127.20817731243835,
            36.29039954922235
          ],
          [
            127.20817731243835,
            36.29020763936064
          ]
        ]
      }
    },
    {
      "type": "Feature",
      "properties": {
        "proposal_id": "ink-line-407",
        "tile_id": "177-nonsan-mountain",
        "sheet_id": "177-nonsan",
        "split": "development",
        "proposal_kind": "visible_linework_review_only",
        "backend": "archaeotrace_ink_v2_centerline",
        "upstream_commit": "7960acddb4e82855e2088fdfdd2244799b63775c",
        "pixel_length": 25.657,
        "point_count": 6,
        "confidence": 1.0,
        "review_status": "unreviewed"
      },
      "geometry": {
        "type": "LineString",
        "coordinates": [
          [
            127.20813013313199,
            36.3068654153571
          ],
          [
            127.20813013313199,
            36.30705732521881
          ],
          [
            127.2082244917447,
            36.30721085310818
          ],
          [
            127.2082244917447,
            36.307517908886915
          ],
          [
            127.20827167105107,
            36.30755629085926
          ],
          [
            127.2082244917447,
            36.30778658269331
          ]
        ]
      }
    },
    {
      "type": "Feature",
      "properties": {
        "proposal_id": "ink-line-408",
        "tile_id": "177-nonsan-mountain",
        "sheet_id": "177-nonsan",
        "split": "development",
        "proposal_kind": "visible_linework_review_only",
        "backend": "archaeotrace_ink_v2_centerline",
        "upstream_commit": "7960acddb4e82855e2088fdfdd2244799b63775c",
        "pixel_length": 19.071,
        "point_count": 4,
        "confidence": 1.0,
        "review_status": "unreviewed"
      },
      "geometry": {
        "type": "LineString",
        "coordinates": [
          [
            127.20813013313199,
            36.29189644614369
          ],
          [
            127.20827167105107,
            36.2920883560054
          ],
          [
            127.20827167105107,
            36.292395411784135
          ],
          [
            127.20817731243835,
            36.2925489396735
          ]
        ]
      }
    },
    {
      "type": "Feature",
      "properties": {
        "proposal_id": "ink-line-409",
        "tile_id": "177-nonsan-mountain",
        "sheet_id": "177-nonsan",
        "split": "development",
        "proposal_kind": "visible_linework_review_only",
        "backend": "archaeotrace_ink_v2_centerline",
        "upstream_commit": "7960acddb4e82855e2088fdfdd2244799b63775c",
        "pixel_length": 21.657,
        "point_count": 3,
        "confidence": 1.0,
        "review_status": "unreviewed"
      },
      "geometry": {
        "type": "LineString",
        "coordinates": [
          [
            127.20817731243835,
            36.31001273708915
          ],
          [
            127.20831885035741,
            36.30962891736573
          ],
          [
            127.20827167105107,
            36.30924509764231
          ]
        ]
      }
    },
    {
      "type": "Feature",
      "properties": {
        "proposal_id": "ink-line-410",
        "tile_id": "177-nonsan-mountain",
        "sheet_id": "177-nonsan",
        "split": "development",
        "proposal_kind": "visible_linework_review_only",
        "backend": "archaeotrace_ink_v2_centerline",
        "upstream_commit": "7960acddb4e82855e2088fdfdd2244799b63775c",
        "pixel_length": 22.243,
        "point_count": 6,
        "confidence": 1.0,
        "review_status": "unreviewed"
      },
      "geometry": {
        "type": "LineString",
        "coordinates": [
          [
            127.20817731243835,
            36.306596741550706
          ],
          [
            127.2082244917447,
            36.30655835957836
          ],
          [
            127.2082244917447,
            36.306289685771965
          ],
          [
            127.20827167105107,
            36.30625130379963
          ],
          [
            127.2082244917447,
            36.30621292182728
          ],
          [
            127.2082244917447,
            36.30579072013152
          ]
        ]
      }
    },
    {
      "type": "Feature",
      "properties": {
        "proposal_id": "ink-line-411",
        "tile_id": "177-nonsan-mountain",
        "sheet_id": "177-nonsan",
        "split": "development",
        "proposal_kind": "visible_linework_review_only",
        "backend": "archaeotrace_ink_v2_centerline",
        "upstream_commit": "7960acddb4e82855e2088fdfdd2244799b63775c",
        "pixel_length": 26.213,
        "point_count": 5,
        "confidence": 1.0,
        "review_status": "unreviewed"
      },
      "geometry": {
        "type": "LineString",
        "coordinates": [
          [
            127.20831885035741,
            36.300071806252554
          ],
          [
            127.20846038827649,
            36.29991827836319
          ],
          [
            127.20869628480827,
            36.29980313244616
          ],
          [
            127.20902653995276,
            36.29953445863976
          ],
          [
            127.20912089856547,
            36.299380930750395
          ]
        ]
      }
    },
    {
      "type": "Feature",
      "properties": {
        "proposal_id": "ink-line-412",
        "tile_id": "177-nonsan-mountain",
        "sheet_id": "177-nonsan",
        "split": "development",
        "proposal_kind": "visible_linework_review_only",
        "backend": "archaeotrace_ink_v2_centerline",
        "upstream_commit": "7960acddb4e82855e2088fdfdd2244799b63775c",
        "pixel_length": 28.314,
        "point_count": 7,
        "confidence": 1.0,
        "review_status": "unreviewed"
      },
      "geometry": {
        "type": "LineString",
        "coordinates": [
          [
            127.20831885035741,
            36.29945769469508
          ],
          [
            127.20841320897013,
            36.29945769469508
          ],
          [
            127.20850756758284,
            36.299380930750395
          ],
          [
            127.20855474688919,
            36.299073874971654
          ],
          [
            127.20860192619556,
            36.299035492999316
          ],
          [
            127.20860192619556,
            36.298805201165266
          ],
          [
            127.20841320897013,
            36.29857490933121
          ]
        ]
      }
    },
    {
      "type": "Feature",
      "properties": {
        "proposal_id": "ink-line-413",
        "tile_id": "177-nonsan-mountain",
        "sheet_id": "177-nonsan",
        "split": "development",
        "proposal_kind": "visible_linework_review_only",
        "backend": "archaeotrace_ink_v2_centerline",
        "upstream_commit": "7960acddb4e82855e2088fdfdd2244799b63775c",
        "pixel_length": 19.071,
        "point_count": 3,
        "confidence": 1.0,
        "review_status": "unreviewed"
      },
      "geometry": {
        "type": "LineString",
        "coordinates": [
          [
            127.20831885035741,
            36.28667649790517
          ],
          [
            127.20841320897013,
            36.28648458804346
          ],
          [
            127.20897936064641,
            36.28659973396048
          ]
        ]
      }
    },
    {
      "type": "Feature",
      "properties": {
        "proposal_id": "ink-line-414",
        "tile_id": "177-nonsan-mountain",
        "sheet_id": "177-nonsan",
        "split": "development",
        "proposal_kind": "visible_linework_review_only",
        "backend": "archaeotrace_ink_v2_centerline",
        "upstream_commit": "7960acddb4e82855e2088fdfdd2244799b63775c",
        "pixel_length": 18.071,
        "point_count": 3,
        "confidence": 1.0,
        "review_status": "unreviewed"
      },
      "geometry": {
        "type": "LineString",
        "coordinates": [
          [
            127.20836602966378,
            36.31446504588083
          ],
          [
            127.2086491055019,
            36.31454180982551
          ],
          [
            127.20912089856547,
            36.31442666390849
          ]
        ]
      }
    },
    {
      "type": "Feature",
      "properties": {
        "proposal_id": "ink-line-415",
        "tile_id": "177-nonsan-mountain",
        "sheet_id": "177-nonsan",
        "split": "development",
        "proposal_kind": "visible_linework_review_only",
        "backend": "archaeotrace_ink_v2_centerline",
        "upstream_commit": "7960acddb4e82855e2088fdfdd2244799b63775c",
        "pixel_length": 20.414,
        "point_count": 3,
        "confidence": 1.0,
        "review_status": "unreviewed"
      },
      "geometry": {
        "type": "LineString",
        "coordinates": [
          [
            127.20855474688919,
            36.30483117082297
          ],
          [
            127.20860192619556,
            36.3046776429336
          ],
          [
            127.20860192619556,
            36.30406353137613
          ]
        ]
      }
    },
    {
      "type": "Feature",
      "properties": {
        "proposal_id": "ink-line-416",
        "tile_id": "177-nonsan-mountain",
        "sheet_id": "177-nonsan",
        "split": "development",
        "proposal_kind": "visible_linework_review_only",
        "backend": "archaeotrace_ink_v2_centerline",
        "upstream_commit": "7960acddb4e82855e2088fdfdd2244799b63775c",
        "pixel_length": 42.899,
        "point_count": 6,
        "confidence": 1.0,
        "review_status": "unreviewed"
      },
      "geometry": {
        "type": "LineString",
        "coordinates": [
          [
            127.2086491055019,
            36.30893804186357
          ],
          [
            127.20879064342098,
            36.30928347961465
          ],
          [
            127.20879064342098,
            36.309782445255095
          ],
          [
            127.20869628480827,
            36.31001273708915
          ],
          [
            127.20869628480827,
            36.31035817484023
          ],
          [
            127.20879064342098,
            36.310473320757254
          ]
        ]
      }
    },
    {
      "type": "Feature",
      "properties": {
        "proposal_id": "ink-line-417",
        "tile_id": "177-nonsan-mountain",
        "sheet_id": "177-nonsan",
        "split": "development",
        "proposal_kind": "visible_linework_review_only",
        "backend": "archaeotrace_ink_v2_centerline",
        "upstream_commit": "7960acddb4e82855e2088fdfdd2244799b63775c",
        "pixel_length": 43.243,
        "point_count": 5,
        "confidence": 1.0,
        "review_status": "unreviewed"
      },
      "geometry": {
        "type": "LineString",
        "coordinates": [
          [
            127.20869628480827,
            36.30617453985494
          ],
          [
            127.2086491055019,
            36.306635123523044
          ],
          [
            127.20869628480827,
            36.30667350549539
          ],
          [
            127.20869628480827,
            36.307748200720965
          ],
          [
            127.20874346411462,
            36.30778658269331
          ]
        ]
      }
    },
    {
      "type": "Feature",
      "properties": {
        "proposal_id": "ink-line-418",
        "tile_id": "177-nonsan-mountain",
        "sheet_id": "177-nonsan",
        "split": "development",
        "proposal_kind": "visible_linework_review_only",
        "backend": "archaeotrace_ink_v2_centerline",
        "upstream_commit": "7960acddb4e82855e2088fdfdd2244799b63775c",
        "pixel_length": 20.828,
        "point_count": 4,
        "confidence": 1.0,
        "review_status": "unreviewed"
      },
      "geometry": {
        "type": "LineString",
        "coordinates": [
          [
            127.20869628480827,
            36.294736712097006
          ],
          [
            127.20869628480827,
            36.294429656318265
          ],
          [
            127.20874346411462,
            36.29439127434593
          ],
          [
            127.20869628480827,
            36.293969072650164
          ]
        ]
      }
    },
    {
      "type": "Feature",
      "properties": {
        "proposal_id": "ink-line-419",
        "tile_id": "177-nonsan-mountain",
        "sheet_id": "177-nonsan",
        "split": "development",
        "proposal_kind": "visible_linework_review_only",
        "backend": "archaeotrace_ink_v2_centerline",
        "upstream_commit": "7960acddb4e82855e2088fdfdd2244799b63775c",
        "pixel_length": 22.414,
        "point_count": 2,
        "confidence": 1.0,
        "review_status": "unreviewed"
      },
      "geometry": {
        "type": "LineString",
        "coordinates": [
          [
            127.20869628480827,
            36.28621591423706
          ],
          [
            127.2097342295481,
            36.28625429620941
          ]
        ]
      }
    },
    {
      "type": "Feature",
      "properties": {
        "proposal_id": "ink-line-420",
        "tile_id": "177-nonsan-mountain",
        "sheet_id": "177-nonsan",
        "split": "development",
        "proposal_kind": "visible_linework_review_only",
        "backend": "archaeotrace_ink_v2_centerline",
        "upstream_commit": "7960acddb4e82855e2088fdfdd2244799b63775c",
        "pixel_length": 28.243,
        "point_count": 5,
        "confidence": 1.0,
        "review_status": "unreviewed"
      },
      "geometry": {
        "type": "LineString",
        "coordinates": [
          [
            127.20879064342098,
            36.31649929041496
          ],
          [
            127.20883782272733,
            36.31646090844262
          ],
          [
            127.20968705024175,
            36.31646090844262
          ],
          [
            127.20987576746717,
            36.31638414449794
          ],
          [
            127.2100644846926,
            36.31638414449794
          ]
        ]
      }
    },
    {
      "type": "Feature",
      "properties": {
        "proposal_id": "ink-line-421",
        "tile_id": "177-nonsan-mountain",
        "sheet_id": "177-nonsan",
        "split": "development",
        "proposal_kind": "visible_linework_review_only",
        "backend": "archaeotrace_ink_v2_centerline",
        "upstream_commit": "7960acddb4e82855e2088fdfdd2244799b63775c",
        "pixel_length": 27.899,
        "point_count": 6,
        "confidence": 1.0,
        "review_status": "unreviewed"
      },
      "geometry": {
        "type": "LineString",
        "coordinates": [
          [
            127.20879064342098,
            36.29300952334161
          ],
          [
            127.20893218134005,
            36.29289437742458
          ],
          [
            127.20902653995276,
            36.29266408559053
          ],
          [
            127.20902653995276,
            36.29243379375648
          ],
          [
            127.20907371925912,
            36.292395411784135
          ],
          [
            127.20902653995276,
            36.292049974033056
          ]
        ]
      }
    },
    {
      "type": "Feature",
      "properties": {
        "proposal_id": "ink-line-422",
        "tile_id": "177-nonsan-mountain",
        "sheet_id": "177-nonsan",
        "split": "development",
        "proposal_kind": "visible_linework_review_only",
        "backend": "archaeotrace_ink_v2_centerline",
        "upstream_commit": "7960acddb4e82855e2088fdfdd2244799b63775c",
        "pixel_length": 46.728,
        "point_count": 6,
        "confidence": 1.0,
        "review_status": "unreviewed"
      },
      "geometry": {
        "type": "LineString",
        "coordinates": [
          [
            127.20883782272733,
            36.32317775360249
          ],
          [
            127.20907371925912,
            36.323753483187616
          ],
          [
            127.20916807787182,
            36.32448274066211
          ],
          [
            127.20921525717819,
            36.32452112263446
          ],
          [
            127.20921525717819,
            36.324789796440854
          ],
          [
            127.20926243648454,
            36.32482817841319
          ]
        ]
      }
    },
    {
      "type": "Feature",
      "properties": {
        "proposal_id": "ink-line-423",
        "tile_id": "177-nonsan-mountain",
        "sheet_id": "177-nonsan",
        "split": "development",
        "proposal_kind": "visible_linework_review_only",
        "backend": "archaeotrace_ink_v2_centerline",
        "upstream_commit": "7960acddb4e82855e2088fdfdd2244799b63775c",
        "pixel_length": 22.657,
        "point_count": 4,
        "confidence": 1.0,
        "review_status": "unreviewed"
      },
      "geometry": {
        "type": "LineString",
        "coordinates": [
          [
            127.20883782272733,
            36.31235403740202
          ],
          [
            127.20897936064641,
            36.31266109318075
          ],
          [
            127.20897936064641,
            36.313044912904175
          ],
          [
            127.20893218134005,
            36.313160058821204
          ]
        ]
      }
    },
    {
      "type": "Feature",
      "properties": {
        "proposal_id": "ink-line-424",
        "tile_id": "177-nonsan-mountain",
        "sheet_id": "177-nonsan",
        "split": "development",
        "proposal_kind": "visible_linework_review_only",
        "backend": "archaeotrace_ink_v2_centerline",
        "upstream_commit": "7960acddb4e82855e2088fdfdd2244799b63775c",
        "pixel_length": 29.657,
        "point_count": 6,
        "confidence": 1.0,
        "review_status": "unreviewed"
      },
      "geometry": {
        "type": "LineString",
        "coordinates": [
          [
            127.20883782272733,
            36.311586397955175
          ],
          [
            127.2088850020337,
            36.31127934217644
          ],
          [
            127.20893218134005,
            36.311240960204096
          ],
          [
            127.20893218134005,
            36.310895522453016
          ],
          [
            127.20883782272733,
            36.310703612591304
          ],
          [
            127.20883782272733,
            36.3105117027296
          ]
        ]
      }
    },
    {
      "type": "Feature",
      "properties": {
        "proposal_id": "ink-line-425",
        "tile_id": "177-nonsan-mountain",
        "sheet_id": "177-nonsan",
        "split": "development",
        "proposal_kind": "visible_linework_review_only",
        "backend": "archaeotrace_ink_v2_centerline",
        "upstream_commit": "7960acddb4e82855e2088fdfdd2244799b63775c",
        "pixel_length": 20.728,
        "point_count": 5,
        "confidence": 1.0,
        "review_status": "unreviewed"
      },
      "geometry": {
        "type": "LineString",
        "coordinates": [
          [
            127.2088850020337,
            36.317343693806485
          ],
          [
            127.20902653995276,
            36.31719016591712
          ],
          [
            127.20926243648454,
            36.31707502000009
          ],
          [
            127.20954551232268,
            36.31703663802775
          ],
          [
            127.20963987093539,
            36.31695987408307
          ]
        ]
      }
    },
    {
      "type": "Feature",
      "properties": {
        "proposal_id": "ink-line-426",
        "tile_id": "177-nonsan-mountain",
        "sheet_id": "177-nonsan",
        "split": "development",
        "proposal_kind": "visible_linework_review_only",
        "backend": "archaeotrace_ink_v2_centerline",
        "upstream_commit": "7960acddb4e82855e2088fdfdd2244799b63775c",
        "pixel_length": 24.485,
        "point_count": 3,
        "confidence": 1.0,
        "review_status": "unreviewed"
      },
      "geometry": {
        "type": "LineString",
        "coordinates": [
          [
            127.2088850020337,
            36.30836231227844
          ],
          [
            127.20893218134005,
            36.3087845139742
          ],
          [
            127.20916807787182,
            36.309206715669966
          ]
        ]
      }
    },
    {
      "type": "Feature",
      "properties": {
        "proposal_id": "ink-line-427",
        "tile_id": "177-nonsan-mountain",
        "sheet_id": "177-nonsan",
        "split": "development",
        "proposal_kind": "visible_linework_review_only",
        "backend": "archaeotrace_ink_v2_centerline",
        "upstream_commit": "7960acddb4e82855e2088fdfdd2244799b63775c",
        "pixel_length": 26.243,
        "point_count": 5,
        "confidence": 1.0,
        "review_status": "unreviewed"
      },
      "geometry": {
        "type": "LineString",
        "coordinates": [
          [
            127.20893218134005,
            36.30241310656542
          ],
          [
            127.20893218134005,
            36.302566634454784
          ],
          [
            127.20902653995276,
            36.30279692628884
          ],
          [
            127.20902653995276,
            36.30325750995694
          ],
          [
            127.20897936064641,
            36.30337265587397
          ]
        ]
      }
    },
    {
      "type": "Feature",
      "properties": {
        "proposal_id": "ink-line-428",
        "tile_id": "177-nonsan-mountain",
        "sheet_id": "177-nonsan",
        "split": "development",
        "proposal_kind": "visible_linework_review_only",
        "backend": "archaeotrace_ink_v2_centerline",
        "upstream_commit": "7960acddb4e82855e2088fdfdd2244799b63775c",
        "pixel_length": 19.071,
        "point_count": 4,
        "confidence": 1.0,
        "review_status": "unreviewed"
      },
      "geometry": {
        "type": "LineString",
        "coordinates": [
          [
            127.20897936064641,
            36.31573165096812
          ],
          [
            127.20921525717819,
            36.3158084149128
          ],
          [
            127.20954551232268,
            36.3158084149128
          ],
          [
            127.20978140885447,
            36.31569326899578
          ]
        ]
      }
    },
    {
      "type": "Feature",
      "properties": {
        "proposal_id": "ink-line-429",
        "tile_id": "177-nonsan-mountain",
        "sheet_id": "177-nonsan",
        "split": "development",
        "proposal_kind": "visible_linework_review_only",
        "backend": "archaeotrace_ink_v2_centerline",
        "upstream_commit": "7960acddb4e82855e2088fdfdd2244799b63775c",
        "pixel_length": 28.657,
        "point_count": 7,
        "confidence": 1.0,
        "review_status": "unreviewed"
      },
      "geometry": {
        "type": "LineString",
        "coordinates": [
          [
            127.20897936064641,
            36.294967003931056
          ],
          [
            127.20902653995276,
            36.29458318420763
          ],
          [
            127.20907371925912,
            36.29454480223529
          ],
          [
            127.20907371925912,
            36.2942761284289
          ],
          [
            127.20912089856547,
            36.29423774645655
          ],
          [
            127.20912089856547,
            36.293969072650164
          ],
          [
            127.20907371925912,
            36.29393069067782
          ]
        ]
      }
    },
    {
      "type": "Feature",
      "properties": {
        "proposal_id": "ink-line-430",
        "tile_id": "177-nonsan-mountain",
        "sheet_id": "177-nonsan",
        "split": "development",
        "proposal_kind": "visible_linework_review_only",
        "backend": "archaeotrace_ink_v2_centerline",
        "upstream_commit": "7960acddb4e82855e2088fdfdd2244799b63775c",
        "pixel_length": 22.071,
        "point_count": 3,
        "confidence": 1.0,
        "review_status": "unreviewed"
      },
      "geometry": {
        "type": "LineString",
        "coordinates": [
          [
            127.20897936064641,
            36.29051469513937
          ],
          [
            127.20916807787182,
            36.29005411147127
          ],
          [
            127.20912089856547,
            36.28974705569253
          ]
        ]
      }
    },
    {
      "type": "Feature",
      "properties": {
        "proposal_id": "ink-line-431",
        "tile_id": "177-nonsan-mountain",
        "sheet_id": "177-nonsan",
        "split": "development",
        "proposal_kind": "visible_linework_review_only",
        "backend": "archaeotrace_ink_v2_centerline",
        "upstream_commit": "7960acddb4e82855e2088fdfdd2244799b63775c",
        "pixel_length": 18.243,
        "point_count": 3,
        "confidence": 1.0,
        "review_status": "unreviewed"
      },
      "geometry": {
        "type": "LineString",
        "coordinates": [
          [
            127.20912089856547,
            36.30678865141242
          ],
          [
            127.20916807787182,
            36.30721085310818
          ],
          [
            127.20926243648454,
            36.30744114494223
          ]
        ]
      }
    },
    {
      "type": "Feature",
      "properties": {
        "proposal_id": "ink-line-432",
        "tile_id": "177-nonsan-mountain",
        "sheet_id": "177-nonsan",
        "split": "development",
        "proposal_kind": "visible_linework_review_only",
        "backend": "archaeotrace_ink_v2_centerline",
        "upstream_commit": "7960acddb4e82855e2088fdfdd2244799b63775c",
        "pixel_length": 52.314,
        "point_count": 8,
        "confidence": 1.0,
        "review_status": "unreviewed"
      },
      "geometry": {
        "type": "LineString",
        "coordinates": [
          [
            127.20916807787182,
            36.30414029532081
          ],
          [
            127.20912089856547,
            36.304255441237835
          ],
          [
            127.20916807787182,
            36.30475440687829
          ],
          [
            127.20921525717819,
            36.30479278885063
          ],
          [
            127.20916807787182,
            36.305483664352785
          ],
          [
            127.20926243648454,
            36.30579072013152
          ],
          [
            127.20935679509725,
            36.30590586604855
          ],
          [
            127.20935679509725,
            36.306021011965576
          ]
        ]
      }
    },
    {
      "type": "Feature",
      "properties": {
        "proposal_id": "ink-line-433",
        "tile_id": "177-nonsan-mountain",
        "sheet_id": "177-nonsan",
        "split": "development",
        "proposal_kind": "visible_linework_review_only",
        "backend": "archaeotrace_ink_v2_centerline",
        "upstream_commit": "7960acddb4e82855e2088fdfdd2244799b63775c",
        "pixel_length": 33.071,
        "point_count": 4,
        "confidence": 1.0,
        "review_status": "unreviewed"
      },
      "geometry": {
        "type": "LineString",
        "coordinates": [
          [
            127.20921525717819,
            36.32340804543654
          ],
          [
            127.20921525717819,
            36.32352319135356
          ],
          [
            127.20935679509725,
            36.3238302471323
          ],
          [
            127.20945115370996,
            36.32459788657914
          ]
        ]
      }
    },
    {
      "type": "Feature",
      "properties": {
        "proposal_id": "ink-line-434",
        "tile_id": "177-nonsan-mountain",
        "sheet_id": "177-nonsan",
        "split": "development",
        "proposal_kind": "visible_linework_review_only",
        "backend": "archaeotrace_ink_v2_centerline",
        "upstream_commit": "7960acddb4e82855e2088fdfdd2244799b63775c",
        "pixel_length": 24.243,
        "point_count": 3,
        "confidence": 1.0,
        "review_status": "unreviewed"
      },
      "geometry": {
        "type": "LineString",
        "coordinates": [
          [
            127.20921525717819,
            36.3216424747088
          ],
          [
            127.20921525717819,
            36.32217982232159
          ],
          [
            127.20935679509725,
            36.322525260072666
          ]
        ]
      }
    },
    {
      "type": "Feature",
      "properties": {
        "proposal_id": "ink-line-435",
        "tile_id": "177-nonsan-mountain",
        "sheet_id": "177-nonsan",
        "split": "development",
        "proposal_kind": "visible_linework_review_only",
        "backend": "archaeotrace_ink_v2_centerline",
        "upstream_commit": "7960acddb4e82855e2088fdfdd2244799b63775c",
        "pixel_length": 18.657,
        "point_count": 3,
        "confidence": 1.0,
        "review_status": "unreviewed"
      },
      "geometry": {
        "type": "LineString",
        "coordinates": [
          [
            127.20921525717819,
            36.317343693806485
          ],
          [
            127.20963987093539,
            36.317343693806485
          ],
          [
            127.21001730538624,
            36.31749722169585
          ]
        ]
      }
    },
    {
      "type": "Feature",
      "properties": {
        "proposal_id": "ink-line-436",
        "tile_id": "177-nonsan-mountain",
        "sheet_id": "177-nonsan",
        "split": "development",
        "proposal_kind": "visible_linework_review_only",
        "backend": "archaeotrace_ink_v2_centerline",
        "upstream_commit": "7960acddb4e82855e2088fdfdd2244799b63775c",
        "pixel_length": 20.071,
        "point_count": 2,
        "confidence": 1.0,
        "review_status": "unreviewed"
      },
      "geometry": {
        "type": "LineString",
        "coordinates": [
          [
            127.20926243648454,
            36.30767143677628
          ],
          [
            127.20949833301633,
            36.30836231227844
          ]
        ]
      }
    },
    {
      "type": "Feature",
      "properties": {
        "proposal_id": "ink-line-437",
        "tile_id": "177-nonsan-mountain",
        "sheet_id": "177-nonsan",
        "split": "development",
        "proposal_kind": "visible_linework_review_only",
        "backend": "archaeotrace_ink_v2_centerline",
        "upstream_commit": "7960acddb4e82855e2088fdfdd2244799b63775c",
        "pixel_length": 18.485,
        "point_count": 4,
        "confidence": 1.0,
        "review_status": "unreviewed"
      },
      "geometry": {
        "type": "LineString",
        "coordinates": [
          [
            127.2093096157909,
            36.29608008112898
          ],
          [
            127.2093096157909,
            36.29631037296303
          ],
          [
            127.20940397440361,
            36.296463900852395
          ],
          [
            127.20968705024175,
            36.29631037296303
          ]
        ]
      }
    },
    {
      "type": "Feature",
      "properties": {
        "proposal_id": "ink-line-438",
        "tile_id": "177-nonsan-mountain",
        "sheet_id": "177-nonsan",
        "split": "development",
        "proposal_kind": "visible_linework_review_only",
        "backend": "archaeotrace_ink_v2_centerline",
        "upstream_commit": "7960acddb4e82855e2088fdfdd2244799b63775c",
        "pixel_length": 36.657,
        "point_count": 4,
        "confidence": 1.0,
        "review_status": "unreviewed"
      },
      "geometry": {
        "type": "LineString",
        "coordinates": [
          [
            127.20940397440361,
            36.30625130379963
          ],
          [
            127.20945115370996,
            36.306404831688994
          ],
          [
            127.20940397440361,
            36.307287617052864
          ],
          [
            127.20949833301633,
            36.3075946728316
          ]
        ]
      }
    },
    {
      "type": "Feature",
      "properties": {
        "proposal_id": "ink-line-439",
        "tile_id": "177-nonsan-mountain",
        "sheet_id": "177-nonsan",
        "split": "development",
        "proposal_kind": "visible_linework_review_only",
        "backend": "archaeotrace_ink_v2_centerline",
        "upstream_commit": "7960acddb4e82855e2088fdfdd2244799b63775c",
        "pixel_length": 25.828,
        "point_count": 4,
        "confidence": 1.0,
        "review_status": "unreviewed"
      },
      "geometry": {
        "type": "LineString",
        "coordinates": [
          [
            127.20945115370996,
            36.29485185801403
          ],
          [
            127.20949833301633,
            36.29439127434593
          ],
          [
            127.20954551232268,
            36.29435289237358
          ],
          [
            127.20954551232268,
            36.29389230870548
          ]
        ]
      }
    },
    {
      "type": "Feature",
      "properties": {
        "proposal_id": "ink-line-440",
        "tile_id": "177-nonsan-mountain",
        "sheet_id": "177-nonsan",
        "split": "development",
        "proposal_kind": "visible_linework_review_only",
        "backend": "archaeotrace_ink_v2_centerline",
        "upstream_commit": "7960acddb4e82855e2088fdfdd2244799b63775c",
        "pixel_length": 25.828,
        "point_count": 5,
        "confidence": 1.0,
        "review_status": "unreviewed"
      },
      "geometry": {
        "type": "LineString",
        "coordinates": [
          [
            127.20949833301633,
            36.320836453289616
          ],
          [
            127.20954551232268,
            36.32087483526196
          ],
          [
            127.20954551232268,
            36.32122027301304
          ],
          [
            127.20959269162904,
            36.32125865498538
          ],
          [
            127.20959269162904,
            36.32179600259817
          ]
        ]
      }
    },
    {
      "type": "Feature",
      "properties": {
        "proposal_id": "ink-line-441",
        "tile_id": "177-nonsan-mountain",
        "sheet_id": "177-nonsan",
        "split": "development",
        "proposal_kind": "visible_linework_review_only",
        "backend": "archaeotrace_ink_v2_centerline",
        "upstream_commit": "7960acddb4e82855e2088fdfdd2244799b63775c",
        "pixel_length": 21.657,
        "point_count": 3,
        "confidence": 1.0,
        "review_status": "unreviewed"
      },
      "geometry": {
        "type": "LineString",
        "coordinates": [
          [
            127.20959269162904,
            36.32202629443222
          ],
          [
            127.20963987093539,
            36.32244849612798
          ],
          [
            127.20978140885447,
            36.32279393387906
          ]
        ]
      }
    },
    {
      "type": "Feature",
      "properties": {
        "proposal_id": "ink-line-442",
        "tile_id": "177-nonsan-mountain",
        "sheet_id": "177-nonsan",
        "split": "development",
        "proposal_kind": "visible_linework_review_only",
        "backend": "archaeotrace_ink_v2_centerline",
        "upstream_commit": "7960acddb4e82855e2088fdfdd2244799b63775c",
        "pixel_length": 52.485,
        "point_count": 5,
        "confidence": 1.0,
        "review_status": "unreviewed"
      },
      "geometry": {
        "type": "LineString",
        "coordinates": [
          [
            127.20959269162904,
            36.30579072013152
          ],
          [
            127.20954551232268,
            36.30463926096126
          ],
          [
            127.20968705024175,
            36.304332205182526
          ],
          [
            127.20968705024175,
            36.30414029532081
          ],
          [
            127.20978140885447,
            36.30387162151442
          ]
        ]
      }
    },
    {
      "type": "Feature",
      "properties": {
        "proposal_id": "ink-line-443",
        "tile_id": "177-nonsan-mountain",
        "sheet_id": "177-nonsan",
        "split": "development",
        "proposal_kind": "visible_linework_review_only",
        "backend": "archaeotrace_ink_v2_centerline",
        "upstream_commit": "7960acddb4e82855e2088fdfdd2244799b63775c",
        "pixel_length": 21.899,
        "point_count": 4,
        "confidence": 1.0,
        "review_status": "unreviewed"
      },
      "geometry": {
        "type": "LineString",
        "coordinates": [
          [
            127.20963987093539,
            36.32394539304933
          ],
          [
            127.2097342295481,
            36.32440597671743
          ],
          [
            127.20987576746717,
            36.32452112263446
          ],
          [
            127.2100644846926,
            36.324444358689775
          ]
        ]
      }
    },
    {
      "type": "Feature",
      "properties": {
        "proposal_id": "ink-line-444",
        "tile_id": "177-nonsan-mountain",
        "sheet_id": "177-nonsan",
        "split": "development",
        "proposal_kind": "visible_linework_review_only",
        "backend": "archaeotrace_ink_v2_centerline",
        "upstream_commit": "7960acddb4e82855e2088fdfdd2244799b63775c",
        "pixel_length": 73.314,
        "point_count": 7,
        "confidence": 1.0,
        "review_status": "unreviewed"
      },
      "geometry": {
        "type": "LineString",
        "coordinates": [
          [
            127.20963987093539,
            36.319723376091694
          ],
          [
            127.20978140885447,
            36.3201839597598
          ],
          [
            127.20978140885447,
            36.320375869621515
          ],
          [
            127.20982858816082,
            36.32041425159385
          ],
          [
            127.20978140885447,
            36.320836453289616
          ],
          [
            127.20992294677353,
            36.32125865498538
          ],
          [
            127.20992294677353,
            36.322410114155645
          ]
        ]
      }
    },
    {
      "type": "Feature",
      "properties": {
        "proposal_id": "ink-line-445",
        "tile_id": "177-nonsan-mountain",
        "sheet_id": "177-nonsan",
        "split": "development",
        "proposal_kind": "visible_linework_review_only",
        "backend": "archaeotrace_ink_v2_centerline",
        "upstream_commit": "7960acddb4e82855e2088fdfdd2244799b63775c",
        "pixel_length": 90.284,
        "point_count": 9,
        "confidence": 1.0,
        "review_status": "unreviewed"
      },
      "geometry": {
        "type": "LineString",
        "coordinates": [
          [
            127.20968705024175,
            36.30974406328276
          ],
          [
            127.20978140885447,
            36.30982082722744
          ],
          [
            127.20978140885447,
            36.309897591172124
          ],
          [
            127.20987576746717,
            36.30997435511681
          ],
          [
            127.2100644846926,
            36.31035817484023
          ],
          [
            127.20997012607988,
            36.31120257823176
          ],
          [
            127.20963987093539,
            36.31200859965094
          ],
          [
            127.20963987093539,
            36.312469183319045
          ],
          [
            127.20978140885447,
            36.31289138501481
          ]
        ]
      }
    },
    {
      "type": "Feature",
      "properties": {
        "proposal_id": "ink-line-446",
        "tile_id": "177-nonsan-mountain",
        "sheet_id": "177-nonsan",
        "split": "development",
        "proposal_kind": "visible_linework_review_only",
        "backend": "archaeotrace_ink_v2_centerline",
        "upstream_commit": "7960acddb4e82855e2088fdfdd2244799b63775c",
        "pixel_length": 44.657,
        "point_count": 5,
        "confidence": 1.0,
        "review_status": "unreviewed"
      },
      "geometry": {
        "type": "LineString",
        "coordinates": [
          [
            127.20968705024175,
            36.306021011965576
          ],
          [
            127.2097342295481,
            36.30617453985494
          ],
          [
            127.2097342295481,
            36.307287617052864
          ],
          [
            127.20982858816082,
            36.30744114494223
          ],
          [
            127.20987576746717,
            36.30767143677628
          ]
        ]
      }
    },
    {
      "type": "Feature",
      "properties": {
        "proposal_id": "ink-line-447",
        "tile_id": "177-nonsan-mountain",
        "sheet_id": "177-nonsan",
        "split": "development",
        "proposal_kind": "visible_linework_review_only",
        "backend": "archaeotrace_ink_v2_centerline",
        "upstream_commit": "7960acddb4e82855e2088fdfdd2244799b63775c",
        "pixel_length": 23.071,
        "point_count": 6,
        "confidence": 1.0,
        "review_status": "unreviewed"
      },
      "geometry": {
        "type": "LineString",
        "coordinates": [
          [
            127.2097342295481,
            36.31930117439593
          ],
          [
            127.2097342295481,
            36.319032500589536
          ],
          [
            127.20982858816082,
            36.318917354672514
          ],
          [
            127.20982858816082,
            36.31876382678315
          ],
          [
            127.20992294677353,
            36.31861029889377
          ],
          [
            127.20987576746717,
            36.31849515297675
          ]
        ]
      }
    },
    {
      "type": "Feature",
      "properties": {
        "proposal_id": "ink-line-448",
        "tile_id": "177-nonsan-mountain",
        "sheet_id": "177-nonsan",
        "split": "development",
        "proposal_kind": "visible_linework_review_only",
        "backend": "archaeotrace_ink_v2_centerline",
        "upstream_commit": "7960acddb4e82855e2088fdfdd2244799b63775c",
        "pixel_length": 31.828,
        "point_count": 4,
        "confidence": 1.0,
        "review_status": "unreviewed"
      },
      "geometry": {
        "type": "LineString",
        "coordinates": [
          [
            127.20978140885447,
            36.30225957867605
          ],
          [
            127.20982858816082,
            36.302566634454784
          ],
          [
            127.20987576746717,
            36.30260501642713
          ],
          [
            127.20987576746717,
            36.303449419818655
          ]
        ]
      }
    },
    {
      "type": "Feature",
      "properties": {
        "proposal_id": "ink-line-449",
        "tile_id": "177-nonsan-mountain",
        "sheet_id": "177-nonsan",
        "split": "development",
        "proposal_kind": "visible_linework_review_only",
        "backend": "archaeotrace_ink_v2_centerline",
        "upstream_commit": "7960acddb4e82855e2088fdfdd2244799b63775c",
        "pixel_length": 82.799,
        "point_count": 11,
        "confidence": 1.0,
        "review_status": "unreviewed"
      },
      "geometry": {
        "type": "LineString",
        "coordinates": [
          [
            127.20978140885447,
            36.29469833012466
          ],
          [
            127.20978140885447,
            36.29446803829061
          ],
          [
            127.20987576746717,
            36.29431451040124
          ],
          [
            127.20987576746717,
            36.29389230870548
          ],
          [
            127.20968705024175,
            36.29343172503737
          ],
          [
            127.20968705024175,
            36.29316305123098
          ],
          [
            127.20987576746717,
            36.2928176134799
          ],
          [
            127.20987576746717,
            36.29251055770116
          ],
          [
            127.20992294677353,
            36.29247217572882
          ],
          [
            127.20992294677353,
            36.292165119950084
          ],
          [
            127.20978140885447,
            36.29174291825432
          ]
        ]
      }
    },
    {
      "type": "Feature",
      "properties": {
        "proposal_id": "ink-line-450",
        "tile_id": "177-nonsan-mountain",
        "sheet_id": "177-nonsan",
        "split": "development",
        "proposal_kind": "visible_linework_review_only",
        "backend": "archaeotrace_ink_v2_centerline",
        "upstream_commit": "7960acddb4e82855e2088fdfdd2244799b63775c",
        "pixel_length": 18.243,
        "point_count": 4,
        "confidence": 1.0,
        "review_status": "unreviewed"
      },
      "geometry": {
        "type": "LineString",
        "coordinates": [
          [
            127.20997012607988,
            36.30529175449107
          ],
          [
            127.20992294677353,
            36.30556042829747
          ],
          [
            127.20997012607988,
            36.305598810269814
          ],
          [
            127.21001730538624,
            36.30594424802089
          ]
        ]
      }
    },
    {
      "type": "Feature",
      "properties": {
        "proposal_id": "ink-line-451",
        "tile_id": "177-nonsan-mountain",
        "sheet_id": "177-nonsan",
        "split": "development",
        "proposal_kind": "visible_linework_review_only",
        "backend": "archaeotrace_ink_v2_centerline",
        "upstream_commit": "7960acddb4e82855e2088fdfdd2244799b63775c",
        "pixel_length": 53.142,
        "point_count": 8,
        "confidence": 1.0,
        "review_status": "unreviewed"
      },
      "geometry": {
        "type": "LineString",
        "coordinates": [
          [
            127.2100644846926,
            36.29323981517566
          ],
          [
            127.21020602261167,
            36.29251055770116
          ],
          [
            127.21030038122439,
            36.29231864783945
          ],
          [
            127.21030038122439,
            36.2920883560054
          ],
          [
            127.21034756053074,
            36.292049974033056
          ],
          [
            127.21034756053074,
            36.291819682199005
          ],
          [
            127.21020602261167,
            36.29162777233729
          ],
          [
            127.21015884330531,
            36.2913590985309
          ]
        ]
      }
    },
    {
      "type": "Feature",
      "properties": {
        "proposal_id": "ink-line-452",
        "tile_id": "177-nonsan-mountain",
        "sheet_id": "177-nonsan",
        "split": "development",
        "proposal_kind": "visible_linework_review_only",
        "backend": "archaeotrace_ink_v2_centerline",
        "upstream_commit": "7960acddb4e82855e2088fdfdd2244799b63775c",
        "pixel_length": 49.728,
        "point_count": 6,
        "confidence": 1.0,
        "review_status": "unreviewed"
      },
      "geometry": {
        "type": "LineString",
        "coordinates": [
          [
            127.21020602261167,
            36.312699475153096
          ],
          [
            127.21020602261167,
            36.312162127540304
          ],
          [
            127.21025320191802,
            36.312123745567966
          ],
          [
            127.21030038122439,
            36.31150963401049
          ],
          [
            127.21044191914345,
            36.31116419625941
          ],
          [
            127.21063063636888,
            36.31093390442536
          ]
        ]
      }
    },
    {
      "type": "Feature",
      "properties": {
        "proposal_id": "ink-line-453",
        "tile_id": "177-nonsan-mountain",
        "sheet_id": "177-nonsan",
        "split": "development",
        "proposal_kind": "visible_linework_review_only",
        "backend": "archaeotrace_ink_v2_centerline",
        "upstream_commit": "7960acddb4e82855e2088fdfdd2244799b63775c",
        "pixel_length": 33.243,
        "point_count": 6,
        "confidence": 1.0,
        "review_status": "unreviewed"
      },
      "geometry": {
        "type": "LineString",
        "coordinates": [
          [
            127.21025320191802,
            36.304025149403785
          ],
          [
            127.21025320191802,
            36.30387162151442
          ],
          [
            127.21034756053074,
            36.30364132968037
          ],
          [
            127.21034756053074,
            36.30337265587397
          ],
          [
            127.2103947398371,
            36.303334273901626
          ],
          [
            127.2103947398371,
            36.30279692628884
          ]
        ]
      }
    },
    {
      "type": "Feature",
      "properties": {
        "proposal_id": "ink-line-454",
        "tile_id": "177-nonsan-mountain",
        "sheet_id": "177-nonsan",
        "split": "development",
        "proposal_kind": "visible_linework_review_only",
        "backend": "archaeotrace_ink_v2_centerline",
        "upstream_commit": "7960acddb4e82855e2088fdfdd2244799b63775c",
        "pixel_length": 39.071,
        "point_count": 5,
        "confidence": 1.0,
        "review_status": "unreviewed"
      },
      "geometry": {
        "type": "LineString",
        "coordinates": [
          [
            127.2103947398371,
            36.305713956186835
          ],
          [
            127.2103947398371,
            36.30556042829747
          ],
          [
            127.21030038122439,
            36.30533013646342
          ],
          [
            127.21030038122439,
            36.30475440687829
          ],
          [
            127.21044191914345,
            36.30429382321018
          ]
        ]
      }
    },
    {
      "type": "Feature",
      "properties": {
        "proposal_id": "ink-line-455",
        "tile_id": "177-nonsan-mountain",
        "sheet_id": "177-nonsan",
        "split": "development",
        "proposal_kind": "visible_linework_review_only",
        "backend": "archaeotrace_ink_v2_centerline",
        "upstream_commit": "7960acddb4e82855e2088fdfdd2244799b63775c",
        "pixel_length": 49.485,
        "point_count": 5,
        "confidence": 1.0,
        "review_status": "unreviewed"
      },
      "geometry": {
        "type": "LineString",
        "coordinates": [
          [
            127.21044191914345,
            36.30579072013152
          ],
          [
            127.2104890984498,
            36.3061361578826
          ],
          [
            127.21053627775616,
            36.30617453985494
          ],
          [
            127.2104890984498,
            36.3071340891635
          ],
          [
            127.21063063636888,
            36.3075946728316
          ]
        ]
      }
    },
    {
      "type": "Feature",
      "properties": {
        "proposal_id": "ink-line-456",
        "tile_id": "177-nonsan-mountain",
        "sheet_id": "177-nonsan",
        "split": "development",
        "proposal_kind": "visible_linework_review_only",
        "backend": "archaeotrace_ink_v2_centerline",
        "upstream_commit": "7960acddb4e82855e2088fdfdd2244799b63775c",
        "pixel_length": 36.828,
        "point_count": 4,
        "confidence": 1.0,
        "review_status": "unreviewed"
      },
      "geometry": {
        "type": "LineString",
        "coordinates": [
          [
            127.21053627775616,
            36.30936024355933
          ],
          [
            127.21077217428794,
            36.30936024355933
          ],
          [
            127.2108193535943,
            36.30939862553168
          ],
          [
            127.21223473278499,
            36.30936024355933
          ]
        ]
      }
    },
    {
      "type": "Feature",
      "properties": {
        "proposal_id": "ink-line-457",
        "tile_id": "177-nonsan-mountain",
        "sheet_id": "177-nonsan",
        "split": "development",
        "proposal_kind": "visible_linework_review_only",
        "backend": "archaeotrace_ink_v2_centerline",
        "upstream_commit": "7960acddb4e82855e2088fdfdd2244799b63775c",
        "pixel_length": 45.243,
        "point_count": 6,
        "confidence": 1.0,
        "review_status": "unreviewed"
      },
      "geometry": {
        "type": "LineString",
        "coordinates": [
          [
            127.21053627775616,
            36.30168384909092
          ],
          [
            127.21053627775616,
            36.30137679331218
          ],
          [
            127.21058345706251,
            36.30133841133984
          ],
          [
            127.21053627775616,
            36.30026371611426
          ],
          [
            127.21058345706251,
            36.30022533414192
          ],
          [
            127.21058345706251,
            36.29999504230787
          ]
        ]
      }
    },
    {
      "type": "Feature",
      "properties": {
        "proposal_id": "ink-line-458",
        "tile_id": "177-nonsan-mountain",
        "sheet_id": "177-nonsan",
        "split": "development",
        "proposal_kind": "visible_linework_review_only",
        "backend": "archaeotrace_ink_v2_centerline",
        "upstream_commit": "7960acddb4e82855e2088fdfdd2244799b63775c",
        "pixel_length": 18.243,
        "point_count": 5,
        "confidence": 1.0,
        "review_status": "unreviewed"
      },
      "geometry": {
        "type": "LineString",
        "coordinates": [
          [
            127.21058345706251,
            36.310089501033836
          ],
          [
            127.21058345706251,
            36.3102430289232
          ],
          [
            127.21067781567523,
            36.31031979286789
          ],
          [
            127.21077217428794,
            36.31035817484023
          ],
          [
            127.21119678804514,
            36.31035817484023
          ]
        ]
      }
    },
    {
      "type": "Feature",
      "properties": {
        "proposal_id": "ink-line-459",
        "tile_id": "177-nonsan-mountain",
        "sheet_id": "177-nonsan",
        "split": "development",
        "proposal_kind": "visible_linework_review_only",
        "backend": "archaeotrace_ink_v2_centerline",
        "upstream_commit": "7960acddb4e82855e2088fdfdd2244799b63775c",
        "pixel_length": 32.314,
        "point_count": 5,
        "confidence": 1.0,
        "review_status": "unreviewed"
      },
      "geometry": {
        "type": "LineString",
        "coordinates": [
          [
            127.21063063636888,
            36.30552204632513
          ],
          [
            127.21058345706251,
            36.30502308068468
          ],
          [
            127.21067781567523,
            36.30486955279531
          ],
          [
            127.21067781567523,
            36.3046776429336
          ],
          [
            127.21091371220702,
            36.30440896912721
          ]
        ]
      }
    },
    {
      "type": "Feature",
      "properties": {
        "proposal_id": "ink-line-460",
        "tile_id": "177-nonsan-mountain",
        "sheet_id": "177-nonsan",
        "split": "development",
        "proposal_kind": "visible_linework_review_only",
        "backend": "archaeotrace_ink_v2_centerline",
        "upstream_commit": "7960acddb4e82855e2088fdfdd2244799b63775c",
        "pixel_length": 23.799,
        "point_count": 4,
        "confidence": 1.0,
        "review_status": "unreviewed"
      },
      "geometry": {
        "type": "LineString",
        "coordinates": [
          [
            127.21067781567523,
            36.318917354672514
          ],
          [
            127.2111496087388,
            36.31853353494909
          ],
          [
            127.21129114665786,
            36.318341625087385
          ],
          [
            127.2112439673515,
            36.318226479170356
          ]
        ]
      }
    },
    {
      "type": "Feature",
      "properties": {
        "proposal_id": "ink-line-461",
        "tile_id": "177-nonsan-mountain",
        "sheet_id": "177-nonsan",
        "split": "development",
        "proposal_kind": "visible_linework_review_only",
        "backend": "archaeotrace_ink_v2_centerline",
        "upstream_commit": "7960acddb4e82855e2088fdfdd2244799b63775c",
        "pixel_length": 22.657,
        "point_count": 4,
        "confidence": 1.0,
        "review_status": "unreviewed"
      },
      "geometry": {
        "type": "LineString",
        "coordinates": [
          [
            127.21067781567523,
            36.31761236761288
          ],
          [
            127.21077217428794,
            36.317650749585226
          ],
          [
            127.21129114665786,
            36.317650749585226
          ],
          [
            127.21166858110871,
            36.31776589550225
          ]
        ]
      }
    },
    {
      "type": "Feature",
      "properties": {
        "proposal_id": "ink-line-462",
        "tile_id": "177-nonsan-mountain",
        "sheet_id": "177-nonsan",
        "split": "development",
        "proposal_kind": "visible_linework_review_only",
        "backend": "archaeotrace_ink_v2_centerline",
        "upstream_commit": "7960acddb4e82855e2088fdfdd2244799b63775c",
        "pixel_length": 59.314,
        "point_count": 7,
        "confidence": 1.0,
        "review_status": "unreviewed"
      },
      "geometry": {
        "type": "LineString",
        "coordinates": [
          [
            127.21072499498159,
            36.31646090844262
          ],
          [
            127.21133832596422,
            36.31646090844262
          ],
          [
            127.21185729833414,
            36.31634576252559
          ],
          [
            127.21237627070406,
            36.31638414449794
          ],
          [
            127.2126593465422,
            36.31646090844262
          ],
          [
            127.21298960168669,
            36.31646090844262
          ],
          [
            127.21336703613754,
            36.31638414449794
          ]
        ]
      }
    },
    {
      "type": "Feature",
      "properties": {
        "proposal_id": "ink-line-463",
        "tile_id": "177-nonsan-mountain",
        "sheet_id": "177-nonsan",
        "split": "development",
        "proposal_kind": "visible_linework_review_only",
        "backend": "archaeotrace_ink_v2_centerline",
        "upstream_commit": "7960acddb4e82855e2088fdfdd2244799b63775c",
        "pixel_length": 32.071,
        "point_count": 5,
        "confidence": 1.0,
        "review_status": "unreviewed"
      },
      "geometry": {
        "type": "LineString",
        "coordinates": [
          [
            127.21072499498159,
            36.3090531877806
          ],
          [
            127.2108193535943,
            36.30909156975294
          ],
          [
            127.2111496087388,
            36.30909156975294
          ],
          [
            127.21119678804514,
            36.30912995172528
          ],
          [
            127.21214037417228,
            36.30909156975294
          ]
        ]
      }
    },
    {
      "type": "Feature",
      "properties": {
        "proposal_id": "ink-line-464",
        "tile_id": "177-nonsan-mountain",
        "sheet_id": "177-nonsan",
        "split": "development",
        "proposal_kind": "visible_linework_review_only",
        "backend": "archaeotrace_ink_v2_centerline",
        "upstream_commit": "7960acddb4e82855e2088fdfdd2244799b63775c",
        "pixel_length": 53.071,
        "point_count": 6,
        "confidence": 1.0,
        "review_status": "unreviewed"
      },
      "geometry": {
        "type": "LineString",
        "coordinates": [
          [
            127.21077217428794,
            36.30970568131041
          ],
          [
            127.21147986388328,
            36.30970568131041
          ],
          [
            127.21166858110871,
            36.30962891736573
          ],
          [
            127.21214037417228,
            36.30959053539339
          ],
          [
            127.21218755347863,
            36.309552153421045
          ],
          [
            127.21317831891211,
            36.30959053539339
          ]
        ]
      }
    },
    {
      "type": "Feature",
      "properties": {
        "proposal_id": "ink-line-465",
        "tile_id": "177-nonsan-mountain",
        "sheet_id": "177-nonsan",
        "split": "development",
        "proposal_kind": "visible_linework_review_only",
        "backend": "archaeotrace_ink_v2_centerline",
        "upstream_commit": "7960acddb4e82855e2088fdfdd2244799b63775c",
        "pixel_length": 21.414,
        "point_count": 3,
        "confidence": 1.0,
        "review_status": "unreviewed"
      },
      "geometry": {
        "type": "LineString",
        "coordinates": [
          [
            127.21077217428794,
            36.306021011965576
          ],
          [
            127.2108193535943,
            36.30617453985494
          ],
          [
            127.2108193535943,
            36.30682703338476
          ]
        ]
      }
    },
    {
      "type": "Feature",
      "properties": {
        "proposal_id": "ink-line-466",
        "tile_id": "177-nonsan-mountain",
        "sheet_id": "177-nonsan",
        "split": "development",
        "proposal_kind": "visible_linework_review_only",
        "backend": "archaeotrace_ink_v2_centerline",
        "upstream_commit": "7960acddb4e82855e2088fdfdd2244799b63775c",
        "pixel_length": 44.485,
        "point_count": 6,
        "confidence": 1.0,
        "review_status": "unreviewed"
      },
      "geometry": {
        "type": "LineString",
        "coordinates": [
          [
            127.2108193535943,
            36.310780376535995
          ],
          [
            127.21105525012608,
            36.310665230618966
          ],
          [
            127.2119988362532,
            36.310665230618966
          ],
          [
            127.21204601555957,
            36.310703612591304
          ],
          [
            127.2124234500104,
            36.310703612591304
          ],
          [
            127.21280088446126,
            36.310780376535995
          ]
        ]
      }
    },
    {
      "type": "Feature",
      "properties": {
        "proposal_id": "ink-line-467",
        "tile_id": "177-nonsan-mountain",
        "sheet_id": "177-nonsan",
        "split": "development",
        "proposal_kind": "visible_linework_review_only",
        "backend": "archaeotrace_ink_v2_centerline",
        "upstream_commit": "7960acddb4e82855e2088fdfdd2244799b63775c",
        "pixel_length": 24.071,
        "point_count": 4,
        "confidence": 1.0,
        "review_status": "unreviewed"
      },
      "geometry": {
        "type": "LineString",
        "coordinates": [
          [
            127.2108193535943,
            36.297346686216265
          ],
          [
            127.2108193535943,
            36.29723154029924
          ],
          [
            127.21100807081973,
            36.296809338603474
          ],
          [
            127.21105525012608,
            36.29650228282474
          ]
        ]
      }
    },
    {
      "type": "Feature",
      "properties": {
        "proposal_id": "ink-line-468",
        "tile_id": "177-nonsan-mountain",
        "sheet_id": "177-nonsan",
        "split": "development",
        "proposal_kind": "visible_linework_review_only",
        "backend": "archaeotrace_ink_v2_centerline",
        "upstream_commit": "7960acddb4e82855e2088fdfdd2244799b63775c",
        "pixel_length": 33.071,
        "point_count": 6,
        "confidence": 1.0,
        "review_status": "unreviewed"
      },
      "geometry": {
        "type": "LineString",
        "coordinates": [
          [
            127.21100807081973,
            36.324098920938695
          ],
          [
            127.21100807081973,
            36.324444358689775
          ],
          [
            127.21110242943243,
            36.324559504606796
          ],
          [
            127.2111496087388,
            36.324904942357875
          ],
          [
            127.21119678804514,
            36.32494332433022
          ],
          [
            127.2111496087388,
            36.3252887620813
          ]
        ]
      }
    },
    {
      "type": "Feature",
      "properties": {
        "proposal_id": "ink-line-469",
        "tile_id": "177-nonsan-mountain",
        "sheet_id": "177-nonsan",
        "split": "development",
        "proposal_kind": "visible_linework_review_only",
        "backend": "archaeotrace_ink_v2_centerline",
        "upstream_commit": "7960acddb4e82855e2088fdfdd2244799b63775c",
        "pixel_length": 26.243,
        "point_count": 4,
        "confidence": 1.0,
        "review_status": "unreviewed"
      },
      "geometry": {
        "type": "LineString",
        "coordinates": [
          [
            127.21105525012608,
            36.315194303355334
          ],
          [
            127.21138550527057,
            36.315194303355334
          ],
          [
            127.21162140180236,
            36.31511753941064
          ],
          [
            127.21223473278499,
            36.31515592138299
          ]
        ]
      }
    },
    {
      "type": "Feature",
      "properties": {
        "proposal_id": "ink-line-470",
        "tile_id": "177-nonsan-mountain",
        "sheet_id": "177-nonsan",
        "split": "development",
        "proposal_kind": "visible_linework_review_only",
        "backend": "archaeotrace_ink_v2_centerline",
        "upstream_commit": "7960acddb4e82855e2088fdfdd2244799b63775c",
        "pixel_length": 29.314,
        "point_count": 6,
        "confidence": 1.0,
        "review_status": "unreviewed"
      },
      "geometry": {
        "type": "LineString",
        "coordinates": [
          [
            127.21105525012608,
            36.31127934217644
          ],
          [
            127.2111496087388,
            36.31120257823176
          ],
          [
            127.21143268457693,
            36.311125814287074
          ],
          [
            127.21176293972142,
            36.311125814287074
          ],
          [
            127.21204601555957,
            36.31104905034238
          ],
          [
            127.21228191209134,
            36.311125814287074
          ]
        ]
      }
    },
    {
      "type": "Feature",
      "properties": {
        "proposal_id": "ink-line-471",
        "tile_id": "177-nonsan-mountain",
        "sheet_id": "177-nonsan",
        "split": "development",
        "proposal_kind": "visible_linework_review_only",
        "backend": "archaeotrace_ink_v2_centerline",
        "upstream_commit": "7960acddb4e82855e2088fdfdd2244799b63775c",
        "pixel_length": 23.485,
        "point_count": 5,
        "confidence": 1.0,
        "review_status": "unreviewed"
      },
      "geometry": {
        "type": "LineString",
        "coordinates": [
          [
            127.21105525012608,
            36.30483117082297
          ],
          [
            127.21091371220702,
            36.305138226601706
          ],
          [
            127.21091371220702,
            36.3054069004081
          ],
          [
            127.21105525012608,
            36.30556042829747
          ],
          [
            127.2111496087388,
            36.30556042829747
          ]
        ]
      }
    },
    {
      "type": "Feature",
      "properties": {
        "proposal_id": "ink-line-472",
        "tile_id": "177-nonsan-mountain",
        "sheet_id": "177-nonsan",
        "split": "development",
        "proposal_kind": "visible_linework_review_only",
        "backend": "archaeotrace_ink_v2_centerline",
        "upstream_commit": "7960acddb4e82855e2088fdfdd2244799b63775c",
        "pixel_length": 23.899,
        "point_count": 4,
        "confidence": 1.0,
        "review_status": "unreviewed"
      },
      "geometry": {
        "type": "LineString",
        "coordinates": [
          [
            127.21119678804514,
            36.29550435154385
          ],
          [
            127.21129114665786,
            36.29535082365447
          ],
          [
            127.21133832596422,
            36.294967003931056
          ],
          [
            127.21152704318965,
            36.29469833012466
          ]
        ]
      }
    },
    {
      "type": "Feature",
      "properties": {
        "proposal_id": "ink-line-473",
        "tile_id": "177-nonsan-mountain",
        "sheet_id": "177-nonsan",
        "split": "development",
        "proposal_kind": "visible_linework_review_only",
        "backend": "archaeotrace_ink_v2_centerline",
        "upstream_commit": "7960acddb4e82855e2088fdfdd2244799b63775c",
        "pixel_length": 26.485,
        "point_count": 4,
        "confidence": 1.0,
        "review_status": "unreviewed"
      },
      "geometry": {
        "type": "LineString",
        "coordinates": [
          [
            127.21129114665786,
            36.32436759474509
          ],
          [
            127.21138550527057,
            36.32459788657914
          ],
          [
            127.21143268457693,
            36.32509685221959
          ],
          [
            127.21162140180236,
            36.325250380108955
          ]
        ]
      }
    },
    {
      "type": "Feature",
      "properties": {
        "proposal_id": "ink-line-474",
        "tile_id": "177-nonsan-mountain",
        "sheet_id": "177-nonsan",
        "split": "development",
        "proposal_kind": "visible_linework_review_only",
        "backend": "archaeotrace_ink_v2_centerline",
        "upstream_commit": "7960acddb4e82855e2088fdfdd2244799b63775c",
        "pixel_length": 20.243,
        "point_count": 4,
        "confidence": 1.0,
        "review_status": "unreviewed"
      },
      "geometry": {
        "type": "LineString",
        "coordinates": [
          [
            127.21138550527057,
            36.319377938340615
          ],
          [
            127.21143268457693,
            36.3194547022853
          ],
          [
            127.21138550527057,
            36.320068813842774
          ],
          [
            127.21143268457693,
            36.32010719581512
          ]
        ]
      }
    },
    {
      "type": "Feature",
      "properties": {
        "proposal_id": "ink-line-475",
        "tile_id": "177-nonsan-mountain",
        "sheet_id": "177-nonsan",
        "split": "development",
        "proposal_kind": "visible_linework_review_only",
        "backend": "archaeotrace_ink_v2_centerline",
        "upstream_commit": "7960acddb4e82855e2088fdfdd2244799b63775c",
        "pixel_length": 26.828,
        "point_count": 4,
        "confidence": 1.0,
        "review_status": "unreviewed"
      },
      "geometry": {
        "type": "LineString",
        "coordinates": [
          [
            127.21143268457693,
            36.29220350192242
          ],
          [
            127.21147986388328,
            36.29212673797774
          ],
          [
            127.21147986388328,
            36.2913590985309
          ],
          [
            127.21152704318965,
            36.29120557064153
          ]
        ]
      }
    },
    {
      "type": "Feature",
      "properties": {
        "proposal_id": "ink-line-476",
        "tile_id": "177-nonsan-mountain",
        "sheet_id": "177-nonsan",
        "split": "development",
        "proposal_kind": "visible_linework_review_only",
        "backend": "archaeotrace_ink_v2_centerline",
        "upstream_commit": "7960acddb4e82855e2088fdfdd2244799b63775c",
        "pixel_length": 54.314,
        "point_count": 11,
        "confidence": 1.0,
        "review_status": "unreviewed"
      },
      "geometry": {
        "type": "LineString",
        "coordinates": [
          [
            127.21152704318965,
            36.322525260072666
          ],
          [
            127.21162140180236,
            36.322640405989695
          ],
          [
            127.21162140180236,
            36.32283231585141
          ],
          [
            127.21166858110871,
            36.322870697823745
          ],
          [
            127.21166858110871,
            36.32333128149185
          ],
          [
            127.21162140180236,
            36.32336966346419
          ],
          [
            127.21162140180236,
            36.32359995529825
          ],
          [
            127.21152704318965,
            36.32386862910464
          ],
          [
            127.21152704318965,
            36.32413730291103
          ],
          [
            127.21162140180236,
            36.324329212772746
          ],
          [
            127.21162140180236,
            36.32448274066211
          ]
        ]
      }
    },
    {
      "type": "Feature",
      "properties": {
        "proposal_id": "ink-line-477",
        "tile_id": "177-nonsan-mountain",
        "sheet_id": "177-nonsan",
        "split": "development",
        "proposal_kind": "visible_linework_review_only",
        "backend": "archaeotrace_ink_v2_centerline",
        "upstream_commit": "7960acddb4e82855e2088fdfdd2244799b63775c",
        "pixel_length": 29.485,
        "point_count": 5,
        "confidence": 1.0,
        "review_status": "unreviewed"
      },
      "geometry": {
        "type": "LineString",
        "coordinates": [
          [
            127.21152704318965,
            36.30701894324647
          ],
          [
            127.21162140180236,
            36.30675026944007
          ],
          [
            127.21162140180236,
            36.30632806774431
          ],
          [
            127.21152704318965,
            36.30609777591026
          ],
          [
            127.21162140180236,
            36.30598262999323
          ]
        ]
      }
    },
    {
      "type": "Feature",
      "properties": {
        "proposal_id": "ink-line-478",
        "tile_id": "177-nonsan-mountain",
        "sheet_id": "177-nonsan",
        "split": "development",
        "proposal_kind": "visible_linework_review_only",
        "backend": "archaeotrace_ink_v2_centerline",
        "upstream_commit": "7960acddb4e82855e2088fdfdd2244799b63775c",
        "pixel_length": 18.657,
        "point_count": 4,
        "confidence": 1.0,
        "review_status": "unreviewed"
      },
      "geometry": {
        "type": "LineString",
        "coordinates": [
          [
            127.21152704318965,
            36.30440896912721
          ],
          [
            127.21162140180236,
            36.30444735109955
          ],
          [
            127.21176293972142,
            36.3046776429336
          ],
          [
            127.21176293972142,
            36.30502308068468
          ]
        ]
      }
    },
    {
      "type": "Feature",
      "properties": {
        "proposal_id": "ink-line-479",
        "tile_id": "177-nonsan-mountain",
        "sheet_id": "177-nonsan",
        "split": "development",
        "proposal_kind": "visible_linework_review_only",
        "backend": "archaeotrace_ink_v2_centerline",
        "upstream_commit": "7960acddb4e82855e2088fdfdd2244799b63775c",
        "pixel_length": 23.657,
        "point_count": 6,
        "confidence": 1.0,
        "review_status": "unreviewed"
      },
      "geometry": {
        "type": "LineString",
        "coordinates": [
          [
            127.21162140180236,
            36.31481048363191
          ],
          [
            127.21181011902777,
            36.314848865604255
          ],
          [
            127.2119988362532,
            36.31481048363191
          ],
          [
            127.21218755347863,
            36.31481048363191
          ],
          [
            127.21223473278499,
            36.314848865604255
          ],
          [
            127.2126593465422,
            36.31481048363191
          ]
        ]
      }
    },
    {
      "type": "Feature",
      "properties": {
        "proposal_id": "ink-line-480",
        "tile_id": "177-nonsan-mountain",
        "sheet_id": "177-nonsan",
        "split": "development",
        "proposal_kind": "visible_linework_review_only",
        "backend": "archaeotrace_ink_v2_centerline",
        "upstream_commit": "7960acddb4e82855e2088fdfdd2244799b63775c",
        "pixel_length": 21.657,
        "point_count": 4,
        "confidence": 1.0,
        "review_status": "unreviewed"
      },
      "geometry": {
        "type": "LineString",
        "coordinates": [
          [
            127.21162140180236,
            36.31442666390849
          ],
          [
            127.21181011902777,
            36.31434989996381
          ],
          [
            127.21218755347863,
            36.31434989996381
          ],
          [
            127.21256498792948,
            36.31442666390849
          ]
        ]
      }
    },
    {
      "type": "Feature",
      "properties": {
        "proposal_id": "ink-line-481",
        "tile_id": "177-nonsan-mountain",
        "sheet_id": "177-nonsan",
        "split": "development",
        "proposal_kind": "visible_linework_review_only",
        "backend": "archaeotrace_ink_v2_centerline",
        "upstream_commit": "7960acddb4e82855e2088fdfdd2244799b63775c",
        "pixel_length": 25.899,
        "point_count": 4,
        "confidence": 1.0,
        "review_status": "unreviewed"
      },
      "geometry": {
        "type": "LineString",
        "coordinates": [
          [
            127.21171576041506,
            36.31577003294046
          ],
          [
            127.21204601555957,
            36.31569326899578
          ],
          [
            127.21251780862312,
            36.31584679688515
          ],
          [
            127.21280088446126,
            36.315885178857485
          ]
        ]
      }
    },
    {
      "type": "Feature",
      "properties": {
        "proposal_id": "ink-line-482",
        "tile_id": "177-nonsan-mountain",
        "sheet_id": "177-nonsan",
        "split": "development",
        "proposal_kind": "visible_linework_review_only",
        "backend": "archaeotrace_ink_v2_centerline",
        "upstream_commit": "7960acddb4e82855e2088fdfdd2244799b63775c",
        "pixel_length": 36.314,
        "point_count": 8,
        "confidence": 1.0,
        "review_status": "unreviewed"
      },
      "geometry": {
        "type": "LineString",
        "coordinates": [
          [
            127.21171576041506,
            36.292702467562876
          ],
          [
            127.21181011902777,
            36.2925489396735
          ],
          [
            127.21185729833414,
            36.29220350192242
          ],
          [
            127.21190447764049,
            36.292165119950084
          ],
          [
            127.21185729833414,
            36.2920883560054
          ],
          [
            127.21190447764049,
            36.291934828116034
          ],
          [
            127.21185729833414,
            36.29178130022666
          ],
          [
            127.21190447764049,
            36.29143586247558
          ]
        ]
      }
    },
    {
      "type": "Feature",
      "properties": {
        "proposal_id": "ink-line-483",
        "tile_id": "177-nonsan-mountain",
        "sheet_id": "177-nonsan",
        "split": "development",
        "proposal_kind": "visible_linework_review_only",
        "backend": "archaeotrace_ink_v2_centerline",
        "upstream_commit": "7960acddb4e82855e2088fdfdd2244799b63775c",
        "pixel_length": 37.485,
        "point_count": 4,
        "confidence": 1.0,
        "review_status": "unreviewed"
      },
      "geometry": {
        "type": "LineString",
        "coordinates": [
          [
            127.21176293972142,
            36.31035817484023
          ],
          [
            127.21280088446126,
            36.31039655681257
          ],
          [
            127.21317831891211,
            36.310473320757254
          ],
          [
            127.21341421544389,
            36.31058846667428
          ]
        ]
      }
    },
    {
      "type": "Feature",
      "properties": {
        "proposal_id": "ink-line-484",
        "tile_id": "177-nonsan-mountain",
        "sheet_id": "177-nonsan",
        "split": "development",
        "proposal_kind": "visible_linework_review_only",
        "backend": "archaeotrace_ink_v2_centerline",
        "upstream_commit": "7960acddb4e82855e2088fdfdd2244799b63775c",
        "pixel_length": 24.657,
        "point_count": 5,
        "confidence": 1.0,
        "review_status": "unreviewed"
      },
      "geometry": {
        "type": "LineString",
        "coordinates": [
          [
            127.21176293972142,
            36.30801687452736
          ],
          [
            127.21181011902777,
            36.30794011058268
          ],
          [
            127.21181011902777,
            36.30767143677628
          ],
          [
            127.21171576041506,
            36.307517908886915
          ],
          [
            127.21176293972142,
            36.3071340891635
          ]
        ]
      }
    },
    {
      "type": "Feature",
      "properties": {
        "proposal_id": "ink-line-485",
        "tile_id": "177-nonsan-mountain",
        "sheet_id": "177-nonsan",
        "split": "development",
        "proposal_kind": "visible_linework_review_only",
        "backend": "archaeotrace_ink_v2_centerline",
        "upstream_commit": "7960acddb4e82855e2088fdfdd2244799b63775c",
        "pixel_length": 18.243,
        "point_count": 5,
        "confidence": 1.0,
        "review_status": "unreviewed"
      },
      "geometry": {
        "type": "LineString",
        "coordinates": [
          [
            127.21176293972142,
            36.29370039884377
          ],
          [
            127.21185729833414,
            36.29370039884377
          ],
          [
            127.21195165694685,
            36.293623634899085
          ],
          [
            127.2119988362532,
            36.293508488982056
          ],
          [
            127.2119988362532,
            36.29312466925864
          ]
        ]
      }
    },
    {
      "type": "Feature",
      "properties": {
        "proposal_id": "ink-line-486",
        "tile_id": "177-nonsan-mountain",
        "sheet_id": "177-nonsan",
        "split": "development",
        "proposal_kind": "visible_linework_review_only",
        "backend": "archaeotrace_ink_v2_centerline",
        "upstream_commit": "7960acddb4e82855e2088fdfdd2244799b63775c",
        "pixel_length": 22.657,
        "point_count": 4,
        "confidence": 1.0,
        "review_status": "unreviewed"
      },
      "geometry": {
        "type": "LineString",
        "coordinates": [
          [
            127.21185729833414,
            36.29446803829061
          ],
          [
            127.21195165694685,
            36.294429656318265
          ],
          [
            127.21261216723583,
            36.294429656318265
          ],
          [
            127.21275370515491,
            36.29423774645655
          ]
        ]
      }
    },
    {
      "type": "Feature",
      "properties": {
        "proposal_id": "ink-line-487",
        "tile_id": "177-nonsan-mountain",
        "sheet_id": "177-nonsan",
        "split": "development",
        "proposal_kind": "visible_linework_review_only",
        "backend": "archaeotrace_ink_v2_centerline",
        "upstream_commit": "7960acddb4e82855e2088fdfdd2244799b63775c",
        "pixel_length": 24.828,
        "point_count": 4,
        "confidence": 1.0,
        "review_status": "unreviewed"
      },
      "geometry": {
        "type": "LineString",
        "coordinates": [
          [
            127.2119988362532,
            36.322064676404565
          ],
          [
            127.21204601555957,
            36.322410114155645
          ],
          [
            127.21209319486591,
            36.32244849612798
          ],
          [
            127.21209319486591,
            36.322985843740774
          ]
        ]
      }
    },
    {
      "type": "Feature",
      "properties": {
        "proposal_id": "ink-line-488",
        "tile_id": "177-nonsan-mountain",
        "sheet_id": "177-nonsan",
        "split": "development",
        "proposal_kind": "visible_linework_review_only",
        "backend": "archaeotrace_ink_v2_centerline",
        "upstream_commit": "7960acddb4e82855e2088fdfdd2244799b63775c",
        "pixel_length": 21.414,
        "point_count": 3,
        "confidence": 1.0,
        "review_status": "unreviewed"
      },
      "geometry": {
        "type": "LineString",
        "coordinates": [
          [
            127.2119988362532,
            36.306711887467735
          ],
          [
            127.2119988362532,
            36.306059393937915
          ],
          [
            127.21204601555957,
            36.30590586604855
          ]
        ]
      }
    },
    {
      "type": "Feature",
      "properties": {
        "proposal_id": "ink-line-489",
        "tile_id": "177-nonsan-mountain",
        "sheet_id": "177-nonsan",
        "split": "development",
        "proposal_kind": "visible_linework_review_only",
        "backend": "archaeotrace_ink_v2_centerline",
        "upstream_commit": "7960acddb4e82855e2088fdfdd2244799b63775c",
        "pixel_length": 24.243,
        "point_count": 5,
        "confidence": 1.0,
        "review_status": "unreviewed"
      },
      "geometry": {
        "type": "LineString",
        "coordinates": [
          [
            127.21204601555957,
            36.32302422571311
          ],
          [
            127.21190447764049,
            36.32306260768546
          ],
          [
            127.21190447764049,
            36.32363833727059
          ],
          [
            127.2119988362532,
            36.32371510121527
          ],
          [
            127.21214037417228,
            36.32371510121527
          ]
        ]
      }
    },
    {
      "type": "Feature",
      "properties": {
        "proposal_id": "ink-line-490",
        "tile_id": "177-nonsan-mountain",
        "sheet_id": "177-nonsan",
        "split": "development",
        "proposal_kind": "visible_linework_review_only",
        "backend": "archaeotrace_ink_v2_centerline",
        "upstream_commit": "7960acddb4e82855e2088fdfdd2244799b63775c",
        "pixel_length": 39.314,
        "point_count": 5,
        "confidence": 1.0,
        "review_status": "unreviewed"
      },
      "geometry": {
        "type": "LineString",
        "coordinates": [
          [
            127.21218755347863,
            36.300494007948316
          ],
          [
            127.21232909139769,
            36.300302098086604
          ],
          [
            127.2124234500104,
            36.29999504230787
          ],
          [
            127.2124234500104,
            36.29930416680571
          ],
          [
            127.21256498792948,
            36.299112256944
          ]
        ]
      }
    },
    {
      "type": "Feature",
      "properties": {
        "proposal_id": "ink-line-491",
        "tile_id": "177-nonsan-mountain",
        "sheet_id": "177-nonsan",
        "split": "development",
        "proposal_kind": "visible_linework_review_only",
        "backend": "archaeotrace_ink_v2_centerline",
        "upstream_commit": "7960acddb4e82855e2088fdfdd2244799b63775c",
        "pixel_length": 19.828,
        "point_count": 3,
        "confidence": 1.0,
        "review_status": "unreviewed"
      },
      "geometry": {
        "type": "LineString",
        "coordinates": [
          [
            127.21223473278499,
            36.292702467562876
          ],
          [
            127.21228191209134,
            36.29258732164585
          ],
          [
            127.21223473278499,
            36.29197321008837
          ]
        ]
      }
    },
    {
      "type": "Feature",
      "properties": {
        "proposal_id": "ink-line-492",
        "tile_id": "177-nonsan-mountain",
        "sheet_id": "177-nonsan",
        "split": "development",
        "proposal_kind": "visible_linework_review_only",
        "backend": "archaeotrace_ink_v2_centerline",
        "upstream_commit": "7960acddb4e82855e2088fdfdd2244799b63775c",
        "pixel_length": 31.485,
        "point_count": 4,
        "confidence": 1.0,
        "review_status": "unreviewed"
      },
      "geometry": {
        "type": "LineString",
        "coordinates": [
          [
            127.2124234500104,
            36.29393069067782
          ],
          [
            127.21247062931677,
            36.293853926733135
          ],
          [
            127.21247062931677,
            36.29320143320332
          ],
          [
            127.21270652584855,
            36.2928176134799
          ]
        ]
      }
    },
    {
      "type": "Feature",
      "properties": {
        "proposal_id": "ink-line-493",
        "tile_id": "177-nonsan-mountain",
        "sheet_id": "177-nonsan",
        "split": "development",
        "proposal_kind": "visible_linework_review_only",
        "backend": "archaeotrace_ink_v2_centerline",
        "upstream_commit": "7960acddb4e82855e2088fdfdd2244799b63775c",
        "pixel_length": 37.657,
        "point_count": 3,
        "confidence": 1.0,
        "review_status": "unreviewed"
      },
      "geometry": {
        "type": "LineString",
        "coordinates": [
          [
            127.21247062931677,
            36.32290907979609
          ],
          [
            127.21256498792948,
            36.32183438457051
          ],
          [
            127.2126593465422,
            36.321527328791774
          ]
        ]
      }
    },
    {
      "type": "Feature",
      "properties": {
        "proposal_id": "ink-line-494",
        "tile_id": "177-nonsan-mountain",
        "sheet_id": "177-nonsan",
        "split": "development",
        "proposal_kind": "visible_linework_review_only",
        "backend": "archaeotrace_ink_v2_centerline",
        "upstream_commit": "7960acddb4e82855e2088fdfdd2244799b63775c",
        "pixel_length": 44.556,
        "point_count": 6,
        "confidence": 1.0,
        "review_status": "unreviewed"
      },
      "geometry": {
        "type": "LineString",
        "coordinates": [
          [
            127.21247062931677,
            36.30348780179099
          ],
          [
            127.21256498792948,
            36.303794857569734
          ],
          [
            127.21247062931677,
            36.30391000348676
          ],
          [
            127.2124234500104,
            36.30417867729315
          ],
          [
            127.2126593465422,
            36.30483117082297
          ],
          [
            127.21261216723583,
            36.30502308068468
          ]
        ]
      }
    },
    {
      "type": "Feature",
      "properties": {
        "proposal_id": "ink-line-495",
        "tile_id": "177-nonsan-mountain",
        "sheet_id": "177-nonsan",
        "split": "development",
        "proposal_kind": "visible_linework_review_only",
        "backend": "archaeotrace_ink_v2_centerline",
        "upstream_commit": "7960acddb4e82855e2088fdfdd2244799b63775c",
        "pixel_length": 25.042,
        "point_count": 2,
        "confidence": 1.0,
        "review_status": "unreviewed"
      },
      "geometry": {
        "type": "LineString",
        "coordinates": [
          [
            127.21261216723583,
            36.3209132172343
          ],
          [
            127.21341421544389,
            36.32022234173214
          ]
        ]
      }
    },
    {
      "type": "Feature",
      "properties": {
        "proposal_id": "ink-line-496",
        "tile_id": "177-nonsan-mountain",
        "sheet_id": "177-nonsan",
        "split": "development",
        "proposal_kind": "visible_linework_review_only",
        "backend": "archaeotrace_ink_v2_centerline",
        "upstream_commit": "7960acddb4e82855e2088fdfdd2244799b63775c",
        "pixel_length": 20.071,
        "point_count": 5,
        "confidence": 1.0,
        "review_status": "unreviewed"
      },
      "geometry": {
        "type": "LineString",
        "coordinates": [
          [
            127.21261216723583,
            36.301300029367496
          ],
          [
            127.21256498792948,
            36.30126164739516
          ],
          [
            127.21256498792948,
            36.300839445699395
          ],
          [
            127.21261216723583,
            36.30072429978237
          ],
          [
            127.21275370515491,
            36.30060915386534
          ]
        ]
      }
    },
    {
      "type": "Feature",
      "properties": {
        "proposal_id": "ink-line-497",
        "tile_id": "177-nonsan-mountain",
        "sheet_id": "177-nonsan",
        "split": "development",
        "proposal_kind": "visible_linework_review_only",
        "backend": "archaeotrace_ink_v2_centerline",
        "upstream_commit": "7960acddb4e82855e2088fdfdd2244799b63775c",
        "pixel_length": 24.071,
        "point_count": 5,
        "confidence": 1.0,
        "review_status": "unreviewed"
      },
      "geometry": {
        "type": "LineString",
        "coordinates": [
          [
            127.21270652584855,
            36.30272016234416
          ],
          [
            127.21275370515491,
            36.3027585443165
          ],
          [
            127.21275370515491,
            36.30298883615055
          ],
          [
            127.21294242238032,
            36.30325750995694
          ],
          [
            127.21294242238032,
            36.303564565735684
          ]
        ]
      }
    },
    {
      "type": "Feature",
      "properties": {
        "proposal_id": "ink-line-498",
        "tile_id": "177-nonsan-mountain",
        "sheet_id": "177-nonsan",
        "split": "development",
        "proposal_kind": "visible_linework_review_only",
        "backend": "archaeotrace_ink_v2_centerline",
        "upstream_commit": "7960acddb4e82855e2088fdfdd2244799b63775c",
        "pixel_length": 39.243,
        "point_count": 3,
        "confidence": 1.0,
        "review_status": "unreviewed"
      },
      "geometry": {
        "type": "LineString",
        "coordinates": [
          [
            127.21275370515491,
            36.31001273708915
          ],
          [
            127.21416908434558,
            36.31005111906149
          ],
          [
            127.21454651879644,
            36.30997435511681
          ]
        ]
      }
    },
    {
      "type": "Feature",
      "properties": {
        "proposal_id": "ink-line-499",
        "tile_id": "177-nonsan-mountain",
        "sheet_id": "177-nonsan",
        "split": "development",
        "proposal_kind": "visible_linework_review_only",
        "backend": "archaeotrace_ink_v2_centerline",
        "upstream_commit": "7960acddb4e82855e2088fdfdd2244799b63775c",
        "pixel_length": 29.243,
        "point_count": 4,
        "confidence": 1.0,
        "review_status": "unreviewed"
      },
      "geometry": {
        "type": "LineString",
        "coordinates": [
          [
            127.21280088446126,
            36.29416098251187
          ],
          [
            127.21275370515491,
            36.293316579120344
          ],
          [
            127.21284806376762,
            36.29320143320332
          ],
          [
            127.21284806376762,
            36.29308628728629
          ]
        ]
      }
    },
    {
      "type": "Feature",
      "properties": {
        "proposal_id": "ink-line-500",
        "tile_id": "177-nonsan-mountain",
        "sheet_id": "177-nonsan",
        "split": "development",
        "proposal_kind": "visible_linework_review_only",
        "backend": "archaeotrace_ink_v2_centerline",
        "upstream_commit": "7960acddb4e82855e2088fdfdd2244799b63775c",
        "pixel_length": 41.485,
        "point_count": 7,
        "confidence": 1.0,
        "review_status": "unreviewed"
      },
      "geometry": {
        "type": "LineString",
        "coordinates": [
          [
            127.21289524307397,
            36.32329289951951
          ],
          [
            127.21294242238032,
            36.32283231585141
          ],
          [
            127.21298960168669,
            36.32279393387906
          ],
          [
            127.21298960168669,
            36.322333350210954
          ],
          [
            127.21303678099304,
            36.322294968238616
          ],
          [
            127.2130839602994,
            36.32194953048754
          ],
          [
            127.21317831891211,
            36.32179600259817
          ]
        ]
      }
    },
    {
      "type": "Feature",
      "properties": {
        "proposal_id": "ink-line-501",
        "tile_id": "177-nonsan-mountain",
        "sheet_id": "177-nonsan",
        "split": "development",
        "proposal_kind": "visible_linework_review_only",
        "backend": "archaeotrace_ink_v2_centerline",
        "upstream_commit": "7960acddb4e82855e2088fdfdd2244799b63775c",
        "pixel_length": 22.485,
        "point_count": 3,
        "confidence": 1.0,
        "review_status": "unreviewed"
      },
      "geometry": {
        "type": "LineString",
        "coordinates": [
          [
            127.21289524307397,
            36.304255441237835
          ],
          [
            127.2130839602994,
            36.30471602490594
          ],
          [
            127.21298960168669,
            36.30502308068468
          ]
        ]
      }
    },
    {
      "type": "Feature",
      "properties": {
        "proposal_id": "ink-line-502",
        "tile_id": "177-nonsan-mountain",
        "sheet_id": "177-nonsan",
        "split": "development",
        "proposal_kind": "visible_linework_review_only",
        "backend": "archaeotrace_ink_v2_centerline",
        "upstream_commit": "7960acddb4e82855e2088fdfdd2244799b63775c",
        "pixel_length": 42.899,
        "point_count": 5,
        "confidence": 1.0,
        "review_status": "unreviewed"
      },
      "geometry": {
        "type": "LineString",
        "coordinates": [
          [
            127.21294242238032,
            36.32390701107698
          ],
          [
            127.21317831891211,
            36.32333128149185
          ],
          [
            127.21317831891211,
            36.32294746176843
          ],
          [
            127.21322549821846,
            36.32290907979609
          ],
          [
            127.21327267752483,
            36.3223717321833
          ]
        ]
      }
    },
    {
      "type": "Feature",
      "properties": {
        "proposal_id": "ink-line-503",
        "tile_id": "177-nonsan-mountain",
        "sheet_id": "177-nonsan",
        "split": "development",
        "proposal_kind": "visible_linework_review_only",
        "backend": "archaeotrace_ink_v2_centerline",
        "upstream_commit": "7960acddb4e82855e2088fdfdd2244799b63775c",
        "pixel_length": 21.243,
        "point_count": 5,
        "confidence": 1.0,
        "review_status": "unreviewed"
      },
      "geometry": {
        "type": "LineString",
        "coordinates": [
          [
            127.21294242238032,
            36.319147646506565
          ],
          [
            127.21294242238032,
            36.318917354672514
          ],
          [
            127.21298960168669,
            36.31887897270017
          ],
          [
            127.21298960168669,
            36.31868706283846
          ],
          [
            127.2130839602994,
            36.31838000705972
          ]
        ]
      }
    },
    {
      "type": "Feature",
      "properties": {
        "proposal_id": "ink-line-504",
        "tile_id": "177-nonsan-mountain",
        "sheet_id": "177-nonsan",
        "split": "development",
        "proposal_kind": "visible_linework_review_only",
        "backend": "archaeotrace_ink_v2_centerline",
        "upstream_commit": "7960acddb4e82855e2088fdfdd2244799b63775c",
        "pixel_length": 32.657,
        "point_count": 5,
        "confidence": 1.0,
        "review_status": "unreviewed"
      },
      "geometry": {
        "type": "LineString",
        "coordinates": [
          [
            127.21298960168669,
            36.31208536359562
          ],
          [
            127.21298960168669,
            36.3117015438722
          ],
          [
            127.2130839602994,
            36.31150963401049
          ],
          [
            127.2130839602994,
            36.31116419625941
          ],
          [
            127.21298960168669,
            36.310895522453016
          ]
        ]
      }
    },
    {
      "type": "Feature",
      "properties": {
        "proposal_id": "ink-line-505",
        "tile_id": "177-nonsan-mountain",
        "sheet_id": "177-nonsan",
        "split": "development",
        "proposal_kind": "visible_linework_review_only",
        "backend": "archaeotrace_ink_v2_centerline",
        "upstream_commit": "7960acddb4e82855e2088fdfdd2244799b63775c",
        "pixel_length": 18.243,
        "point_count": 3,
        "confidence": 1.0,
        "review_status": "unreviewed"
      },
      "geometry": {
        "type": "LineString",
        "coordinates": [
          [
            127.21298960168669,
            36.29458318420763
          ],
          [
            127.2130839602994,
            36.294429656318265
          ],
          [
            127.21313113960575,
            36.29393069067782
          ]
        ]
      }
    },
    {
      "type": "Feature",
      "properties": {
        "proposal_id": "ink-line-506",
        "tile_id": "177-nonsan-mountain",
        "sheet_id": "177-nonsan",
        "split": "development",
        "proposal_kind": "visible_linework_review_only",
        "backend": "archaeotrace_ink_v2_centerline",
        "upstream_commit": "7960acddb4e82855e2088fdfdd2244799b63775c",
        "pixel_length": 24.657,
        "point_count": 5,
        "confidence": 1.0,
        "review_status": "unreviewed"
      },
      "geometry": {
        "type": "LineString",
        "coordinates": [
          [
            127.21317831891211,
            36.3194547022853
          ],
          [
            127.21317831891211,
            36.31933955636828
          ],
          [
            127.21327267752483,
            36.31922441045125
          ],
          [
            127.21327267752483,
            36.31887897270017
          ],
          [
            127.21336703613754,
            36.318571916921435
          ]
        ]
      }
    },
    {
      "type": "Feature",
      "properties": {
        "proposal_id": "ink-line-507",
        "tile_id": "177-nonsan-mountain",
        "sheet_id": "177-nonsan",
        "split": "development",
        "proposal_kind": "visible_linework_review_only",
        "backend": "archaeotrace_ink_v2_centerline",
        "upstream_commit": "7960acddb4e82855e2088fdfdd2244799b63775c",
        "pixel_length": 25.485,
        "point_count": 6,
        "confidence": 1.0,
        "review_status": "unreviewed"
      },
      "geometry": {
        "type": "LineString",
        "coordinates": [
          [
            127.21322549821846,
            36.30959053539339
          ],
          [
            127.21331985683118,
            36.309667299338074
          ],
          [
            127.21346139475025,
            36.309667299338074
          ],
          [
            127.2138388292011,
            36.309782445255095
          ],
          [
            127.21421626365195,
            36.309782445255095
          ],
          [
            127.21431062226466,
            36.30974406328276
          ]
        ]
      }
    },
    {
      "type": "Feature",
      "properties": {
        "proposal_id": "ink-line-508",
        "tile_id": "177-nonsan-mountain",
        "sheet_id": "177-nonsan",
        "split": "development",
        "proposal_kind": "visible_linework_review_only",
        "backend": "archaeotrace_ink_v2_centerline",
        "upstream_commit": "7960acddb4e82855e2088fdfdd2244799b63775c",
        "pixel_length": 20.071,
        "point_count": 5,
        "confidence": 1.0,
        "review_status": "unreviewed"
      },
      "geometry": {
        "type": "LineString",
        "coordinates": [
          [
            127.21322549821846,
            36.29853652735887
          ],
          [
            127.21317831891211,
            36.29861329130355
          ],
          [
            127.21317831891211,
            36.29888196510995
          ],
          [
            127.21346139475025,
            36.299035492999316
          ],
          [
            127.21346139475025,
            36.299150638916345
          ]
        ]
      }
    },
    {
      "type": "Feature",
      "properties": {
        "proposal_id": "ink-line-509",
        "tile_id": "177-nonsan-mountain",
        "sheet_id": "177-nonsan",
        "split": "development",
        "proposal_kind": "visible_linework_review_only",
        "backend": "archaeotrace_ink_v2_centerline",
        "upstream_commit": "7960acddb4e82855e2088fdfdd2244799b63775c",
        "pixel_length": 20.485,
        "point_count": 5,
        "confidence": 1.0,
        "review_status": "unreviewed"
      },
      "geometry": {
        "type": "LineString",
        "coordinates": [
          [
            127.21327267752483,
            36.30924509764231
          ],
          [
            127.2135085740566,
            36.30924509764231
          ],
          [
            127.21360293266932,
            36.30916833369763
          ],
          [
            127.21365011197567,
            36.30901480580825
          ],
          [
            127.2135085740566,
            36.308746132001865
          ]
        ]
      }
    },
    {
      "type": "Feature",
      "properties": {
        "proposal_id": "ink-line-510",
        "tile_id": "177-nonsan-mountain",
        "sheet_id": "177-nonsan",
        "split": "development",
        "proposal_kind": "visible_linework_review_only",
        "backend": "archaeotrace_ink_v2_centerline",
        "upstream_commit": "7960acddb4e82855e2088fdfdd2244799b63775c",
        "pixel_length": 20.243,
        "point_count": 3,
        "confidence": 1.0,
        "review_status": "unreviewed"
      },
      "geometry": {
        "type": "LineString",
        "coordinates": [
          [
            127.21331985683118,
            36.294659948152315
          ],
          [
            127.21346139475025,
            36.29439127434593
          ],
          [
            127.21346139475025,
            36.29393069067782
          ]
        ]
      }
    },
    {
      "type": "Feature",
      "properties": {
        "proposal_id": "ink-line-511",
        "tile_id": "177-nonsan-mountain",
        "sheet_id": "177-nonsan",
        "split": "development",
        "proposal_kind": "visible_linework_review_only",
        "backend": "archaeotrace_ink_v2_centerline",
        "upstream_commit": "7960acddb4e82855e2088fdfdd2244799b63775c",
        "pixel_length": 21.657,
        "point_count": 5,
        "confidence": 1.0,
        "review_status": "unreviewed"
      },
      "geometry": {
        "type": "LineString",
        "coordinates": [
          [
            127.21341421544389,
            36.317919423391615
          ],
          [
            127.21355575336295,
            36.31784265944693
          ],
          [
            127.21412190503924,
            36.31784265944693
          ],
          [
            127.21416908434558,
            36.31780427747459
          ],
          [
            127.21435780157101,
            36.31784265944693
          ]
        ]
      }
    },
    {
      "type": "Feature",
      "properties": {
        "proposal_id": "ink-line-512",
        "tile_id": "177-nonsan-mountain",
        "sheet_id": "177-nonsan",
        "split": "development",
        "proposal_kind": "visible_linework_review_only",
        "backend": "archaeotrace_ink_v2_centerline",
        "upstream_commit": "7960acddb4e82855e2088fdfdd2244799b63775c",
        "pixel_length": 30.728,
        "point_count": 4,
        "confidence": 1.0,
        "review_status": "unreviewed"
      },
      "geometry": {
        "type": "LineString",
        "coordinates": [
          [
            127.2135085740566,
            36.293316579120344
          ],
          [
            127.21379164989474,
            36.29320143320332
          ],
          [
            127.21416908434558,
            36.29320143320332
          ],
          [
            127.21478241532822,
            36.29343172503737
          ]
        ]
      }
    },
    {
      "type": "Feature",
      "properties": {
        "proposal_id": "ink-line-513",
        "tile_id": "177-nonsan-mountain",
        "sheet_id": "177-nonsan",
        "split": "development",
        "proposal_kind": "visible_linework_review_only",
        "backend": "archaeotrace_ink_v2_centerline",
        "upstream_commit": "7960acddb4e82855e2088fdfdd2244799b63775c",
        "pixel_length": 19.657,
        "point_count": 4,
        "confidence": 1.0,
        "review_status": "unreviewed"
      },
      "geometry": {
        "type": "LineString",
        "coordinates": [
          [
            127.21360293266932,
            36.30348780179099
          ],
          [
            127.21369729128203,
            36.30318074601226
          ],
          [
            127.21369729128203,
            36.30298883615055
          ],
          [
            127.21360293266932,
            36.30279692628884
          ]
        ]
      }
    },
    {
      "type": "Feature",
      "properties": {
        "proposal_id": "ink-line-514",
        "tile_id": "177-nonsan-mountain",
        "sheet_id": "177-nonsan",
        "split": "development",
        "proposal_kind": "visible_linework_review_only",
        "backend": "archaeotrace_ink_v2_centerline",
        "upstream_commit": "7960acddb4e82855e2088fdfdd2244799b63775c",
        "pixel_length": 22.556,
        "point_count": 3,
        "confidence": 1.0,
        "review_status": "unreviewed"
      },
      "geometry": {
        "type": "LineString",
        "coordinates": [
          [
            127.21365011197567,
            36.32137380090241
          ],
          [
            127.21398036712017,
            36.32133541893006
          ],
          [
            127.21449933949009,
            36.321719238653486
          ]
        ]
      }
    },
    {
      "type": "Feature",
      "properties": {
        "proposal_id": "ink-line-515",
        "tile_id": "177-nonsan-mountain",
        "sheet_id": "177-nonsan",
        "split": "development",
        "proposal_kind": "visible_linework_review_only",
        "backend": "archaeotrace_ink_v2_centerline",
        "upstream_commit": "7960acddb4e82855e2088fdfdd2244799b63775c",
        "pixel_length": 23.485,
        "point_count": 3,
        "confidence": 1.0,
        "review_status": "unreviewed"
      },
      "geometry": {
        "type": "LineString",
        "coordinates": [
          [
            127.21365011197567,
            36.2891713261074
          ],
          [
            127.21365011197567,
            36.28874912441164
          ],
          [
            127.21393318781381,
            36.28836530468822
          ]
        ]
      }
    },
    {
      "type": "Feature",
      "properties": {
        "proposal_id": "ink-line-516",
        "tile_id": "177-nonsan-mountain",
        "sheet_id": "177-nonsan",
        "split": "development",
        "proposal_kind": "visible_linework_review_only",
        "backend": "archaeotrace_ink_v2_centerline",
        "upstream_commit": "7960acddb4e82855e2088fdfdd2244799b63775c",
        "pixel_length": 26.899,
        "point_count": 3,
        "confidence": 1.0,
        "review_status": "unreviewed"
      },
      "geometry": {
        "type": "LineString",
        "coordinates": [
          [
            127.21369729128203,
            36.288211776798846
          ],
          [
            127.21402754642652,
            36.287405755379666
          ],
          [
            127.21402754642652,
            36.28729060946264
          ]
        ]
      }
    },
    {
      "type": "Feature",
      "properties": {
        "proposal_id": "ink-line-517",
        "tile_id": "177-nonsan-mountain",
        "sheet_id": "177-nonsan",
        "split": "development",
        "proposal_kind": "visible_linework_review_only",
        "backend": "archaeotrace_ink_v2_centerline",
        "upstream_commit": "7960acddb4e82855e2088fdfdd2244799b63775c",
        "pixel_length": 22.657,
        "point_count": 4,
        "confidence": 1.0,
        "review_status": "unreviewed"
      },
      "geometry": {
        "type": "LineString",
        "coordinates": [
          [
            127.2138388292011,
            36.31719016591712
          ],
          [
            127.21402754642652,
            36.31715178394478
          ],
          [
            127.21454651879644,
            36.31719016591712
          ],
          [
            127.21482959463458,
            36.317113401972435
          ]
        ]
      }
    },
    {
      "type": "Feature",
      "properties": {
        "proposal_id": "ink-line-518",
        "tile_id": "177-nonsan-mountain",
        "sheet_id": "177-nonsan",
        "split": "development",
        "proposal_kind": "visible_linework_review_only",
        "backend": "archaeotrace_ink_v2_centerline",
        "upstream_commit": "7960acddb4e82855e2088fdfdd2244799b63775c",
        "pixel_length": 31.071,
        "point_count": 4,
        "confidence": 1.0,
        "review_status": "unreviewed"
      },
      "geometry": {
        "type": "LineString",
        "coordinates": [
          [
            127.2138388292011,
            36.315309449272355
          ],
          [
            127.21388600850746,
            36.31527106730002
          ],
          [
            127.21468805671552,
            36.315309449272355
          ],
          [
            127.21520702908543,
            36.315194303355334
          ]
        ]
      }
    },
    {
      "type": "Feature",
      "properties": {
        "proposal_id": "ink-line-519",
        "tile_id": "177-nonsan-mountain",
        "sheet_id": "177-nonsan",
        "split": "development",
        "proposal_kind": "visible_linework_review_only",
        "backend": "archaeotrace_ink_v2_centerline",
        "upstream_commit": "7960acddb4e82855e2088fdfdd2244799b63775c",
        "pixel_length": 23.485,
        "point_count": 6,
        "confidence": 1.0,
        "review_status": "unreviewed"
      },
      "geometry": {
        "type": "LineString",
        "coordinates": [
          [
            127.21393318781381,
            36.315961942802176
          ],
          [
            127.21402754642652,
            36.315885178857485
          ],
          [
            127.21421626365195,
            36.315885178857485
          ],
          [
            127.21454651879644,
            36.316000324774514
          ],
          [
            127.21487677394093,
            36.316000324774514
          ],
          [
            127.2149239532473,
            36.315961942802176
          ]
        ]
      }
    },
    {
      "type": "Feature",
      "properties": {
        "proposal_id": "ink-line-520",
        "tile_id": "177-nonsan-mountain",
        "sheet_id": "177-nonsan",
        "split": "development",
        "proposal_kind": "visible_linework_review_only",
        "backend": "archaeotrace_ink_v2_centerline",
        "upstream_commit": "7960acddb4e82855e2088fdfdd2244799b63775c",
        "pixel_length": 27.899,
        "point_count": 4,
        "confidence": 1.0,
        "review_status": "unreviewed"
      },
      "geometry": {
        "type": "LineString",
        "coordinates": [
          [
            127.21398036712017,
            36.322755551906724
          ],
          [
            127.21416908434558,
            36.322294968238616
          ],
          [
            127.21412190503924,
            36.32191114851519
          ],
          [
            127.21402754642652,
            36.32179600259817
          ]
        ]
      }
    },
    {
      "type": "Feature",
      "properties": {
        "proposal_id": "ink-line-521",
        "tile_id": "177-nonsan-mountain",
        "sheet_id": "177-nonsan",
        "split": "development",
        "proposal_kind": "visible_linework_review_only",
        "backend": "archaeotrace_ink_v2_centerline",
        "upstream_commit": "7960acddb4e82855e2088fdfdd2244799b63775c",
        "pixel_length": 20.657,
        "point_count": 3,
        "confidence": 1.0,
        "review_status": "unreviewed"
      },
      "geometry": {
        "type": "LineString",
        "coordinates": [
          [
            127.21402754642652,
            36.289439999913796
          ],
          [
            127.21398036712017,
            36.28905618019038
          ],
          [
            127.21412190503924,
            36.2887107424393
          ]
        ]
      }
    },
    {
      "type": "Feature",
      "properties": {
        "proposal_id": "ink-line-522",
        "tile_id": "177-nonsan-mountain",
        "sheet_id": "177-nonsan",
        "split": "development",
        "proposal_kind": "visible_linework_review_only",
        "backend": "archaeotrace_ink_v2_centerline",
        "upstream_commit": "7960acddb4e82855e2088fdfdd2244799b63775c",
        "pixel_length": 19.243,
        "point_count": 3,
        "confidence": 1.0,
        "review_status": "unreviewed"
      },
      "geometry": {
        "type": "LineString",
        "coordinates": [
          [
            127.21421626365195,
            36.32367671924293
          ],
          [
            127.21435780157101,
            36.32386862910464
          ],
          [
            127.21435780157101,
            36.32436759474509
          ]
        ]
      }
    },
    {
      "type": "Feature",
      "properties": {
        "proposal_id": "ink-line-523",
        "tile_id": "177-nonsan-mountain",
        "sheet_id": "177-nonsan",
        "split": "development",
        "proposal_kind": "visible_linework_review_only",
        "backend": "archaeotrace_ink_v2_centerline",
        "upstream_commit": "7960acddb4e82855e2088fdfdd2244799b63775c",
        "pixel_length": 19.828,
        "point_count": 4,
        "confidence": 1.0,
        "review_status": "unreviewed"
      },
      "geometry": {
        "type": "LineString",
        "coordinates": [
          [
            127.21440498087738,
            36.28928647202443
          ],
          [
            127.21440498087738,
            36.28963190977551
          ],
          [
            127.21445216018373,
            36.289670291747846
          ],
          [
            127.21449933949009,
            36.290015729498926
          ]
        ]
      }
    },
    {
      "type": "Feature",
      "properties": {
        "proposal_id": "ink-line-524",
        "tile_id": "177-nonsan-mountain",
        "sheet_id": "177-nonsan",
        "split": "development",
        "proposal_kind": "visible_linework_review_only",
        "backend": "archaeotrace_ink_v2_centerline",
        "upstream_commit": "7960acddb4e82855e2088fdfdd2244799b63775c",
        "pixel_length": 29.899,
        "point_count": 8,
        "confidence": 1.0,
        "review_status": "unreviewed"
      },
      "geometry": {
        "type": "LineString",
        "coordinates": [
          [
            127.21445216018373,
            36.29665581071411
          ],
          [
            127.21449933949009,
            36.29638713690771
          ],
          [
            127.21464087740915,
            36.29627199099069
          ],
          [
            127.21482959463458,
            36.29627199099069
          ],
          [
            127.21487677394093,
            36.296233609018344
          ],
          [
            127.2149239532473,
            36.29627199099069
          ],
          [
            127.2153485670045,
            36.29627199099069
          ],
          [
            127.21544292561721,
            36.296233609018344
          ]
        ]
      }
    },
    {
      "type": "Feature",
      "properties": {
        "proposal_id": "ink-line-525",
        "tile_id": "177-nonsan-mountain",
        "sheet_id": "177-nonsan",
        "split": "development",
        "proposal_kind": "visible_linework_review_only",
        "backend": "archaeotrace_ink_v2_centerline",
        "upstream_commit": "7960acddb4e82855e2088fdfdd2244799b63775c",
        "pixel_length": 33.899,
        "point_count": 4,
        "confidence": 1.0,
        "review_status": "unreviewed"
      },
      "geometry": {
        "type": "LineString",
        "coordinates": [
          [
            127.21468805671552,
            36.31933955636828
          ],
          [
            127.21482959463458,
            36.320260723704486
          ],
          [
            127.21487677394093,
            36.320375869621515
          ],
          [
            127.21506549116636,
            36.320491015538536
          ]
        ]
      }
    },
    {
      "type": "Feature",
      "properties": {
        "proposal_id": "ink-line-526",
        "tile_id": "177-nonsan-mountain",
        "sheet_id": "177-nonsan",
        "split": "development",
        "proposal_kind": "visible_linework_review_only",
        "backend": "archaeotrace_ink_v2_centerline",
        "upstream_commit": "7960acddb4e82855e2088fdfdd2244799b63775c",
        "pixel_length": 31.899,
        "point_count": 6,
        "confidence": 1.0,
        "review_status": "unreviewed"
      },
      "geometry": {
        "type": "LineString",
        "coordinates": [
          [
            127.21482959463458,
            36.2906298410564
          ],
          [
            127.21497113255364,
            36.290361167250005
          ],
          [
            127.2149239532473,
            36.28997734752659
          ],
          [
            127.21482959463458,
            36.28974705569253
          ],
          [
            127.21482959463458,
            36.289555145830825
          ],
          [
            127.21487677394093,
            36.28951676385848
          ]
        ]
      }
    },
    {
      "type": "Feature",
      "properties": {
        "proposal_id": "ink-line-527",
        "tile_id": "177-nonsan-mountain",
        "sheet_id": "177-nonsan",
        "split": "development",
        "proposal_kind": "visible_linework_review_only",
        "backend": "archaeotrace_ink_v2_centerline",
        "upstream_commit": "7960acddb4e82855e2088fdfdd2244799b63775c",
        "pixel_length": 20.314,
        "point_count": 5,
        "confidence": 1.0,
        "review_status": "unreviewed"
      },
      "geometry": {
        "type": "LineString",
        "coordinates": [
          [
            127.21487677394093,
            36.304332205182526
          ],
          [
            127.2149239532473,
            36.30444735109955
          ],
          [
            127.21511267047272,
            36.304600878988914
          ],
          [
            127.21544292561721,
            36.30471602490594
          ],
          [
            127.21558446353627,
            36.30471602490594
          ]
        ]
      }
    },
    {
      "type": "Feature",
      "properties": {
        "proposal_id": "ink-line-528",
        "tile_id": "177-nonsan-mountain",
        "sheet_id": "177-nonsan",
        "split": "development",
        "proposal_kind": "visible_linework_review_only",
        "backend": "archaeotrace_ink_v2_centerline",
        "upstream_commit": "7960acddb4e82855e2088fdfdd2244799b63775c",
        "pixel_length": 23.243,
        "point_count": 4,
        "confidence": 1.0,
        "review_status": "unreviewed"
      },
      "geometry": {
        "type": "LineString",
        "coordinates": [
          [
            127.2149239532473,
            36.31864868086612
          ],
          [
            127.21497113255364,
            36.31895573664485
          ],
          [
            127.21506549116636,
            36.319147646506565
          ],
          [
            127.21506549116636,
            36.319493084257644
          ]
        ]
      }
    },
    {
      "type": "Feature",
      "properties": {
        "proposal_id": "ink-line-529",
        "tile_id": "177-nonsan-mountain",
        "sheet_id": "177-nonsan",
        "split": "development",
        "proposal_kind": "visible_linework_review_only",
        "backend": "archaeotrace_ink_v2_centerline",
        "upstream_commit": "7960acddb4e82855e2088fdfdd2244799b63775c",
        "pixel_length": 24.657,
        "point_count": 4,
        "confidence": 1.0,
        "review_status": "unreviewed"
      },
      "geometry": {
        "type": "LineString",
        "coordinates": [
          [
            127.2149239532473,
            36.311586397955175
          ],
          [
            127.21530138769815,
            36.31166316189986
          ],
          [
            127.2157731807617,
            36.31166316189986
          ],
          [
            127.21600907729348,
            36.31173992584454
          ]
        ]
      }
    },
    {
      "type": "Feature",
      "properties": {
        "proposal_id": "ink-line-530",
        "tile_id": "177-nonsan-mountain",
        "sheet_id": "177-nonsan",
        "split": "development",
        "proposal_kind": "visible_linework_review_only",
        "backend": "archaeotrace_ink_v2_centerline",
        "upstream_commit": "7960acddb4e82855e2088fdfdd2244799b63775c",
        "pixel_length": 22.828,
        "point_count": 3,
        "confidence": 1.0,
        "review_status": "unreviewed"
      },
      "geometry": {
        "type": "LineString",
        "coordinates": [
          [
            127.2149239532473,
            36.31127934217644
          ],
          [
            127.21501831186,
            36.31131772414878
          ],
          [
            127.21596189798713,
            36.311356106121124
          ]
        ]
      }
    },
    {
      "type": "Feature",
      "properties": {
        "proposal_id": "ink-line-531",
        "tile_id": "177-nonsan-mountain",
        "sheet_id": "177-nonsan",
        "split": "development",
        "proposal_kind": "visible_linework_review_only",
        "backend": "archaeotrace_ink_v2_centerline",
        "upstream_commit": "7960acddb4e82855e2088fdfdd2244799b63775c",
        "pixel_length": 19.485,
        "point_count": 4,
        "confidence": 1.0,
        "review_status": "unreviewed"
      },
      "geometry": {
        "type": "LineString",
        "coordinates": [
          [
            127.21501831186,
            36.30625130379963
          ],
          [
            127.21520702908543,
            36.30632806774431
          ],
          [
            127.21567882214899,
            36.306366449716656
          ],
          [
            127.21582036006807,
            36.30648159563368
          ]
        ]
      }
    },
    {
      "type": "Feature",
      "properties": {
        "proposal_id": "ink-line-532",
        "tile_id": "177-nonsan-mountain",
        "sheet_id": "177-nonsan",
        "split": "development",
        "proposal_kind": "visible_linework_review_only",
        "backend": "archaeotrace_ink_v2_centerline",
        "upstream_commit": "7960acddb4e82855e2088fdfdd2244799b63775c",
        "pixel_length": 53.728,
        "point_count": 6,
        "confidence": 1.0,
        "review_status": "unreviewed"
      },
      "geometry": {
        "type": "LineString",
        "coordinates": [
          [
            127.21506549116636,
            36.29228026586711
          ],
          [
            127.21515984977907,
            36.292049974033056
          ],
          [
            127.21515984977907,
            36.29155100839261
          ],
          [
            127.21511267047272,
            36.29151262642027
          ],
          [
            127.21515984977907,
            36.29086013289045
          ],
          [
            127.21539574631085,
            36.290361167250005
          ]
        ]
      }
    },
    {
      "type": "Feature",
      "properties": {
        "proposal_id": "ink-line-533",
        "tile_id": "177-nonsan-mountain",
        "sheet_id": "177-nonsan",
        "split": "development",
        "proposal_kind": "visible_linework_review_only",
        "backend": "archaeotrace_ink_v2_centerline",
        "upstream_commit": "7960acddb4e82855e2088fdfdd2244799b63775c",
        "pixel_length": 21.728,
        "point_count": 4,
        "confidence": 1.0,
        "review_status": "unreviewed"
      },
      "geometry": {
        "type": "LineString",
        "coordinates": [
          [
            127.21511267047272,
            36.32452112263446
          ],
          [
            127.21544292561721,
            36.32417568488338
          ],
          [
            127.21553728422992,
            36.32402215699401
          ],
          [
            127.21553728422992,
            36.3238302471323
          ]
        ]
      }
    },
    {
      "type": "Feature",
      "properties": {
        "proposal_id": "ink-line-534",
        "tile_id": "177-nonsan-mountain",
        "sheet_id": "177-nonsan",
        "split": "development",
        "proposal_kind": "visible_linework_review_only",
        "backend": "archaeotrace_ink_v2_centerline",
        "upstream_commit": "7960acddb4e82855e2088fdfdd2244799b63775c",
        "pixel_length": 21.243,
        "point_count": 4,
        "confidence": 1.0,
        "review_status": "unreviewed"
      },
      "geometry": {
        "type": "LineString",
        "coordinates": [
          [
            127.21511267047272,
            36.318264861142694
          ],
          [
            127.21515984977907,
            36.31838000705972
          ],
          [
            127.21515984977907,
            36.31884059072783
          ],
          [
            127.21525420839178,
            36.319032500589536
          ]
        ]
      }
    },
    {
      "type": "Feature",
      "properties": {
        "proposal_id": "ink-line-535",
        "tile_id": "177-nonsan-mountain",
        "sheet_id": "177-nonsan",
        "split": "development",
        "proposal_kind": "visible_linework_review_only",
        "backend": "archaeotrace_ink_v2_centerline",
        "upstream_commit": "7960acddb4e82855e2088fdfdd2244799b63775c",
        "pixel_length": 39.971,
        "point_count": 8,
        "confidence": 1.0,
        "review_status": "unreviewed"
      },
      "geometry": {
        "type": "LineString",
        "coordinates": [
          [
            127.21520702908543,
            36.29980313244616
          ],
          [
            127.21539574631085,
            36.299726368501474
          ],
          [
            127.21563164284264,
            36.299726368501474
          ],
          [
            127.21591471868078,
            36.299841514418496
          ],
          [
            127.21624497382527,
            36.29987989639084
          ],
          [
            127.2164336910507,
            36.29968798652913
          ],
          [
            127.2164336910507,
            36.299496076667424
          ],
          [
            127.21633933243798,
            36.299380930750395
          ]
        ]
      }
    },
    {
      "type": "Feature",
      "properties": {
        "proposal_id": "ink-line-536",
        "tile_id": "177-nonsan-mountain",
        "sheet_id": "177-nonsan",
        "split": "development",
        "proposal_kind": "visible_linework_review_only",
        "backend": "archaeotrace_ink_v2_centerline",
        "upstream_commit": "7960acddb4e82855e2088fdfdd2244799b63775c",
        "pixel_length": 25.828,
        "point_count": 3,
        "confidence": 1.0,
        "review_status": "unreviewed"
      },
      "geometry": {
        "type": "LineString",
        "coordinates": [
          [
            127.21525420839178,
            36.31104905034238
          ],
          [
            127.21610343590619,
            36.31104905034238
          ],
          [
            127.2164336910507,
            36.311125814287074
          ]
        ]
      }
    },
    {
      "type": "Feature",
      "properties": {
        "proposal_id": "ink-line-537",
        "tile_id": "177-nonsan-mountain",
        "sheet_id": "177-nonsan",
        "split": "development",
        "proposal_kind": "visible_linework_review_only",
        "backend": "archaeotrace_ink_v2_centerline",
        "upstream_commit": "7960acddb4e82855e2088fdfdd2244799b63775c",
        "pixel_length": 18.071,
        "point_count": 3,
        "confidence": 1.0,
        "review_status": "unreviewed"
      },
      "geometry": {
        "type": "LineString",
        "coordinates": [
          [
            127.21530138769815,
            36.292702467562876
          ],
          [
            127.21549010492356,
            36.29251055770116
          ],
          [
            127.21553728422992,
            36.2920883560054
          ]
        ]
      }
    },
    {
      "type": "Feature",
      "properties": {
        "proposal_id": "ink-line-538",
        "tile_id": "177-nonsan-mountain",
        "sheet_id": "177-nonsan",
        "split": "development",
        "proposal_kind": "visible_linework_review_only",
        "backend": "archaeotrace_ink_v2_centerline",
        "upstream_commit": "7960acddb4e82855e2088fdfdd2244799b63775c",
        "pixel_length": 20.243,
        "point_count": 5,
        "confidence": 1.0,
        "review_status": "unreviewed"
      },
      "geometry": {
        "type": "LineString",
        "coordinates": [
          [
            127.2153485670045,
            36.287751193130745
          ],
          [
            127.21539574631085,
            36.28767442918606
          ],
          [
            127.21539574631085,
            36.28736737340732
          ],
          [
            127.21544292561721,
            36.28732899143498
          ],
          [
            127.21539574631085,
            36.28702193565624
          ]
        ]
      }
    },
    {
      "type": "Feature",
      "properties": {
        "proposal_id": "ink-line-539",
        "tile_id": "177-nonsan-mountain",
        "sheet_id": "177-nonsan",
        "split": "development",
        "proposal_kind": "visible_linework_review_only",
        "backend": "archaeotrace_ink_v2_centerline",
        "upstream_commit": "7960acddb4e82855e2088fdfdd2244799b63775c",
        "pixel_length": 19.071,
        "point_count": 5,
        "confidence": 1.0,
        "review_status": "unreviewed"
      },
      "geometry": {
        "type": "LineString",
        "coordinates": [
          [
            127.21539574631085,
            36.31738207577883
          ],
          [
            127.21563164284264,
            36.31738207577883
          ],
          [
            127.21586753937441,
            36.31749722169585
          ],
          [
            127.21610343590619,
            36.31749722169585
          ],
          [
            127.2161977945189,
            36.31742045775117
          ]
        ]
      }
    },
    {
      "type": "Feature",
      "properties": {
        "proposal_id": "ink-line-540",
        "tile_id": "177-nonsan-mountain",
        "sheet_id": "177-nonsan",
        "split": "development",
        "proposal_kind": "visible_linework_review_only",
        "backend": "archaeotrace_ink_v2_centerline",
        "upstream_commit": "7960acddb4e82855e2088fdfdd2244799b63775c",
        "pixel_length": 35.556,
        "point_count": 5,
        "confidence": 1.0,
        "review_status": "unreviewed"
      },
      "geometry": {
        "type": "LineString",
        "coordinates": [
          [
            127.21558446353627,
            36.320606161455565
          ],
          [
            127.21596189798713,
            36.3201839597598
          ],
          [
            127.21629215313162,
            36.3201839597598
          ],
          [
            127.2164336910507,
            36.3204526335662
          ],
          [
            127.2164336910507,
            36.32068292540025
          ]
        ]
      }
    },
    {
      "type": "Feature",
      "properties": {
        "proposal_id": "ink-line-541",
        "tile_id": "177-nonsan-mountain",
        "sheet_id": "177-nonsan",
        "split": "development",
        "proposal_kind": "visible_linework_review_only",
        "backend": "archaeotrace_ink_v2_centerline",
        "upstream_commit": "7960acddb4e82855e2088fdfdd2244799b63775c",
        "pixel_length": 19.071,
        "point_count": 3,
        "confidence": 1.0,
        "review_status": "unreviewed"
      },
      "geometry": {
        "type": "LineString",
        "coordinates": [
          [
            127.2157731807617,
            36.31707502000009
          ],
          [
            127.21605625659984,
            36.317113401972435
          ],
          [
            127.21657522896976,
            36.31695987408307
          ]
        ]
      }
    },
    {
      "type": "Feature",
      "properties": {
        "proposal_id": "ink-line-542",
        "tile_id": "177-nonsan-mountain",
        "sheet_id": "177-nonsan",
        "split": "development",
        "proposal_kind": "visible_linework_review_only",
        "backend": "archaeotrace_ink_v2_centerline",
        "upstream_commit": "7960acddb4e82855e2088fdfdd2244799b63775c",
        "pixel_length": 28.314,
        "point_count": 5,
        "confidence": 1.0,
        "review_status": "unreviewed"
      },
      "geometry": {
        "type": "LineString",
        "coordinates": [
          [
            127.2157731807617,
            36.30936024355933
          ],
          [
            127.21582036006807,
            36.309321861586994
          ],
          [
            127.21605625659984,
            36.30936024355933
          ],
          [
            127.21648087035705,
            36.30959053539339
          ],
          [
            127.21695266342061,
            36.30959053539339
          ]
        ]
      }
    },
    {
      "type": "Feature",
      "properties": {
        "proposal_id": "ink-line-543",
        "tile_id": "177-nonsan-mountain",
        "sheet_id": "177-nonsan",
        "split": "development",
        "proposal_kind": "visible_linework_review_only",
        "backend": "archaeotrace_ink_v2_centerline",
        "upstream_commit": "7960acddb4e82855e2088fdfdd2244799b63775c",
        "pixel_length": 34.071,
        "point_count": 6,
        "confidence": 1.0,
        "review_status": "unreviewed"
      },
      "geometry": {
        "type": "LineString",
        "coordinates": [
          [
            127.21600907729348,
            36.31933955636828
          ],
          [
            127.21615061521256,
            36.319262792423594
          ],
          [
            127.21657522896976,
            36.319262792423594
          ],
          [
            127.21662240827611,
            36.31930117439593
          ],
          [
            127.21718855995239,
            36.31930117439593
          ],
          [
            127.21751881509688,
            36.319377938340615
          ]
        ]
      }
    },
    {
      "type": "Feature",
      "properties": {
        "proposal_id": "ink-line-544",
        "tile_id": "177-nonsan-mountain",
        "sheet_id": "177-nonsan",
        "split": "development",
        "proposal_kind": "visible_linework_review_only",
        "backend": "archaeotrace_ink_v2_centerline",
        "upstream_commit": "7960acddb4e82855e2088fdfdd2244799b63775c",
        "pixel_length": 20.485,
        "point_count": 5,
        "confidence": 1.0,
        "review_status": "unreviewed"
      },
      "geometry": {
        "type": "LineString",
        "coordinates": [
          [
            127.21600907729348,
            36.31331358671057
          ],
          [
            127.21610343590619,
            36.31346711459994
          ],
          [
            127.21615061521256,
            36.31373578840633
          ],
          [
            127.21629215313162,
            36.313850934323355
          ],
          [
            127.21648087035705,
            36.313850934323355
          ]
        ]
      }
    },
    {
      "type": "Feature",
      "properties": {
        "proposal_id": "ink-line-545",
        "tile_id": "177-nonsan-mountain",
        "sheet_id": "177-nonsan",
        "split": "development",
        "proposal_kind": "visible_linework_review_only",
        "backend": "archaeotrace_ink_v2_centerline",
        "upstream_commit": "7960acddb4e82855e2088fdfdd2244799b63775c",
        "pixel_length": 26.828,
        "point_count": 4,
        "confidence": 1.0,
        "review_status": "unreviewed"
      },
      "geometry": {
        "type": "LineString",
        "coordinates": [
          [
            127.21615061521256,
            36.287866339047774
          ],
          [
            127.21615061521256,
            36.28767442918606
          ],
          [
            127.21624497382527,
            36.28748251932435
          ],
          [
            127.21624497382527,
            36.286868407766875
          ]
        ]
      }
    },
    {
      "type": "Feature",
      "properties": {
        "proposal_id": "ink-line-546",
        "tile_id": "177-nonsan-mountain",
        "sheet_id": "177-nonsan",
        "split": "development",
        "proposal_kind": "visible_linework_review_only",
        "backend": "archaeotrace_ink_v2_centerline",
        "upstream_commit": "7960acddb4e82855e2088fdfdd2244799b63775c",
        "pixel_length": 21.828,
        "point_count": 4,
        "confidence": 1.0,
        "review_status": "unreviewed"
      },
      "geometry": {
        "type": "LineString",
        "coordinates": [
          [
            127.21624497382527,
            36.3073259990252
          ],
          [
            127.21704702203333,
            36.3073259990252
          ],
          [
            127.21709420133968,
            36.307287617052864
          ],
          [
            127.21723573925874,
            36.3073259990252
          ]
        ]
      }
    },
    {
      "type": "Feature",
      "properties": {
        "proposal_id": "ink-line-547",
        "tile_id": "177-nonsan-mountain",
        "sheet_id": "177-nonsan",
        "split": "development",
        "proposal_kind": "visible_linework_review_only",
        "backend": "archaeotrace_ink_v2_centerline",
        "upstream_commit": "7960acddb4e82855e2088fdfdd2244799b63775c",
        "pixel_length": 19.071,
        "point_count": 4,
        "confidence": 1.0,
        "review_status": "unreviewed"
      },
      "geometry": {
        "type": "LineString",
        "coordinates": [
          [
            127.21648087035705,
            36.32402215699401
          ],
          [
            127.21666958758247,
            36.323753483187616
          ],
          [
            127.21666958758247,
            36.32340804543654
          ],
          [
            127.21662240827611,
            36.32336966346419
          ]
        ]
      }
    },
    {
      "type": "Feature",
      "properties": {
        "proposal_id": "ink-line-548",
        "tile_id": "177-nonsan-mountain",
        "sheet_id": "177-nonsan",
        "split": "development",
        "proposal_kind": "visible_linework_review_only",
        "backend": "archaeotrace_ink_v2_centerline",
        "upstream_commit": "7960acddb4e82855e2088fdfdd2244799b63775c",
        "pixel_length": 20.071,
        "point_count": 4,
        "confidence": 1.0,
        "review_status": "unreviewed"
      },
      "geometry": {
        "type": "LineString",
        "coordinates": [
          [
            127.21648087035705,
            36.296195227046
          ],
          [
            127.21657522896976,
            36.29592655323961
          ],
          [
            127.21652804966341,
            36.29561949746087
          ],
          [
            127.21662240827611,
            36.29550435154385
          ]
        ]
      }
    },
    {
      "type": "Feature",
      "properties": {
        "proposal_id": "ink-line-549",
        "tile_id": "177-nonsan-mountain",
        "sheet_id": "177-nonsan",
        "split": "development",
        "proposal_kind": "visible_linework_review_only",
        "backend": "archaeotrace_ink_v2_centerline",
        "upstream_commit": "7960acddb4e82855e2088fdfdd2244799b63775c",
        "pixel_length": 34.142,
        "point_count": 7,
        "confidence": 1.0,
        "review_status": "unreviewed"
      },
      "geometry": {
        "type": "LineString",
        "coordinates": [
          [
            127.21676394619519,
            36.320375869621515
          ],
          [
            127.21681112550154,
            36.32068292540025
          ],
          [
            127.21714138064604,
            36.32114350906836
          ],
          [
            127.21714138064604,
            36.32129703695772
          ],
          [
            127.21718855995239,
            36.32133541893006
          ],
          [
            127.21718855995239,
            36.32148894681943
          ],
          [
            127.21714138064604,
            36.321527328791774
          ]
        ]
      }
    },
    {
      "type": "Feature",
      "properties": {
        "proposal_id": "ink-line-550",
        "tile_id": "177-nonsan-mountain",
        "sheet_id": "177-nonsan",
        "split": "development",
        "proposal_kind": "visible_linework_review_only",
        "backend": "archaeotrace_ink_v2_centerline",
        "upstream_commit": "7960acddb4e82855e2088fdfdd2244799b63775c",
        "pixel_length": 18.657,
        "point_count": 3,
        "confidence": 1.0,
        "review_status": "unreviewed"
      },
      "geometry": {
        "type": "LineString",
        "coordinates": [
          [
            127.21676394619519,
            36.31738207577883
          ],
          [
            127.21704702203333,
            36.31742045775117
          ],
          [
            127.21756599440324,
            36.31730531183415
          ]
        ]
      }
    },
    {
      "type": "Feature",
      "properties": {
        "proposal_id": "ink-line-551",
        "tile_id": "177-nonsan-mountain",
        "sheet_id": "177-nonsan",
        "split": "development",
        "proposal_kind": "visible_linework_review_only",
        "backend": "archaeotrace_ink_v2_centerline",
        "upstream_commit": "7960acddb4e82855e2088fdfdd2244799b63775c",
        "pixel_length": 25.243,
        "point_count": 6,
        "confidence": 1.0,
        "review_status": "unreviewed"
      },
      "geometry": {
        "type": "LineString",
        "coordinates": [
          [
            127.2168583048079,
            36.30475440687829
          ],
          [
            127.2168583048079,
            36.304370587154864
          ],
          [
            127.21690548411425,
            36.304332205182526
          ],
          [
            127.21704702203333,
            36.304332205182526
          ],
          [
            127.21714138064604,
            36.30448573307189
          ],
          [
            127.21742445648417,
            36.30448573307189
          ]
        ]
      }
    },
    {
      "type": "Feature",
      "properties": {
        "proposal_id": "ink-line-552",
        "tile_id": "177-nonsan-mountain",
        "sheet_id": "177-nonsan",
        "split": "development",
        "proposal_kind": "visible_linework_review_only",
        "backend": "archaeotrace_ink_v2_centerline",
        "upstream_commit": "7960acddb4e82855e2088fdfdd2244799b63775c",
        "pixel_length": 18.828,
        "point_count": 4,
        "confidence": 1.0,
        "review_status": "unreviewed"
      },
      "geometry": {
        "type": "LineString",
        "coordinates": [
          [
            127.21690548411425,
            36.29638713690771
          ],
          [
            127.21695266342061,
            36.29634875493537
          ],
          [
            127.21695266342061,
            36.295773025350236
          ],
          [
            127.21699984272696,
            36.29569626140555
          ]
        ]
      }
    },
    {
      "type": "Feature",
      "properties": {
        "proposal_id": "ink-line-553",
        "tile_id": "177-nonsan-mountain",
        "sheet_id": "177-nonsan",
        "split": "development",
        "proposal_kind": "visible_linework_review_only",
        "backend": "archaeotrace_ink_v2_centerline",
        "upstream_commit": "7960acddb4e82855e2088fdfdd2244799b63775c",
        "pixel_length": 18.657,
        "point_count": 4,
        "confidence": 1.0,
        "review_status": "unreviewed"
      },
      "geometry": {
        "type": "LineString",
        "coordinates": [
          [
            127.21699984272696,
            36.29696286649284
          ],
          [
            127.21714138064604,
            36.29684772057582
          ],
          [
            127.2172829185651,
            36.296809338603474
          ],
          [
            127.21780189093502,
            36.296809338603474
          ]
        ]
      }
    },
    {
      "type": "Feature",
      "properties": {
        "proposal_id": "ink-line-554",
        "tile_id": "177-nonsan-mountain",
        "sheet_id": "177-nonsan",
        "split": "development",
        "proposal_kind": "visible_linework_review_only",
        "backend": "archaeotrace_ink_v2_centerline",
        "upstream_commit": "7960acddb4e82855e2088fdfdd2244799b63775c",
        "pixel_length": 25.485,
        "point_count": 5,
        "confidence": 1.0,
        "review_status": "unreviewed"
      },
      "geometry": {
        "type": "LineString",
        "coordinates": [
          [
            127.21699984272696,
            36.28675326184985
          ],
          [
            127.21723573925874,
            36.28679164382219
          ],
          [
            127.21742445648417,
            36.28667649790517
          ],
          [
            127.21751881509688,
            36.28648458804346
          ],
          [
            127.21751881509688,
            36.28613915029238
          ]
        ]
      }
    },
    {
      "type": "Feature",
      "properties": {
        "proposal_id": "ink-line-555",
        "tile_id": "177-nonsan-mountain",
        "sheet_id": "177-nonsan",
        "split": "development",
        "proposal_kind": "visible_linework_review_only",
        "backend": "archaeotrace_ink_v2_centerline",
        "upstream_commit": "7960acddb4e82855e2088fdfdd2244799b63775c",
        "pixel_length": 43.142,
        "point_count": 6,
        "confidence": 1.0,
        "review_status": "unreviewed"
      },
      "geometry": {
        "type": "LineString",
        "coordinates": [
          [
            127.21704702203333,
            36.28840368666056
          ],
          [
            127.21690548411425,
            36.28805824890948
          ],
          [
            127.21695266342061,
            36.2877128111584
          ],
          [
            127.21709420133968,
            36.28759766524138
          ],
          [
            127.21733009787145,
            36.287520901296695
          ],
          [
            127.21794342885408,
            36.28748251932435
          ]
        ]
      }
    },
    {
      "type": "Feature",
      "properties": {
        "proposal_id": "ink-line-556",
        "tile_id": "177-nonsan-mountain",
        "sheet_id": "177-nonsan",
        "split": "development",
        "proposal_kind": "visible_linework_review_only",
        "backend": "archaeotrace_ink_v2_centerline",
        "upstream_commit": "7960acddb4e82855e2088fdfdd2244799b63775c",
        "pixel_length": 28.657,
        "point_count": 6,
        "confidence": 1.0,
        "review_status": "unreviewed"
      },
      "geometry": {
        "type": "LineString",
        "coordinates": [
          [
            127.21718855995239,
            36.32413730291103
          ],
          [
            127.2172829185651,
            36.32390701107698
          ],
          [
            127.2172829185651,
            36.323561573325904
          ],
          [
            127.21733009787145,
            36.32352319135356
          ],
          [
            127.21733009787145,
            36.32317775360249
          ],
          [
            127.2172829185651,
            36.323100989657796
          ]
        ]
      }
    },
    {
      "type": "Feature",
      "properties": {
        "proposal_id": "ink-line-557",
        "tile_id": "177-nonsan-mountain",
        "sheet_id": "177-nonsan",
        "split": "development",
        "proposal_kind": "visible_linework_review_only",
        "backend": "archaeotrace_ink_v2_centerline",
        "upstream_commit": "7960acddb4e82855e2088fdfdd2244799b63775c",
        "pixel_length": 23.899,
        "point_count": 4,
        "confidence": 1.0,
        "review_status": "unreviewed"
      },
      "geometry": {
        "type": "LineString",
        "coordinates": [
          [
            127.21733009787145,
            36.29389230870548
          ],
          [
            127.21784907024137,
            36.29381554476079
          ],
          [
            127.21813214607951,
            36.293623634899085
          ],
          [
            127.21813214607951,
            36.29347010700972
          ]
        ]
      }
    },
    {
      "type": "Feature",
      "properties": {
        "proposal_id": "ink-line-558",
        "tile_id": "177-nonsan-mountain",
        "sheet_id": "177-nonsan",
        "split": "development",
        "proposal_kind": "visible_linework_review_only",
        "backend": "archaeotrace_ink_v2_centerline",
        "upstream_commit": "7960acddb4e82855e2088fdfdd2244799b63775c",
        "pixel_length": 18.657,
        "point_count": 4,
        "confidence": 1.0,
        "review_status": "unreviewed"
      },
      "geometry": {
        "type": "LineString",
        "coordinates": [
          [
            127.21770753232231,
            36.32033748764917
          ],
          [
            127.21770753232231,
            36.320606161455565
          ],
          [
            127.21784907024137,
            36.32075968934493
          ],
          [
            127.21789624954774,
            36.32098998117898
          ]
        ]
      }
    },
    {
      "type": "Feature",
      "properties": {
        "proposal_id": "ink-line-559",
        "tile_id": "177-nonsan-mountain",
        "sheet_id": "177-nonsan",
        "split": "development",
        "proposal_kind": "visible_linework_review_only",
        "backend": "archaeotrace_ink_v2_centerline",
        "upstream_commit": "7960acddb4e82855e2088fdfdd2244799b63775c",
        "pixel_length": 24.485,
        "point_count": 6,
        "confidence": 1.0,
        "review_status": "unreviewed"
      },
      "geometry": {
        "type": "LineString",
        "coordinates": [
          [
            127.21775471162867,
            36.31442666390849
          ],
          [
            127.21794342885408,
            36.3146185737702
          ],
          [
            127.21817932538588,
            36.3146185737702
          ],
          [
            127.21822650469223,
            36.31458019179786
          ],
          [
            127.21865111844943,
            36.31458019179786
          ],
          [
            127.21874547706214,
            36.3146185737702
          ]
        ]
      }
    },
    {
      "type": "Feature",
      "properties": {
        "proposal_id": "ink-line-560",
        "tile_id": "177-nonsan-mountain",
        "sheet_id": "177-nonsan",
        "split": "development",
        "proposal_kind": "visible_linework_review_only",
        "backend": "archaeotrace_ink_v2_centerline",
        "upstream_commit": "7960acddb4e82855e2088fdfdd2244799b63775c",
        "pixel_length": 24.657,
        "point_count": 5,
        "confidence": 1.0,
        "review_status": "unreviewed"
      },
      "geometry": {
        "type": "LineString",
        "coordinates": [
          [
            127.21780189093502,
            36.28702193565624
          ],
          [
            127.21789624954774,
            36.286868407766875
          ],
          [
            127.21789624954774,
            36.28671487987751
          ],
          [
            127.21784907024137,
            36.28667649790517
          ],
          [
            127.21789624954774,
            36.28613915029238
          ]
        ]
      }
    },
    {
      "type": "Feature",
      "properties": {
        "proposal_id": "ink-line-561",
        "tile_id": "177-nonsan-mountain",
        "sheet_id": "177-nonsan",
        "split": "development",
        "proposal_kind": "visible_linework_review_only",
        "backend": "archaeotrace_ink_v2_centerline",
        "upstream_commit": "7960acddb4e82855e2088fdfdd2244799b63775c",
        "pixel_length": 22.243,
        "point_count": 2,
        "confidence": 1.0,
        "review_status": "unreviewed"
      },
      "geometry": {
        "type": "LineString",
        "coordinates": [
          [
            127.21817932538588,
            36.31719016591712
          ],
          [
            127.21917009081935,
            36.31707502000009
          ]
        ]
      }
    },
    {
      "type": "Feature",
      "properties": {
        "proposal_id": "ink-line-562",
        "tile_id": "177-nonsan-mountain",
        "sheet_id": "177-nonsan",
        "split": "development",
        "proposal_kind": "visible_linework_review_only",
        "backend": "archaeotrace_ink_v2_centerline",
        "upstream_commit": "7960acddb4e82855e2088fdfdd2244799b63775c",
        "pixel_length": 27.485,
        "point_count": 7,
        "confidence": 1.0,
        "review_status": "unreviewed"
      },
      "geometry": {
        "type": "LineString",
        "coordinates": [
          [
            127.21817932538588,
            36.305138226601706
          ],
          [
            127.21827368399859,
            36.30494631673999
          ],
          [
            127.21822650469223,
            36.30486955279531
          ],
          [
            127.21827368399859,
            36.30483117082297
          ],
          [
            127.21827368399859,
            36.30429382321018
          ],
          [
            127.21832086330494,
            36.304255441237835
          ],
          [
            127.21827368399859,
            36.30417867729315
          ]
        ]
      }
    },
    {
      "type": "Feature",
      "properties": {
        "proposal_id": "ink-line-563",
        "tile_id": "177-nonsan-mountain",
        "sheet_id": "177-nonsan",
        "split": "development",
        "proposal_kind": "visible_linework_review_only",
        "backend": "archaeotrace_ink_v2_centerline",
        "upstream_commit": "7960acddb4e82855e2088fdfdd2244799b63775c",
        "pixel_length": 20.828,
        "point_count": 4,
        "confidence": 1.0,
        "review_status": "unreviewed"
      },
      "geometry": {
        "type": "LineString",
        "coordinates": [
          [
            127.21817932538588,
            36.2872522274903
          ],
          [
            127.21822650469223,
            36.287175463545616
          ],
          [
            127.21822650469223,
            36.28656135198814
          ],
          [
            127.21827368399859,
            36.28648458804346
          ]
        ]
      }
    },
    {
      "type": "Feature",
      "properties": {
        "proposal_id": "ink-line-564",
        "tile_id": "177-nonsan-mountain",
        "sheet_id": "177-nonsan",
        "split": "development",
        "proposal_kind": "visible_linework_review_only",
        "backend": "archaeotrace_ink_v2_centerline",
        "upstream_commit": "7960acddb4e82855e2088fdfdd2244799b63775c",
        "pixel_length": 22.243,
        "point_count": 4,
        "confidence": 1.0,
        "review_status": "unreviewed"
      },
      "geometry": {
        "type": "LineString",
        "coordinates": [
          [
            127.21832086330494,
            36.29615684507366
          ],
          [
            127.21832086330494,
            36.29608008112898
          ],
          [
            127.21850958053037,
            36.296003317184294
          ],
          [
            127.21921727012571,
            36.29596493521195
          ]
        ]
      }
    },
    {
      "type": "Feature",
      "properties": {
        "proposal_id": "ink-line-565",
        "tile_id": "177-nonsan-mountain",
        "sheet_id": "177-nonsan",
        "split": "development",
        "proposal_kind": "visible_linework_review_only",
        "backend": "archaeotrace_ink_v2_centerline",
        "upstream_commit": "7960acddb4e82855e2088fdfdd2244799b63775c",
        "pixel_length": 21.243,
        "point_count": 4,
        "confidence": 1.0,
        "review_status": "unreviewed"
      },
      "geometry": {
        "type": "LineString",
        "coordinates": [
          [
            127.2183680426113,
            36.29101366077982
          ],
          [
            127.21841522191765,
            36.290668223028746
          ],
          [
            127.218462401224,
            36.2906298410564
          ],
          [
            127.21841522191765,
            36.290246021332976
          ]
        ]
      }
    },
    {
      "type": "Feature",
      "properties": {
        "proposal_id": "ink-line-566",
        "tile_id": "177-nonsan-mountain",
        "sheet_id": "177-nonsan",
        "split": "development",
        "proposal_kind": "visible_linework_review_only",
        "backend": "archaeotrace_ink_v2_centerline",
        "upstream_commit": "7960acddb4e82855e2088fdfdd2244799b63775c",
        "pixel_length": 22.485,
        "point_count": 5,
        "confidence": 1.0,
        "review_status": "unreviewed"
      },
      "geometry": {
        "type": "LineString",
        "coordinates": [
          [
            127.21841522191765,
            36.30080106372705
          ],
          [
            127.2183680426113,
            36.30045562597597
          ],
          [
            127.21841522191765,
            36.30041724400363
          ],
          [
            127.21841522191765,
            36.30026371611426
          ],
          [
            127.21860393914308,
            36.30003342428021
          ]
        ]
      }
    },
    {
      "type": "Feature",
      "properties": {
        "proposal_id": "ink-line-567",
        "tile_id": "177-nonsan-mountain",
        "sheet_id": "177-nonsan",
        "split": "development",
        "proposal_kind": "visible_linework_review_only",
        "backend": "archaeotrace_ink_v2_centerline",
        "upstream_commit": "7960acddb4e82855e2088fdfdd2244799b63775c",
        "pixel_length": 26.314,
        "point_count": 4,
        "confidence": 1.0,
        "review_status": "unreviewed"
      },
      "geometry": {
        "type": "LineString",
        "coordinates": [
          [
            127.21850958053037,
            36.296425518880056
          ],
          [
            127.21874547706214,
            36.296809338603474
          ],
          [
            127.21874547706214,
            36.29707801240987
          ],
          [
            127.21860393914308,
            36.29730830424392
          ]
        ]
      }
    },
    {
      "type": "Feature",
      "properties": {
        "proposal_id": "ink-line-568",
        "tile_id": "177-nonsan-mountain",
        "sheet_id": "177-nonsan",
        "split": "development",
        "proposal_kind": "visible_linework_review_only",
        "backend": "archaeotrace_ink_v2_centerline",
        "upstream_commit": "7960acddb4e82855e2088fdfdd2244799b63775c",
        "pixel_length": 25.243,
        "point_count": 6,
        "confidence": 1.0,
        "review_status": "unreviewed"
      },
      "geometry": {
        "type": "LineString",
        "coordinates": [
          [
            127.21855675983672,
            36.30502308068468
          ],
          [
            127.21855675983672,
            36.304562497016576
          ],
          [
            127.21860393914308,
            36.30452411504423
          ],
          [
            127.21855675983672,
            36.30448573307189
          ],
          [
            127.21855675983672,
            36.3042170592655
          ],
          [
            127.21860393914308,
            36.30410191334847
          ]
        ]
      }
    },
    {
      "type": "Feature",
      "properties": {
        "proposal_id": "ink-line-569",
        "tile_id": "177-nonsan-mountain",
        "sheet_id": "177-nonsan",
        "split": "development",
        "proposal_kind": "visible_linework_review_only",
        "backend": "archaeotrace_ink_v2_centerline",
        "upstream_commit": "7960acddb4e82855e2088fdfdd2244799b63775c",
        "pixel_length": 27.657,
        "point_count": 5,
        "confidence": 1.0,
        "review_status": "unreviewed"
      },
      "geometry": {
        "type": "LineString",
        "coordinates": [
          [
            127.21860393914308,
            36.3252887620813
          ],
          [
            127.21860393914308,
            36.32486656038554
          ],
          [
            127.2186982977558,
            36.32475141446851
          ],
          [
            127.2186982977558,
            36.32452112263446
          ],
          [
            127.2187926563685,
            36.3242908308004
          ]
        ]
      }
    },
    {
      "type": "Feature",
      "properties": {
        "proposal_id": "ink-line-570",
        "tile_id": "177-nonsan-mountain",
        "sheet_id": "177-nonsan",
        "split": "development",
        "proposal_kind": "visible_linework_review_only",
        "backend": "archaeotrace_ink_v2_centerline",
        "upstream_commit": "7960acddb4e82855e2088fdfdd2244799b63775c",
        "pixel_length": 41.556,
        "point_count": 7,
        "confidence": 1.0,
        "review_status": "unreviewed"
      },
      "geometry": {
        "type": "LineString",
        "coordinates": [
          [
            127.21865111844943,
            36.3109722863977
          ],
          [
            127.21855675983672,
            36.310780376535995
          ],
          [
            127.21855675983672,
            36.310473320757254
          ],
          [
            127.21860393914308,
            36.310434938784915
          ],
          [
            127.21865111844943,
            36.310127883006174
          ],
          [
            127.21883983567486,
            36.30985920919978
          ],
          [
            127.21921727012571,
            36.30974406328276
          ]
        ]
      }
    },
    {
      "type": "Feature",
      "properties": {
        "proposal_id": "ink-line-571",
        "tile_id": "177-nonsan-mountain",
        "sheet_id": "177-nonsan",
        "split": "development",
        "proposal_kind": "visible_linework_review_only",
        "backend": "archaeotrace_ink_v2_centerline",
        "upstream_commit": "7960acddb4e82855e2088fdfdd2244799b63775c",
        "pixel_length": 26.071,
        "point_count": 4,
        "confidence": 1.0,
        "review_status": "unreviewed"
      },
      "geometry": {
        "type": "LineString",
        "coordinates": [
          [
            127.2187926563685,
            36.289670291747846
          ],
          [
            127.21893419428757,
            36.28993896555424
          ],
          [
            127.21883983567486,
            36.290246021332976
          ],
          [
            127.21883983567486,
            36.290591459084055
          ]
        ]
      }
    },
    {
      "type": "Feature",
      "properties": {
        "proposal_id": "ink-line-572",
        "tile_id": "177-nonsan-mountain",
        "sheet_id": "177-nonsan",
        "split": "development",
        "proposal_kind": "visible_linework_review_only",
        "backend": "archaeotrace_ink_v2_centerline",
        "upstream_commit": "7960acddb4e82855e2088fdfdd2244799b63775c",
        "pixel_length": 19.657,
        "point_count": 4,
        "confidence": 1.0,
        "review_status": "unreviewed"
      },
      "geometry": {
        "type": "LineString",
        "coordinates": [
          [
            127.21893419428757,
            36.3252887620813
          ],
          [
            127.21898137359393,
            36.325250380108955
          ],
          [
            127.21902855290028,
            36.324789796440854
          ],
          [
            127.219122911513,
            36.32459788657914
          ]
        ]
      }
    },
    {
      "type": "Feature",
      "properties": {
        "proposal_id": "ink-line-573",
        "tile_id": "177-nonsan-mountain",
        "sheet_id": "177-nonsan",
        "split": "development",
        "proposal_kind": "visible_linework_review_only",
        "backend": "archaeotrace_ink_v2_centerline",
        "upstream_commit": "7960acddb4e82855e2088fdfdd2244799b63775c",
        "pixel_length": 21.071,
        "point_count": 4,
        "confidence": 1.0,
        "review_status": "unreviewed"
      },
      "geometry": {
        "type": "LineString",
        "coordinates": [
          [
            127.21902855290028,
            36.30218281473137
          ],
          [
            127.219122911513,
            36.301875758952626
          ],
          [
            127.21921727012571,
            36.301760613035604
          ],
          [
            127.21926444943206,
            36.30145355725686
          ]
        ]
      }
    }
  ]
}